"rank1","rank2","rank3","rank4","rank5"
"Bob Kiss","Andy Montroll","skipped","skipped","skipped"
"Andy Montroll","skipped","skipped","skipped","skipped"
"Andy Montroll","Bob Kiss","Kurt Wright","skipped","skipped"
"Andy Montroll","Kurt Wright","skipped","skipped","skipped"
"Kurt Wright","skipped","skipped","skipped","skipped"
"Bob Kiss","Andy Montroll","skipped","skipped","skipped"
"Kurt Wright","skipped","skipped","skipped","skipped"
"Bob Kiss","Dan Smith","Andy Montroll","Kurt Wright","James Simpson"
"Bob Kiss","James Simpson","Andy Montroll","skipped","skipped"
"Kurt Wright","skipped","skipped","skipped","skipped"
"Dan Smith","Bob Kiss","skipped","skipped","skipped"
"Kurt Wright","skipped","skipped","skipped","skipped"
"Bob Kiss","Dan Smith","skipped","skipped","skipped"
"Write-in","Andy Montroll","Bob Kiss","Dan Smith","James Simpson"
"Bob Kiss","Andy Montroll","Dan Smith","Kurt Wright","James Simpson"
"Bob Kiss","Andy Montroll","skipped","skipped","skipped"
"Bob Kiss","Andy Montroll","Kurt Wright","Dan Smith","James Simpson"
"Andy Montroll","Bob Kiss","Kurt Wright","skipped","skipped"
"Dan Smith","Andy Montroll","Kurt Wright","Bob Kiss","skipped"
"Bob Kiss","Andy Montroll","skipped","skipped","skipped"
"Bob Kiss","Andy Montroll","skipped","skipped","skipped"
"Bob Kiss","Andy Montroll","Dan Smith","skipped","skipped"
"Bob Kiss","Andy Montroll","Dan Smith","Kurt Wright","James Simpson"
"Bob Kiss","Kurt Wright","Dan Smith","Andy Montroll","skipped"
"Dan Smith","Bob Kiss","Kurt Wright","Andy Montroll","James Simpson"
"Andy Montroll","Bob Kiss","skipped","skipped","skipped"
"Andy Montroll","Bob Kiss","skipped","skipped","skipped"
"Andy Montroll","Dan Smith","Bob Kiss","Kurt Wright","skipped"
"Dan Smith","Bob Kiss","Andy Montroll","skipped","skipped"
"Andy Montroll","Bob Kiss","skipped","skipped","skipped"
"Andy Montroll","Dan Smith","Bob Kiss","skipped","skipped"
"Dan Smith","Bob Kiss","skipped","skipped","skipped"
"Bob Kiss","Dan Smith","Andy Montroll","Kurt Wright","skipped"
"Andy Montroll","Bob Kiss","Kurt Wright","Dan Smith","skipped"
"Bob Kiss","Andy Montroll","Dan Smith","skipped","skipped"
"Bob Kiss","Andy Montroll","James Simpson","Dan Smith","Kurt Wright"
"Dan Smith","Andy Montroll","Bob Kiss","James Simpson","Kurt Wright"
"Andy Montroll","Dan Smith","Bob Kiss","James Simpson","Kurt Wright"
"Andy Montroll","Kurt Wright","Bob Kiss","Dan Smith","James Simpson"
"Dan Smith","Bob Kiss","Andy Montroll","Kurt Wright","James Simpson"
"Dan Smith","Andy Montroll","Kurt Wright","Bob Kiss","James Simpson"
"Bob Kiss","Andy Montroll","Dan Smith","Kurt Wright","James Simpson"
"Dan Smith","Kurt Wright","Andy Montroll","Bob Kiss","skipped"
"Andy Montroll","Dan Smith","Bob Kiss","skipped","skipped"
"Andy Montroll","Dan Smith","skipped","skipped","skipped"
"Bob Kiss","Andy Montroll","Dan Smith","James Simpson","Kurt Wright"
"Kurt Wright","Dan Smith","Andy Montroll","Bob Kiss","James Simpson"
"Bob Kiss","Andy Montroll","Dan Smith","Kurt Wright","James Simpson"
"Andy Montroll","Bob Kiss","Kurt Wright","James Simpson","Dan Smith"
"Bob Kiss","Andy Montroll","James Simpson","Dan Smith","Kurt Wright"
"Dan Smith","Bob Kiss","Andy Montroll","skipped","skipped"
"Kurt Wright","Dan Smith","skipped","skipped","skipped"
"Dan Smith","Andy Montroll","Kurt Wright","Bob Kiss","James Simpson"
"Bob Kiss","Dan Smith","skipped","skipped","skipped"
"Bob Kiss","Dan Smith","Andy Montroll","skipped","skipped"
"Dan Smith","Andy Montroll","Kurt Wright","Bob Kiss","skipped"
"Bob Kiss","Andy Montroll","James Simpson","skipped","skipped"
"Bob Kiss","Andy Montroll","James Simpson","skipped","skipped"
"Kurt Wright","Andy Montroll","skipped","skipped","skipped"
"Andy Montroll","Dan Smith","Bob Kiss","Kurt Wright","skipped"
"Kurt Wright","Andy Montroll","skipped","skipped","skipped"
"Bob Kiss","Andy Montroll","Kurt Wright","skipped","skipped"
"Kurt Wright","Andy Montroll","skipped","skipped","skipped"
"Andy Montroll","Bob Kiss","Kurt Wright","skipped","skipped"
"Kurt Wright","skipped","skipped","skipped","skipped"
"Andy Montroll","Bob Kiss","Dan Smith","skipped","skipped"
"Bob Kiss","Dan Smith","James Simpson","skipped","skipped"
"Bob Kiss","Andy Montroll","Dan Smith","skipped","skipped"
"Bob Kiss","Dan Smith","Andy Montroll","Kurt Wright","James Simpson"
"Bob Kiss","Dan Smith","James Simpson","Andy Montroll","skipped"
"Andy Montroll","Kurt Wright","Dan Smith","Bob Kiss","James Simpson"
"Andy Montroll","skipped","skipped","skipped","skipped"
"Andy Montroll","Kurt Wright","Bob Kiss","Dan Smith","James Simpson"
"Kurt Wright","Andy Montroll","James Simpson","Dan Smith","Bob Kiss"
"Dan Smith","skipped","skipped","skipped","skipped"
"Bob Kiss","Andy Montroll","skipped","skipped","skipped"
"Andy Montroll","Bob Kiss","Dan Smith","skipped","skipped"
"Bob Kiss","Dan Smith","skipped","skipped","skipped"
"Kurt Wright","skipped","skipped","skipped","skipped"
"Kurt Wright","Dan Smith","skipped","skipped","skipped"
"Andy Montroll","Bob Kiss","skipped","skipped","skipped"
"Bob Kiss","Andy Montroll","James Simpson","Dan Smith","Kurt Wright"
"Bob Kiss","Kurt Wright","Andy Montroll","James Simpson","Dan Smith"
"Bob Kiss","Andy Montroll","James Simpson","Dan Smith","skipped"
"Kurt Wright","Dan Smith","Andy Montroll","skipped","skipped"
"Bob Kiss","Kurt Wright","Dan Smith","skipped","skipped"
"Dan Smith","Andy Montroll","skipped","skipped","skipped"
"Kurt Wright","Andy Montroll","Dan Smith","skipped","skipped"
"Kurt Wright","Andy Montroll","Bob Kiss","Dan Smith","James Simpson"
"Bob Kiss","Write-in","Andy Montroll","Dan Smith","James Simpson"
"Kurt Wright","Dan Smith","Andy Montroll","Bob Kiss","James Simpson"
"Dan Smith","Bob Kiss","Kurt Wright","Andy Montroll","James Simpson"
"Kurt Wright","Bob Kiss","Andy Montroll","Dan Smith","James Simpson"
"Kurt Wright","Andy Montroll","Dan Smith","Bob Kiss","skipped"
"Andy Montroll","Kurt Wright","Dan Smith","Bob Kiss","James Simpson"
"Andy Montroll","Dan Smith","skipped","skipped","skipped"
"Dan Smith","Bob Kiss","skipped","skipped","skipped"
"Kurt Wright","skipped","skipped","skipped","skipped"
"Kurt Wright","skipped","skipped","skipped","skipped"
"Kurt Wright","Andy Montroll","Dan Smith","skipped","skipped"
"Kurt Wright","skipped","skipped","skipped","skipped"
"Dan Smith","James Simpson","Bob Kiss","Andy Montroll","Kurt Wright"
"Kurt Wright","skipped","skipped","skipped","skipped"
"Kurt Wright","skipped","skipped","skipped","skipped"
"Andy Montroll","Dan Smith","Kurt Wright","Bob Kiss","skipped"
"Bob Kiss","skipped","skipped","skipped","skipped"
"Bob Kiss","Andy Montroll","skipped","skipped","skipped"
"Bob Kiss","Andy Montroll","skipped","skipped","skipped"
"Dan Smith","skipped","skipped","skipped","skipped"
"Kurt Wright","Dan Smith","Bob Kiss","skipped","skipped"
"Bob Kiss","skipped","skipped","skipped","skipped"
"Kurt Wright","skipped","skipped","skipped","skipped"
"Andy Montroll","Dan Smith","skipped","skipped","skipped"
"Dan Smith","Andy Montroll","skipped","skipped","skipped"
"Kurt Wright","James Simpson","Andy Montroll","skipped","skipped"
"Kurt Wright","Dan Smith","Bob Kiss","Andy Montroll","James Simpson"
"Kurt Wright","James Simpson","Write-in","skipped","skipped"
"Kurt Wright","James Simpson","Write-in","skipped","skipped"
"Dan Smith","Andy Montroll","skipped","skipped","skipped"
"Andy Montroll","Dan Smith","James Simpson","Bob Kiss","Kurt Wright"
"Kurt Wright","Andy Montroll","Bob Kiss","Dan Smith","James Simpson"
"Dan Smith","Kurt Wright","Andy Montroll","Bob Kiss","skipped"
"Bob Kiss","skipped","skipped","skipped","skipped"
"Kurt Wright","Bob Kiss","Andy Montroll","James Simpson","Dan Smith"
"Kurt Wright","Bob Kiss","skipped","skipped","skipped"
"Bob Kiss","Andy Montroll","Dan Smith","skipped","skipped"
"Bob Kiss","Andy Montroll","Dan Smith","Kurt Wright","skipped"
"Andy Montroll","Bob Kiss","skipped","skipped","skipped"
"Andy Montroll","Dan Smith","Bob Kiss","Kurt Wright","skipped"
"Bob Kiss","Dan Smith","James Simpson","Kurt Wright","Andy Montroll"
"Kurt Wright","skipped","skipped","skipped","skipped"
"Bob Kiss","Kurt Wright","Dan Smith","skipped","skipped"
"Kurt Wright","Andy Montroll","Dan Smith","skipped","skipped"
"Andy Montroll","Bob Kiss","Dan Smith","skipped","skipped"
"Andy Montroll","skipped","Bob Kiss","skipped","skipped"
"Andy Montroll","James Simpson","Bob Kiss","Dan Smith","skipped"
"Andy Montroll","Dan Smith","James Simpson","skipped","skipped"
"Bob Kiss","Dan Smith","Andy Montroll","James Simpson","Kurt Wright"
"Kurt Wright","Dan Smith","skipped","skipped","skipped"
"Dan Smith","Andy Montroll","Bob Kiss","Kurt Wright","skipped"
"Dan Smith","Andy Montroll","skipped","skipped","skipped"
"Kurt Wright","skipped","skipped","skipped","skipped"
"Bob Kiss","skipped","skipped","skipped","skipped"
"Andy Montroll","skipped","skipped","skipped","skipped"
"Andy Montroll","Dan Smith","Bob Kiss","skipped","skipped"
"Andy Montroll","James Simpson","Kurt Wright","skipped","skipped"
"Kurt Wright","Andy Montroll","Dan Smith","skipped","skipped"
"Andy Montroll","Bob Kiss","Kurt Wright","skipped","skipped"
"Andy Montroll","skipped","skipped","skipped","skipped"
"Bob Kiss","Andy Montroll","Dan Smith","skipped","skipped"
"Andy Montroll","Dan Smith","skipped","skipped","skipped"
"Bob Kiss","Andy Montroll","Dan Smith","James Simpson","skipped"
"Kurt Wright","Dan Smith","Andy Montroll","Bob Kiss","James Simpson"
"Kurt Wright","Andy Montroll","skipped","skipped","skipped"
"Andy Montroll","Dan Smith","skipped","skipped","skipped"
"Andy Montroll","Bob Kiss","James Simpson","Dan Smith","Kurt Wright"
"Bob Kiss","Andy Montroll","skipped","skipped","skipped"
"Andy Montroll","Bob Kiss","Dan Smith","Kurt Wright","skipped"
"Dan Smith","Andy Montroll","Bob Kiss","Kurt Wright","skipped"
"Bob Kiss","Andy Montroll","James Simpson","skipped","skipped"
"Andy Montroll","Write-in","skipped","skipped","skipped"
"Dan Smith","Andy Montroll","Kurt Wright","Bob Kiss","James Simpson"
"Andy Montroll","Kurt Wright","skipped","skipped","skipped"
"Bob Kiss","Andy Montroll","James Simpson","Dan Smith","Kurt Wright"
"Bob Kiss","Dan Smith","Andy Montroll","James Simpson","skipped"
"Andy Montroll","Bob Kiss","skipped","skipped","skipped"
"Bob Kiss","Andy Montroll","skipped","skipped","skipped"
"Kurt Wright","Andy Montroll","James Simpson","Dan Smith","Bob Kiss"
"Kurt Wright","skipped","skipped","skipped","skipped"
"Kurt Wright","Dan Smith","skipped","skipped","skipped"
"Andy Montroll","Bob Kiss","James Simpson","Dan Smith","Write-in"
"Kurt Wright","skipped","skipped","skipped","skipped"
"Bob Kiss","Andy Montroll","Kurt Wright","skipped","skipped"
"Dan Smith","Bob Kiss","Andy Montroll","skipped","skipped"
"Bob Kiss","Dan Smith","Kurt Wright","Andy Montroll","skipped"
"Bob Kiss","Andy Montroll","skipped","skipped","skipped"
"Dan Smith","Bob Kiss","Write-in","Andy Montroll","James Simpson"
"Andy Montroll","Bob Kiss","James Simpson","Dan Smith","Kurt Wright"
"Bob Kiss","James Simpson","Dan Smith","Kurt Wright","skipped"
"Bob Kiss","Andy Montroll","James Simpson","Dan Smith","skipped"
"Andy Montroll","Bob Kiss","Dan Smith","James Simpson","Kurt Wright"
"Dan Smith","Andy Montroll","Bob Kiss","Kurt Wright","skipped"
"Dan Smith","Andy Montroll","James Simpson","Bob Kiss","Kurt Wright"
"Andy Montroll","Kurt Wright","Dan Smith","skipped","skipped"
"Andy Montroll","Bob Kiss","skipped","skipped","skipped"
"Bob Kiss","Andy Montroll","Dan Smith","James Simpson","Kurt Wright"
"Dan Smith","Andy Montroll","James Simpson","Bob Kiss","Kurt Wright"
"Bob Kiss","Kurt Wright","Andy Montroll","James Simpson","Dan Smith"
"Bob Kiss","Andy Montroll","Kurt Wright","Dan Smith","James Simpson"
"Bob Kiss","Dan Smith","Kurt Wright","Andy Montroll","skipped"
"Bob Kiss","Andy Montroll","Kurt Wright","Dan Smith","skipped"
"Bob Kiss","skipped","skipped","skipped","skipped"
"Andy Montroll","Bob Kiss","skipped","skipped","skipped"
"Bob Kiss","skipped","skipped","skipped","skipped"
"Bob Kiss","Andy Montroll","Dan Smith","Kurt Wright","James Simpson"
"Bob Kiss","Kurt Wright","Andy Montroll","Dan Smith","James Simpson"
"Kurt Wright","Bob Kiss","Andy Montroll","Dan Smith","skipped"
"Kurt Wright","Andy Montroll","Dan Smith","skipped","skipped"
"Dan Smith","Kurt Wright","skipped","skipped","skipped"
"Andy Montroll","Bob Kiss","Kurt Wright","James Simpson","Dan Smith"
"Bob Kiss","skipped","Dan Smith","Kurt Wright","Andy Montroll"
"Bob Kiss","Dan Smith","Andy Montroll","skipped","skipped"
"Dan Smith","Andy Montroll","Bob Kiss","skipped","skipped"
"Bob Kiss","Andy Montroll","Dan Smith","Kurt Wright","James Simpson"
"Bob Kiss","Write-in","Andy Montroll","skipped","skipped"
"Bob Kiss","Andy Montroll","Kurt Wright","Dan Smith","skipped"
"Kurt Wright","Andy Montroll","Dan Smith","James Simpson","Bob Kiss"
"Kurt Wright","Dan Smith","Bob Kiss","skipped","skipped"
"Bob Kiss","Andy Montroll","Dan Smith","James Simpson","Kurt Wright"
"Bob Kiss","Andy Montroll","Kurt Wright","Dan Smith","skipped"
"Andy Montroll","Dan Smith","Bob Kiss","Kurt Wright","skipped"
"Bob Kiss","Andy Montroll","skipped","skipped","skipped"
"Andy Montroll","Dan Smith","Bob Kiss","skipped","skipped"
"Andy Montroll","skipped","skipped","skipped","skipped"
"Andy Montroll","Bob Kiss","Dan Smith","skipped","skipped"
"Dan Smith","Kurt Wright","James Simpson","Andy Montroll","Bob Kiss"
"Andy Montroll","Dan Smith","Bob Kiss","Kurt Wright","James Simpson"
"Kurt Wright","skipped","skipped","skipped","skipped"
"Andy Montroll","James Simpson","Bob Kiss","Dan Smith","skipped"
"Kurt Wright","skipped","skipped","skipped","skipped"
"Kurt Wright","skipped","skipped","skipped","skipped"
"Kurt Wright","skipped","skipped","skipped","skipped"
"Kurt Wright","skipped","skipped","skipped","skipped"
"Andy Montroll","Bob Kiss","James Simpson","skipped","skipped"
"Kurt Wright","skipped","skipped","skipped","skipped"
"Kurt Wright","skipped","skipped","skipped","skipped"
"Bob Kiss","Dan Smith","Andy Montroll","skipped","skipped"
"Bob Kiss","Andy Montroll","skipped","skipped","skipped"
"Bob Kiss","Kurt Wright","Dan Smith","skipped","skipped"
"Bob Kiss","Andy Montroll","Dan Smith","Kurt Wright","James Simpson"
"Andy Montroll","Dan Smith","James Simpson","Bob Kiss","Kurt Wright"
"Kurt Wright","Dan Smith","James Simpson","Andy Montroll","Bob Kiss"
"Andy Montroll","Kurt Wright","skipped","skipped","skipped"
"Bob Kiss","Andy Montroll","Kurt Wright","skipped","skipped"
"Bob Kiss","Dan Smith","Andy Montroll","skipped","skipped"
"Bob Kiss","Andy Montroll","skipped","skipped","skipped"
"Andy Montroll","Dan Smith","Bob Kiss","Kurt Wright","skipped"
"Andy Montroll","skipped","skipped","skipped","skipped"
"Dan Smith","skipped","skipped","skipped","skipped"
"Andy Montroll","Dan Smith","Kurt Wright","Bob Kiss","skipped"
"Andy Montroll","Bob Kiss","Kurt Wright","Dan Smith","James Simpson"
"Dan Smith","Andy Montroll","Bob Kiss","James Simpson","Kurt Wright"
"Andy Montroll","skipped","skipped","skipped","skipped"
"Kurt Wright","skipped","skipped","skipped","skipped"
"Andy Montroll","Bob Kiss","Kurt Wright","Dan Smith","James Simpson"
"Dan Smith","Andy Montroll","skipped","skipped","skipped"
"Bob Kiss","Andy Montroll","Dan Smith","Kurt Wright","James Simpson"
"Andy Montroll","Dan Smith","Kurt Wright","Bob Kiss","skipped"
"Dan Smith","Kurt Wright","Andy Montroll","James Simpson","Bob Kiss"
"Kurt Wright","skipped","skipped","skipped","skipped"
"Andy Montroll","Dan Smith","skipped","skipped","skipped"
"Kurt Wright","Bob Kiss","Andy Montroll","skipped","skipped"
"Dan Smith","James Simpson","Bob Kiss","Andy Montroll","skipped"
"Andy Montroll","Dan Smith","Bob Kiss","skipped","skipped"
"Andy Montroll","Bob Kiss","Kurt Wright","Dan Smith","James Simpson"
"Andy Montroll","Kurt Wright","Dan Smith","skipped","skipped"
"Andy Montroll","Kurt Wright","skipped","skipped","skipped"
"Dan Smith","Bob Kiss","skipped","skipped","skipped"
"Dan Smith","Bob Kiss","Andy Montroll","skipped","skipped"
"Bob Kiss","Andy Montroll","skipped","skipped","skipped"
"Dan Smith","Kurt Wright","Andy Montroll","Bob Kiss","James Simpson"
"Andy Montroll","Bob Kiss","skipped","skipped","skipped"
"Dan Smith","Andy Montroll","skipped","skipped","skipped"
"Kurt Wright","Dan Smith","Andy Montroll","Bob Kiss","James Simpson"
"Kurt Wright","Dan Smith","Andy Montroll","skipped","skipped"
"Bob Kiss","Dan Smith","Andy Montroll","James Simpson","skipped"
"Andy Montroll","Bob Kiss","Kurt Wright","Dan Smith","skipped"
"Bob Kiss","Kurt Wright","Andy Montroll","Dan Smith","James Simpson"
"Kurt Wright","Andy Montroll","Dan Smith","skipped","skipped"
"Bob Kiss","Andy Montroll","skipped","skipped","skipped"
"Bob Kiss","Dan Smith","Andy Montroll","James Simpson","skipped"
"Bob Kiss","Kurt Wright","skipped","skipped","skipped"
"Bob Kiss","Andy Montroll","Dan Smith","James Simpson","skipped"
"Bob Kiss","Andy Montroll","Dan Smith","Kurt Wright","James Simpson"
"Bob Kiss","Andy Montroll","Dan Smith","Kurt Wright","James Simpson"
"Kurt Wright","skipped","skipped","skipped","skipped"
"Kurt Wright","Andy Montroll","skipped","skipped","skipped"
"Bob Kiss","Dan Smith","Andy Montroll","skipped","skipped"
"Kurt Wright","Bob Kiss","Dan Smith","James Simpson","Andy Montroll"
"Bob Kiss","Kurt Wright","skipped","skipped","skipped"
"Andy Montroll","Bob Kiss","Kurt Wright","Dan Smith","skipped"
"Andy Montroll","Dan Smith","Bob Kiss","skipped","skipped"
"Bob Kiss","Kurt Wright","skipped","skipped","skipped"
"Andy Montroll","skipped","skipped","skipped","skipped"
"Andy Montroll","Bob Kiss","Dan Smith","skipped","skipped"
"Bob Kiss","skipped","skipped","skipped","skipped"
"Dan Smith","James Simpson","skipped","skipped","skipped"
"Andy Montroll","Bob Kiss","Dan Smith","James Simpson","Kurt Wright"
"Andy Montroll","Dan Smith","Bob Kiss","Kurt Wright","James Simpson"
"Bob Kiss","Dan Smith","Andy Montroll","skipped","skipped"
"Bob Kiss","Kurt Wright","Dan Smith","Andy Montroll","James Simpson"
"Andy Montroll","James Simpson","Kurt Wright","Bob Kiss","Dan Smith"
"Bob Kiss","Andy Montroll","Dan Smith","James Simpson","Kurt Wright"
"Bob Kiss","Dan Smith","skipped","skipped","skipped"
"Andy Montroll","Dan Smith","skipped","skipped","skipped"
"Andy Montroll","Dan Smith","skipped","skipped","skipped"
"Bob Kiss","Kurt Wright","Dan Smith","Andy Montroll","skipped"
"Andy Montroll","Bob Kiss","Dan Smith","skipped","skipped"
"Kurt Wright","Dan Smith","Andy Montroll","Bob Kiss","skipped"
"Andy Montroll","Kurt Wright","Bob Kiss","skipped","skipped"
"Kurt Wright","Bob Kiss","Dan Smith","Andy Montroll","James Simpson"
"Andy Montroll","Kurt Wright","Dan Smith","Bob Kiss","skipped"
"Kurt Wright","Bob Kiss","Dan Smith","Andy Montroll","James Simpson"
"Bob Kiss","Kurt Wright","Dan Smith","Andy Montroll","James Simpson"
"Bob Kiss","Andy Montroll","Dan Smith","skipped","skipped"
"Kurt Wright","Dan Smith","James Simpson","Bob Kiss","Andy Montroll"
"Andy Montroll","skipped","skipped","skipped","skipped"
"Bob Kiss","Andy Montroll","Dan Smith","James Simpson","skipped"
"Andy Montroll","Bob Kiss","Dan Smith","Kurt Wright","skipped"
"Dan Smith","Bob Kiss","Andy Montroll","Kurt Wright","James Simpson"
"Kurt Wright","Dan Smith","Bob Kiss","Andy Montroll","skipped"
"Bob Kiss","James Simpson","Andy Montroll","skipped","skipped"
"Kurt Wright","Dan Smith","skipped","skipped","skipped"
"Andy Montroll","Bob Kiss","Dan Smith","skipped","skipped"
"Dan Smith","Andy Montroll","skipped","skipped","skipped"
"Andy Montroll","Kurt Wright","Bob Kiss","Dan Smith","James Simpson"
"Andy Montroll","Bob Kiss","Kurt Wright","skipped","skipped"
"Bob Kiss","Kurt Wright","Andy Montroll","James Simpson","skipped"
"Kurt Wright","Andy Montroll","skipped","skipped","skipped"
"Bob Kiss","Dan Smith","skipped","skipped","skipped"
"skipped","Kurt Wright","skipped","skipped","skipped"
"Kurt Wright","Bob Kiss","Dan Smith","James Simpson","skipped"
"Bob Kiss","skipped","skipped","skipped","skipped"
"Dan Smith","Kurt Wright","skipped","skipped","skipped"
"Bob Kiss","Andy Montroll","skipped","skipped","skipped"
"Kurt Wright","Andy Montroll","skipped","skipped","skipped"
"Bob Kiss","Dan Smith","skipped","skipped","skipped"
"Kurt Wright","Andy Montroll","skipped","skipped","skipped"
"Kurt Wright","skipped","skipped","skipped","skipped"
"Dan Smith","Kurt Wright","Andy Montroll","Bob Kiss","James Simpson"
"Kurt Wright","skipped","skipped","skipped","skipped"
"Dan Smith","Bob Kiss","skipped","skipped","skipped"
"Bob Kiss","Andy Montroll","Dan Smith","skipped","skipped"
"Bob Kiss","skipped","skipped","skipped","skipped"
"Bob Kiss","skipped","skipped","skipped","skipped"
"Bob Kiss","Andy Montroll","skipped","skipped","skipped"
"Kurt Wright","Dan Smith","Andy Montroll","Bob Kiss","James Simpson"
"Dan Smith","Bob Kiss","Andy Montroll","skipped","skipped"
"Bob Kiss","skipped","skipped","skipped","skipped"
"Andy Montroll","Kurt Wright","Bob Kiss","Dan Smith","James Simpson"
"Andy Montroll","Kurt Wright","skipped","skipped","skipped"
"Bob Kiss","Dan Smith","Andy Montroll","Kurt Wright","skipped"
"Bob Kiss","Andy Montroll","Kurt Wright","skipped","skipped"
"Bob Kiss","Andy Montroll","skipped","skipped","skipped"
"Andy Montroll","Kurt Wright","skipped","skipped","skipped"
"Andy Montroll","Kurt Wright","skipped","skipped","skipped"
"Andy Montroll","Kurt Wright","Dan Smith","skipped","skipped"
"Andy Montroll","Dan Smith","Bob Kiss","James Simpson","Kurt Wright"
"Bob Kiss","Andy Montroll","Dan Smith","skipped","skipped"
"Bob Kiss","Dan Smith","Kurt Wright","Andy Montroll","James Simpson"
"Bob Kiss","Kurt Wright","Andy Montroll","Dan Smith","James Simpson"
"Bob Kiss","Andy Montroll","skipped","skipped","skipped"
"Andy Montroll","Dan Smith","skipped","skipped","skipped"
"Kurt Wright","Andy Montroll","Bob Kiss","skipped","skipped"
"Bob Kiss","skipped","skipped","skipped","skipped"
"Bob Kiss","Andy Montroll","skipped","skipped","skipped"
"Bob Kiss","Andy Montroll","Dan Smith","skipped","skipped"
"Bob Kiss","Andy Montroll","skipped","skipped","skipped"
"Andy Montroll","Bob Kiss","Dan Smith","James Simpson","skipped"
"Bob Kiss","skipped","skipped","skipped","skipped"
"Bob Kiss","Dan Smith","Andy Montroll","James Simpson","skipped"
"Andy Montroll","Bob Kiss","skipped","skipped","skipped"
"Bob Kiss","Andy Montroll","skipped","skipped","skipped"
"Kurt Wright","Andy Montroll","Dan Smith","skipped","skipped"
"Dan Smith","Kurt Wright","Bob Kiss","Andy Montroll","James Simpson"
"Bob Kiss","Andy Montroll","James Simpson","skipped","skipped"
"Andy Montroll","James Simpson","Dan Smith","Bob Kiss","Write-in"
"Bob Kiss","Andy Montroll","skipped","skipped","skipped"
"Bob Kiss","Kurt Wright","Dan Smith","Andy Montroll","James Simpson"
"Bob Kiss","Andy Montroll","skipped","skipped","skipped"
"Dan Smith","Bob Kiss","skipped","skipped","skipped"
"Kurt Wright","skipped","skipped","skipped","skipped"
"Dan Smith","Bob Kiss","skipped","skipped","skipped"
"Kurt Wright","skipped","skipped","skipped","skipped"
"Dan Smith","Bob Kiss","Andy Montroll","skipped","skipped"
"Kurt Wright","skipped","skipped","skipped","skipped"
"Kurt Wright","Dan Smith","skipped","skipped","skipped"
"Andy Montroll","skipped","skipped","skipped","skipped"
"Andy Montroll","Bob Kiss","Dan Smith","skipped","skipped"
"Kurt Wright","Andy Montroll","Bob Kiss","Dan Smith","James Simpson"
"Bob Kiss","Andy Montroll","Dan Smith","skipped","skipped"
"Andy Montroll","Kurt Wright","Dan Smith","Bob Kiss","skipped"
"Kurt Wright","skipped","skipped","skipped","skipped"
"Bob Kiss","Dan Smith","skipped","skipped","skipped"
"Andy Montroll","Bob Kiss","Dan Smith","skipped","skipped"
"Andy Montroll","Bob Kiss","skipped","skipped","skipped"
"Bob Kiss","Andy Montroll","Dan Smith","Kurt Wright","skipped"
"Andy Montroll","Dan Smith","Bob Kiss","James Simpson","Kurt Wright"
"Andy Montroll","Dan Smith","Bob Kiss","Kurt Wright","skipped"
"Bob Kiss","Andy Montroll","skipped","skipped","skipped"
"Bob Kiss","Andy Montroll","Dan Smith","Kurt Wright","James Simpson"
"Andy Montroll","Bob Kiss","skipped","skipped","skipped"
"Kurt Wright","Bob Kiss","skipped","skipped","skipped"
"Dan Smith","James Simpson","Bob Kiss","skipped","skipped"
"Bob Kiss","Andy Montroll","skipped","skipped","skipped"
"Kurt Wright","Andy Montroll","skipped","skipped","skipped"
"Dan Smith","skipped","skipped","skipped","skipped"
"Andy Montroll","Dan Smith","skipped","skipped","skipped"
"Bob Kiss","Andy Montroll","James Simpson","Dan Smith","Kurt Wright"
"Bob Kiss","Dan Smith","James Simpson","Andy Montroll","Kurt Wright"
"Andy Montroll","Kurt Wright","Dan Smith","skipped","skipped"
"Bob Kiss","Dan Smith","skipped","skipped","skipped"
"Bob Kiss","Andy Montroll","Dan Smith","Kurt Wright","James Simpson"
"Andy Montroll","Bob Kiss","Dan Smith","skipped","skipped"
"Kurt Wright","Dan Smith","Andy Montroll","Bob Kiss","James Simpson"
"Bob Kiss","Andy Montroll","Dan Smith","skipped","skipped"
"Kurt Wright","Dan Smith","skipped","skipped","skipped"
"Bob Kiss","Dan Smith","Andy Montroll","skipped","skipped"
"Bob Kiss","Dan Smith","James Simpson","Andy Montroll","Kurt Wright"
"Bob Kiss","Dan Smith","Andy Montroll","skipped","skipped"
"Bob Kiss","Andy Montroll","Kurt Wright","James Simpson","Dan Smith"
"Andy Montroll","Bob Kiss","Dan Smith","skipped","skipped"
"Bob Kiss","James Simpson","Dan Smith","skipped","skipped"
"Dan Smith","James Simpson","Bob Kiss","Andy Montroll","skipped"
"Kurt Wright","Andy Montroll","Dan Smith","skipped","skipped"
"Bob Kiss","Dan Smith","Andy Montroll","Kurt Wright","James Simpson"
"Bob Kiss","Dan Smith","Andy Montroll","James Simpson","Kurt Wright"
"Kurt Wright","Dan Smith","Andy Montroll","skipped","skipped"
"Bob Kiss","Andy Montroll","James Simpson","Dan Smith","Kurt Wright"
"Dan Smith","skipped","skipped","skipped","skipped"
"Dan Smith","Bob Kiss","Write-in","Andy Montroll","James Simpson"
"Kurt Wright","skipped","skipped","skipped","skipped"
"Andy Montroll","Bob Kiss","Dan Smith","skipped","skipped"
"Andy Montroll","Bob Kiss","Dan Smith","skipped","skipped"
"Bob Kiss","Andy Montroll","skipped","skipped","skipped"
"Bob Kiss","Andy Montroll","skipped","skipped","skipped"
"Andy Montroll","skipped","skipped","skipped","skipped"
"Kurt Wright","Andy Montroll","Dan Smith","skipped","skipped"
"Andy Montroll","Dan Smith","Bob Kiss","skipped","skipped"
"Andy Montroll","Dan Smith","Kurt Wright","Bob Kiss","James Simpson"
"Dan Smith","Bob Kiss","James Simpson","Andy Montroll","skipped"
"Bob Kiss","Andy Montroll","skipped","skipped","skipped"
"Kurt Wright","skipped","skipped","skipped","skipped"
"Andy Montroll","Dan Smith","Kurt Wright","skipped","skipped"
"Andy Montroll","Bob Kiss","James Simpson","skipped","skipped"
"Andy Montroll","Bob Kiss","Dan Smith","Kurt Wright","skipped"
"Andy Montroll","Bob Kiss","skipped","skipped","skipped"
"Dan Smith","Bob Kiss","James Simpson","Andy Montroll","Kurt Wright"
"Bob Kiss","skipped","skipped","skipped","skipped"
"Bob Kiss","Andy Montroll","skipped","skipped","skipped"
"Kurt Wright","skipped","skipped","skipped","skipped"
"Kurt Wright","Andy Montroll","skipped","skipped","skipped"
"Bob Kiss","Andy Montroll","skipped","skipped","skipped"
"Andy Montroll","Bob Kiss","James Simpson","Dan Smith","Kurt Wright"
"Bob Kiss","skipped","skipped","skipped","skipped"
"Bob Kiss","skipped","skipped","skipped","skipped"
"Bob Kiss","skipped","skipped","skipped","skipped"
"Andy Montroll","Dan Smith","Bob Kiss","James Simpson","Kurt Wright"
"Kurt Wright","Dan Smith","Andy Montroll","skipped","skipped"
"Bob Kiss","Dan Smith","Andy Montroll","Kurt Wright","skipped"
"Andy Montroll","Kurt Wright","Bob Kiss","Dan Smith","James Simpson"
"Andy Montroll","Dan Smith","Bob Kiss","skipped","skipped"
"Bob Kiss","Dan Smith","skipped","skipped","skipped"
"Bob Kiss","Kurt Wright","Andy Montroll","Dan Smith","James Simpson"
"Kurt Wright","Andy Montroll","Dan Smith","skipped","skipped"
"Bob Kiss","Andy Montroll","Dan Smith","James Simpson","Write-in"
"Kurt Wright","Write-in","James Simpson","skipped","skipped"
"Kurt Wright","skipped","skipped","skipped","skipped"
"Andy Montroll","Bob Kiss","Dan Smith","James Simpson","Kurt Wright"
"Andy Montroll","Bob Kiss","skipped","skipped","skipped"
"Kurt Wright","skipped","skipped","skipped","skipped"
"Andy Montroll","Bob Kiss","skipped","skipped","skipped"
"Bob Kiss","Kurt Wright","Dan Smith","Andy Montroll","skipped"
"Kurt Wright","skipped","skipped","skipped","skipped"
"Bob Kiss","Dan Smith","skipped","skipped","skipped"
"Dan Smith","Andy Montroll","James Simpson","skipped","skipped"
"Kurt Wright","skipped","skipped","skipped","skipped"
"Andy Montroll","Dan Smith","skipped","skipped","skipped"
"Kurt Wright","skipped","skipped","skipped","skipped"
"Bob Kiss","Andy Montroll","Dan Smith","Write-in","skipped"
"Bob Kiss","Andy Montroll","Dan Smith","Kurt Wright","skipped"
"Kurt Wright","skipped","skipped","skipped","skipped"
"Bob Kiss","Dan Smith","skipped","skipped","skipped"
"Dan Smith","skipped","skipped","skipped","skipped"
"Dan Smith","Andy Montroll","James Simpson","Kurt Wright","Bob Kiss"
"Dan Smith","Kurt Wright","skipped","skipped","skipped"
"Bob Kiss","Andy Montroll","James Simpson","skipped","skipped"
"Bob Kiss","Dan Smith","Andy Montroll","skipped","skipped"
"Kurt Wright","skipped","skipped","skipped","skipped"
"Kurt Wright","Bob Kiss","Dan Smith","Andy Montroll","James Simpson"
"Bob Kiss","Andy Montroll","Dan Smith","Kurt Wright","James Simpson"
"Kurt Wright","skipped","skipped","skipped","skipped"
"Andy Montroll","Dan Smith","Bob Kiss","skipped","skipped"
"Andy Montroll","Bob Kiss","skipped","skipped","skipped"
"Bob Kiss","Andy Montroll","Dan Smith","skipped","skipped"
"Bob Kiss","Andy Montroll","James Simpson","Dan Smith","skipped"
"Bob Kiss","Andy Montroll","Dan Smith","skipped","skipped"
"Bob Kiss","skipped","skipped","skipped","skipped"
"Kurt Wright","Dan Smith","Andy Montroll","skipped","skipped"
"Bob Kiss","Dan Smith","Andy Montroll","James Simpson","Kurt Wright"
"Dan Smith","Andy Montroll","Kurt Wright","James Simpson","Bob Kiss"
"Andy Montroll","Bob Kiss","skipped","skipped","skipped"
"Bob Kiss","Dan Smith","Andy Montroll","skipped","skipped"
"Bob Kiss","Dan Smith","Andy Montroll","skipped","skipped"
"Andy Montroll","Bob Kiss","Dan Smith","James Simpson","skipped"
"Bob Kiss","Dan Smith","Andy Montroll","skipped","skipped"
"Andy Montroll","Dan Smith","Kurt Wright","skipped","skipped"
"Kurt Wright","skipped","skipped","skipped","skipped"
"Dan Smith","Kurt Wright","Andy Montroll","Bob Kiss","James Simpson"
"Dan Smith","Bob Kiss","Andy Montroll","James Simpson","Kurt Wright"
"Andy Montroll","skipped","skipped","skipped","skipped"
"Bob Kiss","Kurt Wright","Andy Montroll","Dan Smith","James Simpson"
"Kurt Wright","Andy Montroll","skipped","skipped","skipped"
"Bob Kiss","Andy Montroll","Dan Smith","Kurt Wright","skipped"
"Andy Montroll","Bob Kiss","skipped","skipped","skipped"
"Bob Kiss","skipped","skipped","skipped","skipped"
"Kurt Wright","skipped","skipped","skipped","skipped"
"Bob Kiss","skipped","skipped","skipped","skipped"
"Kurt Wright","skipped","skipped","skipped","skipped"
"Andy Montroll","skipped","skipped","skipped","skipped"
"Bob Kiss","Andy Montroll","skipped","skipped","skipped"
"Dan Smith","Andy Montroll","skipped","skipped","skipped"
"Bob Kiss","skipped","skipped","skipped","skipped"
"Bob Kiss","Dan Smith","Andy Montroll","Kurt Wright","James Simpson"
"Kurt Wright","Dan Smith","skipped","skipped","skipped"
"Dan Smith","Andy Montroll","Kurt Wright","skipped","skipped"
"Dan Smith","Andy Montroll","Kurt Wright","skipped","skipped"
"Andy Montroll","Dan Smith","Bob Kiss","skipped","skipped"
"Andy Montroll","Bob Kiss","Dan Smith","Kurt Wright","skipped"
"Andy Montroll","Bob Kiss","skipped","skipped","skipped"
"Dan Smith","Andy Montroll","skipped","skipped","skipped"
"Kurt Wright","skipped","skipped","skipped","skipped"
"Bob Kiss","James Simpson","Andy Montroll","skipped","skipped"
"Bob Kiss","Andy Montroll","Dan Smith","skipped","skipped"
"Kurt Wright","Andy Montroll","Bob Kiss","Dan Smith","skipped"
"Dan Smith","Andy Montroll","skipped","skipped","skipped"
"Kurt Wright","Dan Smith","Andy Montroll","skipped","skipped"
"Dan Smith","Kurt Wright","Andy Montroll","skipped","skipped"
"Dan Smith","Andy Montroll","skipped","skipped","skipped"
"Dan Smith","Bob Kiss","skipped","skipped","skipped"
"Bob Kiss","Andy Montroll","James Simpson","Dan Smith","Kurt Wright"
"Bob Kiss","Kurt Wright","James Simpson","Dan Smith","Andy Montroll"
"Bob Kiss","Dan Smith","Kurt Wright","Andy Montroll","James Simpson"
"Bob Kiss","Kurt Wright","James Simpson","Dan Smith","Andy Montroll"
"Andy Montroll","James Simpson","Bob Kiss","skipped","skipped"
"Bob Kiss","Dan Smith","James Simpson","Andy Montroll","Kurt Wright"
"James Simpson","Bob Kiss","skipped","skipped","skipped"
"Dan Smith","Kurt Wright","Andy Montroll","Bob Kiss","James Simpson"
"Dan Smith","Andy Montroll","Bob Kiss","James Simpson","Kurt Wright"
"Kurt Wright","skipped","skipped","skipped","skipped"
"Dan Smith","Andy Montroll","Kurt Wright","Bob Kiss","James Simpson"
"Bob Kiss","Andy Montroll","Dan Smith","James Simpson","Kurt Wright"
"Andy Montroll","Bob Kiss","Dan Smith","skipped","skipped"
"Andy Montroll","Bob Kiss","skipped","skipped","skipped"
"Kurt Wright","skipped","skipped","skipped","skipped"
"Dan Smith","Kurt Wright","Andy Montroll","skipped","skipped"
"Kurt Wright","skipped","skipped","skipped","skipped"
"Kurt Wright","Dan Smith","Andy Montroll","skipped","skipped"
"Bob Kiss","Andy Montroll","Dan Smith","skipped","skipped"
"Kurt Wright","Dan Smith","Andy Montroll","skipped","skipped"
"Kurt Wright","Dan Smith","Bob Kiss","Andy Montroll","James Simpson"
"Kurt Wright","Dan Smith","Andy Montroll","Bob Kiss","James Simpson"
"Bob Kiss","skipped","skipped","skipped","skipped"
"Bob Kiss","Andy Montroll","Kurt Wright","Dan Smith","James Simpson"
"Andy Montroll","Dan Smith","Bob Kiss","James Simpson","Kurt Wright"
"Bob Kiss","Dan Smith","Kurt Wright","Andy Montroll","skipped"
"Bob Kiss","Andy Montroll","Dan Smith","Kurt Wright","James Simpson"
"Bob Kiss","Andy Montroll","skipped","skipped","skipped"
"Bob Kiss","skipped","skipped","skipped","skipped"
"Kurt Wright","Andy Montroll","skipped","skipped","skipped"
"Bob Kiss","Andy Montroll","skipped","skipped","skipped"
"Andy Montroll","skipped","skipped","skipped","skipped"
"Andy Montroll","Bob Kiss","Dan Smith","James Simpson","Kurt Wright"
"Andy Montroll","skipped","skipped","skipped","skipped"
"Bob Kiss","Andy Montroll","James Simpson","Dan Smith","Kurt Wright"
"Andy Montroll","Kurt Wright","James Simpson","Dan Smith","Bob Kiss"
"Bob Kiss","Dan Smith","skipped","skipped","skipped"
"Bob Kiss","Andy Montroll","skipped","skipped","skipped"
"Andy Montroll","Bob Kiss","Dan Smith","Kurt Wright","James Simpson"
"Bob Kiss","Andy Montroll","Kurt Wright","James Simpson","Dan Smith"
"Andy Montroll","Bob Kiss","Dan Smith","Kurt Wright","skipped"
"Bob Kiss","Andy Montroll","Dan Smith","James Simpson","Kurt Wright"
"Bob Kiss","Kurt Wright","Andy Montroll","skipped","skipped"
"Bob Kiss","Andy Montroll","skipped","skipped","skipped"
"Bob Kiss","Andy Montroll","skipped","skipped","skipped"
"Bob Kiss","Andy Montroll","Dan Smith","skipped","skipped"
"Kurt Wright","Bob Kiss","skipped","skipped","skipped"
"Dan Smith","Kurt Wright","skipped","skipped","skipped"
"Andy Montroll","Dan Smith","skipped","skipped","skipped"
"Dan Smith","Bob Kiss","Andy Montroll","skipped","skipped"
"Kurt Wright","Dan Smith","Andy Montroll","skipped","skipped"
"Kurt Wright","Dan Smith","James Simpson","Andy Montroll","Bob Kiss"
"Dan Smith","Bob Kiss","Andy Montroll","skipped","skipped"
"Kurt Wright","skipped","skipped","skipped","skipped"
"Bob Kiss","Andy Montroll","Dan Smith","skipped","Kurt Wright"
"Bob Kiss","James Simpson","Andy Montroll","Dan Smith","Kurt Wright"
"Kurt Wright","skipped","skipped","skipped","skipped"
"Kurt Wright","skipped","skipped","skipped","skipped"
"Andy Montroll","Bob Kiss","skipped","skipped","skipped"
"Dan Smith","skipped","skipped","skipped","skipped"
"Bob Kiss","Kurt Wright","skipped","skipped","skipped"
"Bob Kiss","Dan Smith","James Simpson","Andy Montroll","Kurt Wright"
"Kurt Wright","skipped","skipped","skipped","skipped"
"Andy Montroll","Bob Kiss","Dan Smith","skipped","skipped"
"Andy Montroll","Dan Smith","Bob Kiss","Kurt Wright","James Simpson"
"Andy Montroll","Dan Smith","James Simpson","Bob Kiss","Kurt Wright"
"Bob Kiss","Andy Montroll","Dan Smith","skipped","skipped"
"Bob Kiss","Andy Montroll","Dan Smith","Kurt Wright","skipped"
"Bob Kiss","Kurt Wright","skipped","skipped","skipped"
"Bob Kiss","skipped","skipped","skipped","skipped"
"Kurt Wright","skipped","skipped","skipped","skipped"
"Bob Kiss","James Simpson","skipped","skipped","skipped"
"Bob Kiss","Dan Smith","Andy Montroll","James Simpson","Kurt Wright"
"Bob Kiss","Andy Montroll","Dan Smith","Kurt Wright","James Simpson"
"Kurt Wright","Andy Montroll","Dan Smith","Bob Kiss","skipped"
"Andy Montroll","Dan Smith","Bob Kiss","Kurt Wright","James Simpson"
"Bob Kiss","Dan Smith","Kurt Wright","Andy Montroll","skipped"
"Bob Kiss","Andy Montroll","Dan Smith","James Simpson","Kurt Wright"
"Bob Kiss","Andy Montroll","Dan Smith","Kurt Wright","James Simpson"
"Dan Smith","Andy Montroll","Bob Kiss","skipped","skipped"
"Bob Kiss","Andy Montroll","Dan Smith","James Simpson","Kurt Wright"
"Andy Montroll","Dan Smith","James Simpson","Bob Kiss","Kurt Wright"
"Dan Smith","Andy Montroll","Bob Kiss","James Simpson","Kurt Wright"
"Bob Kiss","Andy Montroll","skipped","skipped","skipped"
"Dan Smith","Bob Kiss","Andy Montroll","skipped","skipped"
"Andy Montroll","Bob Kiss","Dan Smith","Kurt Wright","skipped"
"Bob Kiss","Dan Smith","Andy Montroll","Kurt Wright","James Simpson"
"Dan Smith","Andy Montroll","skipped","skipped","skipped"
"Bob Kiss","James Simpson","Andy Montroll","skipped","skipped"
"Kurt Wright","Bob Kiss","Andy Montroll","Dan Smith","James Simpson"
"Dan Smith","Bob Kiss","Andy Montroll","James Simpson","skipped"
"Andy Montroll","Kurt Wright","Dan Smith","James Simpson","Bob Kiss"
"Bob Kiss","Andy Montroll","Dan Smith","James Simpson","Kurt Wright"
"Kurt Wright","James Simpson","skipped","skipped","skipped"
"Kurt Wright","Andy Montroll","skipped","skipped","skipped"
"Andy Montroll","Bob Kiss","Dan Smith","skipped","skipped"
"Bob Kiss","Andy Montroll","Dan Smith","skipped","skipped"
"Bob Kiss","Andy Montroll","skipped","skipped","skipped"
"Kurt Wright","Andy Montroll","Bob Kiss","Dan Smith","James Simpson"
"Bob Kiss","Kurt Wright","Dan Smith","James Simpson","Andy Montroll"
"Dan Smith","Andy Montroll","James Simpson","Bob Kiss","Kurt Wright"
"Bob Kiss","Andy Montroll","James Simpson","Dan Smith","Kurt Wright"
"Andy Montroll","Dan Smith","Kurt Wright","Bob Kiss","James Simpson"
"Andy Montroll","Kurt Wright","Bob Kiss","Dan Smith","skipped"
"Bob Kiss","Dan Smith","Andy Montroll","James Simpson","Kurt Wright"
"Bob Kiss","Dan Smith","skipped","skipped","skipped"
"Bob Kiss","Dan Smith","Andy Montroll","skipped","skipped"
"Dan Smith","Bob Kiss","skipped","skipped","skipped"
"Bob Kiss","Dan Smith","Kurt Wright","skipped","skipped"
"Kurt Wright","Dan Smith","Andy Montroll","Bob Kiss","James Simpson"
"Andy Montroll","James Simpson","Dan Smith","skipped","skipped"
"Dan Smith","Bob Kiss","skipped","skipped","skipped"
"Andy Montroll","Bob Kiss","Kurt Wright","skipped","skipped"
"Andy Montroll","Dan Smith","Bob Kiss","James Simpson","Kurt Wright"
"Dan Smith","Kurt Wright","James Simpson","Andy Montroll","skipped"
"Kurt Wright","Dan Smith","skipped","skipped","skipped"
"Bob Kiss","Andy Montroll","skipped","skipped","skipped"
"Bob Kiss","Andy Montroll","skipped","skipped","skipped"
"Kurt Wright","skipped","skipped","skipped","skipped"
"Dan Smith","Andy Montroll","Kurt Wright","skipped","skipped"
"Dan Smith","Andy Montroll","Bob Kiss","Kurt Wright","skipped"
"Dan Smith","Bob Kiss","Andy Montroll","Kurt Wright","skipped"
"Kurt Wright","Andy Montroll","Dan Smith","Bob Kiss","skipped"
"Andy Montroll","Bob Kiss","skipped","skipped","skipped"
"Kurt Wright","Dan Smith","Bob Kiss","Andy Montroll","James Simpson"
"Andy Montroll","Dan Smith","skipped","skipped","skipped"
"Kurt Wright","Andy Montroll","Bob Kiss","Dan Smith","James Simpson"
"Bob Kiss","Andy Montroll","Dan Smith","Kurt Wright","James Simpson"
"Bob Kiss","Andy Montroll","Dan Smith","James Simpson","skipped"
"Dan Smith","Andy Montroll","Bob Kiss","Kurt Wright","James Simpson"
"Dan Smith","Bob Kiss","Andy Montroll","James Simpson","Write-in"
"Kurt Wright","Dan Smith","James Simpson","Andy Montroll","Bob Kiss"
"Kurt Wright","skipped","skipped","skipped","skipped"
"Kurt Wright","Dan Smith","skipped","skipped","skipped"
"Bob Kiss","Andy Montroll","Dan Smith","skipped","skipped"
"Dan Smith","Bob Kiss","Andy Montroll","skipped","skipped"
"Andy Montroll","Kurt Wright","Dan Smith","skipped","skipped"
"Andy Montroll","Kurt Wright","Bob Kiss","Dan Smith","James Simpson"
"Bob Kiss","Dan Smith","James Simpson","Andy Montroll","Kurt Wright"
"Bob Kiss","Kurt Wright","James Simpson","Andy Montroll","Dan Smith"
"Bob Kiss","Andy Montroll","Dan Smith","James Simpson","Kurt Wright"
"Dan Smith","Andy Montroll","Bob Kiss","skipped","skipped"
"Bob Kiss","Dan Smith","skipped","skipped","skipped"
"Kurt Wright","Dan Smith","Andy Montroll","James Simpson","Bob Kiss"
"Andy Montroll","Kurt Wright","skipped","skipped","skipped"
"Dan Smith","Bob Kiss","Kurt Wright","James Simpson","Write-in"
"Bob Kiss","Dan Smith","Andy Montroll","skipped","skipped"
"Dan Smith","James Simpson","skipped","skipped","skipped"
"Andy Montroll","Dan Smith","Bob Kiss","skipped","skipped"
"Andy Montroll","Bob Kiss","skipped","skipped","skipped"
"Dan Smith","Bob Kiss","Andy Montroll","James Simpson","Kurt Wright"
"Dan Smith","Bob Kiss","Andy Montroll","Kurt Wright","skipped"
"Dan Smith","Bob Kiss","Andy Montroll","Kurt Wright","James Simpson"
"Andy Montroll","Bob Kiss","James Simpson","Dan Smith","Kurt Wright"
"Bob Kiss","Andy Montroll","skipped","skipped","skipped"
"Dan Smith","James Simpson","Andy Montroll","Bob Kiss","Kurt Wright"
"Kurt Wright","Dan Smith","Andy Montroll","Bob Kiss","skipped"
"Kurt Wright","skipped","skipped","skipped","skipped"
"Kurt Wright","skipped","skipped","skipped","skipped"
"Dan Smith","Andy Montroll","Bob Kiss","skipped","skipped"
"Dan Smith","Bob Kiss","Andy Montroll","Kurt Wright","skipped"
"Andy Montroll","Kurt Wright","Dan Smith","James Simpson","Bob Kiss"
"Bob Kiss","Andy Montroll","Kurt Wright","Dan Smith","skipped"
"Bob Kiss","Dan Smith","skipped","skipped","skipped"
"Bob Kiss","Andy Montroll","skipped","skipped","skipped"
"Bob Kiss","Andy Montroll","Dan Smith","skipped","skipped"
"Bob Kiss","Andy Montroll","Kurt Wright","skipped","skipped"
"Andy Montroll","Bob Kiss","Dan Smith","skipped","skipped"
"Kurt Wright","skipped","skipped","skipped","skipped"
"Kurt Wright","Dan Smith","skipped","skipped","skipped"
"Dan Smith","Kurt Wright","Bob Kiss","Andy Montroll","James Simpson"
"Andy Montroll","Dan Smith","skipped","skipped","skipped"
"Andy Montroll","skipped","skipped","skipped","skipped"
"Andy Montroll","Kurt Wright","Dan Smith","James Simpson","Bob Kiss"
"Dan Smith","skipped","skipped","skipped","skipped"
"Bob Kiss","Write-in","Andy Montroll","Dan Smith","James Simpson"
"Bob Kiss","Andy Montroll","skipped","skipped","skipped"
"Bob Kiss","Kurt Wright","Andy Montroll","Dan Smith","skipped"
"Andy Montroll","Kurt Wright","Dan Smith","skipped","skipped"
"Bob Kiss","skipped","skipped","skipped","skipped"
"Kurt Wright","skipped","skipped","skipped","skipped"
"Bob Kiss","Dan Smith","Andy Montroll","James Simpson","Kurt Wright"
"Kurt Wright","Bob Kiss","Andy Montroll","James Simpson","Dan Smith"
"Bob Kiss","Andy Montroll","Kurt Wright","Dan Smith","skipped"
"Andy Montroll","Kurt Wright","Dan Smith","Bob Kiss","skipped"
"Dan Smith","skipped","skipped","skipped","skipped"
"Andy Montroll","Bob Kiss","skipped","skipped","skipped"
"Bob Kiss","Dan Smith","Andy Montroll","James Simpson","skipped"
"Andy Montroll","Kurt Wright","Bob Kiss","skipped","skipped"
"Dan Smith","Bob Kiss","skipped","skipped","skipped"
"Andy Montroll","Bob Kiss","Dan Smith","Kurt Wright","James Simpson"
"Andy Montroll","Dan Smith","Bob Kiss","Kurt Wright","James Simpson"
"Andy Montroll","Dan Smith","Bob Kiss","skipped","skipped"
"Andy Montroll","Bob Kiss","Dan Smith","Kurt Wright","James Simpson"
"Kurt Wright","Andy Montroll","Dan Smith","skipped","Bob Kiss"
"overvote","Dan Smith","Andy Montroll","James Simpson","Bob Kiss"
"Bob Kiss","skipped","skipped","skipped","skipped"
"overvote","Andy Montroll","Bob Kiss","Dan Smith","skipped"
"overvote","Kurt Wright","Andy Montroll","Dan Smith","James Simpson"
"Bob Kiss","Andy Montroll","James Simpson","Dan Smith","Kurt Wright"
"Andy Montroll","Bob Kiss","Dan Smith","skipped","skipped"
"Bob Kiss","Andy Montroll","skipped","skipped","skipped"
"Andy Montroll","Bob Kiss","Dan Smith","Kurt Wright","James Simpson"
"Bob Kiss","skipped","skipped","skipped","skipped"
"Bob Kiss","Dan Smith","skipped","skipped","skipped"
"Kurt Wright","skipped","skipped","skipped","skipped"
"Bob Kiss","Andy Montroll","Dan Smith","skipped","skipped"
"Bob Kiss","Andy Montroll","Dan Smith","James Simpson","Kurt Wright"
"Andy Montroll","Dan Smith","James Simpson","Bob Kiss","skipped"
"Andy Montroll","Bob Kiss","skipped","skipped","skipped"
"Bob Kiss","Andy Montroll","skipped","skipped","skipped"
"Andy Montroll","Kurt Wright","Dan Smith","Bob Kiss","James Simpson"
"Kurt Wright","Andy Montroll","skipped","skipped","skipped"
"Dan Smith","Andy Montroll","Bob Kiss","skipped","skipped"
"Dan Smith","Bob Kiss","Andy Montroll","skipped","skipped"
"Kurt Wright","Andy Montroll","Dan Smith","skipped","skipped"
"Dan Smith","Bob Kiss","Andy Montroll","Kurt Wright","James Simpson"
"Andy Montroll","Bob Kiss","Dan Smith","Kurt Wright","James Simpson"
"Bob Kiss","James Simpson","Dan Smith","Kurt Wright","Andy Montroll"
"Dan Smith","Bob Kiss","Andy Montroll","James Simpson","Kurt Wright"
"Bob Kiss","Andy Montroll","skipped","skipped","skipped"
"Dan Smith","Andy Montroll","Kurt Wright","skipped","Bob Kiss"
"Andy Montroll","Kurt Wright","Dan Smith","James Simpson","Bob Kiss"
"Dan Smith","skipped","skipped","skipped","skipped"
"Andy Montroll","Kurt Wright","Bob Kiss","skipped","skipped"
"Bob Kiss","Dan Smith","Andy Montroll","skipped","skipped"
"Bob Kiss","Dan Smith","James Simpson","Kurt Wright","Andy Montroll"
"Bob Kiss","skipped","skipped","skipped","skipped"
"Bob Kiss","skipped","skipped","skipped","skipped"
"Bob Kiss","Andy Montroll","Dan Smith","Kurt Wright","James Simpson"
"Dan Smith","Kurt Wright","James Simpson","Andy Montroll","skipped"
"Bob Kiss","Dan Smith","skipped","skipped","skipped"
"Andy Montroll","Kurt Wright","skipped","skipped","skipped"
"Kurt Wright","Dan Smith","Andy Montroll","James Simpson","Bob Kiss"
"Dan Smith","Bob Kiss","Kurt Wright","James Simpson","Andy Montroll"
"Dan Smith","Andy Montroll","Bob Kiss","skipped","skipped"
"Dan Smith","skipped","skipped","skipped","skipped"
"Kurt Wright","Andy Montroll","James Simpson","Dan Smith","Bob Kiss"
"Andy Montroll","skipped","skipped","skipped","skipped"
"Bob Kiss","Dan Smith","Kurt Wright","skipped","skipped"
"Kurt Wright","Dan Smith","Andy Montroll","James Simpson","Bob Kiss"
"Bob Kiss","Dan Smith","Kurt Wright","Andy Montroll","James Simpson"
"Andy Montroll","Kurt Wright","Bob Kiss","skipped","skipped"
"Kurt Wright","Andy Montroll","Bob Kiss","Dan Smith","James Simpson"
"Bob Kiss","Dan Smith","James Simpson","skipped","skipped"
"Bob Kiss","Andy Montroll","Dan Smith","Kurt Wright","James Simpson"
"Andy Montroll","Dan Smith","Bob Kiss","James Simpson","Kurt Wright"
"Andy Montroll","Dan Smith","Bob Kiss","skipped","skipped"
"Dan Smith","Kurt Wright","Andy Montroll","Bob Kiss","James Simpson"
"Andy Montroll","Dan Smith","Bob Kiss","Kurt Wright","James Simpson"
"Dan Smith","Kurt Wright","Bob Kiss","Andy Montroll","James Simpson"
"Bob Kiss","Andy Montroll","skipped","skipped","skipped"
"Bob Kiss","skipped","skipped","skipped","skipped"
"Bob Kiss","Andy Montroll","skipped","skipped","skipped"
"Dan Smith","Andy Montroll","James Simpson","skipped","skipped"
"Bob Kiss","Andy Montroll","skipped","skipped","skipped"
"Bob Kiss","Andy Montroll","skipped","skipped","skipped"
"Bob Kiss","Kurt Wright","Andy Montroll","Dan Smith","James Simpson"
"Bob Kiss","Kurt Wright","skipped","skipped","skipped"
"Andy Montroll","Bob Kiss","Dan Smith","skipped","skipped"
"Andy Montroll","Bob Kiss","Dan Smith","Kurt Wright","skipped"
"Andy Montroll","Kurt Wright","skipped","skipped","skipped"
"Bob Kiss","Andy Montroll","Dan Smith","James Simpson","Kurt Wright"
"Kurt Wright","Andy Montroll","Bob Kiss","skipped","skipped"
"Bob Kiss","Andy Montroll","James Simpson","Dan Smith","skipped"
"Bob Kiss","Andy Montroll","James Simpson","skipped","skipped"
"Dan Smith","Kurt Wright","James Simpson","Andy Montroll","Bob Kiss"
"Bob Kiss","Andy Montroll","skipped","skipped","skipped"
"Bob Kiss","Andy Montroll","skipped","skipped","skipped"
"Bob Kiss","skipped","skipped","skipped","skipped"
"Bob Kiss","skipped","skipped","skipped","skipped"
"Andy Montroll","Dan Smith","James Simpson","Bob Kiss","Kurt Wright"
"Bob Kiss","Andy Montroll","Dan Smith","James Simpson","Write-in"
"Bob Kiss","Andy Montroll","Dan Smith","James Simpson","Kurt Wright"
"Dan Smith","Bob Kiss","Andy Montroll","skipped","skipped"
"Bob Kiss","Andy Montroll","Dan Smith","Kurt Wright","Write-in"
"Bob Kiss","Andy Montroll","James Simpson","Kurt Wright","skipped"
"Kurt Wright","Dan Smith","Bob Kiss","Andy Montroll","James Simpson"
"Bob Kiss","skipped","skipped","skipped","skipped"
"Bob Kiss","Dan Smith","Andy Montroll","skipped","skipped"
"Kurt Wright","skipped","skipped","skipped","Bob Kiss"
"Kurt Wright","skipped","skipped","skipped","Bob Kiss"
"Bob Kiss","Andy Montroll","Dan Smith","Kurt Wright","skipped"
"Andy Montroll","Bob Kiss","skipped","skipped","skipped"
"Andy Montroll","Bob Kiss","skipped","skipped","skipped"
"Andy Montroll","Dan Smith","Kurt Wright","Bob Kiss","James Simpson"
"Andy Montroll","Kurt Wright","Dan Smith","Bob Kiss","James Simpson"
"Dan Smith","Bob Kiss","Andy Montroll","James Simpson","skipped"
"Dan Smith","Bob Kiss","Andy Montroll","Kurt Wright","skipped"
"Dan Smith","Andy Montroll","James Simpson","skipped","skipped"
"Bob Kiss","Dan Smith","Andy Montroll","Write-in","Kurt Wright"
"Bob Kiss","skipped","skipped","skipped","skipped"
"Bob Kiss","James Simpson","Andy Montroll","Dan Smith","Kurt Wright"
"Bob Kiss","Dan Smith","skipped","skipped","skipped"
"Andy Montroll","Bob Kiss","skipped","skipped","skipped"
"Bob Kiss","James Simpson","Dan Smith","Andy Montroll","Kurt Wright"
"Bob Kiss","Andy Montroll","Kurt Wright","skipped","skipped"
"Dan Smith","skipped","skipped","skipped","skipped"
"Bob Kiss","skipped","skipped","skipped","skipped"
"Andy Montroll","Bob Kiss","skipped","skipped","skipped"
"Kurt Wright","Andy Montroll","Dan Smith","skipped","skipped"
"Bob Kiss","Andy Montroll","skipped","skipped","skipped"
"Bob Kiss","Andy Montroll","Dan Smith","Kurt Wright","James Simpson"
"Bob Kiss","Andy Montroll","Dan Smith","skipped","skipped"
"Dan Smith","Kurt Wright","James Simpson","skipped","skipped"
"Dan Smith","James Simpson","Kurt Wright","skipped","skipped"
"Andy Montroll","Dan Smith","Bob Kiss","Kurt Wright","skipped"
"Bob Kiss","Andy Montroll","skipped","skipped","skipped"
"Kurt Wright","Andy Montroll","Dan Smith","Bob Kiss","James Simpson"
"Kurt Wright","Andy Montroll","skipped","skipped","skipped"
"Kurt Wright","Dan Smith","skipped","skipped","skipped"
"Andy Montroll","Bob Kiss","Kurt Wright","Dan Smith","skipped"
"Bob Kiss","Andy Montroll","Kurt Wright","Dan Smith","skipped"
"Dan Smith","Kurt Wright","Andy Montroll","Bob Kiss","skipped"
"Bob Kiss","James Simpson","skipped","skipped","skipped"
"Bob Kiss","Dan Smith","James Simpson","Andy Montroll","Write-in"
"Bob Kiss","Andy Montroll","skipped","skipped","skipped"
"Andy Montroll","Kurt Wright","Bob Kiss","skipped","skipped"
"Bob Kiss","Andy Montroll","James Simpson","Dan Smith","Write-in"
"Andy Montroll","Kurt Wright","skipped","skipped","skipped"
"Bob Kiss","Andy Montroll","skipped","skipped","skipped"
"Andy Montroll","Kurt Wright","Bob Kiss","Dan Smith","James Simpson"
"Andy Montroll","Kurt Wright","Dan Smith","Bob Kiss","James Simpson"
"Andy Montroll","Kurt Wright","Dan Smith","skipped","skipped"
"Kurt Wright","Bob Kiss","Dan Smith","Andy Montroll","skipped"
"Bob Kiss","skipped","skipped","skipped","skipped"
"Bob Kiss","Kurt Wright","James Simpson","Dan Smith","Andy Montroll"
"Dan Smith","skipped","skipped","skipped","skipped"
"Dan Smith","Kurt Wright","skipped","skipped","skipped"
"Kurt Wright","Andy Montroll","Dan Smith","James Simpson","Bob Kiss"
"Andy Montroll","Kurt Wright","Dan Smith","James Simpson","Bob Kiss"
"Kurt Wright","Bob Kiss","Andy Montroll","James Simpson","Dan Smith"
"Bob Kiss","Andy Montroll","Dan Smith","James Simpson","Kurt Wright"
"Bob Kiss","skipped","skipped","skipped","skipped"
"Bob Kiss","Andy Montroll","Dan Smith","James Simpson","Write-in"
"Bob Kiss","Dan Smith","skipped","skipped","skipped"
"Dan Smith","Bob Kiss","Kurt Wright","Andy Montroll","James Simpson"
"Kurt Wright","Andy Montroll","skipped","skipped","skipped"
"Bob Kiss","Dan Smith","James Simpson","Andy Montroll","Kurt Wright"
"Write-in","skipped","skipped","skipped","skipped"
"Bob Kiss","Dan Smith","Andy Montroll","skipped","skipped"
"Andy Montroll","skipped","skipped","skipped","skipped"
"Dan Smith","Bob Kiss","Kurt Wright","Andy Montroll","James Simpson"
"Bob Kiss","Andy Montroll","Dan Smith","Kurt Wright","skipped"
"Andy Montroll","Kurt Wright","Dan Smith","James Simpson","skipped"
"Dan Smith","Kurt Wright","Andy Montroll","James Simpson","Bob Kiss"
"Dan Smith","Andy Montroll","Kurt Wright","skipped","skipped"
"Kurt Wright","Andy Montroll","Dan Smith","Bob Kiss","James Simpson"
"Dan Smith","Bob Kiss","Andy Montroll","skipped","skipped"
"Andy Montroll","Bob Kiss","Dan Smith","James Simpson","Kurt Wright"
"Bob Kiss","skipped","skipped","skipped","skipped"
"Kurt Wright","Andy Montroll","Dan Smith","James Simpson","Bob Kiss"
"Kurt Wright","Andy Montroll","James Simpson","Dan Smith","Bob Kiss"
"Bob Kiss","Andy Montroll","Dan Smith","Kurt Wright","James Simpson"
"Bob Kiss","skipped","skipped","skipped","skipped"
"Bob Kiss","Dan Smith","Andy Montroll","skipped","skipped"
"Andy Montroll","skipped","skipped","skipped","skipped"
"Andy Montroll","skipped","skipped","skipped","skipped"
"Andy Montroll","Bob Kiss","skipped","skipped","skipped"
"Bob Kiss","Dan Smith","skipped","skipped","skipped"
"Dan Smith","Kurt Wright","Andy Montroll","James Simpson","Bob Kiss"
"Bob Kiss","skipped","skipped","skipped","skipped"
"Bob Kiss","Andy Montroll","Kurt Wright","Dan Smith","James Simpson"
"Bob Kiss","Kurt Wright","James Simpson","Andy Montroll","Dan Smith"
"Bob Kiss","Andy Montroll","Dan Smith","skipped","skipped"
"Andy Montroll","Bob Kiss","Dan Smith","James Simpson","skipped"
"Andy Montroll","Kurt Wright","skipped","skipped","skipped"
"Dan Smith","Andy Montroll","Bob Kiss","James Simpson","skipped"
"Bob Kiss","Andy Montroll","Dan Smith","James Simpson","skipped"
"Andy Montroll","Kurt Wright","Dan Smith","James Simpson","Bob Kiss"
"Andy Montroll","Bob Kiss","Dan Smith","Kurt Wright","James Simpson"
"Andy Montroll","Bob Kiss","Dan Smith","James Simpson","Kurt Wright"
"Bob Kiss","Andy Montroll","Dan Smith","skipped","skipped"
"Dan Smith","Bob Kiss","skipped","skipped","skipped"
"Bob Kiss","Dan Smith","Kurt Wright","Andy Montroll","James Simpson"
"Bob Kiss","skipped","skipped","skipped","skipped"
"Bob Kiss","Andy Montroll","Kurt Wright","skipped","skipped"
"Bob Kiss","Andy Montroll","skipped","skipped","skipped"
"Bob Kiss","Andy Montroll","skipped","skipped","skipped"
"Bob Kiss","Dan Smith","Andy Montroll","James Simpson","Kurt Wright"
"Kurt Wright","Andy Montroll","Dan Smith","Bob Kiss","skipped"
"Andy Montroll","Bob Kiss","Dan Smith","James Simpson","Kurt Wright"
"Bob Kiss","Andy Montroll","skipped","skipped","skipped"
"Bob Kiss","Dan Smith","Andy Montroll","James Simpson","Kurt Wright"
"Bob Kiss","Andy Montroll","James Simpson","Dan Smith","Kurt Wright"
"Bob Kiss","Dan Smith","James Simpson","Andy Montroll","skipped"
"Bob Kiss","skipped","skipped","skipped","skipped"
"Kurt Wright","skipped","skipped","skipped","skipped"
"Bob Kiss","Kurt Wright","Dan Smith","Andy Montroll","skipped"
"Bob Kiss","Dan Smith","Andy Montroll","Kurt Wright","James Simpson"
"Andy Montroll","Kurt Wright","Dan Smith","Bob Kiss","James Simpson"
"Dan Smith","skipped","skipped","skipped","skipped"
"Dan Smith","skipped","skipped","skipped","skipped"
"Bob Kiss","Andy Montroll","skipped","skipped","skipped"
"Bob Kiss","Andy Montroll","skipped","skipped","skipped"
"Bob Kiss","Dan Smith","Andy Montroll","Kurt Wright","skipped"
"Bob Kiss","skipped","skipped","skipped","skipped"
"Bob Kiss","Andy Montroll","Dan Smith","skipped","skipped"
"Bob Kiss","Dan Smith","Andy Montroll","James Simpson","Kurt Wright"
"Bob Kiss","Andy Montroll","James Simpson","Dan Smith","Kurt Wright"
"Andy Montroll","Dan Smith","Kurt Wright","James Simpson","Bob Kiss"
"Kurt Wright","Dan Smith","skipped","skipped","skipped"
"Bob Kiss","skipped","skipped","skipped","skipped"
"Andy Montroll","Kurt Wright","Dan Smith","Bob Kiss","James Simpson"
"Dan Smith","Bob Kiss","Kurt Wright","Andy Montroll","skipped"
"Dan Smith","Bob Kiss","Andy Montroll","Kurt Wright","skipped"
"Bob Kiss","skipped","skipped","skipped","skipped"
"Bob Kiss","Dan Smith","Andy Montroll","skipped","skipped"
"Kurt Wright","Andy Montroll","Write-in","skipped","skipped"
"Bob Kiss","Andy Montroll","James Simpson","skipped","skipped"
"Bob Kiss","skipped","skipped","skipped","skipped"
"Bob Kiss","Andy Montroll","Kurt Wright","Dan Smith","James Simpson"
"Bob Kiss","Andy Montroll","Dan Smith","Kurt Wright","James Simpson"
"Kurt Wright","skipped","skipped","skipped","skipped"
"Andy Montroll","Bob Kiss","Dan Smith","skipped","skipped"
"Bob Kiss","Andy Montroll","skipped","skipped","skipped"
"Andy Montroll","skipped","skipped","skipped","skipped"
"Andy Montroll","Kurt Wright","Bob Kiss","Dan Smith","James Simpson"
"Andy Montroll","Bob Kiss","Dan Smith","Kurt Wright","James Simpson"
"Dan Smith","Kurt Wright","skipped","skipped","skipped"
"Andy Montroll","Dan Smith","skipped","skipped","skipped"
"Andy Montroll","Dan Smith","skipped","skipped","skipped"
"Andy Montroll","Bob Kiss","Dan Smith","Kurt Wright","James Simpson"
"Kurt Wright","Andy Montroll","Dan Smith","skipped","skipped"
"Andy Montroll","Bob Kiss","skipped","skipped","skipped"
"Dan Smith","Bob Kiss","Andy Montroll","skipped","skipped"
"Bob Kiss","Dan Smith","Andy Montroll","skipped","skipped"
"Bob Kiss","Dan Smith","Andy Montroll","skipped","skipped"
"Andy Montroll","Dan Smith","skipped","skipped","skipped"
"Bob Kiss","Andy Montroll","skipped","skipped","skipped"
"Dan Smith","Bob Kiss","Andy Montroll","skipped","skipped"
"Bob Kiss","James Simpson","Andy Montroll","Dan Smith","Kurt Wright"
"Andy Montroll","Kurt Wright","Bob Kiss","Dan Smith","James Simpson"
"Bob Kiss","skipped","skipped","skipped","skipped"
"Bob Kiss","Andy Montroll","Kurt Wright","skipped","skipped"
"Bob Kiss","skipped","skipped","skipped","skipped"
"Kurt Wright","Dan Smith","James Simpson","Andy Montroll","Bob Kiss"
"Bob Kiss","Dan Smith","James Simpson","Andy Montroll","skipped"
"Bob Kiss","Dan Smith","Andy Montroll","James Simpson","Kurt Wright"
"Kurt Wright","Andy Montroll","skipped","skipped","skipped"
"Dan Smith","Bob Kiss","Andy Montroll","Kurt Wright","James Simpson"
"Bob Kiss","skipped","skipped","skipped","skipped"
"Dan Smith","Andy Montroll","Bob Kiss","James Simpson","Kurt Wright"
"Bob Kiss","Dan Smith","Andy Montroll","James Simpson","Kurt Wright"
"Dan Smith","Andy Montroll","skipped","skipped","skipped"
"Bob Kiss","Andy Montroll","Dan Smith","skipped","skipped"
"Bob Kiss","skipped","skipped","skipped","skipped"
"Bob Kiss","Dan Smith","Andy Montroll","Write-in","James Simpson"
"Dan Smith","Andy Montroll","Bob Kiss","skipped","skipped"
"Bob Kiss","Dan Smith","Andy Montroll","skipped","skipped"
"Andy Montroll","Kurt Wright","Bob Kiss","skipped","skipped"
"James Simpson","Bob Kiss","Andy Montroll","Dan Smith","skipped"
"Andy Montroll","Dan Smith","Bob Kiss","Kurt Wright","skipped"
"Kurt Wright","Dan Smith","skipped","skipped","skipped"
"Andy Montroll","Dan Smith","Bob Kiss","Kurt Wright","skipped"
"Bob Kiss","Kurt Wright","Andy Montroll","Dan Smith","James Simpson"
"Kurt Wright","Andy Montroll","Dan Smith","skipped","skipped"
"Kurt Wright","Dan Smith","skipped","skipped","skipped"
"Bob Kiss","skipped","skipped","skipped","skipped"
"Andy Montroll","Dan Smith","skipped","skipped","skipped"
"Kurt Wright","skipped","skipped","skipped","skipped"
"Bob Kiss","Andy Montroll","Dan Smith","James Simpson","Kurt Wright"
"Dan Smith","Andy Montroll","Bob Kiss","Kurt Wright","skipped"
"Bob Kiss","Andy Montroll","James Simpson","Dan Smith","Kurt Wright"
"Bob Kiss","Dan Smith","Andy Montroll","skipped","skipped"
"Bob Kiss","Andy Montroll","James Simpson","Dan Smith","skipped"
"Dan Smith","Bob Kiss","James Simpson","skipped","skipped"
"Dan Smith","skipped","skipped","skipped","skipped"
"Kurt Wright","Andy Montroll","Dan Smith","James Simpson","Bob Kiss"
"Bob Kiss","skipped","skipped","skipped","skipped"
"Andy Montroll","Dan Smith","Bob Kiss","skipped","skipped"
"Bob Kiss","James Simpson","Dan Smith","Andy Montroll","Kurt Wright"
"Bob Kiss","Andy Montroll","James Simpson","Dan Smith","Kurt Wright"
"Andy Montroll","Dan Smith","skipped","skipped","skipped"
"Bob Kiss","Dan Smith","skipped","skipped","skipped"
"Bob Kiss","James Simpson","Andy Montroll","skipped","skipped"
"Andy Montroll","Bob Kiss","skipped","skipped","skipped"
"Bob Kiss","Kurt Wright","Andy Montroll","Dan Smith","skipped"
"Bob Kiss","skipped","skipped","skipped","skipped"
"Bob Kiss","Write-in","Andy Montroll","Dan Smith","James Simpson"
"Bob Kiss","Andy Montroll","skipped","skipped","skipped"
"Bob Kiss","Kurt Wright","Andy Montroll","Dan Smith","skipped"
"Bob Kiss","Kurt Wright","Andy Montroll","skipped","skipped"
"Andy Montroll","Dan Smith","Bob Kiss","skipped","skipped"
"Kurt Wright","Dan Smith","skipped","skipped","skipped"
"Dan Smith","Kurt Wright","James Simpson","skipped","skipped"
"Bob Kiss","Andy Montroll","Dan Smith","skipped","skipped"
"Andy Montroll","Bob Kiss","Dan Smith","James Simpson","Kurt Wright"
"Andy Montroll","Bob Kiss","Dan Smith","James Simpson","skipped"
"Andy Montroll","Bob Kiss","James Simpson","Dan Smith","Kurt Wright"
"Andy Montroll","Kurt Wright","skipped","skipped","skipped"
"Bob Kiss","Andy Montroll","Kurt Wright","Dan Smith","skipped"
"Kurt Wright","Dan Smith","James Simpson","Andy Montroll","Bob Kiss"
"Bob Kiss","Andy Montroll","skipped","skipped","skipped"
"Bob Kiss","Dan Smith","James Simpson","Kurt Wright","Andy Montroll"
"Andy Montroll","Kurt Wright","skipped","skipped","skipped"
"Andy Montroll","Kurt Wright","skipped","skipped","Bob Kiss"
"Kurt Wright","Dan Smith","James Simpson","Andy Montroll","Bob Kiss"
"Andy Montroll","skipped","skipped","skipped","skipped"
"Bob Kiss","Andy Montroll","Dan Smith","James Simpson","Kurt Wright"
"Andy Montroll","Bob Kiss","Dan Smith","James Simpson","Kurt Wright"
"Dan Smith","Bob Kiss","Andy Montroll","skipped","skipped"
"Bob Kiss","Kurt Wright","Andy Montroll","skipped","skipped"
"Andy Montroll","Dan Smith","skipped","skipped","skipped"
"Andy Montroll","Dan Smith","Bob Kiss","Kurt Wright","skipped"
"Andy Montroll","skipped","skipped","skipped","skipped"
"Bob Kiss","Dan Smith","skipped","skipped","skipped"
"Kurt Wright","Andy Montroll","skipped","skipped","Bob Kiss"
"Kurt Wright","Dan Smith","Bob Kiss","Andy Montroll","James Simpson"
"Dan Smith","Bob Kiss","Kurt Wright","Andy Montroll","skipped"
"Kurt Wright","Bob Kiss","Dan Smith","skipped","skipped"
"Kurt Wright","James Simpson","Write-in","skipped","skipped"
"Dan Smith","skipped","skipped","skipped","skipped"
"Bob Kiss","Dan Smith","Andy Montroll","skipped","skipped"
"Dan Smith","Andy Montroll","James Simpson","Bob Kiss","Kurt Wright"
"Dan Smith","James Simpson","Andy Montroll","Bob Kiss","Write-in"
"Dan Smith","Andy Montroll","Bob Kiss","James Simpson","Kurt Wright"
"Kurt Wright","Dan Smith","Andy Montroll","James Simpson","Bob Kiss"
"Kurt Wright","Dan Smith","James Simpson","Andy Montroll","Bob Kiss"
"Bob Kiss","James Simpson","skipped","skipped","skipped"
"Bob Kiss","Dan Smith","Andy Montroll","James Simpson","skipped"
"Andy Montroll","Bob Kiss","skipped","skipped","skipped"
"Bob Kiss","Dan Smith","Andy Montroll","James Simpson","Write-in"
"Dan Smith","Bob Kiss","Andy Montroll","skipped","skipped"
"Andy Montroll","Bob Kiss","skipped","skipped","skipped"
"Bob Kiss","Andy Montroll","skipped","skipped","skipped"
"Bob Kiss","James Simpson","Write-in","skipped","skipped"
"Dan Smith","Bob Kiss","Kurt Wright","skipped","skipped"
"Dan Smith","Andy Montroll","Bob Kiss","James Simpson","Kurt Wright"
"Andy Montroll","Bob Kiss","skipped","skipped","skipped"
"Dan Smith","James Simpson","Andy Montroll","skipped","skipped"
"Bob Kiss","Dan Smith","Kurt Wright","Andy Montroll","James Simpson"
"Bob Kiss","skipped","skipped","skipped","skipped"
"Andy Montroll","skipped","Bob Kiss","skipped","skipped"
"Bob Kiss","skipped","skipped","skipped","skipped"
"Andy Montroll","James Simpson","Dan Smith","Bob Kiss","Kurt Wright"
"Kurt Wright","Bob Kiss","Dan Smith","Andy Montroll","James Simpson"
"Bob Kiss","Andy Montroll","James Simpson","skipped","skipped"
"Andy Montroll","Bob Kiss","skipped","skipped","skipped"
"Andy Montroll","Dan Smith","Bob Kiss","Kurt Wright","James Simpson"
"Dan Smith","Kurt Wright","Andy Montroll","James Simpson","skipped"
"Bob Kiss","Andy Montroll","Dan Smith","skipped","skipped"
"Bob Kiss","Andy Montroll","Kurt Wright","Dan Smith","James Simpson"
"Andy Montroll","Dan Smith","Kurt Wright","Bob Kiss","James Simpson"
"Kurt Wright","skipped","skipped","skipped","skipped"
"Kurt Wright","skipped","skipped","skipped","skipped"
"Dan Smith","Andy Montroll","Bob Kiss","skipped","skipped"
"Andy Montroll","Dan Smith","Kurt Wright","Bob Kiss","James Simpson"
"Bob Kiss","Dan Smith","skipped","skipped","skipped"
"Andy Montroll","Dan Smith","skipped","skipped","skipped"
"Bob Kiss","Andy Montroll","skipped","skipped","skipped"
"Dan Smith","skipped","skipped","skipped","skipped"
"Kurt Wright","Dan Smith","Andy Montroll","skipped","skipped"
"Bob Kiss","James Simpson","Andy Montroll","Kurt Wright","Dan Smith"
"Kurt Wright","Dan Smith","Andy Montroll","James Simpson","Bob Kiss"
"Kurt Wright","skipped","skipped","skipped","skipped"
"Andy Montroll","Bob Kiss","skipped","skipped","skipped"
"Dan Smith","Andy Montroll","skipped","skipped","skipped"
"Bob Kiss","Andy Montroll","Dan Smith","skipped","skipped"
"Bob Kiss","Andy Montroll","Dan Smith","Kurt Wright","James Simpson"
"Dan Smith","Bob Kiss","Andy Montroll","James Simpson","skipped"
"Bob Kiss","skipped","skipped","skipped","skipped"
"Bob Kiss","Andy Montroll","Kurt Wright","Dan Smith","James Simpson"
"Bob Kiss","Andy Montroll","skipped","skipped","skipped"
"Bob Kiss","skipped","James Simpson","Andy Montroll","skipped"
"Bob Kiss","skipped","skipped","skipped","skipped"
"Bob Kiss","James Simpson","skipped","skipped","skipped"
"Write-in","Andy Montroll","skipped","skipped","skipped"
"Andy Montroll","Dan Smith","Bob Kiss","skipped","skipped"
"Bob Kiss","Andy Montroll","skipped","skipped","skipped"
"Bob Kiss","Dan Smith","Andy Montroll","Kurt Wright","James Simpson"
"Bob Kiss","Dan Smith","Andy Montroll","Kurt Wright","James Simpson"
"Kurt Wright","Andy Montroll","Dan Smith","James Simpson","Bob Kiss"
"Kurt Wright","skipped","skipped","skipped","skipped"
"Bob Kiss","Andy Montroll","Dan Smith","Kurt Wright","skipped"
"Bob Kiss","Andy Montroll","Dan Smith","skipped","skipped"
"James Simpson","skipped","skipped","skipped","skipped"
"Dan Smith","skipped","skipped","skipped","skipped"
"Bob Kiss","skipped","skipped","skipped","skipped"
"Bob Kiss","skipped","skipped","skipped","skipped"
"Andy Montroll","Dan Smith","skipped","skipped","skipped"
"Bob Kiss","Dan Smith","Andy Montroll","Write-in","James Simpson"
"Kurt Wright","Andy Montroll","Bob Kiss","Dan Smith","skipped"
"Kurt Wright","Andy Montroll","Dan Smith","skipped","skipped"
"Bob Kiss","skipped","skipped","skipped","skipped"
"Kurt Wright","Andy Montroll","Dan Smith","Bob Kiss","James Simpson"
"Bob Kiss","skipped","skipped","skipped","skipped"
"Dan Smith","Kurt Wright","Andy Montroll","skipped","skipped"
"Bob Kiss","Andy Montroll","Dan Smith","James Simpson","skipped"
"Kurt Wright","Bob Kiss","skipped","skipped","skipped"
"Bob Kiss","skipped","skipped","skipped","skipped"
"Dan Smith","Bob Kiss","Kurt Wright","skipped","skipped"
"Bob Kiss","Dan Smith","Andy Montroll","skipped","skipped"
"Bob Kiss","skipped","skipped","skipped","skipped"
"Bob Kiss","Dan Smith","Andy Montroll","Kurt Wright","skipped"
"Dan Smith","Bob Kiss","Andy Montroll","James Simpson","Kurt Wright"
"Andy Montroll","Kurt Wright","Bob Kiss","skipped","skipped"
"Dan Smith","Bob Kiss","Andy Montroll","James Simpson","Kurt Wright"
"Andy Montroll","skipped","skipped","skipped","skipped"
"Andy Montroll","Dan Smith","skipped","skipped","skipped"
"Kurt Wright","Dan Smith","skipped","skipped","skipped"
"Kurt Wright","skipped","skipped","skipped","skipped"
"Bob Kiss","Dan Smith","Kurt Wright","skipped","skipped"
"Andy Montroll","Kurt Wright","Bob Kiss","skipped","skipped"
"Bob Kiss","Andy Montroll","James Simpson","Dan Smith","Kurt Wright"
"Bob Kiss","skipped","skipped","skipped","skipped"
"Kurt Wright","Bob Kiss","skipped","skipped","skipped"
"Bob Kiss","skipped","skipped","skipped","skipped"
"Bob Kiss","Kurt Wright","Andy Montroll","Dan Smith","James Simpson"
"Bob Kiss","skipped","skipped","skipped","skipped"
"Bob Kiss","Andy Montroll","skipped","skipped","skipped"
"Bob Kiss","skipped","skipped","skipped","skipped"
"Bob Kiss","skipped","skipped","skipped","skipped"
"Dan Smith","skipped","skipped","skipped","skipped"
"Kurt Wright","Dan Smith","Andy Montroll","James Simpson","Bob Kiss"
"Bob Kiss","Andy Montroll","skipped","skipped","skipped"
"Bob Kiss","skipped","skipped","skipped","skipped"
"Kurt Wright","Andy Montroll","Dan Smith","Bob Kiss","skipped"
"Bob Kiss","skipped","skipped","skipped","skipped"
"Bob Kiss","Dan Smith","Andy Montroll","James Simpson","Kurt Wright"
"Bob Kiss","Andy Montroll","Dan Smith","Kurt Wright","James Simpson"
"Bob Kiss","Dan Smith","Andy Montroll","skipped","skipped"
"Bob Kiss","Andy Montroll","Dan Smith","skipped","skipped"
"Bob Kiss","skipped","skipped","skipped","skipped"
"Bob Kiss","Andy Montroll","Dan Smith","Kurt Wright","skipped"
"Bob Kiss","Andy Montroll","skipped","skipped","skipped"
"Bob Kiss","Andy Montroll","Kurt Wright","skipped","skipped"
"Bob Kiss","Dan Smith","James Simpson","Andy Montroll","Kurt Wright"
"Kurt Wright","Dan Smith","skipped","skipped","skipped"
"Bob Kiss","Dan Smith","Andy Montroll","James Simpson","Kurt Wright"
"Dan Smith","Kurt Wright","Andy Montroll","skipped","skipped"
"Bob Kiss","Andy Montroll","Kurt Wright","Dan Smith","James Simpson"
"Kurt Wright","Write-in","skipped","skipped","skipped"
"Bob Kiss","Dan Smith","Andy Montroll","James Simpson","Write-in"
"Bob Kiss","James Simpson","Andy Montroll","Kurt Wright","Dan Smith"
"Bob Kiss","Dan Smith","skipped","skipped","skipped"
"Kurt Wright","Andy Montroll","Dan Smith","James Simpson","skipped"
"Bob Kiss","James Simpson","Andy Montroll","Dan Smith","skipped"
"Andy Montroll","Bob Kiss","Dan Smith","Kurt Wright","James Simpson"
"James Simpson","Bob Kiss","Andy Montroll","Kurt Wright","Dan Smith"
"Bob Kiss","Andy Montroll","James Simpson","Dan Smith","Kurt Wright"
"Kurt Wright","Andy Montroll","Bob Kiss","James Simpson","Dan Smith"
"Bob Kiss","skipped","skipped","skipped","skipped"
"Bob Kiss","skipped","skipped","skipped","skipped"
"Dan Smith","Kurt Wright","Bob Kiss","skipped","skipped"
"Bob Kiss","Andy Montroll","James Simpson","Dan Smith","skipped"
"Andy Montroll","Bob Kiss","Kurt Wright","skipped","skipped"
"Andy Montroll","Kurt Wright","skipped","skipped","skipped"
"Kurt Wright","Dan Smith","James Simpson","Andy Montroll","Bob Kiss"
"Bob Kiss","Andy Montroll","skipped","skipped","skipped"
"Bob Kiss","Dan Smith","skipped","skipped","skipped"
"Andy Montroll","Dan Smith","Bob Kiss","skipped","skipped"
"Bob Kiss","Andy Montroll","skipped","skipped","skipped"
"Andy Montroll","Kurt Wright","Bob Kiss","Dan Smith","James Simpson"
"Bob Kiss","skipped","skipped","skipped","skipped"
"Andy Montroll","skipped","skipped","skipped","skipped"
"Bob Kiss","James Simpson","Dan Smith","Andy Montroll","Kurt Wright"
"Kurt Wright","Dan Smith","skipped","skipped","skipped"
"Bob Kiss","skipped","skipped","skipped","skipped"
"Andy Montroll","Dan Smith","Kurt Wright","Bob Kiss","skipped"
"Kurt Wright","skipped","skipped","skipped","skipped"
"Andy Montroll","Bob Kiss","Dan Smith","Kurt Wright","skipped"
"Kurt Wright","skipped","skipped","skipped","skipped"
"Kurt Wright","skipped","skipped","skipped","skipped"
"James Simpson","skipped","skipped","skipped","skipped"
"Bob Kiss","Andy Montroll","Dan Smith","skipped","skipped"
"Andy Montroll","skipped","skipped","skipped","skipped"
"Andy Montroll","Bob Kiss","Dan Smith","skipped","skipped"
"Andy Montroll","Dan Smith","Bob Kiss","James Simpson","Kurt Wright"
"Kurt Wright","skipped","skipped","skipped","skipped"
"Kurt Wright","Dan Smith","skipped","skipped","skipped"
"Kurt Wright","Dan Smith","James Simpson","Andy Montroll","Bob Kiss"
"Bob Kiss","Andy Montroll","skipped","skipped","skipped"
"Bob Kiss","Kurt Wright","skipped","skipped","skipped"
"Kurt Wright","Dan Smith","Andy Montroll","James Simpson","Bob Kiss"
"Bob Kiss","Kurt Wright","Andy Montroll","James Simpson","Dan Smith"
"Bob Kiss","skipped","skipped","skipped","skipped"
"Bob Kiss","Andy Montroll","skipped","skipped","skipped"
"Bob Kiss","Dan Smith","skipped","skipped","skipped"
"Andy Montroll","Kurt Wright","James Simpson","Dan Smith","Bob Kiss"
"Bob Kiss","Andy Montroll","Dan Smith","Kurt Wright","James Simpson"
"Bob Kiss","Andy Montroll","skipped","skipped","skipped"
"Bob Kiss","Dan Smith","Andy Montroll","Kurt Wright","James Simpson"
"Bob Kiss","Andy Montroll","skipped","skipped","skipped"
"Bob Kiss","Andy Montroll","Kurt Wright","Dan Smith","skipped"
"Kurt Wright","Andy Montroll","skipped","skipped","skipped"
"Dan Smith","Bob Kiss","James Simpson","Andy Montroll","skipped"
"Andy Montroll","Bob Kiss","Dan Smith","James Simpson","Kurt Wright"
"Bob Kiss","skipped","skipped","skipped","skipped"
"Kurt Wright","Dan Smith","James Simpson","Andy Montroll","Bob Kiss"
"Bob Kiss","James Simpson","Dan Smith","Andy Montroll","Kurt Wright"
"Dan Smith","Andy Montroll","Bob Kiss","James Simpson","Kurt Wright"
"Bob Kiss","Andy Montroll","skipped","skipped","skipped"
"Andy Montroll","Dan Smith","skipped","skipped","skipped"
"Andy Montroll","skipped","skipped","skipped","skipped"
"Dan Smith","Kurt Wright","Andy Montroll","Bob Kiss","James Simpson"
"Dan Smith","Andy Montroll","Bob Kiss","skipped","skipped"
"Bob Kiss","skipped","skipped","skipped","skipped"
"Kurt Wright","skipped","skipped","skipped","skipped"
"Andy Montroll","Bob Kiss","Dan Smith","Kurt Wright","James Simpson"
"Bob Kiss","Andy Montroll","Dan Smith","Kurt Wright","skipped"
"Kurt Wright","skipped","skipped","skipped","skipped"
"Kurt Wright","Dan Smith","Bob Kiss","Andy Montroll","skipped"
"Bob Kiss","skipped","skipped","skipped","skipped"
"Dan Smith","Bob Kiss","skipped","skipped","skipped"
"Bob Kiss","Andy Montroll","skipped","skipped","skipped"
"Bob Kiss","Dan Smith","Andy Montroll","Kurt Wright","James Simpson"
"Bob Kiss","Andy Montroll","James Simpson","Dan Smith","Kurt Wright"
"Andy Montroll","Bob Kiss","skipped","skipped","skipped"
"Kurt Wright","Bob Kiss","Andy Montroll","Dan Smith","James Simpson"
"Bob Kiss","skipped","skipped","skipped","skipped"
"Kurt Wright","skipped","skipped","skipped","skipped"
"Kurt Wright","Andy Montroll","Dan Smith","Bob Kiss","James Simpson"
"Kurt Wright","Andy Montroll","Dan Smith","Bob Kiss","James Simpson"
"Kurt Wright","Bob Kiss","Dan Smith","Andy Montroll","James Simpson"
"Bob Kiss","Dan Smith","Andy Montroll","Kurt Wright","skipped"
"Bob Kiss","Andy Montroll","skipped","skipped","skipped"
"Kurt Wright","Dan Smith","Bob Kiss","skipped","skipped"
"Kurt Wright","Dan Smith","Bob Kiss","skipped","skipped"
"Bob Kiss","Andy Montroll","Dan Smith","James Simpson","Kurt Wright"
"Andy Montroll","Bob Kiss","skipped","skipped","skipped"
"Andy Montroll","Bob Kiss","skipped","skipped","skipped"
"Bob Kiss","Dan Smith","skipped","skipped","skipped"
"Bob Kiss","Andy Montroll","James Simpson","Kurt Wright","Dan Smith"
"Kurt Wright","skipped","skipped","skipped","skipped"
"Bob Kiss","Andy Montroll","skipped","skipped","skipped"
"Bob Kiss","Andy Montroll","Dan Smith","James Simpson","Kurt Wright"
"Bob Kiss","skipped","skipped","skipped","skipped"
"Andy Montroll","Dan Smith","James Simpson","Bob Kiss","Kurt Wright"
"Bob Kiss","Andy Montroll","skipped","skipped","skipped"
"Kurt Wright","skipped","skipped","skipped","skipped"
"Bob Kiss","Andy Montroll","Dan Smith","skipped","skipped"
"Bob Kiss","Dan Smith","Andy Montroll","James Simpson","skipped"
"Kurt Wright","skipped","skipped","skipped","skipped"
"Kurt Wright","skipped","skipped","skipped","skipped"
"Kurt Wright","skipped","skipped","skipped","skipped"
"Kurt Wright","Dan Smith","Andy Montroll","Bob Kiss","skipped"
"Bob Kiss","Kurt Wright","Andy Montroll","Dan Smith","James Simpson"
"Dan Smith","skipped","skipped","skipped","skipped"
"Dan Smith","Andy Montroll","James Simpson","Bob Kiss","skipped"
"Andy Montroll","Bob Kiss","skipped","skipped","skipped"
"Dan Smith","Bob Kiss","Andy Montroll","Kurt Wright","James Simpson"
"Bob Kiss","Dan Smith","Andy Montroll","Kurt Wright","skipped"
"Bob Kiss","Andy Montroll","James Simpson","Dan Smith","Kurt Wright"
"Andy Montroll","Dan Smith","Bob Kiss","Kurt Wright","James Simpson"
"Kurt Wright","Dan Smith","James Simpson","skipped","skipped"
"Kurt Wright","skipped","skipped","skipped","skipped"
"Dan Smith","Andy Montroll","Bob Kiss","skipped","skipped"
"Kurt Wright","Dan Smith","Andy Montroll","James Simpson","Bob Kiss"
"Bob Kiss","Dan Smith","Andy Montroll","skipped","skipped"
"Bob Kiss","Dan Smith","Andy Montroll","skipped","skipped"
"Bob Kiss","Dan Smith","Andy Montroll","James Simpson","Kurt Wright"
"Andy Montroll","skipped","skipped","skipped","skipped"
"Andy Montroll","Bob Kiss","Dan Smith","skipped","skipped"
"Kurt Wright","Andy Montroll","Dan Smith","James Simpson","Bob Kiss"
"Bob Kiss","Dan Smith","Andy Montroll","Kurt Wright","James Simpson"
"Kurt Wright","Bob Kiss","Dan Smith","Andy Montroll","James Simpson"
"Bob Kiss","Dan Smith","skipped","skipped","skipped"
"Bob Kiss","Andy Montroll","Dan Smith","James Simpson","Kurt Wright"
"Bob Kiss","Dan Smith","Andy Montroll","skipped","skipped"
"Bob Kiss","Andy Montroll","skipped","skipped","skipped"
"Bob Kiss","Dan Smith","Andy Montroll","skipped","skipped"
"Kurt Wright","Dan Smith","Andy Montroll","James Simpson","Bob Kiss"
"Andy Montroll","Bob Kiss","Dan Smith","James Simpson","Kurt Wright"
"Kurt Wright","skipped","skipped","skipped","skipped"
"Andy Montroll","Bob Kiss","Kurt Wright","Dan Smith","James Simpson"
"Dan Smith","Bob Kiss","Andy Montroll","Kurt Wright","James Simpson"
"Bob Kiss","Andy Montroll","Dan Smith","skipped","skipped"
"Andy Montroll","Kurt Wright","James Simpson","Dan Smith","Bob Kiss"
"Kurt Wright","Bob Kiss","Andy Montroll","skipped","skipped"
"Bob Kiss","Dan Smith","Andy Montroll","James Simpson","Write-in"
"Bob Kiss","Dan Smith","Andy Montroll","James Simpson","Kurt Wright"
"Bob Kiss","Dan Smith","James Simpson","Andy Montroll","skipped"
"Dan Smith","Bob Kiss","skipped","skipped","skipped"
"Bob Kiss","Dan Smith","Andy Montroll","James Simpson","Kurt Wright"
"Bob Kiss","skipped","skipped","skipped","skipped"
"Bob Kiss","Andy Montroll","skipped","skipped","skipped"
"Bob Kiss","Andy Montroll","Kurt Wright","Dan Smith","James Simpson"
"Dan Smith","Andy Montroll","Bob Kiss","Kurt Wright","James Simpson"
"Bob Kiss","James Simpson","skipped","skipped","skipped"
"Bob Kiss","Andy Montroll","Dan Smith","James Simpson","Kurt Wright"
"Bob Kiss","Dan Smith","skipped","skipped","skipped"
"Bob Kiss","skipped","skipped","skipped","skipped"
"Kurt Wright","Dan Smith","skipped","skipped","skipped"
"Kurt Wright","Dan Smith","Andy Montroll","James Simpson","Bob Kiss"
"Dan Smith","Kurt Wright","Andy Montroll","skipped","skipped"
"Dan Smith","Bob Kiss","Kurt Wright","skipped","skipped"
"Dan Smith","Bob Kiss","skipped","skipped","skipped"
"Dan Smith","Bob Kiss","skipped","skipped","skipped"
"Bob Kiss","Dan Smith","Andy Montroll","Kurt Wright","James Simpson"
"Dan Smith","Kurt Wright","Andy Montroll","Bob Kiss","James Simpson"
"Bob Kiss","Dan Smith","Write-in","Andy Montroll","James Simpson"
"Bob Kiss","Dan Smith","Andy Montroll","skipped","skipped"
"Dan Smith","Bob Kiss","Andy Montroll","skipped","skipped"
"Bob Kiss","Andy Montroll","skipped","skipped","skipped"
"Bob Kiss","Andy Montroll","skipped","skipped","skipped"
"Bob Kiss","Kurt Wright","Andy Montroll","skipped","skipped"
"Bob Kiss","Andy Montroll","Dan Smith","Kurt Wright","James Simpson"
"Andy Montroll","Bob Kiss","Dan Smith","skipped","skipped"
"Andy Montroll","Dan Smith","skipped","skipped","skipped"
"Andy Montroll","Dan Smith","James Simpson","Kurt Wright","Bob Kiss"
"Dan Smith","Andy Montroll","Bob Kiss","Kurt Wright","James Simpson"
"Bob Kiss","skipped","skipped","skipped","skipped"
"Bob Kiss","Dan Smith","Andy Montroll","James Simpson","skipped"
"Bob Kiss","Dan Smith","Andy Montroll","Kurt Wright","skipped"
"Bob Kiss","Andy Montroll","skipped","skipped","skipped"
"Bob Kiss","Dan Smith","Andy Montroll","Kurt Wright","James Simpson"
"Bob Kiss","Andy Montroll","Dan Smith","Kurt Wright","James Simpson"
"Bob Kiss","skipped","skipped","skipped","skipped"
"Bob Kiss","Kurt Wright","Andy Montroll","James Simpson","Dan Smith"
"Dan Smith","Bob Kiss","James Simpson","Andy Montroll","Kurt Wright"
"Bob Kiss","Andy Montroll","skipped","skipped","skipped"
"Kurt Wright","skipped","skipped","skipped","skipped"
"Bob Kiss","Andy Montroll","skipped","skipped","skipped"
"Bob Kiss","Andy Montroll","skipped","skipped","skipped"
"Bob Kiss","Andy Montroll","Dan Smith","Kurt Wright","James Simpson"
"Andy Montroll","Kurt Wright","skipped","skipped","skipped"
"Bob Kiss","James Simpson","skipped","skipped","skipped"
"Dan Smith","Bob Kiss","Kurt Wright","Andy Montroll","James Simpson"
"Dan Smith","Kurt Wright","Andy Montroll","Bob Kiss","James Simpson"
"Andy Montroll","Kurt Wright","Dan Smith","Bob Kiss","James Simpson"
"Dan Smith","Bob Kiss","James Simpson","Andy Montroll","Kurt Wright"
"Dan Smith","skipped","skipped","skipped","skipped"
"Bob Kiss","skipped","skipped","skipped","skipped"
"Dan Smith","skipped","skipped","skipped","skipped"
"Dan Smith","Bob Kiss","Andy Montroll","James Simpson","Kurt Wright"
"Dan Smith","Bob Kiss","Andy Montroll","James Simpson","Kurt Wright"
"Bob Kiss","Dan Smith","Andy Montroll","James Simpson","Kurt Wright"
"Dan Smith","James Simpson","Andy Montroll","skipped","skipped"
"Bob Kiss","Andy Montroll","Dan Smith","skipped","skipped"
"Bob Kiss","Andy Montroll","skipped","skipped","skipped"
"Dan Smith","Bob Kiss","Andy Montroll","skipped","skipped"
"Kurt Wright","Dan Smith","skipped","skipped","skipped"
"Dan Smith","Bob Kiss","skipped","skipped","skipped"
"Andy Montroll","Kurt Wright","skipped","skipped","skipped"
"Bob Kiss","Andy Montroll","skipped","skipped","skipped"
"Bob Kiss","Andy Montroll","Dan Smith","James Simpson","Kurt Wright"
"Bob Kiss","Andy Montroll","skipped","skipped","skipped"
"Bob Kiss","Dan Smith","skipped","skipped","skipped"
"Bob Kiss","Dan Smith","Andy Montroll","Kurt Wright","James Simpson"
"Bob Kiss","Andy Montroll","Dan Smith","Kurt Wright","skipped"
"Bob Kiss","Dan Smith","Write-in","skipped","skipped"
"Bob Kiss","skipped","skipped","skipped","skipped"
"Bob Kiss","Andy Montroll","Dan Smith","James Simpson","Kurt Wright"
"Bob Kiss","Andy Montroll","Dan Smith","Kurt Wright","skipped"
"Dan Smith","Andy Montroll","Bob Kiss","Kurt Wright","skipped"
"Bob Kiss","Andy Montroll","Kurt Wright","Dan Smith","James Simpson"
"Bob Kiss","Andy Montroll","James Simpson","Dan Smith","Kurt Wright"
"Kurt Wright","Andy Montroll","Bob Kiss","James Simpson","Dan Smith"
"Kurt Wright","Dan Smith","James Simpson","skipped","skipped"
"Andy Montroll","Bob Kiss","Dan Smith","Kurt Wright","skipped"
"Bob Kiss","Andy Montroll","skipped","skipped","skipped"
"Dan Smith","Kurt Wright","James Simpson","Bob Kiss","Andy Montroll"
"Dan Smith","Andy Montroll","Bob Kiss","skipped","skipped"
"Dan Smith","Kurt Wright","skipped","skipped","skipped"
"Andy Montroll","skipped","skipped","skipped","skipped"
"Bob Kiss","Kurt Wright","skipped","skipped","skipped"
"Dan Smith","Andy Montroll","Bob Kiss","James Simpson","Kurt Wright"
"Bob Kiss","James Simpson","skipped","skipped","skipped"
"Andy Montroll","Bob Kiss","Dan Smith","skipped","skipped"
"Dan Smith","Andy Montroll","Bob Kiss","James Simpson","Kurt Wright"
"Dan Smith","Kurt Wright","Bob Kiss","skipped","skipped"
"Dan Smith","Andy Montroll","skipped","skipped","skipped"
"Kurt Wright","Andy Montroll","skipped","skipped","skipped"
"Dan Smith","Andy Montroll","James Simpson","Bob Kiss","Write-in"
"Dan Smith","Andy Montroll","Kurt Wright","skipped","skipped"
"Kurt Wright","Dan Smith","James Simpson","Andy Montroll","Bob Kiss"
"Dan Smith","Andy Montroll","skipped","skipped","skipped"
"Bob Kiss","Andy Montroll","Dan Smith","skipped","skipped"
"Bob Kiss","Andy Montroll","Dan Smith","skipped","skipped"
"Kurt Wright","skipped","skipped","skipped","skipped"
"Andy Montroll","Dan Smith","Bob Kiss","skipped","skipped"
"Dan Smith","Bob Kiss","Andy Montroll","skipped","skipped"
"Write-in","skipped","skipped","skipped","skipped"
"Bob Kiss","skipped","skipped","skipped","skipped"
"Bob Kiss","skipped","skipped","skipped","skipped"
"Bob Kiss","skipped","skipped","skipped","skipped"
"Andy Montroll","Bob Kiss","Dan Smith","James Simpson","Kurt Wright"
"Dan Smith","Bob Kiss","skipped","skipped","skipped"
"Bob Kiss","Kurt Wright","Dan Smith","Andy Montroll","James Simpson"
"Kurt Wright","Dan Smith","Andy Montroll","James Simpson","Bob Kiss"
"Bob Kiss","Andy Montroll","Dan Smith","skipped","skipped"
"Dan Smith","Bob Kiss","Andy Montroll","James Simpson","Kurt Wright"
"Dan Smith","Andy Montroll","Bob Kiss","skipped","skipped"
"Dan Smith","skipped","skipped","skipped","skipped"
"Bob Kiss","Andy Montroll","skipped","skipped","skipped"
"Dan Smith","James Simpson","Bob Kiss","skipped","skipped"
"Bob Kiss","Dan Smith","Kurt Wright","Andy Montroll","James Simpson"
"Bob Kiss","Dan Smith","Andy Montroll","skipped","skipped"
"Dan Smith","Bob Kiss","James Simpson","Andy Montroll","skipped"
"Kurt Wright","Andy Montroll","Dan Smith","Bob Kiss","James Simpson"
"Bob Kiss","Andy Montroll","Dan Smith","James Simpson","skipped"
"Bob Kiss","Dan Smith","Andy Montroll","Kurt Wright","James Simpson"
"Kurt Wright","James Simpson","skipped","skipped","skipped"
"Andy Montroll","Dan Smith","James Simpson","Bob Kiss","Kurt Wright"
"Andy Montroll","James Simpson","skipped","skipped","skipped"
"Bob Kiss","skipped","skipped","skipped","skipped"
"Bob Kiss","Andy Montroll","James Simpson","Dan Smith","Kurt Wright"
"Kurt Wright","skipped","skipped","skipped","skipped"
"Bob Kiss","Andy Montroll","Dan Smith","James Simpson","Kurt Wright"
"Kurt Wright","Dan Smith","Bob Kiss","skipped","skipped"
"Bob Kiss","Andy Montroll","James Simpson","Dan Smith","Kurt Wright"
"Andy Montroll","Bob Kiss","Dan Smith","James Simpson","skipped"
"Bob Kiss","Dan Smith","Andy Montroll","James Simpson","Kurt Wright"
"Dan Smith","Andy Montroll","Bob Kiss","skipped","skipped"
"Bob Kiss","James Simpson","Andy Montroll","skipped","skipped"
"Dan Smith","Bob Kiss","Andy Montroll","skipped","skipped"
"Dan Smith","Bob Kiss","skipped","skipped","skipped"
"Dan Smith","Andy Montroll","Kurt Wright","Bob Kiss","skipped"
"Bob Kiss","Andy Montroll","James Simpson","Dan Smith","skipped"
"Bob Kiss","Andy Montroll","skipped","skipped","skipped"
"Dan Smith","Andy Montroll","Bob Kiss","James Simpson","skipped"
"Bob Kiss","Dan Smith","James Simpson","skipped","skipped"
"Bob Kiss","Andy Montroll","skipped","Kurt Wright","Dan Smith"
"Bob Kiss","Andy Montroll","James Simpson","Dan Smith","Kurt Wright"
"Bob Kiss","Andy Montroll","Dan Smith","James Simpson","skipped"
"Bob Kiss","Andy Montroll","skipped","skipped","skipped"
"Bob Kiss","Andy Montroll","Dan Smith","Kurt Wright","skipped"
"Bob Kiss","skipped","skipped","skipped","skipped"
"Dan Smith","skipped","skipped","skipped","skipped"
"Bob Kiss","Andy Montroll","skipped","skipped","skipped"
"Bob Kiss","skipped","skipped","skipped","skipped"
"Kurt Wright","Bob Kiss","Dan Smith","skipped","skipped"
"Bob Kiss","Dan Smith","skipped","skipped","skipped"
"Bob Kiss","Kurt Wright","skipped","skipped","skipped"
"Kurt Wright","Dan Smith","Andy Montroll","James Simpson","skipped"
"Bob Kiss","Andy Montroll","skipped","skipped","skipped"
"Dan Smith","Andy Montroll","Bob Kiss","skipped","skipped"
"Andy Montroll","Kurt Wright","Dan Smith","skipped","skipped"
"Kurt Wright","skipped","skipped","skipped","skipped"
"Kurt Wright","Dan Smith","Bob Kiss","Andy Montroll","James Simpson"
"Kurt Wright","Dan Smith","Bob Kiss","James Simpson","Andy Montroll"
"Bob Kiss","Kurt Wright","Dan Smith","Andy Montroll","James Simpson"
"Andy Montroll","Dan Smith","James Simpson","Bob Kiss","Kurt Wright"
"Andy Montroll","Dan Smith","skipped","skipped","skipped"
"Andy Montroll","Dan Smith","James Simpson","skipped","skipped"
"Andy Montroll","James Simpson","Dan Smith","skipped","skipped"
"Dan Smith","Kurt Wright","Andy Montroll","Bob Kiss","James Simpson"
"Bob Kiss","skipped","skipped","skipped","skipped"
"Bob Kiss","Andy Montroll","James Simpson","skipped","skipped"
"Andy Montroll","Bob Kiss","Dan Smith","Kurt Wright","skipped"
"Bob Kiss","Andy Montroll","skipped","skipped","skipped"
"Bob Kiss","Andy Montroll","Dan Smith","James Simpson","Write-in"
"Andy Montroll","Bob Kiss","skipped","skipped","skipped"
"Andy Montroll","Bob Kiss","Dan Smith","Kurt Wright","James Simpson"
"Bob Kiss","skipped","skipped","skipped","skipped"
"Bob Kiss","Dan Smith","skipped","skipped","skipped"
"Bob Kiss","skipped","skipped","skipped","skipped"
"Andy Montroll","Kurt Wright","Dan Smith","skipped","skipped"
"Bob Kiss","Andy Montroll","Dan Smith","James Simpson","Kurt Wright"
"Bob Kiss","Andy Montroll","Dan Smith","skipped","skipped"
"Bob Kiss","Andy Montroll","James Simpson","Dan Smith","skipped"
"Kurt Wright","skipped","skipped","skipped","skipped"
"Kurt Wright","skipped","skipped","skipped","skipped"
"Andy Montroll","Bob Kiss","Kurt Wright","skipped","skipped"
"Dan Smith","Andy Montroll","Bob Kiss","skipped","skipped"
"Kurt Wright","James Simpson","Dan Smith","Andy Montroll","Bob Kiss"
"Bob Kiss","James Simpson","Dan Smith","Andy Montroll","Kurt Wright"
"Bob Kiss","Andy Montroll","Dan Smith","James Simpson","Kurt Wright"
"Bob Kiss","skipped","skipped","skipped","skipped"
"Bob Kiss","skipped","skipped","skipped","skipped"
"Bob Kiss","skipped","skipped","skipped","skipped"
"Bob Kiss","skipped","skipped","skipped","skipped"
"Andy Montroll","Dan Smith","Bob Kiss","skipped","skipped"
"Bob Kiss","Andy Montroll","Dan Smith","skipped","skipped"
"Kurt Wright","Dan Smith","James Simpson","Andy Montroll","Bob Kiss"
"Dan Smith","James Simpson","Andy Montroll","Bob Kiss","Kurt Wright"
"Bob Kiss","Kurt Wright","skipped","skipped","skipped"
"Bob Kiss","skipped","skipped","skipped","skipped"
"Dan Smith","Andy Montroll","Bob Kiss","skipped","skipped"
"Bob Kiss","skipped","skipped","skipped","skipped"
"Bob Kiss","skipped","skipped","skipped","skipped"
"Bob Kiss","Dan Smith","skipped","skipped","skipped"
"Kurt Wright","skipped","skipped","skipped","skipped"
"Bob Kiss","skipped","skipped","skipped","skipped"
"Andy Montroll","Dan Smith","Bob Kiss","skipped","skipped"
"Bob Kiss","Andy Montroll","Dan Smith","skipped","skipped"
"Andy Montroll","Dan Smith","Bob Kiss","skipped","skipped"
"Bob Kiss","skipped","skipped","skipped","skipped"
"Bob Kiss","James Simpson","skipped","skipped","skipped"
"Bob Kiss","skipped","skipped","skipped","skipped"
"Dan Smith","Andy Montroll","Bob Kiss","James Simpson","Kurt Wright"
"Bob Kiss","James Simpson","Andy Montroll","skipped","skipped"
"Dan Smith","Kurt Wright","skipped","skipped","skipped"
"Bob Kiss","skipped","skipped","skipped","skipped"
"Bob Kiss","James Simpson","Andy Montroll","Dan Smith","Kurt Wright"
"Bob Kiss","Andy Montroll","James Simpson","skipped","skipped"
"Bob Kiss","skipped","skipped","skipped","skipped"
"Kurt Wright","skipped","skipped","skipped","skipped"
"Bob Kiss","James Simpson","Andy Montroll","Dan Smith","Kurt Wright"
"Bob Kiss","Dan Smith","Andy Montroll","James Simpson","Kurt Wright"
"James Simpson","Bob Kiss","Andy Montroll","skipped","skipped"
"Bob Kiss","Andy Montroll","James Simpson","Dan Smith","Kurt Wright"
"Andy Montroll","Bob Kiss","Kurt Wright","Dan Smith","James Simpson"
"Dan Smith","Bob Kiss","Andy Montroll","skipped","skipped"
"Bob Kiss","Andy Montroll","Dan Smith","skipped","skipped"
"Dan Smith","Bob Kiss","Andy Montroll","skipped","skipped"
"Bob Kiss","Dan Smith","skipped","skipped","skipped"
"Bob Kiss","Dan Smith","Andy Montroll","Kurt Wright","skipped"
"Bob Kiss","skipped","skipped","skipped","skipped"
"Kurt Wright","Dan Smith","skipped","skipped","skipped"
"Bob Kiss","skipped","skipped","skipped","skipped"
"Andy Montroll","Bob Kiss","Dan Smith","Kurt Wright","James Simpson"
"Andy Montroll","Bob Kiss","Dan Smith","skipped","skipped"
"Andy Montroll","Kurt Wright","skipped","skipped","skipped"
"Andy Montroll","Kurt Wright","skipped","skipped","skipped"
"Kurt Wright","Andy Montroll","Dan Smith","James Simpson","Bob Kiss"
"Kurt Wright","Andy Montroll","skipped","skipped","skipped"
"Andy Montroll","Dan Smith","skipped","skipped","skipped"
"Bob Kiss","Andy Montroll","Dan Smith","skipped","Kurt Wright"
"Kurt Wright","Bob Kiss","James Simpson","Dan Smith","Andy Montroll"
"Kurt Wright","James Simpson","skipped","skipped","skipped"
"Andy Montroll","Dan Smith","skipped","skipped","skipped"
"Bob Kiss","Andy Montroll","skipped","skipped","skipped"
"Bob Kiss","skipped","skipped","skipped","skipped"
"Andy Montroll","Kurt Wright","Dan Smith","skipped","skipped"
"Kurt Wright","skipped","skipped","skipped","skipped"
"Dan Smith","Kurt Wright","Andy Montroll","Bob Kiss","James Simpson"
"Dan Smith","Kurt Wright","Andy Montroll","Bob Kiss","skipped"
"Bob Kiss","Andy Montroll","skipped","skipped","skipped"
"Bob Kiss","Andy Montroll","Dan Smith","James Simpson","Kurt Wright"
"Bob Kiss","Andy Montroll","Dan Smith","Kurt Wright","James Simpson"
"Bob Kiss","Andy Montroll","Dan Smith","Kurt Wright","James Simpson"
"Dan Smith","Kurt Wright","skipped","skipped","skipped"
"Bob Kiss","Andy Montroll","Dan Smith","James Simpson","Kurt Wright"
"Bob Kiss","Andy Montroll","skipped","skipped","skipped"
"Bob Kiss","skipped","skipped","skipped","skipped"
"Bob Kiss","Kurt Wright","Andy Montroll","James Simpson","skipped"
"Dan Smith","Kurt Wright","skipped","skipped","skipped"
"Bob Kiss","skipped","skipped","skipped","skipped"
"Bob Kiss","skipped","skipped","skipped","skipped"
"Bob Kiss","Andy Montroll","James Simpson","Dan Smith","Kurt Wright"
"Andy Montroll","Kurt Wright","Bob Kiss","Dan Smith","James Simpson"
"Bob Kiss","skipped","skipped","skipped","skipped"
"Kurt Wright","skipped","skipped","skipped","skipped"
"Kurt Wright","Dan Smith","Andy Montroll","skipped","skipped"
"Andy Montroll","Dan Smith","skipped","skipped","skipped"
"Bob Kiss","Andy Montroll","Kurt Wright","skipped","skipped"
"Kurt Wright","Andy Montroll","Dan Smith","skipped","skipped"
"Bob Kiss","Dan Smith","Andy Montroll","skipped","skipped"
"Dan Smith","Andy Montroll","Bob Kiss","skipped","skipped"
"Bob Kiss","Dan Smith","Andy Montroll","skipped","skipped"
"Dan Smith","Bob Kiss","skipped","skipped","skipped"
"Kurt Wright","Dan Smith","skipped","skipped","skipped"
"Bob Kiss","Dan Smith","Andy Montroll","Write-in","skipped"
"Kurt Wright","Dan Smith","skipped","skipped","skipped"
"Bob Kiss","Kurt Wright","skipped","skipped","skipped"
"Bob Kiss","Dan Smith","Andy Montroll","James Simpson","Kurt Wright"
"Andy Montroll","Dan Smith","Bob Kiss","James Simpson","skipped"
"Bob Kiss","Andy Montroll","Dan Smith","skipped","skipped"
"Bob Kiss","Dan Smith","James Simpson","Kurt Wright","Andy Montroll"
"Bob Kiss","Dan Smith","Kurt Wright","Andy Montroll","James Simpson"
"Bob Kiss","Dan Smith","Andy Montroll","Kurt Wright","James Simpson"
"Andy Montroll","Dan Smith","skipped","skipped","skipped"
"Bob Kiss","Andy Montroll","Dan Smith","Kurt Wright","James Simpson"
"Bob Kiss","Dan Smith","skipped","skipped","skipped"
"Andy Montroll","Bob Kiss","skipped","skipped","skipped"
"Dan Smith","Andy Montroll","Bob Kiss","skipped","skipped"
"Bob Kiss","Andy Montroll","skipped","skipped","skipped"
"Dan Smith","James Simpson","Kurt Wright","Bob Kiss","Andy Montroll"
"Bob Kiss","Andy Montroll","Dan Smith","James Simpson","Kurt Wright"
"Bob Kiss","Andy Montroll","Dan Smith","James Simpson","Kurt Wright"
"Bob Kiss","Andy Montroll","Dan Smith","James Simpson","Kurt Wright"
"Andy Montroll","James Simpson","Dan Smith","Bob Kiss","Kurt Wright"
"Bob Kiss","Write-in","Andy Montroll","Dan Smith","James Simpson"
"Kurt Wright","Andy Montroll","skipped","skipped","skipped"
"Bob Kiss","Andy Montroll","skipped","skipped","skipped"
"Bob Kiss","James Simpson","Dan Smith","Andy Montroll","Kurt Wright"
"Andy Montroll","Bob Kiss","Dan Smith","skipped","skipped"
"Kurt Wright","skipped","skipped","skipped","skipped"
"Bob Kiss","Andy Montroll","Dan Smith","James Simpson","skipped"
"Kurt Wright","skipped","skipped","skipped","skipped"
"Bob Kiss","Andy Montroll","Dan Smith","James Simpson","Kurt Wright"
"Dan Smith","James Simpson","Andy Montroll","Bob Kiss","Kurt Wright"
"Kurt Wright","Andy Montroll","James Simpson","Dan Smith","Bob Kiss"
"Kurt Wright","Bob Kiss","Andy Montroll","Dan Smith","James Simpson"
"Dan Smith","Kurt Wright","skipped","skipped","skipped"
"Bob Kiss","Andy Montroll","skipped","skipped","skipped"
"Bob Kiss","skipped","skipped","skipped","skipped"
"Dan Smith","Bob Kiss","skipped","skipped","skipped"
"Bob Kiss","Andy Montroll","skipped","skipped","skipped"
"Dan Smith","Bob Kiss","Andy Montroll","skipped","skipped"
"Bob Kiss","skipped","skipped","skipped","skipped"
"Bob Kiss","skipped","skipped","skipped","skipped"
"Bob Kiss","skipped","skipped","skipped","skipped"
"Bob Kiss","skipped","skipped","skipped","skipped"
"Dan Smith","Bob Kiss","Andy Montroll","James Simpson","Kurt Wright"
"Bob Kiss","Andy Montroll","Dan Smith","skipped","skipped"
"Kurt Wright","Andy Montroll","Bob Kiss","skipped","skipped"
"Kurt Wright","Dan Smith","Bob Kiss","James Simpson","Andy Montroll"
"Bob Kiss","skipped","skipped","skipped","skipped"
"Kurt Wright","Andy Montroll","Bob Kiss","skipped","skipped"
"Bob Kiss","skipped","skipped","skipped","skipped"
"Bob Kiss","Andy Montroll","Dan Smith","James Simpson","Kurt Wright"
"Andy Montroll","Dan Smith","Bob Kiss","skipped","skipped"
"Bob Kiss","Andy Montroll","skipped","skipped","skipped"
"Bob Kiss","Andy Montroll","Dan Smith","James Simpson","Kurt Wright"
"Dan Smith","Bob Kiss","Andy Montroll","skipped","skipped"
"Dan Smith","Bob Kiss","Andy Montroll","skipped","skipped"
"Kurt Wright","Bob Kiss","skipped","skipped","skipped"
"Write-in","Bob Kiss","Dan Smith","James Simpson","Andy Montroll"
"Dan Smith","Andy Montroll","James Simpson","skipped","skipped"
"Bob Kiss","Dan Smith","Andy Montroll","James Simpson","Write-in"
"Bob Kiss","Andy Montroll","Dan Smith","skipped","skipped"
"Andy Montroll","Bob Kiss","Dan Smith","James Simpson","Kurt Wright"
"Andy Montroll","skipped","skipped","skipped","skipped"
"Andy Montroll","Dan Smith","skipped","skipped","skipped"
"Bob Kiss","Andy Montroll","Dan Smith","skipped","skipped"
"Bob Kiss","Andy Montroll","Dan Smith","Kurt Wright","James Simpson"
"Bob Kiss","Andy Montroll","skipped","skipped","skipped"
"Write-in","Kurt Wright","Dan Smith","James Simpson","Andy Montroll"
"Kurt Wright","Dan Smith","James Simpson","Andy Montroll","Bob Kiss"
"Dan Smith","Andy Montroll","Bob Kiss","skipped","skipped"
"Bob Kiss","Andy Montroll","skipped","skipped","skipped"
"Bob Kiss","Dan Smith","Andy Montroll","skipped","skipped"
"Dan Smith","Kurt Wright","James Simpson","Andy Montroll","Bob Kiss"
"Andy Montroll","Bob Kiss","skipped","skipped","skipped"
"Andy Montroll","Bob Kiss","Write-in","skipped","skipped"
"Dan Smith","Bob Kiss","Andy Montroll","James Simpson","Kurt Wright"
"Andy Montroll","Bob Kiss","skipped","skipped","skipped"
"Dan Smith","Bob Kiss","skipped","skipped","skipped"
"Bob Kiss","Andy Montroll","James Simpson","skipped","skipped"
"Kurt Wright","Andy Montroll","skipped","skipped","skipped"
"Bob Kiss","Dan Smith","skipped","skipped","skipped"
"Andy Montroll","skipped","skipped","skipped","skipped"
"Bob Kiss","Dan Smith","skipped","skipped","skipped"
"Andy Montroll","Bob Kiss","Kurt Wright","Dan Smith","skipped"
"Dan Smith","Andy Montroll","skipped","skipped","skipped"
"Bob Kiss","Andy Montroll","Kurt Wright","Dan Smith","James Simpson"
"Bob Kiss","Kurt Wright","skipped","skipped","skipped"
"Andy Montroll","Bob Kiss","skipped","skipped","skipped"
"Bob Kiss","skipped","skipped","skipped","skipped"
"Bob Kiss","Andy Montroll","Dan Smith","skipped","skipped"
"Andy Montroll","James Simpson","Dan Smith","skipped","skipped"
"Dan Smith","Andy Montroll","Bob Kiss","Kurt Wright","James Simpson"
"Bob Kiss","Andy Montroll","Dan Smith","skipped","skipped"
"Bob Kiss","skipped","skipped","skipped","skipped"
"Bob Kiss","Andy Montroll","Dan Smith","skipped","skipped"
"Andy Montroll","Dan Smith","James Simpson","Bob Kiss","Kurt Wright"
"Bob Kiss","Andy Montroll","skipped","skipped","skipped"
"Bob Kiss","Andy Montroll","James Simpson","Dan Smith","Kurt Wright"
"Dan Smith","skipped","skipped","skipped","skipped"
"Bob Kiss","Dan Smith","skipped","skipped","skipped"
"Bob Kiss","Andy Montroll","James Simpson","Dan Smith","Kurt Wright"
"Bob Kiss","James Simpson","Andy Montroll","skipped","skipped"
"Bob Kiss","Andy Montroll","skipped","skipped","skipped"
"Dan Smith","skipped","skipped","skipped","skipped"
"Bob Kiss","skipped","skipped","skipped","skipped"
"Dan Smith","Kurt Wright","skipped","skipped","skipped"
"Dan Smith","Kurt Wright","skipped","skipped","skipped"
"Andy Montroll","skipped","skipped","skipped","skipped"
"Bob Kiss","Dan Smith","skipped","skipped","skipped"
"Bob Kiss","skipped","skipped","skipped","skipped"
"Bob Kiss","skipped","skipped","skipped","skipped"
"Bob Kiss","Andy Montroll","Dan Smith","skipped","skipped"
"Bob Kiss","Andy Montroll","Dan Smith","skipped","skipped"
"Dan Smith","Andy Montroll","Bob Kiss","skipped","skipped"
"Andy Montroll","Bob Kiss","Dan Smith","James Simpson","Kurt Wright"
"Kurt Wright","Andy Montroll","skipped","skipped","skipped"
"Bob Kiss","Dan Smith","skipped","skipped","skipped"
"Bob Kiss","skipped","skipped","skipped","skipped"
"Dan Smith","Andy Montroll","skipped","skipped","skipped"
"Andy Montroll","Dan Smith","Kurt Wright","skipped","skipped"
"Dan Smith","Andy Montroll","Bob Kiss","James Simpson","Write-in"
"Bob Kiss","James Simpson","Write-in","Andy Montroll","Kurt Wright"
"Bob Kiss","Andy Montroll","James Simpson","Dan Smith","skipped"
"Andy Montroll","Kurt Wright","Dan Smith","James Simpson","Bob Kiss"
"Dan Smith","Kurt Wright","skipped","skipped","skipped"
"Kurt Wright","Andy Montroll","skipped","skipped","skipped"
"Kurt Wright","skipped","skipped","skipped","skipped"
"Andy Montroll","Dan Smith","Bob Kiss","skipped","skipped"
"Kurt Wright","Bob Kiss","Andy Montroll","Dan Smith","James Simpson"
"Kurt Wright","skipped","skipped","skipped","skipped"
"Bob Kiss","Andy Montroll","skipped","skipped","skipped"
"Kurt Wright","Bob Kiss","Andy Montroll","James Simpson","Dan Smith"
"Kurt Wright","Andy Montroll","skipped","skipped","skipped"
"Bob Kiss","Andy Montroll","Dan Smith","Kurt Wright","James Simpson"
"Bob Kiss","Andy Montroll","James Simpson","Kurt Wright","Dan Smith"
"Bob Kiss","James Simpson","Dan Smith","Kurt Wright","Andy Montroll"
"Andy Montroll","skipped","skipped","skipped","skipped"
"Kurt Wright","Dan Smith","skipped","skipped","Bob Kiss"
"Andy Montroll","Dan Smith","Bob Kiss","Kurt Wright","James Simpson"
"Andy Montroll","Dan Smith","Bob Kiss","skipped","skipped"
"Kurt Wright","skipped","skipped","skipped","skipped"
"Andy Montroll","James Simpson","Kurt Wright","skipped","skipped"
"Kurt Wright","skipped","skipped","Andy Montroll","Dan Smith"
"Andy Montroll","Bob Kiss","skipped","skipped","skipped"
"Andy Montroll","Dan Smith","skipped","skipped","skipped"
"Andy Montroll","Kurt Wright","Dan Smith","Bob Kiss","James Simpson"
"James Simpson","Bob Kiss","Dan Smith","Andy Montroll","skipped"
"Bob Kiss","Andy Montroll","James Simpson","Dan Smith","skipped"
"Bob Kiss","Andy Montroll","Kurt Wright","Write-in","skipped"
"Kurt Wright","Andy Montroll","Dan Smith","Bob Kiss","skipped"
"Bob Kiss","Andy Montroll","Kurt Wright","Dan Smith","James Simpson"
"Andy Montroll","Bob Kiss","Kurt Wright","skipped","skipped"
"Bob Kiss","Andy Montroll","Dan Smith","James Simpson","Kurt Wright"
"Andy Montroll","Kurt Wright","Write-in","James Simpson","Bob Kiss"
"Kurt Wright","skipped","skipped","skipped","skipped"
"Kurt Wright","skipped","skipped","skipped","skipped"
"Kurt Wright","skipped","skipped","skipped","skipped"
"Andy Montroll","Kurt Wright","skipped","skipped","skipped"
"Dan Smith","Bob Kiss","Andy Montroll","skipped","skipped"
"Dan Smith","Andy Montroll","Bob Kiss","James Simpson","Kurt Wright"
"Kurt Wright","Andy Montroll","Dan Smith","skipped","Bob Kiss"
"Bob Kiss","Dan Smith","Andy Montroll","Kurt Wright","James Simpson"
"Bob Kiss","Andy Montroll","Kurt Wright","James Simpson","Dan Smith"
"Bob Kiss","Andy Montroll","Kurt Wright","Dan Smith","James Simpson"
"Kurt Wright","Andy Montroll","skipped","skipped","Bob Kiss"
"Bob Kiss","Andy Montroll","Kurt Wright","Dan Smith","skipped"
"Bob Kiss","skipped","skipped","skipped","skipped"
"Dan Smith","Bob Kiss","Andy Montroll","James Simpson","Kurt Wright"
"Bob Kiss","skipped","skipped","skipped","skipped"
"Andy Montroll","James Simpson","Dan Smith","Kurt Wright","Bob Kiss"
"Andy Montroll","Bob Kiss","Dan Smith","skipped","skipped"
"Andy Montroll","Dan Smith","Kurt Wright","skipped","skipped"
"Bob Kiss","Andy Montroll","Dan Smith","Kurt Wright","James Simpson"
"Kurt Wright","Andy Montroll","Dan Smith","skipped","skipped"
"Andy Montroll","Dan Smith","Kurt Wright","skipped","skipped"
"Kurt Wright","Andy Montroll","skipped","skipped","skipped"
"Kurt Wright","Andy Montroll","skipped","skipped","skipped"
"Bob Kiss","Dan Smith","Andy Montroll","skipped","skipped"
"Bob Kiss","Andy Montroll","Dan Smith","Kurt Wright","James Simpson"
"Bob Kiss","Andy Montroll","Dan Smith","James Simpson","Kurt Wright"
"Kurt Wright","Andy Montroll","skipped","skipped","skipped"
"Andy Montroll","Dan Smith","skipped","skipped","skipped"
"Bob Kiss","Andy Montroll","skipped","skipped","skipped"
"Kurt Wright","skipped","skipped","skipped","skipped"
"Dan Smith","skipped","skipped","skipped","skipped"
"Bob Kiss","skipped","skipped","skipped","skipped"
"Bob Kiss","Andy Montroll","James Simpson","Dan Smith","skipped"
"Bob Kiss","James Simpson","Dan Smith","skipped","skipped"
"Dan Smith","Bob Kiss","Andy Montroll","Write-in","James Simpson"
"Dan Smith","Bob Kiss","Andy Montroll","Write-in","James Simpson"
"Dan Smith","James Simpson","skipped","skipped","skipped"
"Dan Smith","Kurt Wright","skipped","skipped","skipped"
"Andy Montroll","skipped","skipped","skipped","skipped"
"Andy Montroll","skipped","skipped","skipped","skipped"
"Bob Kiss","Andy Montroll","skipped","skipped","skipped"
"Bob Kiss","Andy Montroll","skipped","skipped","skipped"
"Andy Montroll","skipped","skipped","skipped","skipped"
"Bob Kiss","Dan Smith","Kurt Wright","skipped","skipped"
"Dan Smith","Andy Montroll","Kurt Wright","James Simpson","Bob Kiss"
"Andy Montroll","Dan Smith","skipped","skipped","skipped"
"Andy Montroll","Bob Kiss","Write-in","Kurt Wright","James Simpson"
"Andy Montroll","Dan Smith","Bob Kiss","skipped","skipped"
"Kurt Wright","Andy Montroll","Dan Smith","Bob Kiss","James Simpson"
"Kurt Wright","James Simpson","Dan Smith","Bob Kiss","Andy Montroll"
"Andy Montroll","Bob Kiss","James Simpson","skipped","Dan Smith"
"Bob Kiss","Andy Montroll","James Simpson","Dan Smith","Kurt Wright"
"Kurt Wright","Bob Kiss","Dan Smith","Andy Montroll","James Simpson"
"Bob Kiss","Kurt Wright","Andy Montroll","skipped","skipped"
"Bob Kiss","Andy Montroll","Dan Smith","skipped","skipped"
"Bob Kiss","Dan Smith","skipped","skipped","skipped"
"Andy Montroll","Dan Smith","skipped","skipped","skipped"
"Dan Smith","Bob Kiss","Andy Montroll","Kurt Wright","James Simpson"
"Bob Kiss","Dan Smith","James Simpson","Andy Montroll","Write-in"
"Dan Smith","Andy Montroll","James Simpson","Bob Kiss","Kurt Wright"
"Andy Montroll","Bob Kiss","Dan Smith","skipped","skipped"
"Bob Kiss","skipped","skipped","skipped","skipped"
"Bob Kiss","Andy Montroll","Kurt Wright","skipped","skipped"
"Dan Smith","Andy Montroll","Bob Kiss","skipped","skipped"
"Kurt Wright","skipped","skipped","skipped","skipped"
"Andy Montroll","Dan Smith","James Simpson","Bob Kiss","Kurt Wright"
"Bob Kiss","James Simpson","Andy Montroll","Dan Smith","skipped"
"Bob Kiss","Andy Montroll","skipped","skipped","skipped"
"Dan Smith","skipped","skipped","skipped","skipped"
"Dan Smith","Andy Montroll","Bob Kiss","skipped","skipped"
"Kurt Wright","Andy Montroll","Dan Smith","James Simpson","Bob Kiss"
"Andy Montroll","James Simpson","Dan Smith","Bob Kiss","skipped"
"Dan Smith","Bob Kiss","skipped","skipped","skipped"
"Kurt Wright","skipped","skipped","skipped","skipped"
"Kurt Wright","skipped","skipped","skipped","skipped"
"Kurt Wright","Dan Smith","James Simpson","Andy Montroll","Bob Kiss"
"Bob Kiss","Dan Smith","skipped","skipped","skipped"
"Bob Kiss","James Simpson","Andy Montroll","Dan Smith","skipped"
"Bob Kiss","Andy Montroll","Dan Smith","Kurt Wright","James Simpson"
"Andy Montroll","Dan Smith","James Simpson","Kurt Wright","Bob Kiss"
"Dan Smith","James Simpson","Andy Montroll","Bob Kiss","Write-in"
"Andy Montroll","James Simpson","Bob Kiss","Dan Smith","Kurt Wright"
"Bob Kiss","Dan Smith","Andy Montroll","skipped","skipped"
"Dan Smith","Andy Montroll","Kurt Wright","skipped","skipped"
"Bob Kiss","Andy Montroll","Dan Smith","Kurt Wright","James Simpson"
"Andy Montroll","skipped","skipped","skipped","skipped"
"Kurt Wright","Dan Smith","Andy Montroll","Bob Kiss","James Simpson"
"Andy Montroll","Dan Smith","James Simpson","Kurt Wright","Bob Kiss"
"Dan Smith","Kurt Wright","Andy Montroll","Bob Kiss","James Simpson"
"Andy Montroll","Bob Kiss","Dan Smith","skipped","skipped"
"Bob Kiss","Dan Smith","Andy Montroll","skipped","skipped"
"Kurt Wright","Andy Montroll","skipped","skipped","skipped"
"Kurt Wright","Andy Montroll","skipped","skipped","skipped"
"Bob Kiss","Dan Smith","James Simpson","Andy Montroll","Kurt Wright"
"Bob Kiss","Dan Smith","skipped","skipped","skipped"
"Kurt Wright","Andy Montroll","Dan Smith","James Simpson","Bob Kiss"
"Kurt Wright","Dan Smith","Andy Montroll","Bob Kiss","James Simpson"
"Bob Kiss","Kurt Wright","skipped","skipped","skipped"
"Bob Kiss","Kurt Wright","skipped","skipped","skipped"
"Andy Montroll","Kurt Wright","skipped","skipped","skipped"
"Kurt Wright","skipped","skipped","skipped","skipped"
"Dan Smith","Kurt Wright","Bob Kiss","Andy Montroll","skipped"
"Kurt Wright","Andy Montroll","skipped","skipped","skipped"
"Kurt Wright","skipped","skipped","skipped","skipped"
"Andy Montroll","Bob Kiss","Dan Smith","James Simpson","Kurt Wright"
"Andy Montroll","Dan Smith","Kurt Wright","Bob Kiss","James Simpson"
"Bob Kiss","Andy Montroll","Dan Smith","James Simpson","Kurt Wright"
"Kurt Wright","skipped","skipped","skipped","skipped"
"Bob Kiss","Dan Smith","James Simpson","skipped","skipped"
"Andy Montroll","Dan Smith","James Simpson","Kurt Wright","Bob Kiss"
"Bob Kiss","Dan Smith","Andy Montroll","skipped","skipped"
"Bob Kiss","Dan Smith","Andy Montroll","James Simpson","Kurt Wright"
"Andy Montroll","Bob Kiss","Dan Smith","skipped","skipped"
"Bob Kiss","Dan Smith","Andy Montroll","skipped","skipped"
"Andy Montroll","skipped","skipped","skipped","skipped"
"Andy Montroll","skipped","skipped","skipped","skipped"
"Dan Smith","Bob Kiss","Andy Montroll","James Simpson","Kurt Wright"
"Andy Montroll","Kurt Wright","Dan Smith","skipped","skipped"
"Andy Montroll","Bob Kiss","skipped","skipped","skipped"
"Dan Smith","Bob Kiss","Kurt Wright","skipped","skipped"
"Bob Kiss","Dan Smith","Andy Montroll","skipped","skipped"
"Andy Montroll","Bob Kiss","skipped","skipped","Kurt Wright"
"Bob Kiss","Dan Smith","Kurt Wright","Andy Montroll","James Simpson"
"Write-in","Andy Montroll","Dan Smith","James Simpson","Bob Kiss"
"Dan Smith","Bob Kiss","Andy Montroll","James Simpson","Kurt Wright"
"Dan Smith","Andy Montroll","Kurt Wright","Bob Kiss","skipped"
"Kurt Wright","skipped","skipped","skipped","skipped"
"Kurt Wright","Dan Smith","skipped","skipped","skipped"
"Kurt Wright","Dan Smith","Andy Montroll","Bob Kiss","James Simpson"
"Andy Montroll","Bob Kiss","skipped","skipped","skipped"
"Kurt Wright","skipped","skipped","skipped","skipped"
"Andy Montroll","Dan Smith","skipped","skipped","skipped"
"Bob Kiss","Andy Montroll","Kurt Wright","Dan Smith","skipped"
"Bob Kiss","skipped","skipped","skipped","skipped"
"Andy Montroll","Bob Kiss","Dan Smith","skipped","skipped"
"Bob Kiss","skipped","skipped","skipped","skipped"
"Dan Smith","Andy Montroll","skipped","skipped","skipped"
"Kurt Wright","Andy Montroll","James Simpson","Dan Smith","Bob Kiss"
"Bob Kiss","skipped","skipped","skipped","skipped"
"Kurt Wright","Andy Montroll","Bob Kiss","skipped","skipped"
"Andy Montroll","skipped","skipped","skipped","skipped"
"Bob Kiss","skipped","skipped","skipped","skipped"
"Andy Montroll","Dan Smith","Bob Kiss","James Simpson","Kurt Wright"
"Kurt Wright","skipped","skipped","skipped","skipped"
"Dan Smith","skipped","skipped","skipped","skipped"
"Kurt Wright","skipped","skipped","skipped","skipped"
"Kurt Wright","Andy Montroll","James Simpson","Dan Smith","Bob Kiss"
"Bob Kiss","Kurt Wright","skipped","skipped","skipped"
"Bob Kiss","James Simpson","Andy Montroll","Kurt Wright","Write-in"
"Andy Montroll","Kurt Wright","skipped","skipped","skipped"
"Andy Montroll","Dan Smith","Bob Kiss","skipped","skipped"
"Dan Smith","Kurt Wright","skipped","skipped","skipped"
"Bob Kiss","Andy Montroll","skipped","skipped","skipped"
"Bob Kiss","skipped","skipped","skipped","skipped"
"Andy Montroll","Dan Smith","Kurt Wright","skipped","skipped"
"Andy Montroll","skipped","skipped","skipped","skipped"
"Dan Smith","Andy Montroll","Bob Kiss","Kurt Wright","James Simpson"
"Kurt Wright","Andy Montroll","skipped","skipped","skipped"
"Dan Smith","James Simpson","skipped","skipped","skipped"
"Bob Kiss","James Simpson","Dan Smith","Andy Montroll","skipped"
"Bob Kiss","Dan Smith","Kurt Wright","Andy Montroll","James Simpson"
"Bob Kiss","Andy Montroll","James Simpson","Dan Smith","Kurt Wright"
"Bob Kiss","Kurt Wright","Dan Smith","James Simpson","Andy Montroll"
"Dan Smith","Bob Kiss","skipped","skipped","skipped"
"Bob Kiss","Andy Montroll","Dan Smith","skipped","skipped"
"Bob Kiss","skipped","skipped","skipped","skipped"
"Kurt Wright","Dan Smith","James Simpson","skipped","skipped"
"Bob Kiss","Andy Montroll","Dan Smith","Kurt Wright","James Simpson"
"Andy Montroll","Bob Kiss","Dan Smith","Kurt Wright","James Simpson"
"Bob Kiss","Andy Montroll","Dan Smith","skipped","skipped"
"Dan Smith","James Simpson","Bob Kiss","Kurt Wright","Andy Montroll"
"Kurt Wright","skipped","skipped","skipped","skipped"
"Kurt Wright","skipped","Andy Montroll","skipped","skipped"
"Bob Kiss","Andy Montroll","skipped","Dan Smith","skipped"
"Kurt Wright","Dan Smith","James Simpson","Andy Montroll","Bob Kiss"
"Kurt Wright","Andy Montroll","skipped","skipped","skipped"
"Andy Montroll","Dan Smith","Bob Kiss","Kurt Wright","James Simpson"
"skipped","skipped","skipped","skipped","skipped"
"Bob Kiss","James Simpson","Dan Smith","skipped","skipped"
"Kurt Wright","Dan Smith","skipped","skipped","skipped"
"Andy Montroll","Kurt Wright","Bob Kiss","Dan Smith","James Simpson"
"Bob Kiss","Andy Montroll","Dan Smith","James Simpson","skipped"
"Bob Kiss","skipped","skipped","skipped","skipped"
"Bob Kiss","Kurt Wright","Dan Smith","James Simpson","Andy Montroll"
"Bob Kiss","Andy Montroll","skipped","skipped","skipped"
"Dan Smith","Bob Kiss","Andy Montroll","James Simpson","skipped"
"Bob Kiss","James Simpson","Andy Montroll","Dan Smith","Kurt Wright"
"Bob Kiss","Dan Smith","Andy Montroll","skipped","skipped"
"Kurt Wright","skipped","skipped","skipped","skipped"
"Kurt Wright","skipped","skipped","skipped","skipped"
"Bob Kiss","Dan Smith","Andy Montroll","Kurt Wright","James Simpson"
"Andy Montroll","Write-in","Bob Kiss","Dan Smith","James Simpson"
"Andy Montroll","skipped","skipped","skipped","skipped"
"Andy Montroll","skipped","skipped","skipped","skipped"
"Dan Smith","skipped","skipped","skipped","skipped"
"Andy Montroll","Dan Smith","Bob Kiss","Kurt Wright","skipped"
"Andy Montroll","Dan Smith","Bob Kiss","skipped","Kurt Wright"
"Kurt Wright","skipped","skipped","skipped","skipped"
"Bob Kiss","skipped","skipped","skipped","skipped"
"Andy Montroll","Dan Smith","Bob Kiss","Kurt Wright","skipped"
"Andy Montroll","Kurt Wright","Dan Smith","James Simpson","Bob Kiss"
"Dan Smith","Kurt Wright","skipped","skipped","skipped"
"Dan Smith","Andy Montroll","Kurt Wright","Bob Kiss","James Simpson"
"Dan Smith","Kurt Wright","Bob Kiss","James Simpson","Andy Montroll"
"Dan Smith","skipped","skipped","skipped","skipped"
"Bob Kiss","skipped","skipped","skipped","skipped"
"Bob Kiss","Andy Montroll","skipped","skipped","skipped"
"Bob Kiss","Dan Smith","Andy Montroll","James Simpson","Kurt Wright"
"Andy Montroll","Kurt Wright","Dan Smith","skipped","skipped"
"Andy Montroll","Dan Smith","James Simpson","Kurt Wright","Write-in"
"Dan Smith","Bob Kiss","skipped","skipped","skipped"
"Bob Kiss","Andy Montroll","Dan Smith","skipped","skipped"
"Bob Kiss","Andy Montroll","skipped","skipped","skipped"
"Bob Kiss","Dan Smith","Andy Montroll","James Simpson","Kurt Wright"
"Bob Kiss","Andy Montroll","Dan Smith","skipped","skipped"
"Andy Montroll","Bob Kiss","Dan Smith","James Simpson","skipped"
"Bob Kiss","Andy Montroll","Dan Smith","James Simpson","Kurt Wright"
"skipped","Write-in","Andy Montroll","Bob Kiss","Kurt Wright"
"Bob Kiss","Andy Montroll","Kurt Wright","Dan Smith","James Simpson"
"Bob Kiss","Dan Smith","Andy Montroll","skipped","skipped"
"Bob Kiss","Andy Montroll","skipped","skipped","skipped"
"Bob Kiss","Andy Montroll","skipped","skipped","skipped"
"Andy Montroll","Bob Kiss","Dan Smith","Kurt Wright","James Simpson"
"Bob Kiss","Dan Smith","Andy Montroll","James Simpson","Kurt Wright"
"Bob Kiss","James Simpson","Andy Montroll","Dan Smith","Kurt Wright"
"Kurt Wright","Bob Kiss","Dan Smith","skipped","skipped"
"Bob Kiss","skipped","skipped","skipped","skipped"
"Dan Smith","Bob Kiss","Andy Montroll","Kurt Wright","skipped"
"Dan Smith","Kurt Wright","skipped","skipped","skipped"
"Dan Smith","James Simpson","Kurt Wright","Andy Montroll","Bob Kiss"
"Dan Smith","Bob Kiss","Andy Montroll","Kurt Wright","skipped"
"Bob Kiss","skipped","skipped","skipped","skipped"
"Bob Kiss","Andy Montroll","skipped","skipped","skipped"
"Dan Smith","Kurt Wright","Andy Montroll","James Simpson","Bob Kiss"
"Andy Montroll","Bob Kiss","Dan Smith","skipped","skipped"
"Andy Montroll","Dan Smith","Kurt Wright","Bob Kiss","James Simpson"
"Kurt Wright","Andy Montroll","Dan Smith","Bob Kiss","James Simpson"
"Kurt Wright","Dan Smith","skipped","skipped","skipped"
"Andy Montroll","Bob Kiss","Dan Smith","skipped","skipped"
"Bob Kiss","Dan Smith","Andy Montroll","Kurt Wright","James Simpson"
"Andy Montroll","skipped","skipped","skipped","skipped"
"Bob Kiss","Andy Montroll","Dan Smith","skipped","skipped"
"Andy Montroll","Dan Smith","Kurt Wright","James Simpson","Bob Kiss"
"Bob Kiss","Andy Montroll","James Simpson","Dan Smith","skipped"
"Kurt Wright","Dan Smith","skipped","skipped","skipped"
"Bob Kiss","Andy Montroll","Kurt Wright","Dan Smith","James Simpson"
"Andy Montroll","skipped","skipped","skipped","skipped"
"Bob Kiss","skipped","skipped","skipped","skipped"
"Andy Montroll","Bob Kiss","Dan Smith","skipped","skipped"
"Bob Kiss","Dan Smith","Kurt Wright","James Simpson","Andy Montroll"
"Dan Smith","skipped","skipped","skipped","skipped"
"Andy Montroll","skipped","skipped","skipped","skipped"
"Bob Kiss","Andy Montroll","Dan Smith","skipped","skipped"
"Dan Smith","Bob Kiss","Andy Montroll","James Simpson","Kurt Wright"
"Dan Smith","Kurt Wright","skipped","skipped","skipped"
"Kurt Wright","Andy Montroll","Dan Smith","skipped","skipped"
"Dan Smith","Bob Kiss","James Simpson","Andy Montroll","Kurt Wright"
"Dan Smith","skipped","skipped","skipped","skipped"
"Bob Kiss","Dan Smith","Write-in","skipped","skipped"
"Bob Kiss","Dan Smith","Andy Montroll","Kurt Wright","skipped"
"Andy Montroll","Bob Kiss","Dan Smith","Kurt Wright","James Simpson"
"Andy Montroll","Bob Kiss","skipped","skipped","skipped"
"Kurt Wright","skipped","skipped","skipped","skipped"
"Bob Kiss","Dan Smith","skipped","skipped","skipped"
"Kurt Wright","Dan Smith","Andy Montroll","Bob Kiss","James Simpson"
"Andy Montroll","James Simpson","Write-in","Dan Smith","Bob Kiss"
"Bob Kiss","skipped","skipped","skipped","skipped"
"skipped","skipped","skipped","skipped","skipped"
"Bob Kiss","Andy Montroll","Dan Smith","skipped","skipped"
"Kurt Wright","Dan Smith","Andy Montroll","James Simpson","Bob Kiss"
"Bob Kiss","Andy Montroll","James Simpson","skipped","skipped"
"Bob Kiss","Andy Montroll","James Simpson","Kurt Wright","Dan Smith"
"Bob Kiss","Andy Montroll","Dan Smith","James Simpson","Kurt Wright"
"James Simpson","Dan Smith","Kurt Wright","skipped","skipped"
"Andy Montroll","Bob Kiss","skipped","skipped","skipped"
"Bob Kiss","James Simpson","Andy Montroll","Dan Smith","Kurt Wright"
"Kurt Wright","James Simpson","Andy Montroll","Dan Smith","skipped"
"Bob Kiss","Kurt Wright","skipped","skipped","skipped"
"Andy Montroll","Bob Kiss","Kurt Wright","skipped","skipped"
"Dan Smith","Bob Kiss","skipped","skipped","skipped"
"Dan Smith","Bob Kiss","Andy Montroll","James Simpson","Kurt Wright"
"Andy Montroll","Kurt Wright","Dan Smith","skipped","skipped"
"Bob Kiss","Andy Montroll","James Simpson","Dan Smith","Kurt Wright"
"Andy Montroll","Kurt Wright","skipped","skipped","skipped"
"Kurt Wright","Andy Montroll","skipped","skipped","skipped"
"Kurt Wright","Dan Smith","Bob Kiss","Andy Montroll","James Simpson"
"Dan Smith","Andy Montroll","Kurt Wright","Bob Kiss","James Simpson"
"Bob Kiss","skipped","skipped","skipped","skipped"
"Dan Smith","Bob Kiss","Andy Montroll","skipped","skipped"
"Bob Kiss","Dan Smith","Andy Montroll","skipped","skipped"
"Kurt Wright","Dan Smith","Andy Montroll","skipped","skipped"
"Andy Montroll","skipped","skipped","skipped","skipped"
"Andy Montroll","skipped","skipped","skipped","skipped"
"Dan Smith","Andy Montroll","Kurt Wright","James Simpson","Bob Kiss"
"Bob Kiss","skipped","skipped","skipped","skipped"
"Kurt Wright","skipped","skipped","skipped","skipped"
"Bob Kiss","skipped","skipped","skipped","Write-in"
"Kurt Wright","Dan Smith","James Simpson","Andy Montroll","Bob Kiss"
"Andy Montroll","Dan Smith","Bob Kiss","James Simpson","Kurt Wright"
"Bob Kiss","Andy Montroll","Dan Smith","skipped","skipped"
"Kurt Wright","skipped","skipped","skipped","Dan Smith"
"Andy Montroll","Kurt Wright","Bob Kiss","Dan Smith","James Simpson"
"Bob Kiss","Andy Montroll","James Simpson","Dan Smith","Kurt Wright"
"Andy Montroll","skipped","skipped","skipped","skipped"
"Bob Kiss","Andy Montroll","skipped","skipped","skipped"
"Bob Kiss","skipped","skipped","skipped","skipped"
"Bob Kiss","skipped","skipped","skipped","skipped"
"Andy Montroll","Dan Smith","skipped","skipped","skipped"
"Bob Kiss","Andy Montroll","Dan Smith","skipped","skipped"
"Bob Kiss","Kurt Wright","Andy Montroll","Dan Smith","James Simpson"
"Bob Kiss","Andy Montroll","James Simpson","Kurt Wright","Dan Smith"
"Bob Kiss","Dan Smith","James Simpson","Andy Montroll","Kurt Wright"
"Bob Kiss","Andy Montroll","skipped","skipped","skipped"
"Andy Montroll","skipped","skipped","skipped","skipped"
"Bob Kiss","Andy Montroll","James Simpson","skipped","skipped"
"Kurt Wright","skipped","skipped","skipped","skipped"
"Bob Kiss","Andy Montroll","James Simpson","skipped","skipped"
"Kurt Wright","Bob Kiss","Andy Montroll","Dan Smith","skipped"
"Dan Smith","Andy Montroll","Bob Kiss","Kurt Wright","skipped"
"Bob Kiss","Dan Smith","Andy Montroll","James Simpson","Kurt Wright"
"Bob Kiss","Andy Montroll","Kurt Wright","James Simpson","Dan Smith"
"Bob Kiss","Andy Montroll","Kurt Wright","skipped","skipped"
"Kurt Wright","Dan Smith","James Simpson","Andy Montroll","Bob Kiss"
"Andy Montroll","Bob Kiss","Dan Smith","skipped","skipped"
"Dan Smith","Kurt Wright","Bob Kiss","skipped","skipped"
"Bob Kiss","Dan Smith","Andy Montroll","Kurt Wright","James Simpson"
"Kurt Wright","skipped","skipped","skipped","skipped"
"Dan Smith","Andy Montroll","Kurt Wright","Bob Kiss","James Simpson"
"Bob Kiss","Andy Montroll","Dan Smith","James Simpson","Kurt Wright"
"Andy Montroll","Dan Smith","skipped","skipped","skipped"
"Andy Montroll","Dan Smith","skipped","skipped","skipped"
"Kurt Wright","skipped","skipped","skipped","skipped"
"Andy Montroll","Dan Smith","Bob Kiss","Kurt Wright","James Simpson"
"Andy Montroll","Bob Kiss","Dan Smith","skipped","skipped"
"Bob Kiss","Dan Smith","Andy Montroll","skipped","skipped"
"Bob Kiss","James Simpson","Andy Montroll","Dan Smith","Kurt Wright"
"Bob Kiss","Dan Smith","James Simpson","Andy Montroll","Kurt Wright"
"Bob Kiss","Kurt Wright","Dan Smith","James Simpson","Andy Montroll"
"Kurt Wright","skipped","skipped","skipped","skipped"
"Kurt Wright","Dan Smith","James Simpson","Andy Montroll","skipped"
"Bob Kiss","Dan Smith","Andy Montroll","skipped","skipped"
"Bob Kiss","skipped","skipped","skipped","skipped"
"Andy Montroll","Kurt Wright","Dan Smith","skipped","skipped"
"Bob Kiss","Andy Montroll","skipped","skipped","skipped"
"Bob Kiss","Kurt Wright","Andy Montroll","James Simpson","skipped"
"Kurt Wright","skipped","skipped","skipped","skipped"
"Andy Montroll","Dan Smith","James Simpson","Bob Kiss","Kurt Wright"
"Bob Kiss","Andy Montroll","Dan Smith","skipped","skipped"
"Bob Kiss","Andy Montroll","Dan Smith","James Simpson","Kurt Wright"
"Bob Kiss","James Simpson","Andy Montroll","Dan Smith","Kurt Wright"
"Kurt Wright","Andy Montroll","Dan Smith","James Simpson","Bob Kiss"
"Bob Kiss","Andy Montroll","Dan Smith","James Simpson","skipped"
"Bob Kiss","Andy Montroll","Dan Smith","skipped","skipped"
"Andy Montroll","Bob Kiss","Dan Smith","skipped","skipped"
"Bob Kiss","Andy Montroll","Dan Smith","James Simpson","Kurt Wright"
"Kurt Wright","Andy Montroll","skipped","skipped","skipped"
"Kurt Wright","skipped","skipped","skipped","skipped"
"Bob Kiss","Andy Montroll","Dan Smith","skipped","skipped"
"Bob Kiss","Andy Montroll","Kurt Wright","skipped","skipped"
"Andy Montroll","Kurt Wright","Dan Smith","James Simpson","Bob Kiss"
"Kurt Wright","Andy Montroll","Dan Smith","Bob Kiss","James Simpson"
"Kurt Wright","Andy Montroll","Dan Smith","Bob Kiss","James Simpson"
"Kurt Wright","Dan Smith","Andy Montroll","James Simpson","Bob Kiss"
"Dan Smith","skipped","skipped","skipped","skipped"
"Andy Montroll","Bob Kiss","skipped","skipped","skipped"
"Andy Montroll","Bob Kiss","Kurt Wright","skipped","skipped"
"Bob Kiss","Andy Montroll","skipped","skipped","skipped"
"Andy Montroll","Kurt Wright","Dan Smith","Bob Kiss","skipped"
"Andy Montroll","Kurt Wright","Bob Kiss","Dan Smith","skipped"
"Dan Smith","James Simpson","Bob Kiss","Andy Montroll","Kurt Wright"
"Dan Smith","Kurt Wright","Andy Montroll","James Simpson","Bob Kiss"
"Dan Smith","Kurt Wright","Andy Montroll","skipped","skipped"
"Dan Smith","Kurt Wright","skipped","skipped","skipped"
"Kurt Wright","skipped","skipped","skipped","skipped"
"Kurt Wright","Andy Montroll","skipped","skipped","skipped"
"Kurt Wright","Andy Montroll","Dan Smith","James Simpson","Bob Kiss"
"Kurt Wright","Andy Montroll","Dan Smith","James Simpson","Bob Kiss"
"Bob Kiss","Andy Montroll","Dan Smith","James Simpson","Kurt Wright"
"Bob Kiss","Dan Smith","Andy Montroll","James Simpson","Kurt Wright"
"Andy Montroll","Kurt Wright","Bob Kiss","Dan Smith","James Simpson"
"Andy Montroll","Bob Kiss","Kurt Wright","Dan Smith","James Simpson"
"Bob Kiss","Dan Smith","James Simpson","Andy Montroll","Kurt Wright"
"Dan Smith","Andy Montroll","skipped","skipped","skipped"
"Andy Montroll","Kurt Wright","Dan Smith","skipped","skipped"
"Andy Montroll","Bob Kiss","Dan Smith","skipped","skipped"
"Kurt Wright","skipped","skipped","skipped","skipped"
"Andy Montroll","Bob Kiss","Dan Smith","James Simpson","Kurt Wright"
"Bob Kiss","Andy Montroll","Dan Smith","James Simpson","Kurt Wright"
"Kurt Wright","Andy Montroll","Dan Smith","Bob Kiss","James Simpson"
"Bob Kiss","Kurt Wright","Dan Smith","Andy Montroll","James Simpson"
"Andy Montroll","Dan Smith","James Simpson","Kurt Wright","Bob Kiss"
"Andy Montroll","Kurt Wright","skipped","skipped","skipped"
"Andy Montroll","Dan Smith","Bob Kiss","Kurt Wright","James Simpson"
"Andy Montroll","Dan Smith","Bob Kiss","Kurt Wright","James Simpson"
"Andy Montroll","Kurt Wright","Dan Smith","skipped","skipped"
"Bob Kiss","Dan Smith","Andy Montroll","Kurt Wright","James Simpson"
"Bob Kiss","Andy Montroll","skipped","skipped","skipped"
"Bob Kiss","Dan Smith","Kurt Wright","Andy Montroll","James Simpson"
"Kurt Wright","Dan Smith","James Simpson","Andy Montroll","Bob Kiss"
"Andy Montroll","Dan Smith","James Simpson","Bob Kiss","Kurt Wright"
"Kurt Wright","Andy Montroll","Bob Kiss","skipped","skipped"
"Andy Montroll","skipped","skipped","skipped","skipped"
"Bob Kiss","Andy Montroll","skipped","skipped","Kurt Wright"
"Bob Kiss","Andy Montroll","Dan Smith","James Simpson","Kurt Wright"
"Bob Kiss","Andy Montroll","James Simpson","skipped","skipped"
"Dan Smith","Bob Kiss","Andy Montroll","Kurt Wright","skipped"
"Bob Kiss","James Simpson","Dan Smith","skipped","skipped"
"Bob Kiss","Andy Montroll","Dan Smith","skipped","skipped"
"Andy Montroll","James Simpson","Dan Smith","Kurt Wright","Bob Kiss"
"Kurt Wright","Dan Smith","Andy Montroll","James Simpson","Bob Kiss"
"Andy Montroll","Bob Kiss","Dan Smith","Kurt Wright","skipped"
"Bob Kiss","James Simpson","Andy Montroll","skipped","skipped"
"Kurt Wright","skipped","skipped","skipped","skipped"
"Bob Kiss","Andy Montroll","Dan Smith","James Simpson","Kurt Wright"
"Bob Kiss","Andy Montroll","Dan Smith","skipped","skipped"
"Kurt Wright","Dan Smith","Andy Montroll","James Simpson","Bob Kiss"
"Bob Kiss","Dan Smith","Andy Montroll","skipped","skipped"
"Bob Kiss","Andy Montroll","Dan Smith","Kurt Wright","James Simpson"
"Bob Kiss","Andy Montroll","James Simpson","skipped","skipped"
"Bob Kiss","Andy Montroll","Dan Smith","James Simpson","skipped"
"Bob Kiss","Dan Smith","James Simpson","Andy Montroll","skipped"
"Kurt Wright","skipped","skipped","skipped","skipped"
"Kurt Wright","skipped","skipped","skipped","skipped"
"Andy Montroll","skipped","skipped","skipped","skipped"
"Dan Smith","Kurt Wright","Bob Kiss","Andy Montroll","Write-in"
"Andy Montroll","skipped","skipped","skipped","Bob Kiss"
"Andy Montroll","skipped","skipped","skipped","skipped"
"Andy Montroll","skipped","skipped","skipped","skipped"
"Bob Kiss","Dan Smith","James Simpson","skipped","skipped"
"Kurt Wright","skipped","skipped","skipped","skipped"
"Andy Montroll","Bob Kiss","skipped","skipped","skipped"
"Kurt Wright","Dan Smith","Bob Kiss","James Simpson","Andy Montroll"
"Andy Montroll","skipped","skipped","skipped","skipped"
"Kurt Wright","skipped","skipped","skipped","skipped"
"Andy Montroll","skipped","skipped","skipped","skipped"
"Bob Kiss","James Simpson","Andy Montroll","Dan Smith","Kurt Wright"
"Dan Smith","Kurt Wright","Andy Montroll","James Simpson","Bob Kiss"
"Bob Kiss","Dan Smith","Andy Montroll","skipped","skipped"
"Kurt Wright","skipped","skipped","skipped","skipped"
"Kurt Wright","skipped","skipped","skipped","skipped"
"Bob Kiss","Kurt Wright","James Simpson","Dan Smith","Andy Montroll"
"Andy Montroll","Bob Kiss","Dan Smith","Kurt Wright","James Simpson"
"Bob Kiss","skipped","skipped","skipped","skipped"
"Bob Kiss","Dan Smith","Andy Montroll","James Simpson","Kurt Wright"
"Bob Kiss","Andy Montroll","James Simpson","skipped","skipped"
"Andy Montroll","Dan Smith","Bob Kiss","Kurt Wright","skipped"
"Andy Montroll","Bob Kiss","Dan Smith","skipped","skipped"
"Bob Kiss","Andy Montroll","James Simpson","skipped","skipped"
"Bob Kiss","Andy Montroll","Kurt Wright","James Simpson","Dan Smith"
"Write-in","skipped","skipped","skipped","skipped"
"Bob Kiss","Kurt Wright","Dan Smith","Andy Montroll","skipped"
"James Simpson","Dan Smith","Andy Montroll","skipped","skipped"
"Dan Smith","skipped","skipped","skipped","skipped"
"Dan Smith","Kurt Wright","skipped","skipped","skipped"
"Dan Smith","Bob Kiss","James Simpson","skipped","skipped"
"Bob Kiss","Andy Montroll","skipped","skipped","skipped"
"Dan Smith","Bob Kiss","James Simpson","skipped","skipped"
"Bob Kiss","Dan Smith","skipped","skipped","skipped"
"Dan Smith","Bob Kiss","Andy Montroll","James Simpson","skipped"
"Bob Kiss","Dan Smith","skipped","skipped","skipped"
"Kurt Wright","skipped","skipped","skipped","skipped"
"Kurt Wright","Dan Smith","Write-in","skipped","skipped"
"Dan Smith","Bob Kiss","Kurt Wright","James Simpson","Andy Montroll"
"Kurt Wright","Dan Smith","James Simpson","Andy Montroll","Bob Kiss"
"Dan Smith","Bob Kiss","Andy Montroll","skipped","skipped"
"Dan Smith","Bob Kiss","Andy Montroll","skipped","skipped"
"Bob Kiss","Andy Montroll","Dan Smith","skipped","skipped"
"Bob Kiss","Kurt Wright","Andy Montroll","Dan Smith","James Simpson"
"Kurt Wright","Andy Montroll","skipped","skipped","skipped"
"Kurt Wright","Dan Smith","Andy Montroll","Bob Kiss","James Simpson"
"Andy Montroll","Dan Smith","Kurt Wright","skipped","skipped"
"Andy Montroll","Bob Kiss","skipped","skipped","skipped"
"Dan Smith","James Simpson","Bob Kiss","Andy Montroll","skipped"
"James Simpson","skipped","skipped","skipped","skipped"
"Andy Montroll","Dan Smith","Kurt Wright","Bob Kiss","James Simpson"
"Bob Kiss","Andy Montroll","Dan Smith","Kurt Wright","skipped"
"Bob Kiss","skipped","skipped","skipped","skipped"
"Andy Montroll","Dan Smith","Kurt Wright","Bob Kiss","skipped"
"Bob Kiss","Andy Montroll","skipped","skipped","skipped"
"Bob Kiss","skipped","skipped","skipped","skipped"
"Dan Smith","Bob Kiss","Andy Montroll","skipped","skipped"
"Bob Kiss","skipped","skipped","skipped","skipped"
"Bob Kiss","Kurt Wright","Dan Smith","skipped","skipped"
"Andy Montroll","Bob Kiss","Kurt Wright","James Simpson","Dan Smith"
"Dan Smith","Bob Kiss","Kurt Wright","Andy Montroll","skipped"
"Bob Kiss","Andy Montroll","Kurt Wright","Dan Smith","James Simpson"
"Dan Smith","Kurt Wright","Andy Montroll","Bob Kiss","James Simpson"
"Bob Kiss","Andy Montroll","skipped","skipped","skipped"
"Bob Kiss","Andy Montroll","skipped","skipped","skipped"
"Kurt Wright","skipped","skipped","skipped","skipped"
"Bob Kiss","Dan Smith","Andy Montroll","skipped","skipped"
"Bob Kiss","James Simpson","Andy Montroll","Kurt Wright","Dan Smith"
"Bob Kiss","Andy Montroll","Dan Smith","Kurt Wright","skipped"
"Andy Montroll","Bob Kiss","skipped","skipped","skipped"
"Andy Montroll","Bob Kiss","James Simpson","Kurt Wright","Dan Smith"
"Kurt Wright","Dan Smith","skipped","skipped","skipped"
"Bob Kiss","Andy Montroll","Kurt Wright","Dan Smith","James Simpson"
"Andy Montroll","Bob Kiss","Dan Smith","James Simpson","skipped"
"Andy Montroll","Bob Kiss","skipped","skipped","skipped"
"Bob Kiss","Andy Montroll","Dan Smith","skipped","skipped"
"Kurt Wright","Bob Kiss","Andy Montroll","Dan Smith","James Simpson"
"Bob Kiss","Andy Montroll","Dan Smith","skipped","skipped"
"Andy Montroll","Bob Kiss","skipped","skipped","skipped"
"Andy Montroll","Bob Kiss","skipped","skipped","skipped"
"Dan Smith","James Simpson","Write-in","skipped","skipped"
"Dan Smith","Kurt Wright","Andy Montroll","Bob Kiss","James Simpson"
"Kurt Wright","James Simpson","Andy Montroll","Bob Kiss","Dan Smith"
"Andy Montroll","Dan Smith","skipped","skipped","skipped"
"Kurt Wright","Dan Smith","Andy Montroll","Bob Kiss","James Simpson"
"James Simpson","Dan Smith","Bob Kiss","Andy Montroll","Kurt Wright"
"Bob Kiss","Dan Smith","Andy Montroll","Kurt Wright","James Simpson"
"Bob Kiss","Dan Smith","James Simpson","Andy Montroll","Kurt Wright"
"Kurt Wright","James Simpson","Andy Montroll","Bob Kiss","skipped"
"Bob Kiss","skipped","skipped","skipped","skipped"
"Kurt Wright","James Simpson","skipped","skipped","skipped"
"Andy Montroll","Bob Kiss","skipped","skipped","skipped"
"Bob Kiss","Andy Montroll","skipped","skipped","skipped"
"Andy Montroll","skipped","skipped","skipped","skipped"
"Andy Montroll","Bob Kiss","Dan Smith","skipped","skipped"
"Dan Smith","Bob Kiss","Andy Montroll","skipped","skipped"
"Bob Kiss","skipped","skipped","skipped","skipped"
"Dan Smith","Kurt Wright","Bob Kiss","Andy Montroll","James Simpson"
"Andy Montroll","James Simpson","Kurt Wright","Bob Kiss","skipped"
"Andy Montroll","Bob Kiss","James Simpson","Dan Smith","Kurt Wright"
"Bob Kiss","Andy Montroll","Kurt Wright","Dan Smith","James Simpson"
"Bob Kiss","Dan Smith","Andy Montroll","James Simpson","Kurt Wright"
"Dan Smith","Kurt Wright","Andy Montroll","Bob Kiss","James Simpson"
"Bob Kiss","Andy Montroll","James Simpson","Kurt Wright","Dan Smith"
"Kurt Wright","Andy Montroll","skipped","skipped","skipped"
"Bob Kiss","Write-in","Kurt Wright","James Simpson","Dan Smith"
"Dan Smith","skipped","skipped","skipped","skipped"
"Dan Smith","James Simpson","skipped","skipped","skipped"
"Kurt Wright","Andy Montroll","Dan Smith","skipped","skipped"
"Bob Kiss","Andy Montroll","Dan Smith","James Simpson","Kurt Wright"
"Kurt Wright","Dan Smith","Andy Montroll","Bob Kiss","James Simpson"
"Bob Kiss","Andy Montroll","skipped","skipped","skipped"
"Bob Kiss","skipped","skipped","skipped","skipped"
"Kurt Wright","Dan Smith","skipped","skipped","skipped"
"Bob Kiss","Dan Smith","skipped","skipped","skipped"
"Dan Smith","Kurt Wright","Andy Montroll","James Simpson","Bob Kiss"
"Bob Kiss","skipped","skipped","skipped","skipped"
"Andy Montroll","Kurt Wright","James Simpson","Dan Smith","Bob Kiss"
"Bob Kiss","Andy Montroll","Kurt Wright","Dan Smith","James Simpson"
"Bob Kiss","Andy Montroll","skipped","skipped","skipped"
"Bob Kiss","Andy Montroll","skipped","skipped","skipped"
"Kurt Wright","skipped","skipped","skipped","skipped"
"Andy Montroll","Bob Kiss","Dan Smith","James Simpson","Kurt Wright"
"Bob Kiss","Andy Montroll","James Simpson","Dan Smith","Kurt Wright"
"Dan Smith","Bob Kiss","James Simpson","Andy Montroll","Kurt Wright"
"Andy Montroll","Bob Kiss","Dan Smith","James Simpson","Kurt Wright"
"Bob Kiss","Dan Smith","James Simpson","skipped","skipped"
"Bob Kiss","skipped","skipped","skipped","skipped"
"Bob Kiss","Dan Smith","Andy Montroll","James Simpson","skipped"
"Bob Kiss","skipped","skipped","skipped","skipped"
"Dan Smith","Kurt Wright","Bob Kiss","Andy Montroll","James Simpson"
"Bob Kiss","Andy Montroll","Dan Smith","James Simpson","Kurt Wright"
"Andy Montroll","Bob Kiss","Dan Smith","James Simpson","Kurt Wright"
"Bob Kiss","Dan Smith","skipped","skipped","skipped"
"Bob Kiss","Andy Montroll","Dan Smith","James Simpson","Kurt Wright"
"Kurt Wright","skipped","skipped","skipped","skipped"
"Kurt Wright","skipped","skipped","skipped","skipped"
"Kurt Wright","Andy Montroll","Dan Smith","skipped","skipped"
"Andy Montroll","Bob Kiss","skipped","skipped","skipped"
"Bob Kiss","Andy Montroll","Dan Smith","skipped","skipped"
"Bob Kiss","James Simpson","Andy Montroll","Kurt Wright","Dan Smith"
"Bob Kiss","Andy Montroll","James Simpson","skipped","skipped"
"Bob Kiss","Andy Montroll","James Simpson","Dan Smith","skipped"
"Bob Kiss","Andy Montroll","skipped","skipped","skipped"
"Andy Montroll","Dan Smith","skipped","skipped","skipped"
"Bob Kiss","Andy Montroll","Dan Smith","James Simpson","Kurt Wright"
"Bob Kiss","Andy Montroll","Dan Smith","James Simpson","skipped"
"Bob Kiss","Andy Montroll","skipped","skipped","skipped"
"Kurt Wright","Write-in","skipped","skipped","skipped"
"Kurt Wright","Andy Montroll","Dan Smith","skipped","skipped"
"Kurt Wright","skipped","skipped","skipped","skipped"
"Andy Montroll","Dan Smith","skipped","skipped","skipped"
"Andy Montroll","Dan Smith","James Simpson","skipped","skipped"
"Dan Smith","skipped","skipped","skipped","skipped"
"Bob Kiss","skipped","skipped","skipped","skipped"
"Bob Kiss","James Simpson","Andy Montroll","Dan Smith","skipped"
"Andy Montroll","Bob Kiss","Kurt Wright","Dan Smith","James Simpson"
"Bob Kiss","Dan Smith","Andy Montroll","James Simpson","Kurt Wright"
"Bob Kiss","Andy Montroll","Kurt Wright","Dan Smith","James Simpson"
"Andy Montroll","Kurt Wright","Bob Kiss","skipped","skipped"
"Andy Montroll","Kurt Wright","Bob Kiss","Dan Smith","skipped"
"Andy Montroll","Dan Smith","Kurt Wright","Bob Kiss","James Simpson"
"Bob Kiss","Andy Montroll","James Simpson","Dan Smith","Kurt Wright"
"Bob Kiss","skipped","skipped","skipped","skipped"
"Bob Kiss","Andy Montroll","James Simpson","skipped","skipped"
"Bob Kiss","skipped","skipped","skipped","skipped"
"Andy Montroll","Dan Smith","James Simpson","Kurt Wright","skipped"
"Kurt Wright","Bob Kiss","Dan Smith","Andy Montroll","James Simpson"
"Bob Kiss","Write-in","Kurt Wright","Dan Smith","James Simpson"
"Bob Kiss","Kurt Wright","skipped","skipped","skipped"
"Bob Kiss","Dan Smith","skipped","skipped","skipped"
"Bob Kiss","Andy Montroll","skipped","skipped","skipped"
"Bob Kiss","Andy Montroll","James Simpson","Dan Smith","Kurt Wright"
"Kurt Wright","skipped","skipped","skipped","skipped"
"Bob Kiss","Andy Montroll","James Simpson","Dan Smith","Kurt Wright"
"Bob Kiss","Dan Smith","skipped","skipped","skipped"
"Bob Kiss","Andy Montroll","Dan Smith","Kurt Wright","James Simpson"
"Bob Kiss","Andy Montroll","Kurt Wright","Dan Smith","skipped"
"Bob Kiss","Andy Montroll","skipped","skipped","skipped"
"Bob Kiss","Andy Montroll","skipped","skipped","skipped"
"Bob Kiss","Dan Smith","James Simpson","Andy Montroll","Write-in"
"Bob Kiss","Dan Smith","Andy Montroll","James Simpson","Write-in"
"Bob Kiss","Dan Smith","Andy Montroll","Kurt Wright","James Simpson"
"Bob Kiss","Andy Montroll","skipped","skipped","skipped"
"Bob Kiss","Andy Montroll","James Simpson","Dan Smith","skipped"
"Bob Kiss","Andy Montroll","James Simpson","skipped","skipped"
"Bob Kiss","Kurt Wright","Andy Montroll","skipped","skipped"
"Bob Kiss","Andy Montroll","Dan Smith","James Simpson","Kurt Wright"
"Dan Smith","Bob Kiss","skipped","skipped","skipped"
"Bob Kiss","Andy Montroll","Dan Smith","skipped","skipped"
"Bob Kiss","Andy Montroll","skipped","skipped","skipped"
"Bob Kiss","Andy Montroll","Dan Smith","James Simpson","Kurt Wright"
"Kurt Wright","Dan Smith","Andy Montroll","James Simpson","skipped"
"Bob Kiss","skipped","skipped","skipped","skipped"
"Bob Kiss","Dan Smith","James Simpson","skipped","skipped"
"Bob Kiss","Andy Montroll","Dan Smith","skipped","skipped"
"Bob Kiss","Andy Montroll","Dan Smith","James Simpson","Kurt Wright"
"Bob Kiss","Andy Montroll","Dan Smith","skipped","skipped"
"Bob Kiss","Andy Montroll","skipped","skipped","skipped"
"Bob Kiss","Andy Montroll","Dan Smith","James Simpson","Kurt Wright"
"Bob Kiss","Andy Montroll","Kurt Wright","James Simpson","Dan Smith"
"Bob Kiss","Andy Montroll","James Simpson","Dan Smith","Kurt Wright"
"Andy Montroll","Bob Kiss","Dan Smith","skipped","skipped"
"Kurt Wright","Dan Smith","skipped","skipped","skipped"
"Bob Kiss","Dan Smith","Andy Montroll","skipped","skipped"
"Andy Montroll","Dan Smith","James Simpson","Bob Kiss","skipped"
"Bob Kiss","Andy Montroll","Dan Smith","James Simpson","skipped"
"Dan Smith","skipped","skipped","skipped","skipped"
"Andy Montroll","Bob Kiss","skipped","skipped","skipped"
"Andy Montroll","Kurt Wright","Dan Smith","Bob Kiss","James Simpson"
"Kurt Wright","skipped","skipped","skipped","skipped"
"Andy Montroll","skipped","skipped","skipped","skipped"
"Kurt Wright","Dan Smith","skipped","skipped","skipped"
"Bob Kiss","skipped","skipped","skipped","skipped"
"Bob Kiss","James Simpson","Andy Montroll","skipped","skipped"
"Bob Kiss","James Simpson","Andy Montroll","Dan Smith","Kurt Wright"
"Kurt Wright","Dan Smith","Bob Kiss","Andy Montroll","Write-in"
"Kurt Wright","skipped","skipped","skipped","skipped"
"Write-in","Bob Kiss","skipped","skipped","skipped"
"Andy Montroll","Bob Kiss","Dan Smith","James Simpson","Kurt Wright"
"Write-in","Bob Kiss","Kurt Wright","Andy Montroll","skipped"
"Kurt Wright","Dan Smith","skipped","skipped","skipped"
"Andy Montroll","Bob Kiss","James Simpson","Dan Smith","Kurt Wright"
"Bob Kiss","skipped","skipped","skipped","skipped"
"Dan Smith","Bob Kiss","Andy Montroll","James Simpson","Kurt Wright"
"Bob Kiss","skipped","skipped","skipped","skipped"
"Bob Kiss","Kurt Wright","Dan Smith","Andy Montroll","skipped"
"Bob Kiss","Andy Montroll","skipped","skipped","skipped"
"Andy Montroll","Bob Kiss","skipped","skipped","skipped"
"Dan Smith","Andy Montroll","Bob Kiss","skipped","skipped"
"Dan Smith","Andy Montroll","Bob Kiss","Kurt Wright","James Simpson"
"Kurt Wright","skipped","skipped","skipped","skipped"
"Bob Kiss","Andy Montroll","Dan Smith","Kurt Wright","skipped"
"Bob Kiss","Andy Montroll","Dan Smith","Kurt Wright","skipped"
"Bob Kiss","Andy Montroll","James Simpson","skipped","skipped"
"Bob Kiss","Andy Montroll","skipped","skipped","skipped"
"Bob Kiss","Andy Montroll","Dan Smith","skipped","skipped"
"Bob Kiss","Andy Montroll","James Simpson","Dan Smith","skipped"
"Dan Smith","skipped","skipped","skipped","skipped"
"Bob Kiss","Andy Montroll","Write-in","skipped","skipped"
"Bob Kiss","Dan Smith","James Simpson","skipped","skipped"
"Bob Kiss","Andy Montroll","Dan Smith","skipped","skipped"
"Bob Kiss","skipped","skipped","skipped","skipped"
"Kurt Wright","Dan Smith","James Simpson","Bob Kiss","Andy Montroll"
"Bob Kiss","Dan Smith","skipped","skipped","skipped"
"Bob Kiss","Andy Montroll","James Simpson","Dan Smith","Kurt Wright"
"Bob Kiss","skipped","skipped","skipped","skipped"
"Dan Smith","Kurt Wright","Andy Montroll","Bob Kiss","James Simpson"
"Kurt Wright","Dan Smith","James Simpson","Bob Kiss","Andy Montroll"
"Bob Kiss","Andy Montroll","Dan Smith","skipped","skipped"
"Kurt Wright","Andy Montroll","Dan Smith","skipped","skipped"
"Bob Kiss","Dan Smith","James Simpson","Andy Montroll","Kurt Wright"
"Bob Kiss","Andy Montroll","Dan Smith","skipped","skipped"
"Andy Montroll","Bob Kiss","James Simpson","Dan Smith","skipped"
"Bob Kiss","Andy Montroll","Kurt Wright","Dan Smith","James Simpson"
"Andy Montroll","Dan Smith","Bob Kiss","skipped","skipped"
"Andy Montroll","Dan Smith","Kurt Wright","Bob Kiss","skipped"
"Bob Kiss","James Simpson","Dan Smith","Andy Montroll","Kurt Wright"
"Bob Kiss","Dan Smith","Andy Montroll","James Simpson","Kurt Wright"
"Bob Kiss","Andy Montroll","Dan Smith","James Simpson","skipped"
"Bob Kiss","Andy Montroll","Dan Smith","Kurt Wright","James Simpson"
"Bob Kiss","Andy Montroll","James Simpson","Dan Smith","Kurt Wright"
"Bob Kiss","Dan Smith","Andy Montroll","skipped","skipped"
"Bob Kiss","Dan Smith","Andy Montroll","skipped","skipped"
"Bob Kiss","James Simpson","Dan Smith","Andy Montroll","skipped"
"Andy Montroll","Bob Kiss","Dan Smith","skipped","skipped"
"Kurt Wright","Andy Montroll","skipped","skipped","skipped"
"Andy Montroll","skipped","skipped","skipped","skipped"
"Bob Kiss","Dan Smith","Andy Montroll","skipped","skipped"
"Kurt Wright","Andy Montroll","Dan Smith","James Simpson","Bob Kiss"
"Andy Montroll","Kurt Wright","Dan Smith","Bob Kiss","skipped"
"Bob Kiss","Dan Smith","skipped","skipped","skipped"
"Dan Smith","Andy Montroll","Bob Kiss","skipped","skipped"
"Andy Montroll","Dan Smith","skipped","skipped","skipped"
"Dan Smith","Bob Kiss","skipped","skipped","skipped"
"Bob Kiss","Dan Smith","Andy Montroll","James Simpson","skipped"
"Bob Kiss","Dan Smith","Andy Montroll","Kurt Wright","James Simpson"
"Bob Kiss","Andy Montroll","Dan Smith","skipped","skipped"
"Bob Kiss","Andy Montroll","James Simpson","Dan Smith","Kurt Wright"
"Kurt Wright","skipped","skipped","skipped","skipped"
"Bob Kiss","Dan Smith","Andy Montroll","James Simpson","Kurt Wright"
"Bob Kiss","Andy Montroll","Dan Smith","James Simpson","Kurt Wright"
"Kurt Wright","James Simpson","Dan Smith","Andy Montroll","Write-in"
"Dan Smith","Kurt Wright","Andy Montroll","Bob Kiss","James Simpson"
"Andy Montroll","Dan Smith","skipped","skipped","skipped"
"Andy Montroll","Dan Smith","Bob Kiss","James Simpson","Kurt Wright"
"Andy Montroll","Bob Kiss","skipped","skipped","skipped"
"Kurt Wright","skipped","skipped","skipped","skipped"
"Bob Kiss","Dan Smith","Andy Montroll","skipped","skipped"
"Bob Kiss","Dan Smith","Andy Montroll","Kurt Wright","James Simpson"
"Write-in","skipped","skipped","skipped","skipped"
"Andy Montroll","Bob Kiss","Kurt Wright","Dan Smith","James Simpson"
"Bob Kiss","Andy Montroll","Dan Smith","James Simpson","Kurt Wright"
"Bob Kiss","Dan Smith","Andy Montroll","James Simpson","Kurt Wright"
"Andy Montroll","Kurt Wright","Dan Smith","James Simpson","Bob Kiss"
"Andy Montroll","Kurt Wright","Dan Smith","James Simpson","Bob Kiss"
"Bob Kiss","skipped","skipped","skipped","skipped"
"Bob Kiss","Andy Montroll","skipped","skipped","skipped"
"Dan Smith","Bob Kiss","James Simpson","skipped","skipped"
"Dan Smith","Andy Montroll","skipped","skipped","skipped"
"Dan Smith","Bob Kiss","James Simpson","Andy Montroll","Kurt Wright"
"Bob Kiss","Kurt Wright","James Simpson","Andy Montroll","Dan Smith"
"Dan Smith","Andy Montroll","James Simpson","Kurt Wright","Bob Kiss"
"Dan Smith","Andy Montroll","Kurt Wright","skipped","Bob Kiss"
"Dan Smith","Kurt Wright","Bob Kiss","Andy Montroll","James Simpson"
"Andy Montroll","Dan Smith","Kurt Wright","Bob Kiss","James Simpson"
"Bob Kiss","Dan Smith","skipped","skipped","skipped"
"Bob Kiss","Andy Montroll","Dan Smith","James Simpson","skipped"
"Kurt Wright","Bob Kiss","Andy Montroll","James Simpson","Dan Smith"
"Andy Montroll","Bob Kiss","Dan Smith","skipped","skipped"
"Bob Kiss","James Simpson","Andy Montroll","Dan Smith","Kurt Wright"
"Bob Kiss","Andy Montroll","skipped","skipped","skipped"
"Bob Kiss","Andy Montroll","Dan Smith","skipped","skipped"
"Andy Montroll","Kurt Wright","Dan Smith","skipped","skipped"
"Dan Smith","Bob Kiss","Andy Montroll","James Simpson","Kurt Wright"
"Andy Montroll","Bob Kiss","Dan Smith","Kurt Wright","James Simpson"
"Bob Kiss","Andy Montroll","Dan Smith","James Simpson","Kurt Wright"
"Bob Kiss","skipped","skipped","skipped","skipped"
"Bob Kiss","Dan Smith","James Simpson","skipped","skipped"
"Bob Kiss","Andy Montroll","Kurt Wright","skipped","skipped"
"Bob Kiss","Kurt Wright","Dan Smith","skipped","skipped"
"Andy Montroll","Kurt Wright","Bob Kiss","Dan Smith","James Simpson"
"Andy Montroll","Kurt Wright","Bob Kiss","Dan Smith","James Simpson"
"Dan Smith","Kurt Wright","Andy Montroll","James Simpson","skipped"
"Andy Montroll","Kurt Wright","Dan Smith","Bob Kiss","James Simpson"
"Kurt Wright","Dan Smith","Andy Montroll","skipped","skipped"
"Bob Kiss","Andy Montroll","Dan Smith","Kurt Wright","James Simpson"
"Dan Smith","Kurt Wright","Andy Montroll","skipped","skipped"
"Kurt Wright","Dan Smith","James Simpson","Andy Montroll","skipped"
"Kurt Wright","skipped","skipped","skipped","skipped"
"Kurt Wright","skipped","skipped","skipped","skipped"
"Dan Smith","Andy Montroll","Kurt Wright","skipped","skipped"
"Kurt Wright","Bob Kiss","Andy Montroll","Dan Smith","James Simpson"
"Andy Montroll","Dan Smith","Bob Kiss","skipped","skipped"
"Dan Smith","Andy Montroll","Bob Kiss","skipped","skipped"
"Bob Kiss","Andy Montroll","skipped","skipped","skipped"
"Dan Smith","skipped","skipped","skipped","skipped"
"Andy Montroll","Kurt Wright","skipped","skipped","skipped"
"Kurt Wright","Dan Smith","skipped","skipped","skipped"
"Andy Montroll","Bob Kiss","skipped","skipped","Kurt Wright"
"Dan Smith","Andy Montroll","Bob Kiss","skipped","skipped"
"Andy Montroll","Dan Smith","skipped","skipped","skipped"
"Kurt Wright","Dan Smith","Andy Montroll","James Simpson","Bob Kiss"
"Bob Kiss","skipped","skipped","skipped","skipped"
"Kurt Wright","Dan Smith","Andy Montroll","James Simpson","Bob Kiss"
"Bob Kiss","Dan Smith","Kurt Wright","Andy Montroll","skipped"
"Dan Smith","Andy Montroll","Kurt Wright","skipped","skipped"
"Andy Montroll","Dan Smith","Bob Kiss","Kurt Wright","skipped"
"Kurt Wright","Bob Kiss","skipped","skipped","skipped"
"Bob Kiss","Andy Montroll","skipped","skipped","skipped"
"Bob Kiss","Dan Smith","Andy Montroll","Kurt Wright","James Simpson"
"Bob Kiss","Andy Montroll","James Simpson","Dan Smith","Kurt Wright"
"Andy Montroll","skipped","skipped","skipped","skipped"
"Andy Montroll","Dan Smith","Bob Kiss","Kurt Wright","James Simpson"
"Kurt Wright","Andy Montroll","Dan Smith","Bob Kiss","skipped"
"Andy Montroll","James Simpson","Dan Smith","Kurt Wright","Bob Kiss"
"Kurt Wright","skipped","skipped","skipped","skipped"
"Kurt Wright","skipped","skipped","skipped","skipped"
"Kurt Wright","James Simpson","Andy Montroll","Dan Smith","Bob Kiss"
"Bob Kiss","Andy Montroll","skipped","skipped","skipped"
"Andy Montroll","Dan Smith","skipped","skipped","skipped"
"Andy Montroll","Dan Smith","skipped","skipped","skipped"
"Bob Kiss","Andy Montroll","Dan Smith","skipped","skipped"
"Bob Kiss","Dan Smith","Andy Montroll","skipped","skipped"
"Bob Kiss","Andy Montroll","skipped","skipped","skipped"
"Dan Smith","Bob Kiss","Andy Montroll","James Simpson","skipped"
"Bob Kiss","Andy Montroll","James Simpson","Kurt Wright","Dan Smith"
"Bob Kiss","James Simpson","Dan Smith","Andy Montroll","skipped"
"Andy Montroll","Dan Smith","Bob Kiss","skipped","skipped"
"Bob Kiss","skipped","skipped","skipped","skipped"
"Kurt Wright","skipped","skipped","skipped","skipped"
"Bob Kiss","Dan Smith","Andy Montroll","skipped","skipped"
"Andy Montroll","Bob Kiss","Dan Smith","Kurt Wright","James Simpson"
"Andy Montroll","Dan Smith","Bob Kiss","Kurt Wright","skipped"
"Dan Smith","Andy Montroll","skipped","skipped","skipped"
"Dan Smith","Andy Montroll","skipped","skipped","skipped"
"Andy Montroll","James Simpson","Dan Smith","Bob Kiss","Kurt Wright"
"Andy Montroll","James Simpson","Dan Smith","Kurt Wright","Bob Kiss"
"Bob Kiss","skipped","skipped","skipped","skipped"
"Bob Kiss","Dan Smith","Kurt Wright","Andy Montroll","skipped"
"Dan Smith","Andy Montroll","Bob Kiss","James Simpson","Kurt Wright"
"Bob Kiss","Kurt Wright","Dan Smith","Andy Montroll","skipped"
"Andy Montroll","Bob Kiss","James Simpson","Dan Smith","skipped"
"Bob Kiss","Andy Montroll","Dan Smith","James Simpson","Kurt Wright"
"Andy Montroll","Bob Kiss","Dan Smith","skipped","skipped"
"Bob Kiss","James Simpson","skipped","skipped","skipped"
"Andy Montroll","skipped","skipped","skipped","skipped"
"Andy Montroll","Bob Kiss","Dan Smith","James Simpson","Kurt Wright"
"Dan Smith","Bob Kiss","Andy Montroll","skipped","skipped"
"Andy Montroll","Kurt Wright","skipped","skipped","skipped"
"Dan Smith","Andy Montroll","Kurt Wright","Bob Kiss","skipped"
"skipped","skipped","skipped","skipped","skipped"
"Bob Kiss","Dan Smith","Kurt Wright","skipped","skipped"
"Dan Smith","Andy Montroll","Kurt Wright","Bob Kiss","skipped"
"Bob Kiss","Dan Smith","Andy Montroll","James Simpson","Kurt Wright"
"Bob Kiss","Andy Montroll","James Simpson","skipped","skipped"
"Andy Montroll","Dan Smith","skipped","skipped","skipped"
"Bob Kiss","Andy Montroll","James Simpson","skipped","skipped"
"Bob Kiss","Andy Montroll","Dan Smith","James Simpson","skipped"
"Bob Kiss","Andy Montroll","skipped","skipped","skipped"
"Bob Kiss","James Simpson","Andy Montroll","skipped","skipped"
"Dan Smith","Bob Kiss","Andy Montroll","skipped","skipped"
"Dan Smith","Bob Kiss","skipped","skipped","skipped"
"Bob Kiss","skipped","skipped","skipped","skipped"
"Bob Kiss","Andy Montroll","Kurt Wright","James Simpson","Dan Smith"
"Bob Kiss","Andy Montroll","Dan Smith","Kurt Wright","James Simpson"
"Bob Kiss","Andy Montroll","Dan Smith","James Simpson","Kurt Wright"
"Dan Smith","Andy Montroll","Bob Kiss","skipped","skipped"
"Andy Montroll","Kurt Wright","skipped","skipped","skipped"
"Dan Smith","Bob Kiss","Kurt Wright","Andy Montroll","skipped"
"Kurt Wright","Andy Montroll","Dan Smith","skipped","skipped"
"Dan Smith","Bob Kiss","Kurt Wright","skipped","skipped"
"Andy Montroll","Bob Kiss","Dan Smith","Kurt Wright","James Simpson"
"Bob Kiss","Andy Montroll","skipped","skipped","skipped"
"Bob Kiss","Andy Montroll","Dan Smith","James Simpson","Kurt Wright"
"Kurt Wright","Dan Smith","skipped","skipped","skipped"
"Kurt Wright","skipped","skipped","skipped","skipped"
"Kurt Wright","Dan Smith","Andy Montroll","skipped","skipped"
"Dan Smith","Kurt Wright","Andy Montroll","James Simpson","Bob Kiss"
"Kurt Wright","Andy Montroll","skipped","skipped","skipped"
"Bob Kiss","Andy Montroll","Dan Smith","James Simpson","Kurt Wright"
"Kurt Wright","Dan Smith","skipped","skipped","skipped"
"Andy Montroll","Bob Kiss","skipped","skipped","skipped"
"Dan Smith","Kurt Wright","Andy Montroll","Bob Kiss","James Simpson"
"Kurt Wright","Dan Smith","Andy Montroll","Bob Kiss","James Simpson"
"Bob Kiss","Dan Smith","Andy Montroll","James Simpson","Kurt Wright"
"Dan Smith","Andy Montroll","Kurt Wright","Bob Kiss","James Simpson"
"Kurt Wright","Bob Kiss","Dan Smith","James Simpson","Andy Montroll"
"Dan Smith","Andy Montroll","skipped","skipped","skipped"
"Dan Smith","Andy Montroll","skipped","skipped","skipped"
"Kurt Wright","Bob Kiss","Andy Montroll","Dan Smith","James Simpson"
"Kurt Wright","Dan Smith","Andy Montroll","Bob Kiss","James Simpson"
"Kurt Wright","Dan Smith","Bob Kiss","skipped","skipped"
"Kurt Wright","Andy Montroll","Dan Smith","skipped","skipped"
"Kurt Wright","skipped","skipped","skipped","skipped"
"Bob Kiss","Kurt Wright","skipped","skipped","skipped"
"Bob Kiss","Andy Montroll","skipped","skipped","skipped"
"Kurt Wright","Andy Montroll","skipped","skipped","skipped"
"Kurt Wright","skipped","skipped","skipped","skipped"
"Dan Smith","Kurt Wright","skipped","skipped","skipped"
"Dan Smith","Kurt Wright","Bob Kiss","skipped","skipped"
"Kurt Wright","Andy Montroll","Dan Smith","skipped","skipped"
"Kurt Wright","Dan Smith","Andy Montroll","James Simpson","Bob Kiss"
"Andy Montroll","Bob Kiss","Dan Smith","skipped","skipped"
"Kurt Wright","skipped","skipped","skipped","skipped"
"Kurt Wright","Andy Montroll","Dan Smith","James Simpson","Bob Kiss"
"Kurt Wright","skipped","skipped","skipped","skipped"
"Andy Montroll","Dan Smith","skipped","skipped","skipped"
"Kurt Wright","Dan Smith","Andy Montroll","skipped","skipped"
"Andy Montroll","Bob Kiss","Dan Smith","skipped","skipped"
"Bob Kiss","Andy Montroll","Dan Smith","James Simpson","skipped"
"Kurt Wright","Bob Kiss","Dan Smith","Andy Montroll","James Simpson"
"Kurt Wright","Andy Montroll","James Simpson","skipped","skipped"
"Kurt Wright","Dan Smith","skipped","skipped","skipped"
"Kurt Wright","skipped","skipped","skipped","skipped"
"Kurt Wright","skipped","skipped","skipped","skipped"
"Kurt Wright","Dan Smith","Andy Montroll","James Simpson","Bob Kiss"
"Bob Kiss","Andy Montroll","Dan Smith","skipped","skipped"
"Andy Montroll","Bob Kiss","Dan Smith","skipped","skipped"
"Kurt Wright","Dan Smith","skipped","skipped","skipped"
"Andy Montroll","Bob Kiss","Dan Smith","Write-in","James Simpson"
"Andy Montroll","Bob Kiss","Dan Smith","Kurt Wright","James Simpson"
"Andy Montroll","Bob Kiss","Kurt Wright","skipped","skipped"
"Andy Montroll","Kurt Wright","skipped","skipped","skipped"
"Kurt Wright","Andy Montroll","Dan Smith","Bob Kiss","James Simpson"
"Kurt Wright","Dan Smith","skipped","skipped","skipped"
"Kurt Wright","Write-in","skipped","skipped","skipped"
"Andy Montroll","Bob Kiss","Kurt Wright","Dan Smith","James Simpson"
"Kurt Wright","Dan Smith","Bob Kiss","Andy Montroll","James Simpson"
"Bob Kiss","Andy Montroll","Dan Smith","skipped","skipped"
"Andy Montroll","Dan Smith","Bob Kiss","James Simpson","Kurt Wright"
"Dan Smith","Bob Kiss","Andy Montroll","Kurt Wright","skipped"
"Kurt Wright","Dan Smith","skipped","skipped","skipped"
"Kurt Wright","skipped","skipped","skipped","skipped"
"skipped","skipped","skipped","skipped","Kurt Wright"
"Dan Smith","Andy Montroll","Bob Kiss","Kurt Wright","James Simpson"
"Kurt Wright","Dan Smith","Andy Montroll","Bob Kiss","James Simpson"
"Bob Kiss","Andy Montroll","Dan Smith","Kurt Wright","James Simpson"
"Andy Montroll","Bob Kiss","Kurt Wright","Dan Smith","James Simpson"
"Kurt Wright","Dan Smith","Andy Montroll","skipped","skipped"
"Bob Kiss","Andy Montroll","skipped","skipped","skipped"
"Andy Montroll","Bob Kiss","Dan Smith","James Simpson","Kurt Wright"
"Andy Montroll","Dan Smith","Bob Kiss","James Simpson","Kurt Wright"
"Bob Kiss","Andy Montroll","Dan Smith","James Simpson","skipped"
"Bob Kiss","Kurt Wright","Andy Montroll","Dan Smith","James Simpson"
"Kurt Wright","Andy Montroll","skipped","skipped","skipped"
"Dan Smith","Kurt Wright","skipped","skipped","skipped"
"Bob Kiss","Andy Montroll","Dan Smith","skipped","skipped"
"Kurt Wright","skipped","skipped","skipped","skipped"
"Kurt Wright","skipped","skipped","skipped","skipped"
"Bob Kiss","Andy Montroll","skipped","skipped","skipped"
"Bob Kiss","James Simpson","Dan Smith","skipped","skipped"
"Bob Kiss","Andy Montroll","James Simpson","Dan Smith","skipped"
"Bob Kiss","Andy Montroll","James Simpson","Dan Smith","skipped"
"Kurt Wright","Dan Smith","skipped","skipped","skipped"
"Bob Kiss","Dan Smith","Andy Montroll","James Simpson","Kurt Wright"
"Andy Montroll","Dan Smith","Kurt Wright","Bob Kiss","James Simpson"
"Dan Smith","Kurt Wright","Andy Montroll","Bob Kiss","skipped"
"Kurt Wright","skipped","skipped","skipped","skipped"
"Kurt Wright","skipped","skipped","skipped","skipped"
"Kurt Wright","skipped","skipped","skipped","Bob Kiss"
"Kurt Wright","Dan Smith","Andy Montroll","skipped","skipped"
"Bob Kiss","Andy Montroll","skipped","skipped","skipped"
"Bob Kiss","Andy Montroll","James Simpson","Dan Smith","Kurt Wright"
"Bob Kiss","Andy Montroll","James Simpson","Dan Smith","skipped"
"Andy Montroll","Kurt Wright","Dan Smith","Bob Kiss","skipped"
"Bob Kiss","Andy Montroll","Kurt Wright","Dan Smith","James Simpson"
"Dan Smith","Andy Montroll","Bob Kiss","skipped","skipped"
"Kurt Wright","Dan Smith","Andy Montroll","James Simpson","Bob Kiss"
"Bob Kiss","Kurt Wright","Andy Montroll","Dan Smith","skipped"
"Kurt Wright","Dan Smith","Andy Montroll","James Simpson","Bob Kiss"
"Bob Kiss","skipped","skipped","skipped","skipped"
"Andy Montroll","Bob Kiss","Dan Smith","James Simpson","Kurt Wright"
"Bob Kiss","Dan Smith","Andy Montroll","James Simpson","Kurt Wright"
"Kurt Wright","Dan Smith","Andy Montroll","Bob Kiss","James Simpson"
"Kurt Wright","Bob Kiss","Andy Montroll","Dan Smith","James Simpson"
"Kurt Wright","Dan Smith","skipped","skipped","skipped"
"Kurt Wright","James Simpson","Bob Kiss","Andy Montroll","Dan Smith"
"Dan Smith","skipped","skipped","skipped","skipped"
"Dan Smith","Kurt Wright","skipped","skipped","skipped"
"Kurt Wright","Andy Montroll","Dan Smith","James Simpson","Bob Kiss"
"Kurt Wright","Dan Smith","skipped","skipped","skipped"
"Kurt Wright","Dan Smith","skipped","skipped","skipped"
"Kurt Wright","Dan Smith","skipped","skipped","skipped"
"Kurt Wright","Dan Smith","Bob Kiss","Andy Montroll","James Simpson"
"Kurt Wright","Dan Smith","skipped","skipped","skipped"
"Andy Montroll","Bob Kiss","skipped","skipped","skipped"
"Dan Smith","Andy Montroll","Kurt Wright","skipped","skipped"
"Andy Montroll","Bob Kiss","James Simpson","Dan Smith","Kurt Wright"
"Kurt Wright","Dan Smith","Andy Montroll","Bob Kiss","James Simpson"
"Kurt Wright","Dan Smith","Andy Montroll","Bob Kiss","James Simpson"
"Kurt Wright","skipped","skipped","skipped","skipped"
"Bob Kiss","Andy Montroll","James Simpson","Dan Smith","skipped"
"Kurt Wright","skipped","skipped","skipped","skipped"
"Bob Kiss","Andy Montroll","Kurt Wright","skipped","skipped"
"Kurt Wright","Dan Smith","skipped","skipped","skipped"
"Andy Montroll","Bob Kiss","Dan Smith","Kurt Wright","skipped"
"Bob Kiss","Andy Montroll","skipped","skipped","skipped"
"Bob Kiss","Andy Montroll","Dan Smith","Kurt Wright","James Simpson"
"Kurt Wright","Dan Smith","skipped","skipped","skipped"
"Bob Kiss","Dan Smith","Andy Montroll","Kurt Wright","James Simpson"
"Andy Montroll","Kurt Wright","skipped","skipped","skipped"
"Andy Montroll","Kurt Wright","Bob Kiss","skipped","skipped"
"Bob Kiss","Andy Montroll","skipped","skipped","skipped"
"Kurt Wright","Dan Smith","Andy Montroll","skipped","skipped"
"Kurt Wright","skipped","skipped","skipped","skipped"
"Kurt Wright","Andy Montroll","skipped","skipped","skipped"
"Kurt Wright","skipped","skipped","skipped","skipped"
"Kurt Wright","skipped","skipped","skipped","skipped"
"Kurt Wright","skipped","skipped","skipped","skipped"
"Kurt Wright","Andy Montroll","Dan Smith","Bob Kiss","James Simpson"
"Bob Kiss","Dan Smith","Andy Montroll","James Simpson","Write-in"
"Kurt Wright","Andy Montroll","Dan Smith","Bob Kiss","skipped"
"Andy Montroll","Kurt Wright","Dan Smith","Bob Kiss","skipped"
"Andy Montroll","James Simpson","Bob Kiss","skipped","skipped"
"Andy Montroll","Bob Kiss","Dan Smith","James Simpson","Kurt Wright"
"Andy Montroll","Dan Smith","Bob Kiss","skipped","skipped"
"Kurt Wright","Bob Kiss","skipped","skipped","skipped"
"Andy Montroll","Bob Kiss","Kurt Wright","skipped","skipped"
"Dan Smith","Andy Montroll","Bob Kiss","skipped","skipped"
"Kurt Wright","skipped","skipped","skipped","skipped"
"Kurt Wright","Dan Smith","skipped","skipped","skipped"
"Dan Smith","Andy Montroll","skipped","skipped","skipped"
"Andy Montroll","Bob Kiss","Dan Smith","skipped","skipped"
"Andy Montroll","Bob Kiss","Kurt Wright","skipped","skipped"
"Bob Kiss","Andy Montroll","skipped","skipped","skipped"
"Andy Montroll","Bob Kiss","Kurt Wright","Dan Smith","skipped"
"Andy Montroll","Dan Smith","Kurt Wright","Write-in","skipped"
"Kurt Wright","Dan Smith","Andy Montroll","Bob Kiss","James Simpson"
"Kurt Wright","Dan Smith","James Simpson","Andy Montroll","Bob Kiss"
"Bob Kiss","Andy Montroll","Kurt Wright","James Simpson","Dan Smith"
"Kurt Wright","Andy Montroll","skipped","skipped","skipped"
"Kurt Wright","skipped","skipped","skipped","skipped"
"Andy Montroll","Bob Kiss","Dan Smith","skipped","skipped"
"Bob Kiss","Andy Montroll","skipped","skipped","skipped"
"Bob Kiss","Andy Montroll","Dan Smith","skipped","skipped"
"Kurt Wright","Andy Montroll","Bob Kiss","Dan Smith","James Simpson"
"Bob Kiss","Dan Smith","Andy Montroll","Kurt Wright","James Simpson"
"Bob Kiss","Dan Smith","Andy Montroll","skipped","skipped"
"Bob Kiss","Dan Smith","skipped","skipped","skipped"
"Dan Smith","Kurt Wright","skipped","skipped","skipped"
"Bob Kiss","Andy Montroll","skipped","skipped","skipped"
"Kurt Wright","Bob Kiss","Andy Montroll","Dan Smith","skipped"
"Andy Montroll","Bob Kiss","Dan Smith","Kurt Wright","James Simpson"
"Bob Kiss","Dan Smith","James Simpson","Andy Montroll","skipped"
"Bob Kiss","Kurt Wright","Andy Montroll","Dan Smith","skipped"
"Kurt Wright","Andy Montroll","Dan Smith","Bob Kiss","James Simpson"
"Bob Kiss","Dan Smith","James Simpson","Andy Montroll","Kurt Wright"
"Andy Montroll","Kurt Wright","Bob Kiss","James Simpson","Dan Smith"
"Kurt Wright","skipped","skipped","skipped","skipped"
"Bob Kiss","Andy Montroll","Dan Smith","skipped","skipped"
"Dan Smith","Kurt Wright","Bob Kiss","Andy Montroll","James Simpson"
"Kurt Wright","skipped","skipped","skipped","skipped"
"Kurt Wright","Andy Montroll","James Simpson","Dan Smith","Bob Kiss"
"Kurt Wright","skipped","skipped","skipped","skipped"
"Kurt Wright","Andy Montroll","skipped","skipped","skipped"
"Bob Kiss","Andy Montroll","Dan Smith","Kurt Wright","skipped"
"Bob Kiss","Andy Montroll","Dan Smith","skipped","skipped"
"Kurt Wright","Dan Smith","skipped","skipped","skipped"
"Kurt Wright","Dan Smith","James Simpson","Bob Kiss","Andy Montroll"
"Kurt Wright","Dan Smith","James Simpson","Bob Kiss","Andy Montroll"
"Dan Smith","Bob Kiss","Andy Montroll","James Simpson","skipped"
"Bob Kiss","Kurt Wright","Andy Montroll","Dan Smith","skipped"
"Kurt Wright","Andy Montroll","skipped","skipped","skipped"
"Dan Smith","Andy Montroll","James Simpson","Bob Kiss","Kurt Wright"
"Bob Kiss","Kurt Wright","skipped","skipped","skipped"
"Andy Montroll","Kurt Wright","Dan Smith","skipped","skipped"
"Kurt Wright","Andy Montroll","Bob Kiss","skipped","skipped"
"Andy Montroll","Kurt Wright","Dan Smith","skipped","skipped"
"Andy Montroll","Dan Smith","Bob Kiss","James Simpson","skipped"
"Andy Montroll","Kurt Wright","skipped","skipped","skipped"
"Andy Montroll","Write-in","skipped","skipped","skipped"
"Bob Kiss","Andy Montroll","skipped","skipped","skipped"
"Kurt Wright","Andy Montroll","Dan Smith","Bob Kiss","skipped"
"Kurt Wright","Andy Montroll","Dan Smith","Bob Kiss","skipped"
"Dan Smith","Andy Montroll","Kurt Wright","skipped","skipped"
"Kurt Wright","Andy Montroll","Dan Smith","skipped","skipped"
"Bob Kiss","Andy Montroll","Dan Smith","Kurt Wright","James Simpson"
"Dan Smith","Andy Montroll","Kurt Wright","Bob Kiss","skipped"
"Bob Kiss","Andy Montroll","Write-in","skipped","skipped"
"Dan Smith","Andy Montroll","skipped","skipped","skipped"
"Kurt Wright","skipped","skipped","skipped","skipped"
"Kurt Wright","skipped","skipped","skipped","skipped"
"Bob Kiss","skipped","skipped","skipped","skipped"
"Bob Kiss","Andy Montroll","skipped","skipped","skipped"
"Kurt Wright","skipped","skipped","skipped","skipped"
"Dan Smith","Kurt Wright","skipped","skipped","skipped"
"Andy Montroll","Bob Kiss","Dan Smith","Kurt Wright","skipped"
"Dan Smith","Kurt Wright","skipped","skipped","skipped"
"Kurt Wright","skipped","skipped","skipped","skipped"
"Bob Kiss","skipped","skipped","skipped","skipped"
"Bob Kiss","Kurt Wright","Andy Montroll","skipped","skipped"
"Dan Smith","Andy Montroll","Bob Kiss","Kurt Wright","James Simpson"
"Andy Montroll","Kurt Wright","Bob Kiss","Dan Smith","James Simpson"
"Andy Montroll","Kurt Wright","Dan Smith","skipped","skipped"
"Andy Montroll","Kurt Wright","Dan Smith","James Simpson","skipped"
"Kurt Wright","Dan Smith","James Simpson","Andy Montroll","Bob Kiss"
"Bob Kiss","Kurt Wright","Andy Montroll","Dan Smith","James Simpson"
"Kurt Wright","Andy Montroll","skipped","skipped","skipped"
"Bob Kiss","skipped","skipped","skipped","skipped"
"Bob Kiss","Dan Smith","James Simpson","Andy Montroll","Kurt Wright"
"Kurt Wright","Dan Smith","Andy Montroll","Bob Kiss","James Simpson"
"Bob Kiss","Andy Montroll","skipped","skipped","skipped"
"Andy Montroll","skipped","skipped","skipped","skipped"
"Kurt Wright","Dan Smith","Andy Montroll","skipped","skipped"
"Andy Montroll","Kurt Wright","Dan Smith","skipped","skipped"
"Kurt Wright","Andy Montroll","Dan Smith","skipped","skipped"
"Andy Montroll","Bob Kiss","Dan Smith","Kurt Wright","James Simpson"
"Kurt Wright","skipped","skipped","skipped","skipped"
"Andy Montroll","Bob Kiss","Dan Smith","skipped","skipped"
"Andy Montroll","skipped","skipped","skipped","skipped"
"Andy Montroll","skipped","skipped","skipped","skipped"
"Bob Kiss","Dan Smith","Andy Montroll","skipped","skipped"
"Andy Montroll","Bob Kiss","Kurt Wright","Dan Smith","James Simpson"
"Bob Kiss","Kurt Wright","Andy Montroll","Dan Smith","skipped"
"Andy Montroll","Bob Kiss","Dan Smith","skipped","skipped"
"Andy Montroll","Bob Kiss","Dan Smith","James Simpson","Kurt Wright"
"Kurt Wright","Dan Smith","Write-in","James Simpson","skipped"
"Andy Montroll","Kurt Wright","Dan Smith","Bob Kiss","James Simpson"
"Dan Smith","skipped","skipped","skipped","skipped"
"Andy Montroll","Dan Smith","Kurt Wright","Bob Kiss","James Simpson"
"Andy Montroll","Dan Smith","Kurt Wright","skipped","skipped"
"Kurt Wright","Andy Montroll","Dan Smith","Bob Kiss","skipped"
"Kurt Wright","Dan Smith","skipped","skipped","skipped"
"Bob Kiss","Andy Montroll","skipped","skipped","skipped"
"Bob Kiss","Andy Montroll","skipped","skipped","skipped"
"Kurt Wright","skipped","skipped","skipped","skipped"
"Kurt Wright","skipped","skipped","skipped","skipped"
"Kurt Wright","Bob Kiss","Andy Montroll","Dan Smith","James Simpson"
"Kurt Wright","Bob Kiss","Andy Montroll","Dan Smith","James Simpson"
"Kurt Wright","skipped","skipped","skipped","skipped"
"Kurt Wright","Dan Smith","skipped","skipped","skipped"
"Kurt Wright","Andy Montroll","skipped","skipped","skipped"
"Kurt Wright","Dan Smith","skipped","skipped","skipped"
"Bob Kiss","Kurt Wright","Andy Montroll","Dan Smith","James Simpson"
"Kurt Wright","Dan Smith","James Simpson","Bob Kiss","Andy Montroll"
"Bob Kiss","Andy Montroll","skipped","skipped","skipped"
"Kurt Wright","skipped","skipped","skipped","skipped"
"Andy Montroll","Bob Kiss","skipped","skipped","skipped"
"Kurt Wright","Dan Smith","Andy Montroll","James Simpson","Bob Kiss"
"Bob Kiss","Kurt Wright","Andy Montroll","skipped","skipped"
"Kurt Wright","skipped","skipped","skipped","skipped"
"Andy Montroll","Kurt Wright","Dan Smith","skipped","Bob Kiss"
"Bob Kiss","Kurt Wright","skipped","skipped","skipped"
"Dan Smith","Andy Montroll","Bob Kiss","skipped","skipped"
"Kurt Wright","James Simpson","Dan Smith","Andy Montroll","Bob Kiss"
"Bob Kiss","Kurt Wright","Dan Smith","Andy Montroll","skipped"
"Kurt Wright","Bob Kiss","skipped","skipped","skipped"
"Bob Kiss","Andy Montroll","skipped","skipped","skipped"
"Kurt Wright","skipped","skipped","skipped","skipped"
"Andy Montroll","Dan Smith","Kurt Wright","James Simpson","Bob Kiss"
"Dan Smith","Bob Kiss","Andy Montroll","Kurt Wright","skipped"
"Andy Montroll","Dan Smith","skipped","skipped","skipped"
"Andy Montroll","Bob Kiss","Dan Smith","Kurt Wright","James Simpson"
"Kurt Wright","Andy Montroll","skipped","skipped","skipped"
"Kurt Wright","Bob Kiss","Dan Smith","Andy Montroll","James Simpson"
"Bob Kiss","Andy Montroll","James Simpson","Dan Smith","Kurt Wright"
"Kurt Wright","Andy Montroll","Dan Smith","James Simpson","Bob Kiss"
"Kurt Wright","Andy Montroll","Dan Smith","James Simpson","Bob Kiss"
"Dan Smith","Andy Montroll","Kurt Wright","skipped","skipped"
"Andy Montroll","Kurt Wright","Bob Kiss","Dan Smith","skipped"
"Kurt Wright","skipped","skipped","skipped","skipped"
"Kurt Wright","Dan Smith","Bob Kiss","Andy Montroll","James Simpson"
"Dan Smith","Andy Montroll","skipped","skipped","skipped"
"Bob Kiss","Kurt Wright","skipped","skipped","skipped"
"Kurt Wright","Andy Montroll","Dan Smith","Bob Kiss","James Simpson"
"Kurt Wright","Andy Montroll","Dan Smith","Bob Kiss","James Simpson"
"Kurt Wright","Bob Kiss","Dan Smith","skipped","skipped"
"Kurt Wright","skipped","skipped","skipped","skipped"
"Kurt Wright","Andy Montroll","skipped","skipped","skipped"
"Kurt Wright","Dan Smith","Andy Montroll","skipped","skipped"
"Bob Kiss","Andy Montroll","skipped","skipped","skipped"
"Kurt Wright","skipped","skipped","skipped","skipped"
"Bob Kiss","Andy Montroll","James Simpson","Kurt Wright","Dan Smith"
"Kurt Wright","Bob Kiss","Dan Smith","James Simpson","Andy Montroll"
"Kurt Wright","Bob Kiss","skipped","skipped","skipped"
"Dan Smith","James Simpson","Andy Montroll","Bob Kiss","Kurt Wright"
"Dan Smith","James Simpson","Andy Montroll","skipped","skipped"
"Bob Kiss","Andy Montroll","skipped","skipped","skipped"
"Kurt Wright","Dan Smith","Andy Montroll","James Simpson","Bob Kiss"
"Bob Kiss","Andy Montroll","Dan Smith","skipped","skipped"
"Write-in","skipped","skipped","skipped","skipped"
"Dan Smith","Kurt Wright","Bob Kiss","Andy Montroll","James Simpson"
"Kurt Wright","skipped","skipped","skipped","skipped"
"Kurt Wright","Andy Montroll","skipped","skipped","skipped"
"Kurt Wright","skipped","skipped","skipped","skipped"
"Kurt Wright","Andy Montroll","Bob Kiss","Dan Smith","James Simpson"
"Kurt Wright","Dan Smith","Andy Montroll","skipped","skipped"
"Kurt Wright","Andy Montroll","James Simpson","Bob Kiss","Dan Smith"
"Kurt Wright","Dan Smith","Andy Montroll","skipped","skipped"
"Kurt Wright","Andy Montroll","Dan Smith","skipped","skipped"
"Bob Kiss","skipped","skipped","skipped","skipped"
"Kurt Wright","skipped","skipped","skipped","skipped"
"Kurt Wright","Dan Smith","Andy Montroll","skipped","skipped"
"Kurt Wright","Dan Smith","skipped","Andy Montroll","Bob Kiss"
"Andy Montroll","Dan Smith","skipped","skipped","skipped"
"Kurt Wright","Andy Montroll","Bob Kiss","skipped","skipped"
"Kurt Wright","Dan Smith","Bob Kiss","Andy Montroll","skipped"
"Kurt Wright","Andy Montroll","Dan Smith","skipped","skipped"
"Kurt Wright","Bob Kiss","Dan Smith","Andy Montroll","James Simpson"
"Bob Kiss","Andy Montroll","Dan Smith","skipped","skipped"
"Kurt Wright","Andy Montroll","Dan Smith","Bob Kiss","skipped"
"Dan Smith","Kurt Wright","Andy Montroll","Bob Kiss","James Simpson"
"Dan Smith","Bob Kiss","Andy Montroll","James Simpson","Kurt Wright"
"Bob Kiss","Andy Montroll","Dan Smith","Kurt Wright","skipped"
"Andy Montroll","skipped","skipped","James Simpson","Dan Smith"
"Kurt Wright","skipped","skipped","skipped","skipped"
"Bob Kiss","Andy Montroll","skipped","skipped","skipped"
"Andy Montroll","Bob Kiss","Kurt Wright","Dan Smith","skipped"
"Bob Kiss","Andy Montroll","Kurt Wright","Dan Smith","James Simpson"
"Bob Kiss","Andy Montroll","Kurt Wright","Dan Smith","James Simpson"
"Andy Montroll","Dan Smith","Bob Kiss","Kurt Wright","James Simpson"
"Dan Smith","Andy Montroll","Bob Kiss","skipped","skipped"
"Dan Smith","Bob Kiss","James Simpson","skipped","skipped"
"Andy Montroll","Dan Smith","James Simpson","skipped","skipped"
"Bob Kiss","Dan Smith","Andy Montroll","skipped","skipped"
"Kurt Wright","Andy Montroll","Dan Smith","skipped","skipped"
"Bob Kiss","Andy Montroll","Dan Smith","skipped","skipped"
"Kurt Wright","Dan Smith","Andy Montroll","Bob Kiss","skipped"
"Dan Smith","Andy Montroll","Bob Kiss","Kurt Wright","James Simpson"
"Bob Kiss","Andy Montroll","skipped","skipped","skipped"
"Kurt Wright","Dan Smith","skipped","skipped","skipped"
"Kurt Wright","Andy Montroll","Dan Smith","skipped","skipped"
"Bob Kiss","Dan Smith","Andy Montroll","James Simpson","Kurt Wright"
"Bob Kiss","Dan Smith","skipped","skipped","skipped"
"Andy Montroll","Kurt Wright","Dan Smith","James Simpson","skipped"
"Bob Kiss","Kurt Wright","skipped","skipped","skipped"
"Bob Kiss","Kurt Wright","skipped","skipped","skipped"
"Bob Kiss","Andy Montroll","Dan Smith","skipped","skipped"
"Bob Kiss","Dan Smith","Kurt Wright","James Simpson","Andy Montroll"
"Andy Montroll","Kurt Wright","Bob Kiss","Dan Smith","James Simpson"
"Kurt Wright","Andy Montroll","skipped","skipped","skipped"
"Kurt Wright","Andy Montroll","Bob Kiss","skipped","skipped"
"Kurt Wright","Write-in","Bob Kiss","skipped","skipped"
"Bob Kiss","Andy Montroll","Dan Smith","James Simpson","skipped"
"Bob Kiss","Andy Montroll","Dan Smith","skipped","skipped"
"Kurt Wright","Andy Montroll","Bob Kiss","Dan Smith","James Simpson"
"Kurt Wright","Bob Kiss","skipped","skipped","skipped"
"Kurt Wright","Andy Montroll","Dan Smith","skipped","skipped"
"Kurt Wright","Andy Montroll","Dan Smith","skipped","skipped"
"Kurt Wright","Andy Montroll","skipped","skipped","skipped"
"Kurt Wright","Dan Smith","skipped","skipped","skipped"
"Kurt Wright","Bob Kiss","skipped","skipped","skipped"
"Dan Smith","Bob Kiss","skipped","skipped","skipped"
"Kurt Wright","skipped","skipped","skipped","skipped"
"Andy Montroll","Dan Smith","Kurt Wright","skipped","skipped"
"Bob Kiss","Andy Montroll","Dan Smith","skipped","skipped"
"Kurt Wright","Andy Montroll","skipped","skipped","skipped"
"Kurt Wright","Andy Montroll","skipped","skipped","skipped"
"Kurt Wright","Bob Kiss","Dan Smith","Andy Montroll","James Simpson"
"Andy Montroll","Kurt Wright","Bob Kiss","Dan Smith","James Simpson"
"Kurt Wright","Andy Montroll","Dan Smith","skipped","skipped"
"Kurt Wright","skipped","skipped","skipped","skipped"
"Dan Smith","Kurt Wright","Andy Montroll","skipped","skipped"
"Bob Kiss","Kurt Wright","James Simpson","Andy Montroll","Dan Smith"
"Andy Montroll","Bob Kiss","skipped","skipped","skipped"
"Kurt Wright","skipped","skipped","skipped","skipped"
"Andy Montroll","Dan Smith","skipped","skipped","skipped"
"Kurt Wright","Dan Smith","Bob Kiss","Andy Montroll","James Simpson"
"Bob Kiss","Andy Montroll","Kurt Wright","skipped","skipped"
"Andy Montroll","skipped","skipped","skipped","skipped"
"Kurt Wright","Andy Montroll","Dan Smith","skipped","skipped"
"Bob Kiss","Dan Smith","skipped","skipped","skipped"
"Bob Kiss","Andy Montroll","Dan Smith","skipped","skipped"
"Andy Montroll","Kurt Wright","Dan Smith","skipped","skipped"
"Andy Montroll","skipped","skipped","skipped","skipped"
"Kurt Wright","Bob Kiss","Andy Montroll","Dan Smith","James Simpson"
"Kurt Wright","Andy Montroll","Bob Kiss","Dan Smith","James Simpson"
"Kurt Wright","James Simpson","skipped","skipped","skipped"
"Kurt Wright","Andy Montroll","Bob Kiss","Dan Smith","James Simpson"
"Andy Montroll","Bob Kiss","Dan Smith","skipped","skipped"
"Kurt Wright","Dan Smith","Andy Montroll","James Simpson","Bob Kiss"
"Andy Montroll","Bob Kiss","Dan Smith","skipped","skipped"
"Bob Kiss","Dan Smith","Andy Montroll","Kurt Wright","skipped"
"Dan Smith","Andy Montroll","skipped","skipped","skipped"
"Bob Kiss","Andy Montroll","skipped","skipped","skipped"
"Andy Montroll","Bob Kiss","Kurt Wright","Dan Smith","James Simpson"
"Bob Kiss","Andy Montroll","skipped","skipped","skipped"
"Bob Kiss","Kurt Wright","skipped","skipped","skipped"
"Kurt Wright","skipped","skipped","skipped","skipped"
"Kurt Wright","skipped","skipped","skipped","skipped"
"Andy Montroll","Dan Smith","Kurt Wright","Bob Kiss","skipped"
"Bob Kiss","Kurt Wright","skipped","skipped","skipped"
"Kurt Wright","Dan Smith","Andy Montroll","skipped","skipped"
"Kurt Wright","Andy Montroll","skipped","skipped","skipped"
"Kurt Wright","Andy Montroll","skipped","skipped","skipped"
"Kurt Wright","Andy Montroll","skipped","skipped","skipped"
"Kurt Wright","skipped","skipped","skipped","skipped"
"Andy Montroll","Bob Kiss","James Simpson","skipped","skipped"
"Kurt Wright","skipped","skipped","skipped","skipped"
"Kurt Wright","Dan Smith","Bob Kiss","Andy Montroll","skipped"
"Kurt Wright","Dan Smith","Andy Montroll","Bob Kiss","James Simpson"
"Andy Montroll","Bob Kiss","Dan Smith","Kurt Wright","James Simpson"
"Kurt Wright","Andy Montroll","skipped","skipped","skipped"
"Kurt Wright","skipped","skipped","skipped","skipped"
"Dan Smith","Kurt Wright","Andy Montroll","skipped","skipped"
"Andy Montroll","James Simpson","Bob Kiss","skipped","skipped"
"Kurt Wright","Andy Montroll","Dan Smith","James Simpson","Bob Kiss"
"Bob Kiss","Andy Montroll","Dan Smith","skipped","skipped"
"Kurt Wright","Andy Montroll","Dan Smith","skipped","skipped"
"Kurt Wright","Andy Montroll","skipped","skipped","skipped"
"Andy Montroll","Bob Kiss","James Simpson","Dan Smith","Kurt Wright"
"Kurt Wright","skipped","skipped","skipped","skipped"
"Andy Montroll","Bob Kiss","Kurt Wright","James Simpson","Dan Smith"
"Kurt Wright","Dan Smith","skipped","skipped","skipped"
"Dan Smith","Bob Kiss","Andy Montroll","skipped","skipped"
"Kurt Wright","Andy Montroll","Bob Kiss","Dan Smith","James Simpson"
"Andy Montroll","Bob Kiss","Kurt Wright","Dan Smith","James Simpson"
"Dan Smith","Bob Kiss","Andy Montroll","Kurt Wright","skipped"
"Bob Kiss","Andy Montroll","skipped","skipped","skipped"
"Kurt Wright","Dan Smith","Andy Montroll","Bob Kiss","skipped"
"Kurt Wright","Andy Montroll","Bob Kiss","Dan Smith","James Simpson"
"Kurt Wright","Dan Smith","Bob Kiss","skipped","skipped"
"Kurt Wright","Bob Kiss","skipped","skipped","skipped"
"Andy Montroll","Bob Kiss","Dan Smith","Kurt Wright","James Simpson"
"Dan Smith","Kurt Wright","Andy Montroll","skipped","skipped"
"Kurt Wright","Dan Smith","Andy Montroll","skipped","skipped"
"Kurt Wright","Dan Smith","James Simpson","skipped","skipped"
"Kurt Wright","Bob Kiss","Andy Montroll","Dan Smith","James Simpson"
"Kurt Wright","Bob Kiss","Andy Montroll","Dan Smith","James Simpson"
"Kurt Wright","James Simpson","Dan Smith","skipped","skipped"
"Andy Montroll","Dan Smith","Kurt Wright","skipped","skipped"
"Dan Smith","Andy Montroll","Kurt Wright","skipped","skipped"
"Kurt Wright","skipped","skipped","skipped","skipped"
"Kurt Wright","Andy Montroll","skipped","skipped","skipped"
"Bob Kiss","James Simpson","skipped","skipped","skipped"
"Kurt Wright","skipped","skipped","skipped","skipped"
"Andy Montroll","Dan Smith","Bob Kiss","skipped","skipped"
"Kurt Wright","Andy Montroll","Dan Smith","skipped","skipped"
"Kurt Wright","Andy Montroll","Dan Smith","skipped","skipped"
"Bob Kiss","Andy Montroll","Kurt Wright","Dan Smith","James Simpson"
"Kurt Wright","Dan Smith","skipped","skipped","skipped"
"Bob Kiss","Andy Montroll","James Simpson","Dan Smith","skipped"
"Kurt Wright","Andy Montroll","Dan Smith","James Simpson","Bob Kiss"
"Bob Kiss","Andy Montroll","Dan Smith","Kurt Wright","skipped"
"Kurt Wright","Dan Smith","skipped","skipped","skipped"
"Kurt Wright","Dan Smith","Andy Montroll","Bob Kiss","James Simpson"
"Bob Kiss","Andy Montroll","James Simpson","skipped","skipped"
"Kurt Wright","Dan Smith","James Simpson","skipped","skipped"
"Kurt Wright","Andy Montroll","skipped","skipped","skipped"
"Kurt Wright","Andy Montroll","Dan Smith","skipped","skipped"
"Kurt Wright","Andy Montroll","Dan Smith","skipped","skipped"
"Kurt Wright","Bob Kiss","Andy Montroll","Dan Smith","James Simpson"
"Kurt Wright","Dan Smith","skipped","skipped","skipped"
"Andy Montroll","Bob Kiss","skipped","skipped","skipped"
"Kurt Wright","Andy Montroll","skipped","skipped","skipped"
"Kurt Wright","Andy Montroll","skipped","skipped","skipped"
"Bob Kiss","Andy Montroll","Dan Smith","Kurt Wright","James Simpson"
"Bob Kiss","Andy Montroll","Dan Smith","skipped","skipped"
"Andy Montroll","Kurt Wright","skipped","skipped","skipped"
"Bob Kiss","Kurt Wright","Dan Smith","Andy Montroll","James Simpson"
"Dan Smith","Kurt Wright","Bob Kiss","Andy Montroll","James Simpson"
"Bob Kiss","Dan Smith","Andy Montroll","skipped","skipped"
"Kurt Wright","Bob Kiss","skipped","skipped","skipped"
"Kurt Wright","Bob Kiss","skipped","skipped","skipped"
"Kurt Wright","Bob Kiss","skipped","skipped","skipped"
"Kurt Wright","Andy Montroll","skipped","skipped","skipped"
"Kurt Wright","Dan Smith","Andy Montroll","skipped","skipped"
"Kurt Wright","skipped","skipped","skipped","skipped"
"Andy Montroll","Dan Smith","Kurt Wright","skipped","skipped"
"Kurt Wright","Dan Smith","Andy Montroll","Bob Kiss","James Simpson"
"Kurt Wright","Andy Montroll","Bob Kiss","Dan Smith","James Simpson"
"Kurt Wright","skipped","skipped","skipped","skipped"
"Bob Kiss","Andy Montroll","Kurt Wright","skipped","skipped"
"Bob Kiss","Andy Montroll","James Simpson","Dan Smith","Write-in"
"Write-in","Andy Montroll","Dan Smith","skipped","skipped"
"Kurt Wright","Andy Montroll","Bob Kiss","skipped","skipped"
"Andy Montroll","Bob Kiss","skipped","skipped","skipped"
"Kurt Wright","Andy Montroll","skipped","skipped","skipped"
"Andy Montroll","Bob Kiss","Dan Smith","Write-in","Kurt Wright"
"Bob Kiss","Andy Montroll","skipped","skipped","skipped"
"Bob Kiss","Andy Montroll","Dan Smith","James Simpson","Kurt Wright"
"Bob Kiss","Andy Montroll","Dan Smith","James Simpson","Kurt Wright"
"Andy Montroll","Dan Smith","skipped","skipped","skipped"
"Andy Montroll","Kurt Wright","Bob Kiss","Dan Smith","James Simpson"
"Kurt Wright","skipped","skipped","skipped","skipped"
"Kurt Wright","Andy Montroll","skipped","skipped","skipped"
"Kurt Wright","Andy Montroll","skipped","skipped","skipped"
"Kurt Wright","skipped","skipped","skipped","skipped"
"Andy Montroll","Bob Kiss","Kurt Wright","Dan Smith","James Simpson"
"Kurt Wright","Dan Smith","skipped","skipped","skipped"
"Andy Montroll","Bob Kiss","James Simpson","Dan Smith","skipped"
"Andy Montroll","Kurt Wright","Bob Kiss","Dan Smith","skipped"
"Kurt Wright","skipped","skipped","skipped","skipped"
"Andy Montroll","Bob Kiss","skipped","skipped","skipped"
"Kurt Wright","Andy Montroll","skipped","skipped","skipped"
"Kurt Wright","Andy Montroll","Bob Kiss","skipped","skipped"
"Andy Montroll","Bob Kiss","Kurt Wright","Dan Smith","skipped"
"Andy Montroll","Dan Smith","Bob Kiss","James Simpson","Kurt Wright"
"Kurt Wright","skipped","skipped","skipped","skipped"
"Bob Kiss","Andy Montroll","skipped","skipped","skipped"
"Kurt Wright","Dan Smith","Andy Montroll","Bob Kiss","James Simpson"
"Kurt Wright","Andy Montroll","Bob Kiss","Dan Smith","James Simpson"
"Kurt Wright","Dan Smith","Andy Montroll","Bob Kiss","James Simpson"
"Kurt Wright","Dan Smith","skipped","skipped","skipped"
"Kurt Wright","Andy Montroll","Bob Kiss","Dan Smith","James Simpson"
"Bob Kiss","James Simpson","skipped","skipped","skipped"
"Kurt Wright","Dan Smith","Andy Montroll","James Simpson","Bob Kiss"
"Dan Smith","Andy Montroll","Bob Kiss","skipped","skipped"
"Andy Montroll","Dan Smith","skipped","skipped","skipped"
"Andy Montroll","Dan Smith","Bob Kiss","James Simpson","Kurt Wright"
"Kurt Wright","skipped","skipped","skipped","skipped"
"Kurt Wright","Dan Smith","Andy Montroll","James Simpson","Bob Kiss"
"Bob Kiss","Andy Montroll","James Simpson","Dan Smith","Kurt Wright"
"Bob Kiss","Kurt Wright","Andy Montroll","skipped","skipped"
"Andy Montroll","Dan Smith","Kurt Wright","James Simpson","Bob Kiss"
"Kurt Wright","Dan Smith","Andy Montroll","Bob Kiss","James Simpson"
"Bob Kiss","Kurt Wright","Dan Smith","skipped","skipped"
"Kurt Wright","Dan Smith","Andy Montroll","Bob Kiss","James Simpson"
"Kurt Wright","Dan Smith","Bob Kiss","Andy Montroll","skipped"
"Kurt Wright","skipped","skipped","skipped","skipped"
"Kurt Wright","Andy Montroll","skipped","skipped","skipped"
"Andy Montroll","James Simpson","Kurt Wright","Dan Smith","Bob Kiss"
"Andy Montroll","Bob Kiss","James Simpson","Dan Smith","skipped"
"Kurt Wright","skipped","skipped","skipped","skipped"
"Bob Kiss","Write-in","skipped","skipped","skipped"
"Kurt Wright","Andy Montroll","Bob Kiss","Dan Smith","James Simpson"
"Andy Montroll","Bob Kiss","Kurt Wright","Dan Smith","James Simpson"
"Kurt Wright","Andy Montroll","Bob Kiss","Dan Smith","skipped"
"Kurt Wright","Andy Montroll","James Simpson","Dan Smith","Bob Kiss"
"Kurt Wright","skipped","skipped","skipped","skipped"
"Kurt Wright","Andy Montroll","Bob Kiss","Dan Smith","skipped"
"Kurt Wright","skipped","skipped","skipped","skipped"
"Kurt Wright","Dan Smith","Andy Montroll","Bob Kiss","James Simpson"
"Kurt Wright","skipped","skipped","skipped","skipped"
"Andy Montroll","skipped","skipped","skipped","skipped"
"Bob Kiss","Dan Smith","skipped","skipped","skipped"
"Kurt Wright","Andy Montroll","Dan Smith","Bob Kiss","skipped"
"Kurt Wright","Andy Montroll","Dan Smith","skipped","skipped"
"Kurt Wright","skipped","skipped","skipped","skipped"
"Kurt Wright","Dan Smith","skipped","skipped","skipped"
"Kurt Wright","Andy Montroll","Dan Smith","Bob Kiss","skipped"
"Kurt Wright","skipped","skipped","skipped","skipped"
"Kurt Wright","Dan Smith","Bob Kiss","Andy Montroll","James Simpson"
"Kurt Wright","skipped","skipped","skipped","skipped"
"Andy Montroll","Kurt Wright","Dan Smith","Bob Kiss","skipped"
"Andy Montroll","Dan Smith","Bob Kiss","skipped","skipped"
"Dan Smith","Kurt Wright","Andy Montroll","skipped","skipped"
"Kurt Wright","Andy Montroll","Dan Smith","Bob Kiss","James Simpson"
"Kurt Wright","Andy Montroll","Dan Smith","Bob Kiss","James Simpson"
"Kurt Wright","Andy Montroll","Bob Kiss","skipped","skipped"
"Andy Montroll","Kurt Wright","Dan Smith","Bob Kiss","James Simpson"
"Andy Montroll","Kurt Wright","Bob Kiss","Dan Smith","skipped"
"Kurt Wright","skipped","skipped","skipped","skipped"
"Kurt Wright","Dan Smith","Andy Montroll","James Simpson","Bob Kiss"
"Kurt Wright","Dan Smith","Andy Montroll","skipped","skipped"
"Andy Montroll","Bob Kiss","Kurt Wright","skipped","skipped"
"Kurt Wright","skipped","skipped","skipped","skipped"
"Kurt Wright","skipped","skipped","skipped","skipped"
"Andy Montroll","Kurt Wright","Bob Kiss","James Simpson","Dan Smith"
"Bob Kiss","Dan Smith","Andy Montroll","skipped","skipped"
"Kurt Wright","Andy Montroll","Dan Smith","Bob Kiss","skipped"
"Bob Kiss","Andy Montroll","skipped","skipped","skipped"
"Bob Kiss","Dan Smith","James Simpson","Write-in","Andy Montroll"
"Andy Montroll","Bob Kiss","skipped","skipped","skipped"
"Kurt Wright","Andy Montroll","Bob Kiss","Dan Smith","Write-in"
"Kurt Wright","Dan Smith","Andy Montroll","Bob Kiss","James Simpson"
"Bob Kiss","Kurt Wright","Dan Smith","Andy Montroll","James Simpson"
"Kurt Wright","skipped","skipped","skipped","skipped"
"Kurt Wright","skipped","skipped","skipped","skipped"
"Andy Montroll","Dan Smith","skipped","skipped","skipped"
"Kurt Wright","skipped","skipped","skipped","skipped"
"Kurt Wright","Dan Smith","skipped","skipped","skipped"
"Dan Smith","Andy Montroll","Bob Kiss","James Simpson","Kurt Wright"
"Kurt Wright","Dan Smith","skipped","skipped","skipped"
"Andy Montroll","James Simpson","Dan Smith","Kurt Wright","Bob Kiss"
"Kurt Wright","Andy Montroll","Bob Kiss","Dan Smith","James Simpson"
"Andy Montroll","Kurt Wright","Bob Kiss","Dan Smith","James Simpson"
"Kurt Wright","Andy Montroll","skipped","skipped","skipped"
"Kurt Wright","Andy Montroll","skipped","skipped","skipped"
"Kurt Wright","Dan Smith","Andy Montroll","skipped","skipped"
"Andy Montroll","Dan Smith","Bob Kiss","Kurt Wright","James Simpson"
"Kurt Wright","Andy Montroll","Bob Kiss","Dan Smith","skipped"
"Kurt Wright","Andy Montroll","Dan Smith","skipped","skipped"
"Kurt Wright","Dan Smith","Andy Montroll","Bob Kiss","James Simpson"
"Andy Montroll","Kurt Wright","Bob Kiss","Dan Smith","James Simpson"
"Andy Montroll","Bob Kiss","Kurt Wright","skipped","skipped"
"Bob Kiss","Kurt Wright","Andy Montroll","Dan Smith","James Simpson"
"Kurt Wright","skipped","skipped","skipped","skipped"
"Kurt Wright","skipped","skipped","skipped","skipped"
"Kurt Wright","Dan Smith","Bob Kiss","skipped","skipped"
"Andy Montroll","Dan Smith","Kurt Wright","Write-in","skipped"
"Kurt Wright","Dan Smith","Andy Montroll","Bob Kiss","James Simpson"
"Kurt Wright","skipped","skipped","skipped","skipped"
"Dan Smith","Bob Kiss","Andy Montroll","skipped","skipped"
"Kurt Wright","Dan Smith","Andy Montroll","Bob Kiss","skipped"
"Andy Montroll","Dan Smith","Bob Kiss","James Simpson","skipped"
"Kurt Wright","skipped","skipped","skipped","skipped"
"Andy Montroll","Kurt Wright","Dan Smith","Bob Kiss","skipped"
"Kurt Wright","Dan Smith","Bob Kiss","Andy Montroll","James Simpson"
"Kurt Wright","Andy Montroll","Dan Smith","Bob Kiss","James Simpson"
"Bob Kiss","Dan Smith","skipped","skipped","skipped"
"Kurt Wright","Bob Kiss","Dan Smith","James Simpson","Andy Montroll"
"Bob Kiss","Dan Smith","Andy Montroll","Kurt Wright","skipped"
"Kurt Wright","skipped","skipped","skipped","skipped"
"Kurt Wright","skipped","skipped","skipped","skipped"
"Kurt Wright","Andy Montroll","Dan Smith","skipped","skipped"
"Kurt Wright","Bob Kiss","Andy Montroll","Dan Smith","skipped"
"Kurt Wright","Dan Smith","Andy Montroll","Bob Kiss","James Simpson"
"Dan Smith","Andy Montroll","Kurt Wright","Bob Kiss","James Simpson"
"Bob Kiss","Kurt Wright","Andy Montroll","skipped","skipped"
"Kurt Wright","Dan Smith","skipped","skipped","skipped"
"Bob Kiss","Kurt Wright","skipped","skipped","skipped"
"Kurt Wright","skipped","skipped","skipped","skipped"
"Kurt Wright","Bob Kiss","Andy Montroll","Dan Smith","James Simpson"
"Kurt Wright","Bob Kiss","skipped","skipped","James Simpson"
"Andy Montroll","Dan Smith","Kurt Wright","skipped","skipped"
"Bob Kiss","Kurt Wright","skipped","skipped","skipped"
"Kurt Wright","Andy Montroll","Bob Kiss","skipped","skipped"
"Kurt Wright","Andy Montroll","James Simpson","Bob Kiss","Dan Smith"
"Kurt Wright","Dan Smith","James Simpson","Bob Kiss","Andy Montroll"
"Kurt Wright","James Simpson","Dan Smith","Andy Montroll","Bob Kiss"
"Kurt Wright","Andy Montroll","Bob Kiss","Dan Smith","James Simpson"
"Kurt Wright","Andy Montroll","James Simpson","Bob Kiss","skipped"
"Kurt Wright","Andy Montroll","James Simpson","Bob Kiss","skipped"
"Kurt Wright","skipped","skipped","skipped","skipped"
"Andy Montroll","Bob Kiss","Kurt Wright","skipped","skipped"
"Bob Kiss","skipped","skipped","skipped","skipped"
"Bob Kiss","Andy Montroll","Dan Smith","James Simpson","Kurt Wright"
"Dan Smith","Kurt Wright","James Simpson","Andy Montroll","Bob Kiss"
"Kurt Wright","Dan Smith","James Simpson","Andy Montroll","Bob Kiss"
"Kurt Wright","Andy Montroll","Dan Smith","James Simpson","Bob Kiss"
"Kurt Wright","Andy Montroll","Dan Smith","James Simpson","Bob Kiss"
"Andy Montroll","Dan Smith","Bob Kiss","James Simpson","Kurt Wright"
"Kurt Wright","skipped","skipped","skipped","skipped"
"Kurt Wright","skipped","Andy Montroll","skipped","skipped"
"Kurt Wright","Dan Smith","skipped","skipped","skipped"
"Kurt Wright","Dan Smith","Andy Montroll","skipped","skipped"
"Kurt Wright","Andy Montroll","Dan Smith","James Simpson","Bob Kiss"
"Kurt Wright","Andy Montroll","skipped","skipped","skipped"
"Kurt Wright","Andy Montroll","skipped","skipped","skipped"
"Kurt Wright","skipped","skipped","skipped","skipped"
"Bob Kiss","Andy Montroll","Dan Smith","James Simpson","Kurt Wright"
"Kurt Wright","Andy Montroll","skipped","skipped","skipped"
"Kurt Wright","skipped","skipped","skipped","skipped"
"Dan Smith","Kurt Wright","James Simpson","skipped","skipped"
"Andy Montroll","Dan Smith","Kurt Wright","skipped","skipped"
"Kurt Wright","Dan Smith","skipped","skipped","skipped"
"Write-in","Andy Montroll","James Simpson","Dan Smith","Bob Kiss"
"Bob Kiss","Dan Smith","Andy Montroll","skipped","skipped"
"Bob Kiss","Andy Montroll","skipped","skipped","skipped"
"Kurt Wright","Andy Montroll","skipped","skipped","skipped"
"Andy Montroll","Bob Kiss","Kurt Wright","skipped","skipped"
"Kurt Wright","skipped","skipped","skipped","skipped"
"Kurt Wright","Dan Smith","Bob Kiss","skipped","skipped"
"Bob Kiss","Dan Smith","Andy Montroll","skipped","skipped"
"Andy Montroll","Bob Kiss","Dan Smith","skipped","skipped"
"Kurt Wright","skipped","skipped","skipped","skipped"
"Kurt Wright","Bob Kiss","Andy Montroll","skipped","skipped"
"Kurt Wright","skipped","skipped","skipped","skipped"
"Kurt Wright","Andy Montroll","Dan Smith","James Simpson","Bob Kiss"
"Kurt Wright","Dan Smith","Andy Montroll","skipped","skipped"
"Andy Montroll","Kurt Wright","Dan Smith","skipped","skipped"
"Kurt Wright","skipped","skipped","skipped","skipped"
"Kurt Wright","Andy Montroll","skipped","skipped","skipped"
"Bob Kiss","Kurt Wright","skipped","skipped","skipped"
"Kurt Wright","Andy Montroll","skipped","skipped","skipped"
"Kurt Wright","Bob Kiss","Andy Montroll","Dan Smith","skipped"
"Bob Kiss","Andy Montroll","skipped","skipped","skipped"
"Andy Montroll","Kurt Wright","Bob Kiss","Dan Smith","James Simpson"
"Bob Kiss","Andy Montroll","skipped","skipped","skipped"
"Kurt Wright","Bob Kiss","Dan Smith","Andy Montroll","James Simpson"
"Kurt Wright","Andy Montroll","Dan Smith","James Simpson","Bob Kiss"
"Bob Kiss","Kurt Wright","Dan Smith","Andy Montroll","James Simpson"
"Bob Kiss","Dan Smith","skipped","skipped","skipped"
"Andy Montroll","skipped","skipped","skipped","skipped"
"Andy Montroll","Dan Smith","James Simpson","Bob Kiss","Kurt Wright"
"Kurt Wright","Dan Smith","Andy Montroll","James Simpson","Write-in"
"Kurt Wright","skipped","skipped","skipped","skipped"
"Andy Montroll","Kurt Wright","skipped","skipped","skipped"
"Andy Montroll","Dan Smith","Kurt Wright","Bob Kiss","skipped"
"Kurt Wright","Dan Smith","Andy Montroll","Bob Kiss","skipped"
"Kurt Wright","Andy Montroll","Dan Smith","Bob Kiss","James Simpson"
"Kurt Wright","Andy Montroll","skipped","skipped","skipped"
"Kurt Wright","skipped","skipped","skipped","skipped"
"Bob Kiss","Andy Montroll","Dan Smith","skipped","skipped"
"Andy Montroll","Kurt Wright","skipped","skipped","skipped"
"Kurt Wright","Bob Kiss","Andy Montroll","skipped","skipped"
"Kurt Wright","Andy Montroll","skipped","skipped","skipped"
"Kurt Wright","Dan Smith","Andy Montroll","skipped","skipped"
"Andy Montroll","Dan Smith","Kurt Wright","Bob Kiss","James Simpson"
"Dan Smith","Kurt Wright","Andy Montroll","James Simpson","Bob Kiss"
"Kurt Wright","skipped","skipped","skipped","skipped"
"Bob Kiss","Andy Montroll","Dan Smith","skipped","skipped"
"Kurt Wright","Andy Montroll","James Simpson","Dan Smith","Bob Kiss"
"Bob Kiss","Andy Montroll","Dan Smith","James Simpson","skipped"
"Kurt Wright","skipped","skipped","skipped","skipped"
"Kurt Wright","Bob Kiss","skipped","skipped","skipped"
"Andy Montroll","Bob Kiss","Dan Smith","Kurt Wright","James Simpson"
"Dan Smith","Andy Montroll","skipped","skipped","skipped"
"Kurt Wright","skipped","skipped","skipped","skipped"
"Kurt Wright","skipped","skipped","skipped","skipped"
"Andy Montroll","Dan Smith","skipped","skipped","skipped"
"Andy Montroll","Bob Kiss","Dan Smith","Kurt Wright","James Simpson"
"Andy Montroll","Bob Kiss","Kurt Wright","Dan Smith","James Simpson"
"Andy Montroll","Bob Kiss","skipped","skipped","skipped"
"Kurt Wright","James Simpson","skipped","skipped","skipped"
"Andy Montroll","Dan Smith","Bob Kiss","James Simpson","Write-in"
"Write-in","skipped","skipped","skipped","skipped"
"Kurt Wright","skipped","skipped","skipped","skipped"
"Kurt Wright","Dan Smith","Andy Montroll","Bob Kiss","James Simpson"
"Kurt Wright","Dan Smith","skipped","skipped","skipped"
"Kurt Wright","skipped","skipped","skipped","skipped"
"Kurt Wright","skipped","skipped","skipped","skipped"
"Bob Kiss","Dan Smith","Andy Montroll","Kurt Wright","skipped"
"Bob Kiss","Dan Smith","Andy Montroll","Kurt Wright","skipped"
"Kurt Wright","Dan Smith","Bob Kiss","skipped","skipped"
"Andy Montroll","Bob Kiss","Dan Smith","Kurt Wright","skipped"
"Andy Montroll","Dan Smith","Kurt Wright","Bob Kiss","James Simpson"
"Kurt Wright","Bob Kiss","Dan Smith","Andy Montroll","James Simpson"
"Dan Smith","Kurt Wright","Bob Kiss","James Simpson","Andy Montroll"
"Kurt Wright","skipped","skipped","skipped","skipped"
"Andy Montroll","Kurt Wright","Bob Kiss","skipped","skipped"
"Bob Kiss","Andy Montroll","Kurt Wright","Dan Smith","skipped"
"Bob Kiss","Andy Montroll","Dan Smith","Kurt Wright","James Simpson"
"Kurt Wright","Bob Kiss","Dan Smith","Andy Montroll","James Simpson"
"Andy Montroll","Kurt Wright","Dan Smith","Bob Kiss","James Simpson"
"Kurt Wright","Andy Montroll","Dan Smith","skipped","skipped"
"Andy Montroll","Dan Smith","skipped","skipped","skipped"
"Bob Kiss","Kurt Wright","Dan Smith","Andy Montroll","James Simpson"
"Kurt Wright","skipped","skipped","skipped","skipped"
"Kurt Wright","Dan Smith","skipped","skipped","skipped"
"Kurt Wright","skipped","skipped","skipped","skipped"
"Kurt Wright","Dan Smith","Andy Montroll","skipped","skipped"
"Kurt Wright","Andy Montroll","Dan Smith","James Simpson","Bob Kiss"
"Bob Kiss","Andy Montroll","Dan Smith","Kurt Wright","James Simpson"
"Bob Kiss","Dan Smith","James Simpson","Andy Montroll","Kurt Wright"
"Kurt Wright","Bob Kiss","Andy Montroll","Dan Smith","James Simpson"
"Bob Kiss","Andy Montroll","Dan Smith","James Simpson","Kurt Wright"
"Kurt Wright","skipped","skipped","skipped","skipped"
"Kurt Wright","Andy Montroll","Bob Kiss","Dan Smith","James Simpson"
"Andy Montroll","skipped","skipped","skipped","skipped"
"Andy Montroll","Kurt Wright","Write-in","skipped","skipped"
"Andy Montroll","Kurt Wright","skipped","skipped","skipped"
"Kurt Wright","skipped","skipped","skipped","skipped"
"Kurt Wright","Bob Kiss","Andy Montroll","skipped","skipped"
"Andy Montroll","Bob Kiss","Dan Smith","James Simpson","Write-in"
"Kurt Wright","Dan Smith","skipped","skipped","skipped"
"Kurt Wright","Dan Smith","Andy Montroll","Bob Kiss","James Simpson"
"Bob Kiss","Dan Smith","Andy Montroll","Kurt Wright","James Simpson"
"Andy Montroll","Dan Smith","Bob Kiss","skipped","skipped"
"Kurt Wright","Andy Montroll","skipped","skipped","skipped"
"Kurt Wright","skipped","skipped","skipped","skipped"
"Kurt Wright","Bob Kiss","Andy Montroll","skipped","skipped"
"Kurt Wright","Andy Montroll","skipped","skipped","skipped"
"Andy Montroll","skipped","skipped","skipped","skipped"
"Andy Montroll","Bob Kiss","Dan Smith","skipped","skipped"
"Kurt Wright","skipped","skipped","skipped","skipped"
"Kurt Wright","skipped","skipped","skipped","skipped"
"Dan Smith","Andy Montroll","Bob Kiss","James Simpson","Kurt Wright"
"Kurt Wright","Andy Montroll","Dan Smith","skipped","skipped"
"Andy Montroll","Bob Kiss","Dan Smith","skipped","skipped"
"Andy Montroll","Kurt Wright","Bob Kiss","Dan Smith","James Simpson"
"Bob Kiss","skipped","skipped","skipped","skipped"
"Kurt Wright","Andy Montroll","Bob Kiss","Dan Smith","James Simpson"
"Kurt Wright","skipped","skipped","skipped","skipped"
"Kurt Wright","Dan Smith","Bob Kiss","James Simpson","Andy Montroll"
"Kurt Wright","skipped","skipped","skipped","skipped"
"Bob Kiss","Andy Montroll","Kurt Wright","Dan Smith","skipped"
"Kurt Wright","skipped","skipped","skipped","skipped"
"Kurt Wright","Andy Montroll","skipped","skipped","skipped"
"Kurt Wright","Andy Montroll","skipped","skipped","skipped"
"Kurt Wright","skipped","skipped","skipped","skipped"
"Kurt Wright","Dan Smith","James Simpson","Andy Montroll","Bob Kiss"
"Bob Kiss","Andy Montroll","skipped","skipped","skipped"
"Kurt Wright","skipped","skipped","skipped","skipped"
"Andy Montroll","Kurt Wright","Bob Kiss","Dan Smith","James Simpson"
"Kurt Wright","Bob Kiss","Andy Montroll","Dan Smith","James Simpson"
"Kurt Wright","Bob Kiss","Andy Montroll","Dan Smith","James Simpson"
"Kurt Wright","Dan Smith","skipped","skipped","skipped"
"Kurt Wright","skipped","skipped","skipped","skipped"
"Kurt Wright","skipped","skipped","skipped","skipped"
"Kurt Wright","Dan Smith","skipped","skipped","skipped"
"Kurt Wright","skipped","skipped","skipped","skipped"
"Kurt Wright","skipped","skipped","skipped","skipped"
"Bob Kiss","Dan Smith","Andy Montroll","skipped","skipped"
"Kurt Wright","skipped","skipped","skipped","skipped"
"Kurt Wright","skipped","skipped","skipped","skipped"
"Kurt Wright","skipped","skipped","skipped","skipped"
"Bob Kiss","Kurt Wright","Andy Montroll","skipped","skipped"
"Kurt Wright","Andy Montroll","Dan Smith","skipped","skipped"
"Kurt Wright","Andy Montroll","Bob Kiss","Dan Smith","James Simpson"
"Kurt Wright","skipped","skipped","skipped","skipped"
"Andy Montroll","James Simpson","Bob Kiss","skipped","skipped"
"Kurt Wright","Andy Montroll","skipped","skipped","skipped"
"Andy Montroll","Bob Kiss","Dan Smith","James Simpson","skipped"
"Kurt Wright","skipped","skipped","skipped","skipped"
"Kurt Wright","skipped","skipped","skipped","skipped"
"Kurt Wright","Andy Montroll","skipped","skipped","skipped"
"Kurt Wright","skipped","skipped","skipped","skipped"
"Bob Kiss","Andy Montroll","Dan Smith","skipped","skipped"
"Bob Kiss","skipped","skipped","skipped","skipped"
"Bob Kiss","Kurt Wright","Andy Montroll","skipped","skipped"
"Kurt Wright","Andy Montroll","Dan Smith","skipped","skipped"
"Kurt Wright","skipped","skipped","skipped","skipped"
"Kurt Wright","Andy Montroll","Dan Smith","James Simpson","Bob Kiss"
"Kurt Wright","Andy Montroll","Dan Smith","James Simpson","Bob Kiss"
"Kurt Wright","Andy Montroll","Dan Smith","skipped","skipped"
"Kurt Wright","skipped","skipped","skipped","skipped"
"Dan Smith","skipped","skipped","skipped","skipped"
"Kurt Wright","Dan Smith","Andy Montroll","Bob Kiss","skipped"
"Kurt Wright","Dan Smith","skipped","skipped","skipped"
"Kurt Wright","skipped","skipped","skipped","skipped"
"Kurt Wright","skipped","skipped","skipped","skipped"
"Kurt Wright","skipped","skipped","skipped","skipped"
"Kurt Wright","Andy Montroll","Dan Smith","James Simpson","Bob Kiss"
"Kurt Wright","Bob Kiss","Andy Montroll","Dan Smith","James Simpson"
"Kurt Wright","Dan Smith","skipped","skipped","skipped"
"Kurt Wright","Andy Montroll","Bob Kiss","Dan Smith","James Simpson"
"Kurt Wright","James Simpson","Andy Montroll","Dan Smith","Bob Kiss"
"Kurt Wright","Bob Kiss","Andy Montroll","James Simpson","Dan Smith"
"Dan Smith","Andy Montroll","Bob Kiss","skipped","skipped"
"Kurt Wright","Dan Smith","Andy Montroll","skipped","skipped"
"Dan Smith","Andy Montroll","Bob Kiss","skipped","skipped"
"Bob Kiss","Andy Montroll","Dan Smith","James Simpson","skipped"
"Kurt Wright","skipped","skipped","skipped","skipped"
"Kurt Wright","skipped","skipped","skipped","skipped"
"Bob Kiss","Kurt Wright","Andy Montroll","Dan Smith","skipped"
"Kurt Wright","Dan Smith","Andy Montroll","Bob Kiss","James Simpson"
"Andy Montroll","Kurt Wright","skipped","skipped","skipped"
"Kurt Wright","Andy Montroll","skipped","skipped","skipped"
"Kurt Wright","Dan Smith","skipped","skipped","skipped"
"Kurt Wright","skipped","skipped","skipped","skipped"
"Andy Montroll","James Simpson","Kurt Wright","Write-in","Bob Kiss"
"Andy Montroll","Kurt Wright","Dan Smith","Bob Kiss","James Simpson"
"Bob Kiss","Andy Montroll","Dan Smith","Kurt Wright","skipped"
"Kurt Wright","Bob Kiss","Dan Smith","skipped","skipped"
"Kurt Wright","skipped","skipped","skipped","skipped"
"Kurt Wright","Bob Kiss","Dan Smith","Andy Montroll","James Simpson"
"Kurt Wright","Dan Smith","skipped","skipped","skipped"
"Kurt Wright","Dan Smith","Andy Montroll","skipped","skipped"
"Kurt Wright","Andy Montroll","skipped","skipped","skipped"
"Kurt Wright","skipped","skipped","skipped","skipped"
"Kurt Wright","Dan Smith","skipped","skipped","skipped"
"Kurt Wright","skipped","skipped","skipped","skipped"
"Kurt Wright","skipped","skipped","skipped","skipped"
"Kurt Wright","Dan Smith","skipped","skipped","Bob Kiss"
"Kurt Wright","Bob Kiss","Dan Smith","skipped","skipped"
"Kurt Wright","Dan Smith","skipped","skipped","skipped"
"Kurt Wright","Andy Montroll","James Simpson","Dan Smith","Bob Kiss"
"Kurt Wright","skipped","skipped","skipped","skipped"
"Kurt Wright","Dan Smith","skipped","skipped","skipped"
"Kurt Wright","Dan Smith","Andy Montroll","Bob Kiss","James Simpson"
"Kurt Wright","Andy Montroll","skipped","skipped","skipped"
"Kurt Wright","Andy Montroll","skipped","skipped","skipped"
"Kurt Wright","Andy Montroll","Dan Smith","Bob Kiss","James Simpson"
"Kurt Wright","Bob Kiss","Dan Smith","skipped","skipped"
"Dan Smith","Kurt Wright","Andy Montroll","skipped","skipped"
"Bob Kiss","Andy Montroll","Kurt Wright","Dan Smith","James Simpson"
"Bob Kiss","skipped","skipped","skipped","skipped"
"Bob Kiss","Dan Smith","Andy Montroll","James Simpson","Kurt Wright"
"Kurt Wright","Dan Smith","skipped","skipped","skipped"
"Kurt Wright","skipped","skipped","skipped","skipped"
"Kurt Wright","skipped","skipped","skipped","skipped"
"Andy Montroll","Kurt Wright","skipped","skipped","skipped"
"Kurt Wright","Andy Montroll","Dan Smith","Bob Kiss","James Simpson"
"Kurt Wright","Andy Montroll","skipped","skipped","skipped"
"Dan Smith","Andy Montroll","skipped","skipped","skipped"
"Dan Smith","Andy Montroll","skipped","skipped","skipped"
"Kurt Wright","Dan Smith","Andy Montroll","Bob Kiss","James Simpson"
"Kurt Wright","Dan Smith","skipped","skipped","skipped"
"Kurt Wright","Andy Montroll","Dan Smith","skipped","skipped"
"Andy Montroll","Kurt Wright","Dan Smith","skipped","skipped"
"Kurt Wright","Andy Montroll","Dan Smith","skipped","skipped"
"Andy Montroll","Bob Kiss","Dan Smith","skipped","skipped"
"Kurt Wright","Dan Smith","skipped","skipped","skipped"
"Bob Kiss","Dan Smith","Andy Montroll","James Simpson","Kurt Wright"
"Bob Kiss","Andy Montroll","James Simpson","Dan Smith","Kurt Wright"
"Kurt Wright","Andy Montroll","Dan Smith","Bob Kiss","James Simpson"
"Kurt Wright","skipped","skipped","skipped","skipped"
"Kurt Wright","Dan Smith","Andy Montroll","Bob Kiss","James Simpson"
"Kurt Wright","skipped","skipped","skipped","skipped"
"Kurt Wright","skipped","skipped","skipped","skipped"
"Kurt Wright","Dan Smith","Bob Kiss","James Simpson","Andy Montroll"
"Kurt Wright","Andy Montroll","skipped","skipped","skipped"
"Kurt Wright","skipped","skipped","skipped","skipped"
"Kurt Wright","Andy Montroll","Dan Smith","skipped","skipped"
"Kurt Wright","Andy Montroll","skipped","skipped","skipped"
"Kurt Wright","skipped","skipped","skipped","skipped"
"Bob Kiss","skipped","skipped","skipped","skipped"
"Andy Montroll","Bob Kiss","Dan Smith","James Simpson","Kurt Wright"
"Kurt Wright","Andy Montroll","Dan Smith","Bob Kiss","James Simpson"
"Andy Montroll","Bob Kiss","skipped","skipped","skipped"
"Kurt Wright","Andy Montroll","skipped","skipped","skipped"
"Kurt Wright","Andy Montroll","Dan Smith","skipped","skipped"
"Kurt Wright","skipped","skipped","skipped","skipped"
"Kurt Wright","skipped","skipped","skipped","skipped"
"Kurt Wright","Andy Montroll","skipped","skipped","skipped"
"Kurt Wright","skipped","skipped","skipped","skipped"
"Dan Smith","Kurt Wright","Andy Montroll","Bob Kiss","James Simpson"
"Andy Montroll","Dan Smith","Kurt Wright","skipped","skipped"
"Kurt Wright","Andy Montroll","Dan Smith","skipped","skipped"
"Andy Montroll","Dan Smith","Kurt Wright","skipped","skipped"
"Kurt Wright","Dan Smith","skipped","skipped","skipped"
"Kurt Wright","skipped","skipped","skipped","skipped"
"Andy Montroll","Bob Kiss","Kurt Wright","Dan Smith","skipped"
"Andy Montroll","Kurt Wright","Bob Kiss","skipped","skipped"
"Kurt Wright","skipped","skipped","skipped","skipped"
"Bob Kiss","Andy Montroll","skipped","skipped","skipped"
"Kurt Wright","skipped","skipped","skipped","skipped"
"Andy Montroll","Kurt Wright","skipped","skipped","skipped"
"Kurt Wright","skipped","skipped","skipped","skipped"
"Andy Montroll","Kurt Wright","Dan Smith","Bob Kiss","James Simpson"
"Kurt Wright","skipped","skipped","skipped","skipped"
"Andy Montroll","Kurt Wright","Bob Kiss","Dan Smith","skipped"
"Bob Kiss","James Simpson","Andy Montroll","skipped","skipped"
"Kurt Wright","Andy Montroll","Dan Smith","James Simpson","Bob Kiss"
"Kurt Wright","Dan Smith","Andy Montroll","skipped","skipped"
"Kurt Wright","skipped","skipped","skipped","skipped"
"Kurt Wright","Andy Montroll","Dan Smith","Bob Kiss","skipped"
"Kurt Wright","Dan Smith","Andy Montroll","skipped","skipped"
"Andy Montroll","Bob Kiss","Kurt Wright","skipped","skipped"
"Kurt Wright","Bob Kiss","Dan Smith","skipped","skipped"
"Kurt Wright","Andy Montroll","Dan Smith","Bob Kiss","James Simpson"
"Kurt Wright","Andy Montroll","Dan Smith","Bob Kiss","James Simpson"
"Kurt Wright","Andy Montroll","Dan Smith","Bob Kiss","skipped"
"Kurt Wright","Dan Smith","Andy Montroll","James Simpson","Bob Kiss"
"Bob Kiss","skipped","skipped","skipped","skipped"
"Kurt Wright","Bob Kiss","Dan Smith","skipped","skipped"
"Kurt Wright","Write-in","Andy Montroll","Dan Smith","James Simpson"
"Kurt Wright","Dan Smith","James Simpson","Andy Montroll","Bob Kiss"
"Kurt Wright","skipped","skipped","skipped","Andy Montroll"
"Bob Kiss","skipped","skipped","skipped","skipped"
"Kurt Wright","Andy Montroll","Dan Smith","James Simpson","Bob Kiss"
"Kurt Wright","Dan Smith","James Simpson","skipped","skipped"
"Kurt Wright","Andy Montroll","Dan Smith","skipped","skipped"
"Bob Kiss","Kurt Wright","Dan Smith","skipped","skipped"
"Kurt Wright","skipped","skipped","skipped","skipped"
"Kurt Wright","skipped","skipped","skipped","skipped"
"Bob Kiss","Andy Montroll","Dan Smith","Kurt Wright","James Simpson"
"Bob Kiss","skipped","skipped","skipped","skipped"
"Andy Montroll","Dan Smith","Kurt Wright","James Simpson","Bob Kiss"
"Kurt Wright","Andy Montroll","Dan Smith","skipped","skipped"
"Kurt Wright","Andy Montroll","James Simpson","Dan Smith","skipped"
"Bob Kiss","Kurt Wright","Andy Montroll","Dan Smith","James Simpson"
"Bob Kiss","Dan Smith","skipped","skipped","skipped"
"Kurt Wright","Andy Montroll","Dan Smith","Bob Kiss","James Simpson"
"Bob Kiss","Andy Montroll","Dan Smith","Kurt Wright","James Simpson"
"Dan Smith","Kurt Wright","Bob Kiss","Andy Montroll","skipped"
"Dan Smith","Bob Kiss","Andy Montroll","skipped","skipped"
"Kurt Wright","skipped","skipped","skipped","skipped"
"Kurt Wright","skipped","skipped","skipped","skipped"
"Kurt Wright","skipped","skipped","skipped","skipped"
"Dan Smith","Kurt Wright","Andy Montroll","James Simpson","Bob Kiss"
"Kurt Wright","Andy Montroll","Dan Smith","skipped","skipped"
"Kurt Wright","skipped","skipped","skipped","skipped"
"Kurt Wright","Andy Montroll","Dan Smith","skipped","skipped"
"Andy Montroll","Bob Kiss","skipped","Kurt Wright","Dan Smith"
"Andy Montroll","Bob Kiss","Dan Smith","James Simpson","Kurt Wright"
"Kurt Wright","Andy Montroll","skipped","skipped","skipped"
"Kurt Wright","James Simpson","Dan Smith","Bob Kiss","Andy Montroll"
"Bob Kiss","Andy Montroll","Kurt Wright","Dan Smith","skipped"
"Dan Smith","Bob Kiss","Andy Montroll","Kurt Wright","skipped"
"Kurt Wright","skipped","skipped","skipped","skipped"
"Dan Smith","Andy Montroll","James Simpson","Kurt Wright","Bob Kiss"
"Andy Montroll","Dan Smith","Kurt Wright","Bob Kiss","skipped"
"Andy Montroll","James Simpson","Bob Kiss","skipped","skipped"
"Andy Montroll","skipped","skipped","skipped","skipped"
"Kurt Wright","Andy Montroll","Dan Smith","James Simpson","Bob Kiss"
"Kurt Wright","Andy Montroll","Dan Smith","Bob Kiss","James Simpson"
"Kurt Wright","Dan Smith","skipped","skipped","skipped"
"Kurt Wright","skipped","skipped","skipped","skipped"
"Bob Kiss","Kurt Wright","skipped","skipped","skipped"
"Kurt Wright","skipped","skipped","skipped","skipped"
"Bob Kiss","Andy Montroll","Dan Smith","James Simpson","Kurt Wright"
"Dan Smith","Andy Montroll","skipped","skipped","skipped"
"Kurt Wright","Dan Smith","Andy Montroll","skipped","skipped"
"Kurt Wright","Dan Smith","Bob Kiss","Andy Montroll","James Simpson"
"Andy Montroll","skipped","skipped","skipped","skipped"
"Kurt Wright","Dan Smith","Andy Montroll","Bob Kiss","James Simpson"
"Andy Montroll","skipped","skipped","skipped","skipped"
"Andy Montroll","Kurt Wright","Dan Smith","Bob Kiss","James Simpson"
"Andy Montroll","Kurt Wright","skipped","skipped","skipped"
"Andy Montroll","James Simpson","Dan Smith","skipped","skipped"
"Andy Montroll","Dan Smith","James Simpson","skipped","skipped"
"Andy Montroll","Dan Smith","Bob Kiss","Kurt Wright","James Simpson"
"Kurt Wright","Dan Smith","Andy Montroll","skipped","skipped"
"Kurt Wright","Dan Smith","Andy Montroll","skipped","skipped"
"Kurt Wright","Dan Smith","Andy Montroll","James Simpson","Bob Kiss"
"Kurt Wright","Bob Kiss","Dan Smith","Andy Montroll","James Simpson"
"Kurt Wright","Dan Smith","Andy Montroll","James Simpson","Bob Kiss"
"Andy Montroll","Bob Kiss","skipped","skipped","skipped"
"Kurt Wright","Andy Montroll","skipped","skipped","skipped"
"Kurt Wright","Andy Montroll","skipped","skipped","skipped"
"Kurt Wright","skipped","skipped","skipped","skipped"
"Andy Montroll","Bob Kiss","skipped","skipped","skipped"
"Kurt Wright","Andy Montroll","Dan Smith","Bob Kiss","James Simpson"
"Bob Kiss","Kurt Wright","skipped","skipped","skipped"
"Kurt Wright","Dan Smith","James Simpson","Andy Montroll","Bob Kiss"
"Kurt Wright","skipped","skipped","skipped","skipped"
"Andy Montroll","Bob Kiss","Dan Smith","skipped","skipped"
"Bob Kiss","skipped","skipped","skipped","skipped"
"Andy Montroll","Bob Kiss","Dan Smith","James Simpson","Write-in"
"Bob Kiss","Andy Montroll","Dan Smith","skipped","skipped"
"Kurt Wright","Dan Smith","Andy Montroll","skipped","skipped"
"Kurt Wright","Bob Kiss","Andy Montroll","skipped","skipped"
"Kurt Wright","Andy Montroll","Dan Smith","skipped","skipped"
"Bob Kiss","Andy Montroll","Dan Smith","skipped","skipped"
"Kurt Wright","skipped","skipped","skipped","skipped"
"Bob Kiss","Kurt Wright","Andy Montroll","skipped","skipped"
"Andy Montroll","Bob Kiss","Kurt Wright","skipped","skipped"
"Kurt Wright","Dan Smith","Andy Montroll","Bob Kiss","James Simpson"
"Andy Montroll","Kurt Wright","skipped","skipped","skipped"
"Kurt Wright","Andy Montroll","James Simpson","Dan Smith","Bob Kiss"
"Andy Montroll","Dan Smith","James Simpson","Kurt Wright","Bob Kiss"
"Bob Kiss","Kurt Wright","skipped","skipped","skipped"
"Kurt Wright","skipped","skipped","skipped","skipped"
"Kurt Wright","James Simpson","skipped","skipped","skipped"
"Kurt Wright","Dan Smith","Andy Montroll","skipped","skipped"
"Kurt Wright","skipped","skipped","skipped","skipped"
"Kurt Wright","Dan Smith","James Simpson","Andy Montroll","Bob Kiss"
"Kurt Wright","James Simpson","Dan Smith","Andy Montroll","Bob Kiss"
"Dan Smith","Andy Montroll","Kurt Wright","skipped","skipped"
"James Simpson","Bob Kiss","skipped","skipped","skipped"
"Andy Montroll","Bob Kiss","Dan Smith","James Simpson","skipped"
"Bob Kiss","skipped","skipped","skipped","skipped"
"Bob Kiss","Andy Montroll","Dan Smith","James Simpson","skipped"
"Kurt Wright","skipped","skipped","skipped","skipped"
"Andy Montroll","Kurt Wright","skipped","skipped","skipped"
"Kurt Wright","Dan Smith","James Simpson","Andy Montroll","Bob Kiss"
"Dan Smith","skipped","skipped","skipped","skipped"
"Bob Kiss","Andy Montroll","Dan Smith","skipped","skipped"
"Dan Smith","Kurt Wright","skipped","skipped","skipped"
"Andy Montroll","Bob Kiss","skipped","skipped","skipped"
"Andy Montroll","Dan Smith","James Simpson","Bob Kiss","Kurt Wright"
"Kurt Wright","skipped","skipped","skipped","skipped"
"Bob Kiss","skipped","skipped","skipped","skipped"
"Kurt Wright","skipped","skipped","skipped","skipped"
"Andy Montroll","Dan Smith","Kurt Wright","Bob Kiss","James Simpson"
"Dan Smith","Kurt Wright","Bob Kiss","skipped","skipped"
"Kurt Wright","skipped","skipped","skipped","skipped"
"Kurt Wright","Dan Smith","skipped","skipped","skipped"
"Kurt Wright","Dan Smith","skipped","skipped","Bob Kiss"
"Bob Kiss","Andy Montroll","James Simpson","skipped","skipped"
"Bob Kiss","Dan Smith","Andy Montroll","James Simpson","Kurt Wright"
"Bob Kiss","Andy Montroll","James Simpson","Dan Smith","Kurt Wright"
"Andy Montroll","Bob Kiss","Kurt Wright","Dan Smith","James Simpson"
"Kurt Wright","skipped","skipped","skipped","skipped"
"Kurt Wright","Dan Smith","Andy Montroll","Write-in","Bob Kiss"
"Andy Montroll","Dan Smith","Bob Kiss","Kurt Wright","skipped"
"Andy Montroll","Dan Smith","Kurt Wright","James Simpson","Bob Kiss"
"Bob Kiss","skipped","skipped","skipped","skipped"
"Andy Montroll","Dan Smith","Bob Kiss","James Simpson","Kurt Wright"
"Kurt Wright","Bob Kiss","Andy Montroll","Dan Smith","James Simpson"
"Bob Kiss","Andy Montroll","Dan Smith","Kurt Wright","James Simpson"
"Kurt Wright","Andy Montroll","Dan Smith","Bob Kiss","skipped"
"Kurt Wright","Andy Montroll","Dan Smith","Bob Kiss","James Simpson"
"Kurt Wright","James Simpson","Dan Smith","Bob Kiss","Andy Montroll"
"Kurt Wright","Andy Montroll","skipped","skipped","skipped"
"Kurt Wright","James Simpson","Dan Smith","Bob Kiss","Andy Montroll"
"Bob Kiss","skipped","skipped","skipped","skipped"
"Kurt Wright","Dan Smith","Write-in","Andy Montroll","skipped"
"Andy Montroll","Bob Kiss","Dan Smith","Kurt Wright","James Simpson"
"Andy Montroll","Dan Smith","Kurt Wright","skipped","skipped"
"Kurt Wright","Andy Montroll","Dan Smith","skipped","skipped"
"Kurt Wright","skipped","skipped","skipped","skipped"
"Kurt Wright","Andy Montroll","skipped","skipped","skipped"
"Kurt Wright","Andy Montroll","Dan Smith","James Simpson","Bob Kiss"
"Dan Smith","Bob Kiss","Kurt Wright","skipped","skipped"
"Kurt Wright","Dan Smith","skipped","skipped","skipped"
"Kurt Wright","Andy Montroll","skipped","skipped","skipped"
"Kurt Wright","skipped","skipped","skipped","skipped"
"Kurt Wright","James Simpson","Bob Kiss","Dan Smith","Andy Montroll"
"Bob Kiss","Andy Montroll","Dan Smith","James Simpson","Kurt Wright"
"Andy Montroll","Bob Kiss","Dan Smith","James Simpson","skipped"
"James Simpson","Bob Kiss","Dan Smith","Andy Montroll","Write-in"
"Kurt Wright","Andy Montroll","skipped","skipped","skipped"
"Kurt Wright","skipped","skipped","skipped","skipped"
"Kurt Wright","Andy Montroll","Dan Smith","skipped","skipped"
"Andy Montroll","skipped","skipped","skipped","skipped"
"Kurt Wright","skipped","skipped","skipped","skipped"
"Kurt Wright","skipped","skipped","skipped","skipped"
"Kurt Wright","Andy Montroll","Dan Smith","James Simpson","skipped"
"Kurt Wright","Andy Montroll","Dan Smith","James Simpson","skipped"
"Bob Kiss","Andy Montroll","skipped","skipped","skipped"
"Andy Montroll","Dan Smith","skipped","skipped","skipped"
"Andy Montroll","skipped","skipped","skipped","skipped"
"Kurt Wright","Andy Montroll","skipped","skipped","skipped"
"Kurt Wright","Andy Montroll","skipped","skipped","skipped"
"Dan Smith","Bob Kiss","Andy Montroll","skipped","skipped"
"overvote","Andy Montroll","skipped","skipped","skipped"
"Kurt Wright","skipped","skipped","skipped","skipped"
"Kurt Wright","Dan Smith","Andy Montroll","Bob Kiss","skipped"
"Kurt Wright","skipped","skipped","skipped","skipped"
"Kurt Wright","Dan Smith","James Simpson","Bob Kiss","Andy Montroll"
"Kurt Wright","skipped","skipped","skipped","skipped"
"Bob Kiss","Andy Montroll","skipped","skipped","skipped"
"Andy Montroll","Bob Kiss","Kurt Wright","skipped","skipped"
"Bob Kiss","Kurt Wright","Dan Smith","James Simpson","skipped"
"skipped","skipped","skipped","skipped","skipped"
"Andy Montroll","Bob Kiss","Write-in","skipped","Kurt Wright"
"Kurt Wright","skipped","skipped","skipped","skipped"
"Kurt Wright","skipped","skipped","skipped","skipped"
"Kurt Wright","skipped","skipped","skipped","skipped"
"Kurt Wright","Bob Kiss","Dan Smith","skipped","skipped"
"Kurt Wright","skipped","skipped","skipped","skipped"
"Kurt Wright","Andy Montroll","skipped","skipped","skipped"
"Bob Kiss","Andy Montroll","James Simpson","Dan Smith","Kurt Wright"
"Bob Kiss","Andy Montroll","Dan Smith","Kurt Wright","skipped"
"Andy Montroll","Bob Kiss","Dan Smith","skipped","skipped"
"Andy Montroll","Dan Smith","Bob Kiss","James Simpson","Kurt Wright"
"Kurt Wright","Andy Montroll","Dan Smith","James Simpson","skipped"
"Bob Kiss","Andy Montroll","skipped","skipped","skipped"
"Bob Kiss","Dan Smith","Andy Montroll","James Simpson","skipped"
"Kurt Wright","Dan Smith","skipped","skipped","skipped"
"Kurt Wright","Andy Montroll","Dan Smith","skipped","skipped"
"Kurt Wright","Dan Smith","skipped","skipped","skipped"
"Andy Montroll","Bob Kiss","Dan Smith","James Simpson","Write-in"
"Bob Kiss","skipped","skipped","skipped","skipped"
"Dan Smith","Andy Montroll","Bob Kiss","Kurt Wright","skipped"
"Dan Smith","Andy Montroll","Bob Kiss","Write-in","James Simpson"
"Dan Smith","Andy Montroll","Bob Kiss","Kurt Wright","skipped"
"Dan Smith","Kurt Wright","Andy Montroll","Bob Kiss","James Simpson"
"Bob Kiss","Andy Montroll","Kurt Wright","Dan Smith","James Simpson"
"Kurt Wright","Andy Montroll","Dan Smith","James Simpson","Bob Kiss"
"Kurt Wright","Write-in","skipped","skipped","skipped"
"Dan Smith","Kurt Wright","Bob Kiss","Andy Montroll","James Simpson"
"Bob Kiss","Dan Smith","Write-in","Andy Montroll","James Simpson"
"Andy Montroll","Dan Smith","Bob Kiss","skipped","skipped"
"Andy Montroll","Dan Smith","skipped","skipped","skipped"
"Bob Kiss","Andy Montroll","skipped","skipped","skipped"
"Bob Kiss","Andy Montroll","Kurt Wright","skipped","skipped"
"Andy Montroll","Dan Smith","Bob Kiss","Kurt Wright","James Simpson"
"Dan Smith","Kurt Wright","skipped","skipped","skipped"
"Andy Montroll","Dan Smith","Bob Kiss","Kurt Wright","James Simpson"
"Andy Montroll","Dan Smith","Kurt Wright","Bob Kiss","James Simpson"
"Bob Kiss","Dan Smith","Andy Montroll","skipped","skipped"
"Bob Kiss","Andy Montroll","James Simpson","Dan Smith","Kurt Wright"
"Bob Kiss","Dan Smith","Andy Montroll","Kurt Wright","James Simpson"
"Kurt Wright","skipped","skipped","skipped","skipped"
"Kurt Wright","Andy Montroll","skipped","skipped","skipped"
"Kurt Wright","Andy Montroll","skipped","skipped","skipped"
"Kurt Wright","skipped","skipped","skipped","skipped"
"Kurt Wright","Andy Montroll","Dan Smith","skipped","skipped"
"Kurt Wright","Andy Montroll","Dan Smith","skipped","skipped"
"Kurt Wright","Dan Smith","Andy Montroll","skipped","skipped"
"Kurt Wright","James Simpson","skipped","skipped","skipped"
"Kurt Wright","James Simpson","skipped","skipped","skipped"
"Andy Montroll","Kurt Wright","skipped","skipped","skipped"
"Bob Kiss","skipped","skipped","skipped","skipped"
"Dan Smith","Andy Montroll","skipped","skipped","skipped"
"Kurt Wright","Andy Montroll","Dan Smith","James Simpson","Bob Kiss"
"Dan Smith","Andy Montroll","skipped","skipped","skipped"
"Bob Kiss","skipped","skipped","skipped","skipped"
"Kurt Wright","Dan Smith","James Simpson","Andy Montroll","Bob Kiss"
"Andy Montroll","Kurt Wright","Dan Smith","Bob Kiss","skipped"
"Bob Kiss","Kurt Wright","Dan Smith","Andy Montroll","skipped"
"Kurt Wright","Andy Montroll","Dan Smith","James Simpson","Bob Kiss"
"Kurt Wright","Andy Montroll","Dan Smith","skipped","skipped"
"Dan Smith","Andy Montroll","Kurt Wright","James Simpson","Bob Kiss"
"Bob Kiss","Kurt Wright","Andy Montroll","Dan Smith","James Simpson"
"Kurt Wright","Dan Smith","Andy Montroll","skipped","skipped"
"Andy Montroll","Dan Smith","Bob Kiss","Kurt Wright","skipped"
"Bob Kiss","Andy Montroll","skipped","skipped","skipped"
"Bob Kiss","James Simpson","Andy Montroll","skipped","skipped"
"Kurt Wright","Andy Montroll","Bob Kiss","skipped","skipped"
"Andy Montroll","Bob Kiss","Kurt Wright","Dan Smith","James Simpson"
"Dan Smith","Kurt Wright","Andy Montroll","skipped","skipped"
"Dan Smith","Kurt Wright","Andy Montroll","Bob Kiss","skipped"
"Kurt Wright","skipped","skipped","skipped","skipped"
"Bob Kiss","Andy Montroll","James Simpson","Dan Smith","Kurt Wright"
"Kurt Wright","Andy Montroll","Bob Kiss","Dan Smith","James Simpson"
"Kurt Wright","Andy Montroll","skipped","skipped","skipped"
"Bob Kiss","Andy Montroll","Kurt Wright","skipped","skipped"
"Andy Montroll","Dan Smith","Bob Kiss","skipped","skipped"
"Dan Smith","skipped","skipped","skipped","skipped"
"Kurt Wright","Dan Smith","skipped","skipped","skipped"
"Dan Smith","Andy Montroll","skipped","skipped","skipped"
"Dan Smith","Andy Montroll","Kurt Wright","Bob Kiss","skipped"
"Dan Smith","Andy Montroll","skipped","skipped","skipped"
"Andy Montroll","Kurt Wright","Dan Smith","skipped","skipped"
"Bob Kiss","Dan Smith","James Simpson","Andy Montroll","skipped"
"Bob Kiss","skipped","skipped","skipped","skipped"
"Bob Kiss","skipped","skipped","skipped","skipped"
"Dan Smith","Bob Kiss","Andy Montroll","skipped","skipped"
"skipped","skipped","skipped","skipped","Write-in"
"Kurt Wright","Andy Montroll","Dan Smith","Bob Kiss","James Simpson"
"Bob Kiss","Andy Montroll","James Simpson","Dan Smith","Kurt Wright"
"Andy Montroll","Dan Smith","James Simpson","skipped","skipped"
"Kurt Wright","Andy Montroll","Dan Smith","skipped","skipped"
"Kurt Wright","Dan Smith","skipped","skipped","skipped"
"Kurt Wright","Dan Smith","Andy Montroll","Bob Kiss","James Simpson"
"Andy Montroll","Kurt Wright","skipped","skipped","skipped"
"Kurt Wright","Andy Montroll","skipped","skipped","skipped"
"Kurt Wright","skipped","skipped","skipped","skipped"
"Dan Smith","Bob Kiss","Kurt Wright","skipped","skipped"
"Bob Kiss","Andy Montroll","skipped","skipped","skipped"
"Bob Kiss","Andy Montroll","Dan Smith","Kurt Wright","James Simpson"
"Kurt Wright","Bob Kiss","Andy Montroll","Dan Smith","James Simpson"
"Andy Montroll","Kurt Wright","Dan Smith","Bob Kiss","James Simpson"
"Kurt Wright","skipped","skipped","skipped","skipped"
"Bob Kiss","Andy Montroll","Dan Smith","James Simpson","Kurt Wright"
"Kurt Wright","Andy Montroll","Dan Smith","skipped","skipped"
"Kurt Wright","skipped","skipped","skipped","skipped"
"Kurt Wright","Andy Montroll","Dan Smith","James Simpson","Bob Kiss"
"Andy Montroll","Kurt Wright","Dan Smith","Bob Kiss","James Simpson"
"Andy Montroll","Dan Smith","Bob Kiss","James Simpson","skipped"
"Andy Montroll","skipped","skipped","skipped","skipped"
"Andy Montroll","Dan Smith","Kurt Wright","James Simpson","skipped"
"Andy Montroll","Dan Smith","Kurt Wright","Write-in","Bob Kiss"
"Kurt Wright","skipped","skipped","skipped","skipped"
"Kurt Wright","Andy Montroll","Dan Smith","Bob Kiss","James Simpson"
"Bob Kiss","Andy Montroll","skipped","skipped","skipped"
"Bob Kiss","Dan Smith","Andy Montroll","skipped","skipped"
"Bob Kiss","Dan Smith","Andy Montroll","Kurt Wright","James Simpson"
"Bob Kiss","Andy Montroll","Dan Smith","Kurt Wright","James Simpson"
"Kurt Wright","Andy Montroll","Dan Smith","James Simpson","Bob Kiss"
"Bob Kiss","skipped","skipped","skipped","skipped"
"Bob Kiss","skipped","skipped","skipped","skipped"
"Kurt Wright","Andy Montroll","Dan Smith","James Simpson","Bob Kiss"
"Kurt Wright","Dan Smith","skipped","skipped","skipped"
"Andy Montroll","Bob Kiss","Kurt Wright","skipped","skipped"
"Bob Kiss","Andy Montroll","James Simpson","Dan Smith","skipped"
"Andy Montroll","Bob Kiss","James Simpson","Dan Smith","Kurt Wright"
"Bob Kiss","Kurt Wright","Dan Smith","skipped","skipped"
"Andy Montroll","Bob Kiss","skipped","skipped","skipped"
"Kurt Wright","skipped","skipped","skipped","skipped"
"Kurt Wright","Andy Montroll","Dan Smith","skipped","skipped"
"Andy Montroll","Kurt Wright","skipped","skipped","Bob Kiss"
"Andy Montroll","Kurt Wright","skipped","skipped","skipped"
"Andy Montroll","skipped","skipped","skipped","skipped"
"Bob Kiss","Andy Montroll","skipped","skipped","skipped"
"Dan Smith","Andy Montroll","Bob Kiss","Kurt Wright","James Simpson"
"Bob Kiss","Andy Montroll","Kurt Wright","Dan Smith","James Simpson"
"Dan Smith","Andy Montroll","Kurt Wright","Bob Kiss","skipped"
"Bob Kiss","Dan Smith","skipped","skipped","skipped"
"Bob Kiss","Andy Montroll","skipped","skipped","skipped"
"Kurt Wright","Andy Montroll","Dan Smith","skipped","skipped"
"Kurt Wright","Andy Montroll","Bob Kiss","Dan Smith","James Simpson"
"Bob Kiss","Andy Montroll","James Simpson","Dan Smith","skipped"
"Andy Montroll","Kurt Wright","skipped","skipped","skipped"
"Kurt Wright","skipped","skipped","skipped","skipped"
"Bob Kiss","Andy Montroll","James Simpson","Dan Smith","skipped"
"Kurt Wright","Dan Smith","Bob Kiss","skipped","skipped"
"Kurt Wright","Dan Smith","Andy Montroll","Bob Kiss","James Simpson"
"Dan Smith","Andy Montroll","Kurt Wright","Bob Kiss","skipped"
"Kurt Wright","Dan Smith","Andy Montroll","James Simpson","Bob Kiss"
"Kurt Wright","Andy Montroll","skipped","skipped","skipped"
"Dan Smith","skipped","skipped","skipped","skipped"
"Dan Smith","skipped","skipped","skipped","skipped"
"Bob Kiss","Andy Montroll","Kurt Wright","Dan Smith","James Simpson"
"Andy Montroll","Bob Kiss","Dan Smith","Kurt Wright","James Simpson"
"Dan Smith","Kurt Wright","Bob Kiss","skipped","skipped"
"Dan Smith","Kurt Wright","Bob Kiss","skipped","skipped"
"Kurt Wright","skipped","skipped","skipped","skipped"
"Bob Kiss","Andy Montroll","Dan Smith","James Simpson","skipped"
"Kurt Wright","Andy Montroll","James Simpson","Dan Smith","Bob Kiss"
"Kurt Wright","skipped","skipped","skipped","skipped"
"Andy Montroll","Bob Kiss","Kurt Wright","Dan Smith","skipped"
"Bob Kiss","Kurt Wright","Andy Montroll","Dan Smith","James Simpson"
"Dan Smith","Andy Montroll","Kurt Wright","Bob Kiss","James Simpson"
"Bob Kiss","James Simpson","Dan Smith","Kurt Wright","skipped"
"Kurt Wright","Dan Smith","James Simpson","Andy Montroll","Bob Kiss"
"Bob Kiss","Andy Montroll","Kurt Wright","skipped","skipped"
"Kurt Wright","skipped","skipped","skipped","skipped"
"Kurt Wright","Dan Smith","Andy Montroll","Bob Kiss","James Simpson"
"Kurt Wright","skipped","skipped","skipped","skipped"
"Kurt Wright","Dan Smith","skipped","skipped","skipped"
"Kurt Wright","skipped","skipped","skipped","skipped"
"Kurt Wright","Dan Smith","skipped","skipped","skipped"
"Kurt Wright","Dan Smith","skipped","skipped","skipped"
"Kurt Wright","Dan Smith","Bob Kiss","Andy Montroll","James Simpson"
"Kurt Wright","Dan Smith","James Simpson","Andy Montroll","Bob Kiss"
"Kurt Wright","Andy Montroll","Dan Smith","Bob Kiss","skipped"
"Kurt Wright","Andy Montroll","Dan Smith","Bob Kiss","skipped"
"Kurt Wright","skipped","skipped","skipped","skipped"
"Kurt Wright","Andy Montroll","Bob Kiss","Dan Smith","skipped"
"Andy Montroll","Dan Smith","James Simpson","Bob Kiss","Kurt Wright"
"Bob Kiss","Kurt Wright","skipped","skipped","skipped"
"Andy Montroll","Bob Kiss","Dan Smith","skipped","skipped"
"Kurt Wright","Dan Smith","Andy Montroll","Bob Kiss","James Simpson"
"Kurt Wright","Dan Smith","Andy Montroll","James Simpson","skipped"
"Andy Montroll","Dan Smith","Kurt Wright","Bob Kiss","skipped"
"Kurt Wright","Bob Kiss","Dan Smith","Andy Montroll","James Simpson"
"Bob Kiss","Andy Montroll","Dan Smith","skipped","skipped"
"Bob Kiss","skipped","skipped","skipped","skipped"
"Dan Smith","Andy Montroll","Kurt Wright","Bob Kiss","James Simpson"
"Kurt Wright","skipped","skipped","skipped","skipped"
"Andy Montroll","Bob Kiss","skipped","skipped","skipped"
"Dan Smith","skipped","skipped","skipped","skipped"
"Kurt Wright","skipped","skipped","skipped","skipped"
"Kurt Wright","Dan Smith","Andy Montroll","skipped","skipped"
"Andy Montroll","Bob Kiss","Dan Smith","James Simpson","Kurt Wright"
"Kurt Wright","Dan Smith","Bob Kiss","Andy Montroll","James Simpson"
"Kurt Wright","Bob Kiss","skipped","skipped","skipped"
"Kurt Wright","Bob Kiss","skipped","skipped","skipped"
"Andy Montroll","Dan Smith","Bob Kiss","Kurt Wright","James Simpson"
"Dan Smith","Andy Montroll","Bob Kiss","James Simpson","Kurt Wright"
"Dan Smith","Andy Montroll","Bob Kiss","James Simpson","Kurt Wright"
"James Simpson","Bob Kiss","Andy Montroll","Dan Smith","Kurt Wright"
"Kurt Wright","Dan Smith","Bob Kiss","Andy Montroll","James Simpson"
"Andy Montroll","Bob Kiss","skipped","skipped","skipped"
"Dan Smith","Andy Montroll","skipped","skipped","skipped"
"Andy Montroll","Bob Kiss","Dan Smith","skipped","skipped"
"Kurt Wright","Bob Kiss","skipped","skipped","skipped"
"Bob Kiss","Andy Montroll","Dan Smith","James Simpson","skipped"
"Dan Smith","Andy Montroll","James Simpson","Bob Kiss","Kurt Wright"
"Kurt Wright","Dan Smith","Andy Montroll","Bob Kiss","skipped"
"Kurt Wright","skipped","skipped","skipped","skipped"
"Kurt Wright","skipped","skipped","skipped","skipped"
"Kurt Wright","skipped","skipped","skipped","skipped"
"Kurt Wright","Andy Montroll","skipped","skipped","skipped"
"Andy Montroll","Dan Smith","Bob Kiss","James Simpson","skipped"
"Andy Montroll","Kurt Wright","Dan Smith","Bob Kiss","skipped"
"Kurt Wright","Andy Montroll","Bob Kiss","Dan Smith","skipped"
"Andy Montroll","Kurt Wright","Bob Kiss","Dan Smith","James Simpson"
"Andy Montroll","Kurt Wright","Bob Kiss","Dan Smith","James Simpson"
"Kurt Wright","Dan Smith","Andy Montroll","Bob Kiss","James Simpson"
"Kurt Wright","James Simpson","Bob Kiss","Andy Montroll","Dan Smith"
"Kurt Wright","Andy Montroll","Dan Smith","Bob Kiss","James Simpson"
"Kurt Wright","Bob Kiss","Andy Montroll","skipped","skipped"
"Andy Montroll","Bob Kiss","Dan Smith","James Simpson","Kurt Wright"
"Kurt Wright","skipped","skipped","skipped","skipped"
"Kurt Wright","skipped","skipped","skipped","skipped"
"Write-in","Kurt Wright","skipped","skipped","skipped"
"Dan Smith","Kurt Wright","Andy Montroll","skipped","skipped"
"Dan Smith","Kurt Wright","Andy Montroll","skipped","skipped"
"Bob Kiss","Dan Smith","Andy Montroll","James Simpson","Kurt Wright"
"Kurt Wright","skipped","skipped","skipped","skipped"
"Bob Kiss","Dan Smith","Andy Montroll","skipped","skipped"
"Bob Kiss","James Simpson","Dan Smith","Andy Montroll","Kurt Wright"
"Andy Montroll","Bob Kiss","skipped","skipped","skipped"
"Dan Smith","Kurt Wright","Andy Montroll","James Simpson","skipped"
"Kurt Wright","Andy Montroll","Dan Smith","skipped","skipped"
"Kurt Wright","James Simpson","Dan Smith","skipped","skipped"
"Kurt Wright","skipped","skipped","skipped","skipped"
"Kurt Wright","skipped","skipped","skipped","skipped"
"Bob Kiss","skipped","skipped","skipped","skipped"
"Kurt Wright","Andy Montroll","skipped","skipped","skipped"
"Andy Montroll","skipped","skipped","skipped","skipped"
"Kurt Wright","Andy Montroll","skipped","skipped","skipped"
"Bob Kiss","skipped","skipped","skipped","skipped"
"Andy Montroll","Bob Kiss","skipped","skipped","skipped"
"Andy Montroll","Dan Smith","Kurt Wright","Bob Kiss","skipped"
"Andy Montroll","Bob Kiss","skipped","skipped","skipped"
"Bob Kiss","Dan Smith","Andy Montroll","skipped","skipped"
"Kurt Wright","skipped","skipped","skipped","skipped"
"Dan Smith","Kurt Wright","Andy Montroll","Bob Kiss","skipped"
"Kurt Wright","Andy Montroll","skipped","skipped","skipped"
"Kurt Wright","Dan Smith","skipped","skipped","skipped"
"Dan Smith","Andy Montroll","Kurt Wright","skipped","skipped"
"Bob Kiss","Andy Montroll","skipped","skipped","skipped"
"Bob Kiss","Dan Smith","Andy Montroll","James Simpson","Kurt Wright"
"Bob Kiss","Andy Montroll","Dan Smith","Kurt Wright","James Simpson"
"Bob Kiss","Andy Montroll","James Simpson","skipped","skipped"
"Kurt Wright","Dan Smith","Andy Montroll","Bob Kiss","skipped"
"Kurt Wright","skipped","skipped","skipped","skipped"
"Andy Montroll","Dan Smith","Kurt Wright","Bob Kiss","James Simpson"
"Kurt Wright","skipped","skipped","skipped","skipped"
"Kurt Wright","skipped","skipped","skipped","skipped"
"Dan Smith","Kurt Wright","Andy Montroll","Bob Kiss","James Simpson"
"Kurt Wright","skipped","skipped","skipped","skipped"
"Kurt Wright","Dan Smith","Bob Kiss","Andy Montroll","James Simpson"
"Kurt Wright","skipped","skipped","skipped","skipped"
"Kurt Wright","skipped","skipped","skipped","skipped"
"Dan Smith","Andy Montroll","Bob Kiss","Kurt Wright","James Simpson"
"Andy Montroll","Kurt Wright","Dan Smith","Bob Kiss","James Simpson"
"Andy Montroll","Bob Kiss","Dan Smith","Kurt Wright","skipped"
"Bob Kiss","Andy Montroll","Dan Smith","skipped","skipped"
"Kurt Wright","Dan Smith","skipped","skipped","skipped"
"Dan Smith","Andy Montroll","Kurt Wright","James Simpson","Bob Kiss"
"Andy Montroll","Bob Kiss","Dan Smith","skipped","Kurt Wright"
"Bob Kiss","Kurt Wright","Dan Smith","James Simpson","Andy Montroll"
"Kurt Wright","Dan Smith","Andy Montroll","James Simpson","skipped"
"Dan Smith","Andy Montroll","Kurt Wright","skipped","skipped"
"Andy Montroll","Bob Kiss","Dan Smith","Kurt Wright","James Simpson"
"Andy Montroll","Dan Smith","Kurt Wright","James Simpson","skipped"
"Kurt Wright","Dan Smith","Andy Montroll","James Simpson","Bob Kiss"
"Kurt Wright","James Simpson","Andy Montroll","Dan Smith","Bob Kiss"
"Dan Smith","Andy Montroll","Bob Kiss","skipped","skipped"
"Bob Kiss","Andy Montroll","Dan Smith","James Simpson","Kurt Wright"
"Kurt Wright","Dan Smith","Bob Kiss","Andy Montroll","James Simpson"
"Kurt Wright","James Simpson","Dan Smith","Andy Montroll","Bob Kiss"
"Dan Smith","Andy Montroll","skipped","skipped","skipped"
"Kurt Wright","Andy Montroll","Bob Kiss","Dan Smith","James Simpson"
"Kurt Wright","Dan Smith","skipped","skipped","skipped"
"Andy Montroll","Bob Kiss","Dan Smith","James Simpson","Kurt Wright"
"Kurt Wright","Andy Montroll","Bob Kiss","Dan Smith","James Simpson"
"Dan Smith","Andy Montroll","skipped","skipped","skipped"
"Andy Montroll","Bob Kiss","Kurt Wright","Dan Smith","James Simpson"
"Bob Kiss","Kurt Wright","Andy Montroll","Dan Smith","skipped"
"Andy Montroll","Kurt Wright","Bob Kiss","Dan Smith","James Simpson"
"Andy Montroll","Dan Smith","skipped","skipped","skipped"
"Dan Smith","Bob Kiss","Andy Montroll","skipped","skipped"
"Kurt Wright","Bob Kiss","Andy Montroll","skipped","skipped"
"Kurt Wright","skipped","skipped","skipped","skipped"
"Kurt Wright","Dan Smith","Andy Montroll","Bob Kiss","skipped"
"Kurt Wright","skipped","skipped","skipped","skipped"
"Kurt Wright","skipped","skipped","skipped","skipped"
"Kurt Wright","skipped","skipped","skipped","skipped"
"Kurt Wright","skipped","skipped","skipped","skipped"
"Bob Kiss","Kurt Wright","Andy Montroll","Dan Smith","skipped"
"Kurt Wright","Andy Montroll","Bob Kiss","Dan Smith","James Simpson"
"Dan Smith","Andy Montroll","skipped","skipped","skipped"
"Andy Montroll","Dan Smith","Kurt Wright","skipped","skipped"
"Kurt Wright","skipped","skipped","skipped","skipped"
"Kurt Wright","Andy Montroll","skipped","skipped","skipped"
"Kurt Wright","Dan Smith","skipped","skipped","skipped"
"Kurt Wright","Andy Montroll","skipped","skipped","skipped"
"Dan Smith","Andy Montroll","Kurt Wright","James Simpson","Bob Kiss"
"Bob Kiss","Andy Montroll","Kurt Wright","Dan Smith","James Simpson"
"Dan Smith","Andy Montroll","Bob Kiss","Kurt Wright","skipped"
"Kurt Wright","Dan Smith","Andy Montroll","James Simpson","Bob Kiss"
"Kurt Wright","Andy Montroll","Dan Smith","Bob Kiss","James Simpson"
"Bob Kiss","Kurt Wright","skipped","skipped","skipped"
"Andy Montroll","Dan Smith","Kurt Wright","Bob Kiss","James Simpson"
"Andy Montroll","Bob Kiss","Kurt Wright","skipped","skipped"
"Andy Montroll","Bob Kiss","skipped","skipped","skipped"
"Kurt Wright","Andy Montroll","Dan Smith","James Simpson","Bob Kiss"
"Kurt Wright","skipped","skipped","skipped","skipped"
"Bob Kiss","Andy Montroll","Kurt Wright","Dan Smith","skipped"
"Bob Kiss","Andy Montroll","skipped","skipped","skipped"
"Bob Kiss","Kurt Wright","Andy Montroll","Dan Smith","James Simpson"
"Andy Montroll","Bob Kiss","Dan Smith","James Simpson","Kurt Wright"
"Bob Kiss","Kurt Wright","skipped","skipped","skipped"
"Kurt Wright","skipped","skipped","skipped","skipped"
"Andy Montroll","Dan Smith","James Simpson","Kurt Wright","Bob Kiss"
"Kurt Wright","skipped","skipped","skipped","skipped"
"Bob Kiss","skipped","skipped","skipped","skipped"
"Kurt Wright","Andy Montroll","Bob Kiss","James Simpson","Dan Smith"
"Andy Montroll","Dan Smith","Kurt Wright","Bob Kiss","skipped"
"Andy Montroll","Bob Kiss","James Simpson","skipped","skipped"
"Andy Montroll","Bob Kiss","James Simpson","skipped","skipped"
"Andy Montroll","Kurt Wright","James Simpson","skipped","skipped"
"Andy Montroll","Bob Kiss","Dan Smith","James Simpson","Kurt Wright"
"Bob Kiss","Kurt Wright","skipped","skipped","skipped"
"Kurt Wright","skipped","skipped","skipped","skipped"
"Kurt Wright","Andy Montroll","Bob Kiss","skipped","skipped"
"Andy Montroll","Bob Kiss","skipped","skipped","skipped"
"Kurt Wright","Andy Montroll","Dan Smith","James Simpson","Bob Kiss"
"Kurt Wright","Dan Smith","James Simpson","Andy Montroll","Bob Kiss"
"Dan Smith","Kurt Wright","Bob Kiss","Andy Montroll","James Simpson"
"Kurt Wright","Andy Montroll","skipped","skipped","skipped"
"Dan Smith","skipped","skipped","skipped","skipped"
"Kurt Wright","James Simpson","Bob Kiss","skipped","skipped"
"Kurt Wright","Bob Kiss","skipped","skipped","skipped"
"Kurt Wright","Bob Kiss","skipped","skipped","skipped"
"Andy Montroll","Dan Smith","Kurt Wright","skipped","skipped"
"Kurt Wright","Andy Montroll","Bob Kiss","Dan Smith","skipped"
"Bob Kiss","Dan Smith","Andy Montroll","skipped","skipped"
"Kurt Wright","Bob Kiss","Dan Smith","skipped","skipped"
"Kurt Wright","Andy Montroll","skipped","skipped","skipped"
"Kurt Wright","Bob Kiss","Dan Smith","Andy Montroll","James Simpson"
"Kurt Wright","skipped","skipped","skipped","skipped"
"Bob Kiss","Dan Smith","Andy Montroll","skipped","skipped"
"Kurt Wright","Dan Smith","skipped","skipped","skipped"
"Kurt Wright","Dan Smith","skipped","skipped","skipped"
"Kurt Wright","Dan Smith","Andy Montroll","James Simpson","skipped"
"Andy Montroll","Kurt Wright","Dan Smith","skipped","skipped"
"Kurt Wright","Dan Smith","skipped","skipped","skipped"
"Kurt Wright","Andy Montroll","James Simpson","Dan Smith","Bob Kiss"
"Dan Smith","Andy Montroll","Bob Kiss","skipped","skipped"
"Kurt Wright","Bob Kiss","Dan Smith","skipped","skipped"
"Andy Montroll","Dan Smith","Bob Kiss","James Simpson","Kurt Wright"
"Bob Kiss","Andy Montroll","Dan Smith","Kurt Wright","James Simpson"
"Bob Kiss","Andy Montroll","Dan Smith","Kurt Wright","James Simpson"
"Kurt Wright","skipped","skipped","skipped","skipped"
"Kurt Wright","Dan Smith","Andy Montroll","skipped","skipped"
"Kurt Wright","skipped","skipped","skipped","skipped"
"Andy Montroll","Dan Smith","Kurt Wright","James Simpson","Bob Kiss"
"Bob Kiss","James Simpson","Andy Montroll","Dan Smith","Kurt Wright"
"Kurt Wright","Bob Kiss","Andy Montroll","Dan Smith","skipped"
"Andy Montroll","Dan Smith","Kurt Wright","Write-in","skipped"
"Dan Smith","Andy Montroll","Kurt Wright","Bob Kiss","James Simpson"
"Kurt Wright","Dan Smith","James Simpson","Andy Montroll","Bob Kiss"
"Kurt Wright","skipped","skipped","skipped","skipped"
"Kurt Wright","Andy Montroll","skipped","skipped","skipped"
"Kurt Wright","Andy Montroll","skipped","skipped","skipped"
"Kurt Wright","Dan Smith","Andy Montroll","James Simpson","Bob Kiss"
"Kurt Wright","skipped","skipped","skipped","skipped"
"Kurt Wright","Bob Kiss","Dan Smith","Andy Montroll","James Simpson"
"Bob Kiss","Andy Montroll","Dan Smith","skipped","skipped"
"Kurt Wright","Andy Montroll","Dan Smith","Bob Kiss","James Simpson"
"Dan Smith","Kurt Wright","Bob Kiss","Andy Montroll","James Simpson"
"Kurt Wright","skipped","skipped","skipped","skipped"
"Kurt Wright","skipped","skipped","skipped","skipped"
"Andy Montroll","Bob Kiss","Kurt Wright","skipped","skipped"
"Andy Montroll","Dan Smith","skipped","skipped","skipped"
"Andy Montroll","Bob Kiss","Kurt Wright","skipped","skipped"
"Kurt Wright","skipped","skipped","skipped","skipped"
"Bob Kiss","Dan Smith","Andy Montroll","Kurt Wright","skipped"
"Dan Smith","Bob Kiss","Andy Montroll","skipped","skipped"
"Bob Kiss","Andy Montroll","James Simpson","Dan Smith","skipped"
"Kurt Wright","Bob Kiss","Andy Montroll","James Simpson","Dan Smith"
"Kurt Wright","Andy Montroll","skipped","skipped","Bob Kiss"
"Kurt Wright","Andy Montroll","Dan Smith","skipped","Bob Kiss"
"Write-in","Kurt Wright","skipped","skipped","skipped"
"Kurt Wright","Andy Montroll","skipped","skipped","skipped"
"Bob Kiss","Dan Smith","Andy Montroll","James Simpson","Kurt Wright"
"Dan Smith","Andy Montroll","James Simpson","skipped","skipped"
"Dan Smith","Bob Kiss","Andy Montroll","Kurt Wright","James Simpson"
"Bob Kiss","Andy Montroll","Kurt Wright","Dan Smith","James Simpson"
"Andy Montroll","Bob Kiss","Kurt Wright","skipped","skipped"
"Dan Smith","Kurt Wright","Andy Montroll","skipped","skipped"
"Kurt Wright","Dan Smith","Andy Montroll","Bob Kiss","James Simpson"
"Andy Montroll","skipped","skipped","skipped","skipped"
"Kurt Wright","Andy Montroll","Dan Smith","Bob Kiss","James Simpson"
"Kurt Wright","Bob Kiss","skipped","skipped","skipped"
"Kurt Wright","Andy Montroll","skipped","skipped","skipped"
"Bob Kiss","Dan Smith","Andy Montroll","Kurt Wright","skipped"
"Bob Kiss","Andy Montroll","Dan Smith","Kurt Wright","James Simpson"
"Dan Smith","Andy Montroll","Kurt Wright","skipped","skipped"
"Kurt Wright","Dan Smith","skipped","skipped","skipped"
"Kurt Wright","Andy Montroll","Dan Smith","skipped","skipped"
"Dan Smith","Andy Montroll","James Simpson","Bob Kiss","Kurt Wright"
"Andy Montroll","skipped","skipped","skipped","skipped"
"Dan Smith","Kurt Wright","Andy Montroll","skipped","skipped"
"Kurt Wright","Andy Montroll","Bob Kiss","Dan Smith","James Simpson"
"Kurt Wright","Andy Montroll","Bob Kiss","Dan Smith","James Simpson"
"Andy Montroll","Dan Smith","skipped","skipped","skipped"
"Kurt Wright","Andy Montroll","Bob Kiss","James Simpson","Dan Smith"
"Andy Montroll","skipped","skipped","skipped","skipped"
"Bob Kiss","James Simpson","Dan Smith","skipped","skipped"
"Dan Smith","Bob Kiss","Andy Montroll","skipped","skipped"
"Kurt Wright","Andy Montroll","skipped","skipped","skipped"
"Bob Kiss","Dan Smith","James Simpson","Andy Montroll","Kurt Wright"
"Andy Montroll","skipped","skipped","skipped","skipped"
"Dan Smith","Andy Montroll","Bob Kiss","skipped","skipped"
"Andy Montroll","Dan Smith","Kurt Wright","skipped","skipped"
"Andy Montroll","Dan Smith","Kurt Wright","Bob Kiss","skipped"
"Bob Kiss","Dan Smith","Andy Montroll","James Simpson","Kurt Wright"
"Kurt Wright","James Simpson","Dan Smith","Bob Kiss","Andy Montroll"
"Bob Kiss","Andy Montroll","Dan Smith","James Simpson","Kurt Wright"
"James Simpson","Bob Kiss","Andy Montroll","Kurt Wright","Dan Smith"
"Bob Kiss","Kurt Wright","Andy Montroll","Dan Smith","James Simpson"
"Dan Smith","Andy Montroll","Bob Kiss","Kurt Wright","James Simpson"
"Bob Kiss","Andy Montroll","Dan Smith","skipped","skipped"
"Bob Kiss","Andy Montroll","Dan Smith","skipped","skipped"
"Kurt Wright","James Simpson","skipped","skipped","skipped"
"Andy Montroll","skipped","skipped","skipped","skipped"
"Dan Smith","Bob Kiss","Andy Montroll","James Simpson","skipped"
"skipped","Kurt Wright","Dan Smith","James Simpson","Andy Montroll"
"Bob Kiss","Andy Montroll","Dan Smith","skipped","skipped"
"Bob Kiss","Andy Montroll","Dan Smith","James Simpson","Kurt Wright"
"Kurt Wright","Bob Kiss","Dan Smith","Andy Montroll","James Simpson"
"Andy Montroll","Bob Kiss","Kurt Wright","Dan Smith","skipped"
"Kurt Wright","James Simpson","Dan Smith","Andy Montroll","Bob Kiss"
"Andy Montroll","Dan Smith","Kurt Wright","Bob Kiss","James Simpson"
"Kurt Wright","skipped","skipped","skipped","skipped"
"Kurt Wright","skipped","skipped","skipped","skipped"
"Dan Smith","Kurt Wright","skipped","skipped","skipped"
"Andy Montroll","Kurt Wright","Dan Smith","Bob Kiss","James Simpson"
"Kurt Wright","skipped","skipped","skipped","skipped"
"Kurt Wright","skipped","skipped","skipped","skipped"
"Andy Montroll","Kurt Wright","Dan Smith","James Simpson","Bob Kiss"
"Kurt Wright","skipped","skipped","skipped","skipped"
"Bob Kiss","Andy Montroll","skipped","skipped","skipped"
"Bob Kiss","Dan Smith","skipped","skipped","skipped"
"Kurt Wright","Andy Montroll","James Simpson","Bob Kiss","Dan Smith"
"Andy Montroll","Bob Kiss","skipped","skipped","Kurt Wright"
"Bob Kiss","Andy Montroll","James Simpson","Dan Smith","skipped"
"Kurt Wright","Andy Montroll","Write-in","skipped","skipped"
"Kurt Wright","Andy Montroll","Dan Smith","skipped","skipped"
"Dan Smith","Kurt Wright","skipped","skipped","skipped"
"Kurt Wright","Dan Smith","skipped","skipped","skipped"
"Kurt Wright","skipped","skipped","skipped","skipped"
"Kurt Wright","skipped","skipped","skipped","skipped"
"Dan Smith","Bob Kiss","Andy Montroll","Kurt Wright","Write-in"
"Kurt Wright","skipped","skipped","skipped","skipped"
"Dan Smith","Kurt Wright","Andy Montroll","Bob Kiss","James Simpson"
"Kurt Wright","skipped","skipped","skipped","skipped"
"Kurt Wright","skipped","skipped","skipped","skipped"
"Kurt Wright","Andy Montroll","Dan Smith","Bob Kiss","James Simpson"
"Dan Smith","Andy Montroll","Bob Kiss","Kurt Wright","James Simpson"
"Kurt Wright","Andy Montroll","Dan Smith","James Simpson","Bob Kiss"
"Kurt Wright","Andy Montroll","skipped","skipped","skipped"
"Bob Kiss","Kurt Wright","Dan Smith","Andy Montroll","skipped"
"Kurt Wright","Dan Smith","Andy Montroll","skipped","skipped"
"Kurt Wright","Andy Montroll","Dan Smith","Bob Kiss","James Simpson"
"Bob Kiss","Andy Montroll","Kurt Wright","skipped","skipped"
"Bob Kiss","Andy Montroll","Dan Smith","skipped","skipped"
"Andy Montroll","Dan Smith","Kurt Wright","Bob Kiss","James Simpson"
"Kurt Wright","skipped","skipped","skipped","skipped"
"Andy Montroll","Bob Kiss","Kurt Wright","Dan Smith","James Simpson"
"Kurt Wright","Dan Smith","Andy Montroll","Bob Kiss","James Simpson"
"Kurt Wright","Dan Smith","Andy Montroll","Bob Kiss","James Simpson"
"Kurt Wright","Dan Smith","Bob Kiss","skipped","skipped"
"Kurt Wright","Dan Smith","Andy Montroll","Bob Kiss","James Simpson"
"Kurt Wright","Andy Montroll","skipped","skipped","skipped"
"Andy Montroll","Dan Smith","Bob Kiss","Kurt Wright","skipped"
"Bob Kiss","Andy Montroll","Dan Smith","Kurt Wright","skipped"
"Kurt Wright","Andy Montroll","Dan Smith","Bob Kiss","James Simpson"
"Dan Smith","Kurt Wright","Bob Kiss","Andy Montroll","James Simpson"
"Kurt Wright","Andy Montroll","Dan Smith","James Simpson","Bob Kiss"
"Bob Kiss","Andy Montroll","Kurt Wright","Dan Smith","James Simpson"
"Kurt Wright","skipped","skipped","skipped","skipped"
"Kurt Wright","Bob Kiss","Andy Montroll","Dan Smith","James Simpson"
"Dan Smith","Kurt Wright","skipped","skipped","skipped"
"Dan Smith","Bob Kiss","Kurt Wright","Andy Montroll","James Simpson"
"Andy Montroll","Kurt Wright","Dan Smith","James Simpson","skipped"
"Dan Smith","Kurt Wright","Andy Montroll","Bob Kiss","skipped"
"Dan Smith","Andy Montroll","skipped","skipped","skipped"
"Bob Kiss","Kurt Wright","Dan Smith","Andy Montroll","James Simpson"
"Kurt Wright","Andy Montroll","Dan Smith","James Simpson","Bob Kiss"
"Andy Montroll","Kurt Wright","Bob Kiss","Dan Smith","James Simpson"
"Kurt Wright","Dan Smith","Andy Montroll","Bob Kiss","James Simpson"
"Bob Kiss","Dan Smith","skipped","skipped","skipped"
"Kurt Wright","Dan Smith","skipped","skipped","skipped"
"Bob Kiss","Andy Montroll","Dan Smith","skipped","skipped"
"Andy Montroll","Bob Kiss","Dan Smith","James Simpson","skipped"
"Andy Montroll","Dan Smith","Kurt Wright","skipped","skipped"
"Bob Kiss","Kurt Wright","skipped","skipped","skipped"
"Bob Kiss","Andy Montroll","James Simpson","Dan Smith","Kurt Wright"
"Bob Kiss","Dan Smith","Andy Montroll","skipped","skipped"
"Kurt Wright","Andy Montroll","skipped","skipped","skipped"
"Dan Smith","Bob Kiss","Andy Montroll","skipped","skipped"
"Dan Smith","Andy Montroll","skipped","skipped","skipped"
"Bob Kiss","Andy Montroll","James Simpson","Dan Smith","Kurt Wright"
"Dan Smith","Andy Montroll","skipped","skipped","skipped"
"Write-in","skipped","skipped","skipped","skipped"
"Kurt Wright","Dan Smith","Bob Kiss","skipped","skipped"
"Dan Smith","Andy Montroll","skipped","skipped","skipped"
"Kurt Wright","Andy Montroll","skipped","skipped","skipped"
"Kurt Wright","Bob Kiss","skipped","skipped","skipped"
"Kurt Wright","Bob Kiss","Dan Smith","skipped","skipped"
"Andy Montroll","Dan Smith","Bob Kiss","Kurt Wright","skipped"
"Kurt Wright","skipped","skipped","skipped","skipped"
"Kurt Wright","skipped","skipped","skipped","skipped"
"Dan Smith","Andy Montroll","Bob Kiss","James Simpson","skipped"
"Kurt Wright","Andy Montroll","skipped","skipped","skipped"
"Andy Montroll","Bob Kiss","Dan Smith","James Simpson","Kurt Wright"
"Dan Smith","Bob Kiss","Andy Montroll","Kurt Wright","James Simpson"
"Bob Kiss","Dan Smith","Andy Montroll","James Simpson","Kurt Wright"
"Kurt Wright","Dan Smith","James Simpson","Andy Montroll","Bob Kiss"
"Bob Kiss","Andy Montroll","Kurt Wright","Dan Smith","James Simpson"
"Kurt Wright","James Simpson","Andy Montroll","Dan Smith","Bob Kiss"
"Bob Kiss","Andy Montroll","skipped","skipped","skipped"
"Kurt Wright","Dan Smith","Andy Montroll","Bob Kiss","James Simpson"
"Kurt Wright","Dan Smith","Andy Montroll","Bob Kiss","James Simpson"
"Dan Smith","James Simpson","Andy Montroll","Kurt Wright","Bob Kiss"
"Andy Montroll","Bob Kiss","Kurt Wright","Dan Smith","James Simpson"
"Kurt Wright","Andy Montroll","skipped","skipped","skipped"
"Andy Montroll","Bob Kiss","Kurt Wright","skipped","skipped"
"Kurt Wright","skipped","skipped","skipped","skipped"
"Bob Kiss","Kurt Wright","Dan Smith","Andy Montroll","James Simpson"
"Kurt Wright","Andy Montroll","Dan Smith","Bob Kiss","James Simpson"
"Bob Kiss","Kurt Wright","Andy Montroll","skipped","skipped"
"Dan Smith","Kurt Wright","Andy Montroll","James Simpson","Bob Kiss"
"Bob Kiss","James Simpson","Andy Montroll","Dan Smith","Kurt Wright"
"Dan Smith","Bob Kiss","Andy Montroll","skipped","skipped"
"Dan Smith","Andy Montroll","Bob Kiss","skipped","skipped"
"Kurt Wright","skipped","skipped","skipped","skipped"
"Andy Montroll","Bob Kiss","James Simpson","Kurt Wright","skipped"
"Bob Kiss","Kurt Wright","Dan Smith","Andy Montroll","James Simpson"
"Kurt Wright","Dan Smith","Andy Montroll","James Simpson","Bob Kiss"
"Bob Kiss","Kurt Wright","Dan Smith","Andy Montroll","James Simpson"
"Kurt Wright","Dan Smith","Andy Montroll","James Simpson","Bob Kiss"
"Kurt Wright","Dan Smith","Andy Montroll","Bob Kiss","James Simpson"
"Kurt Wright","Dan Smith","Bob Kiss","James Simpson","Andy Montroll"
"Bob Kiss","Kurt Wright","Andy Montroll","skipped","skipped"
"Dan Smith","Bob Kiss","Andy Montroll","Kurt Wright","James Simpson"
"Kurt Wright","skipped","skipped","skipped","skipped"
"Kurt Wright","James Simpson","skipped","skipped","skipped"
"Kurt Wright","Dan Smith","Andy Montroll","James Simpson","Bob Kiss"
"Kurt Wright","Dan Smith","James Simpson","Andy Montroll","Bob Kiss"
"Kurt Wright","Dan Smith","skipped","skipped","skipped"
"Andy Montroll","Bob Kiss","Kurt Wright","Dan Smith","James Simpson"
"Kurt Wright","Andy Montroll","Write-in","skipped","skipped"
"Kurt Wright","Andy Montroll","skipped","skipped","skipped"
"Kurt Wright","skipped","skipped","skipped","skipped"
"Bob Kiss","Andy Montroll","Kurt Wright","skipped","skipped"
"Kurt Wright","skipped","skipped","skipped","skipped"
"Kurt Wright","Dan Smith","skipped","skipped","skipped"
"Kurt Wright","skipped","skipped","skipped","skipped"
"Bob Kiss","Andy Montroll","Kurt Wright","Dan Smith","James Simpson"
"Dan Smith","Bob Kiss","Andy Montroll","skipped","Kurt Wright"
"Dan Smith","Bob Kiss","Andy Montroll","skipped","skipped"
"Kurt Wright","Andy Montroll","Bob Kiss","Dan Smith","James Simpson"
"Andy Montroll","Bob Kiss","skipped","skipped","skipped"
"Andy Montroll","Bob Kiss","skipped","skipped","skipped"
"Dan Smith","Bob Kiss","Andy Montroll","Kurt Wright","James Simpson"
"Dan Smith","Bob Kiss","Andy Montroll","James Simpson","skipped"
"Andy Montroll","skipped","skipped","skipped","skipped"
"Andy Montroll","Bob Kiss","James Simpson","skipped","skipped"
"Dan Smith","Andy Montroll","skipped","skipped","skipped"
"Kurt Wright","skipped","skipped","skipped","skipped"
"Bob Kiss","Andy Montroll","Dan Smith","Kurt Wright","James Simpson"
"Kurt Wright","Bob Kiss","skipped","skipped","skipped"
"Kurt Wright","Dan Smith","overvote","skipped","skipped"
"Kurt Wright","Dan Smith","skipped","skipped","skipped"
"Bob Kiss","Dan Smith","skipped","skipped","skipped"
"Andy Montroll","Dan Smith","skipped","skipped","skipped"
"Andy Montroll","Kurt Wright","Bob Kiss","Dan Smith","James Simpson"
"Bob Kiss","Kurt Wright","Andy Montroll","skipped","skipped"
"Kurt Wright","Bob Kiss","Dan Smith","Andy Montroll","James Simpson"
"Kurt Wright","skipped","skipped","skipped","skipped"
"Bob Kiss","Andy Montroll","Kurt Wright","Dan Smith","skipped"
"Kurt Wright","Andy Montroll","skipped","skipped","skipped"
"Dan Smith","Bob Kiss","Kurt Wright","Andy Montroll","James Simpson"
"Kurt Wright","Dan Smith","Andy Montroll","Bob Kiss","James Simpson"
"Dan Smith","Andy Montroll","Kurt Wright","skipped","skipped"
"Kurt Wright","Bob Kiss","Andy Montroll","James Simpson","Dan Smith"
"Dan Smith","Bob Kiss","Andy Montroll","Kurt Wright","James Simpson"
"Dan Smith","Kurt Wright","Andy Montroll","Bob Kiss","skipped"
"Andy Montroll","Dan Smith","Bob Kiss","skipped","skipped"
"Bob Kiss","Dan Smith","skipped","skipped","skipped"
"Bob Kiss","Andy Montroll","Dan Smith","Kurt Wright","James Simpson"
"Kurt Wright","Dan Smith","skipped","skipped","skipped"
"Kurt Wright","skipped","skipped","skipped","skipped"
"Kurt Wright","skipped","skipped","skipped","skipped"
"Bob Kiss","Andy Montroll","skipped","skipped","skipped"
"Kurt Wright","Bob Kiss","skipped","skipped","skipped"
"Kurt Wright","skipped","skipped","skipped","skipped"
"Kurt Wright","Andy Montroll","Dan Smith","Bob Kiss","skipped"
"Kurt Wright","Andy Montroll","Dan Smith","Bob Kiss","James Simpson"
"Andy Montroll","Kurt Wright","Dan Smith","skipped","skipped"
"Andy Montroll","Kurt Wright","Dan Smith","skipped","skipped"
"Kurt Wright","Bob Kiss","skipped","skipped","skipped"
"Kurt Wright","skipped","skipped","skipped","skipped"
"Dan Smith","Andy Montroll","Bob Kiss","skipped","skipped"
"Andy Montroll","Dan Smith","Bob Kiss","James Simpson","Kurt Wright"
"Bob Kiss","Kurt Wright","skipped","skipped","skipped"
"Dan Smith","Bob Kiss","Andy Montroll","Kurt Wright","James Simpson"
"Bob Kiss","skipped","skipped","skipped","skipped"
"Kurt Wright","Andy Montroll","Dan Smith","James Simpson","Bob Kiss"
"Kurt Wright","Andy Montroll","Dan Smith","Bob Kiss","James Simpson"
"Andy Montroll","James Simpson","Dan Smith","Bob Kiss","Kurt Wright"
"Bob Kiss","Dan Smith","Andy Montroll","James Simpson","Kurt Wright"
"Andy Montroll","Kurt Wright","Dan Smith","Bob Kiss","skipped"
"Dan Smith","Kurt Wright","Bob Kiss","skipped","skipped"
"Kurt Wright","Dan Smith","Andy Montroll","Bob Kiss","James Simpson"
"Dan Smith","Kurt Wright","Andy Montroll","Bob Kiss","James Simpson"
"Bob Kiss","Dan Smith","Kurt Wright","Andy Montroll","skipped"
"Kurt Wright","skipped","skipped","skipped","skipped"
"Kurt Wright","Andy Montroll","Bob Kiss","Dan Smith","James Simpson"
"Bob Kiss","Andy Montroll","skipped","skipped","skipped"
"Kurt Wright","Dan Smith","Andy Montroll","skipped","skipped"
"Kurt Wright","skipped","skipped","skipped","skipped"
"Kurt Wright","Andy Montroll","Bob Kiss","Dan Smith","James Simpson"
"Bob Kiss","Dan Smith","Kurt Wright","Andy Montroll","skipped"
"Kurt Wright","Andy Montroll","skipped","skipped","skipped"
"Bob Kiss","Andy Montroll","Dan Smith","James Simpson","Kurt Wright"
"Bob Kiss","Andy Montroll","James Simpson","Dan Smith","skipped"
"Bob Kiss","skipped","skipped","skipped","skipped"
"Kurt Wright","Dan Smith","Andy Montroll","Bob Kiss","skipped"
"Kurt Wright","Dan Smith","James Simpson","Bob Kiss","Andy Montroll"
"Kurt Wright","Bob Kiss","Dan Smith","Andy Montroll","James Simpson"
"Kurt Wright","Andy Montroll","Dan Smith","Bob Kiss","skipped"
"Bob Kiss","Kurt Wright","Dan Smith","Andy Montroll","James Simpson"
"Kurt Wright","skipped","Dan Smith","skipped","skipped"
"Andy Montroll","Dan Smith","Bob Kiss","skipped","skipped"
"Kurt Wright","Bob Kiss","skipped","skipped","skipped"
"Bob Kiss","James Simpson","Andy Montroll","Dan Smith","skipped"
"Kurt Wright","Dan Smith","Andy Montroll","Bob Kiss","James Simpson"
"Dan Smith","Andy Montroll","Bob Kiss","skipped","skipped"
"Kurt Wright","Dan Smith","Andy Montroll","skipped","skipped"
"Kurt Wright","Bob Kiss","skipped","skipped","skipped"
"Bob Kiss","Kurt Wright","Andy Montroll","Dan Smith","James Simpson"
"Andy Montroll","Dan Smith","Kurt Wright","skipped","skipped"
"Bob Kiss","skipped","skipped","skipped","skipped"
"Andy Montroll","Dan Smith","Bob Kiss","James Simpson","Kurt Wright"
"Kurt Wright","skipped","skipped","skipped","skipped"
"Kurt Wright","Bob Kiss","skipped","skipped","skipped"
"Dan Smith","Andy Montroll","Kurt Wright","Bob Kiss","skipped"
"Bob Kiss","Andy Montroll","Dan Smith","skipped","skipped"
"Dan Smith","Andy Montroll","Kurt Wright","skipped","skipped"
"Andy Montroll","Bob Kiss","Dan Smith","Kurt Wright","skipped"
"Bob Kiss","skipped","skipped","skipped","skipped"
"Kurt Wright","Bob Kiss","skipped","skipped","skipped"
"Dan Smith","Bob Kiss","Andy Montroll","Kurt Wright","James Simpson"
"Bob Kiss","Andy Montroll","Dan Smith","Kurt Wright","James Simpson"
"Kurt Wright","Dan Smith","Bob Kiss","skipped","skipped"
"Dan Smith","Bob Kiss","Kurt Wright","James Simpson","Andy Montroll"
"Kurt Wright","Dan Smith","Bob Kiss","Andy Montroll","James Simpson"
"Andy Montroll","Kurt Wright","Dan Smith","James Simpson","Bob Kiss"
"Dan Smith","Kurt Wright","skipped","skipped","skipped"
"Kurt Wright","Andy Montroll","Dan Smith","Bob Kiss","skipped"
"Kurt Wright","skipped","skipped","skipped","skipped"
"Kurt Wright","Andy Montroll","skipped","skipped","skipped"
"Bob Kiss","Dan Smith","Andy Montroll","skipped","skipped"
"Dan Smith","Andy Montroll","Kurt Wright","Bob Kiss","James Simpson"
"Bob Kiss","skipped","skipped","skipped","Kurt Wright"
"Dan Smith","Bob Kiss","James Simpson","Andy Montroll","Kurt Wright"
"Andy Montroll","Kurt Wright","Dan Smith","Bob Kiss","James Simpson"
"Kurt Wright","Andy Montroll","Dan Smith","skipped","skipped"
"Bob Kiss","Dan Smith","Andy Montroll","skipped","skipped"
"Kurt Wright","Dan Smith","Andy Montroll","Bob Kiss","James Simpson"
"Kurt Wright","Andy Montroll","skipped","skipped","skipped"
"Kurt Wright","skipped","skipped","skipped","skipped"
"Andy Montroll","Kurt Wright","Dan Smith","Bob Kiss","James Simpson"
"Kurt Wright","skipped","skipped","skipped","skipped"
"Bob Kiss","Andy Montroll","Dan Smith","Kurt Wright","skipped"
"Kurt Wright","skipped","skipped","skipped","skipped"
"Kurt Wright","Andy Montroll","skipped","skipped","skipped"
"Bob Kiss","Andy Montroll","Kurt Wright","skipped","skipped"
"Kurt Wright","skipped","skipped","skipped","skipped"
"Bob Kiss","Dan Smith","Andy Montroll","James Simpson","Kurt Wright"
"Bob Kiss","Dan Smith","Andy Montroll","James Simpson","Kurt Wright"
"Kurt Wright","Dan Smith","Bob Kiss","Andy Montroll","James Simpson"
"Kurt Wright","Bob Kiss","skipped","skipped","skipped"
"Kurt Wright","skipped","skipped","skipped","skipped"
"Dan Smith","Kurt Wright","Write-in","skipped","skipped"
"Kurt Wright","skipped","skipped","skipped","skipped"
"Kurt Wright","skipped","skipped","skipped","skipped"
"Andy Montroll","Dan Smith","Kurt Wright","skipped","skipped"
"Kurt Wright","Dan Smith","skipped","skipped","skipped"
"Bob Kiss","skipped","skipped","skipped","skipped"
"Dan Smith","Andy Montroll","Bob Kiss","Kurt Wright","James Simpson"
"Dan Smith","Andy Montroll","skipped","skipped","skipped"
"James Simpson","Bob Kiss","Andy Montroll","Kurt Wright","Write-in"
"Dan Smith","Andy Montroll","skipped","skipped","skipped"
"Bob Kiss","Dan Smith","Kurt Wright","James Simpson","Andy Montroll"
"Bob Kiss","Andy Montroll","James Simpson","skipped","skipped"
"Andy Montroll","Dan Smith","skipped","skipped","skipped"
"Kurt Wright","Bob Kiss","Andy Montroll","Dan Smith","James Simpson"
"Bob Kiss","Dan Smith","skipped","skipped","skipped"
"Andy Montroll","Dan Smith","Kurt Wright","skipped","skipped"
"Kurt Wright","skipped","skipped","skipped","skipped"
"Kurt Wright","skipped","skipped","skipped","skipped"
"Kurt Wright","Andy Montroll","Bob Kiss","Dan Smith","James Simpson"
"Kurt Wright","Dan Smith","James Simpson","Andy Montroll","Bob Kiss"
"Bob Kiss","Dan Smith","Andy Montroll","Kurt Wright","James Simpson"
"Kurt Wright","Dan Smith","Andy Montroll","skipped","skipped"
"Bob Kiss","skipped","skipped","skipped","skipped"
"Kurt Wright","skipped","skipped","skipped","skipped"
"Kurt Wright","James Simpson","skipped","skipped","skipped"
"Dan Smith","Andy Montroll","Kurt Wright","James Simpson","Bob Kiss"
"Kurt Wright","James Simpson","skipped","skipped","skipped"
"Kurt Wright","Andy Montroll","Dan Smith","skipped","skipped"
"Kurt Wright","skipped","skipped","skipped","skipped"
"Kurt Wright","Andy Montroll","Dan Smith","Bob Kiss","skipped"
"Andy Montroll","Dan Smith","Kurt Wright","skipped","skipped"
"Dan Smith","Kurt Wright","Andy Montroll","skipped","skipped"
"Andy Montroll","Dan Smith","skipped","skipped","skipped"
"Bob Kiss","skipped","skipped","skipped","skipped"
"Dan Smith","Kurt Wright","Andy Montroll","James Simpson","Bob Kiss"
"Kurt Wright","Dan Smith","Andy Montroll","James Simpson","Bob Kiss"
"Kurt Wright","Andy Montroll","Bob Kiss","Dan Smith","James Simpson"
"Andy Montroll","Bob Kiss","skipped","skipped","skipped"
"Kurt Wright","Andy Montroll","Dan Smith","skipped","skipped"
"Kurt Wright","Write-in","skipped","skipped","skipped"
"Kurt Wright","skipped","skipped","skipped","skipped"
"Bob Kiss","Dan Smith","Andy Montroll","Kurt Wright","James Simpson"
"Bob Kiss","Andy Montroll","skipped","skipped","skipped"
"Andy Montroll","Bob Kiss","skipped","skipped","skipped"
"Kurt Wright","Dan Smith","skipped","skipped","skipped"
"Dan Smith","Andy Montroll","Bob Kiss","Kurt Wright","James Simpson"
"Bob Kiss","skipped","skipped","skipped","skipped"
"Bob Kiss","Dan Smith","Andy Montroll","skipped","skipped"
"Andy Montroll","Dan Smith","Bob Kiss","Kurt Wright","James Simpson"
"Dan Smith","Andy Montroll","Kurt Wright","Bob Kiss","James Simpson"
"Bob Kiss","Andy Montroll","skipped","skipped","skipped"
"Kurt Wright","skipped","skipped","skipped","Bob Kiss"
"Bob Kiss","Kurt Wright","Andy Montroll","skipped","skipped"
"Kurt Wright","Andy Montroll","Dan Smith","Bob Kiss","James Simpson"
"Kurt Wright","skipped","skipped","skipped","skipped"
"Andy Montroll","Dan Smith","Kurt Wright","James Simpson","Write-in"
"Andy Montroll","Dan Smith","Kurt Wright","skipped","skipped"
"Kurt Wright","Andy Montroll","Dan Smith","Bob Kiss","James Simpson"
"Kurt Wright","Andy Montroll","Dan Smith","Bob Kiss","James Simpson"
"Dan Smith","Bob Kiss","Andy Montroll","skipped","skipped"
"Kurt Wright","skipped","skipped","skipped","skipped"
"Bob Kiss","Dan Smith","skipped","skipped","skipped"
"Andy Montroll","skipped","skipped","skipped","skipped"
"Dan Smith","Bob Kiss","Andy Montroll","Kurt Wright","skipped"
"Kurt Wright","skipped","skipped","skipped","skipped"
"Kurt Wright","Bob Kiss","Andy Montroll","James Simpson","Dan Smith"
"Kurt Wright","Dan Smith","Andy Montroll","James Simpson","Bob Kiss"
"Kurt Wright","Dan Smith","Andy Montroll","James Simpson","Bob Kiss"
"Dan Smith","Andy Montroll","Bob Kiss","skipped","skipped"
"Kurt Wright","Write-in","Dan Smith","Andy Montroll","James Simpson"
"Kurt Wright","Andy Montroll","Dan Smith","Bob Kiss","James Simpson"
"Kurt Wright","Write-in","Andy Montroll","Dan Smith","Bob Kiss"
"Kurt Wright","skipped","skipped","skipped","skipped"
"Kurt Wright","skipped","skipped","skipped","skipped"
"Bob Kiss","Andy Montroll","Kurt Wright","Dan Smith","James Simpson"
"Bob Kiss","Kurt Wright","Andy Montroll","skipped","skipped"
"Kurt Wright","Dan Smith","Andy Montroll","Bob Kiss","skipped"
"Andy Montroll","Kurt Wright","Dan Smith","skipped","skipped"
"Kurt Wright","skipped","skipped","skipped","skipped"
"Kurt Wright","skipped","skipped","skipped","skipped"
"Kurt Wright","Andy Montroll","Dan Smith","skipped","skipped"
"Kurt Wright","skipped","skipped","skipped","skipped"
"Kurt Wright","Andy Montroll","Dan Smith","Bob Kiss","James Simpson"
"Kurt Wright","Dan Smith","Andy Montroll","Bob Kiss","James Simpson"
"Kurt Wright","Dan Smith","Bob Kiss","James Simpson","Andy Montroll"
"Bob Kiss","skipped","skipped","skipped","skipped"
"Andy Montroll","Bob Kiss","skipped","skipped","skipped"
"Bob Kiss","skipped","skipped","skipped","skipped"
"Bob Kiss","James Simpson","Kurt Wright","Andy Montroll","Dan Smith"
"Kurt Wright","Dan Smith","Andy Montroll","skipped","skipped"
"Andy Montroll","Bob Kiss","Dan Smith","skipped","skipped"
"Kurt Wright","skipped","skipped","skipped","skipped"
"Kurt Wright","Dan Smith","skipped","skipped","skipped"
"Andy Montroll","Kurt Wright","Bob Kiss","Dan Smith","James Simpson"
"Bob Kiss","Andy Montroll","Kurt Wright","Dan Smith","James Simpson"
"Kurt Wright","Andy Montroll","Dan Smith","skipped","skipped"
"Kurt Wright","skipped","skipped","skipped","skipped"
"Kurt Wright","skipped","skipped","skipped","skipped"
"Bob Kiss","Andy Montroll","skipped","skipped","skipped"
"Kurt Wright","Dan Smith","Bob Kiss","Andy Montroll","skipped"
"Andy Montroll","Bob Kiss","skipped","skipped","skipped"
"Bob Kiss","Kurt Wright","Andy Montroll","James Simpson","Dan Smith"
"Kurt Wright","skipped","skipped","skipped","skipped"
"Kurt Wright","skipped","skipped","skipped","skipped"
"Kurt Wright","Dan Smith","skipped","skipped","skipped"
"Kurt Wright","Andy Montroll","Dan Smith","Bob Kiss","James Simpson"
"Kurt Wright","Andy Montroll","skipped","skipped","skipped"
"Andy Montroll","Dan Smith","Bob Kiss","James Simpson","Kurt Wright"
"Bob Kiss","James Simpson","Andy Montroll","Dan Smith","Kurt Wright"
"Kurt Wright","skipped","skipped","skipped","skipped"
"Bob Kiss","Andy Montroll","Dan Smith","Kurt Wright","James Simpson"
"Bob Kiss","skipped","skipped","skipped","skipped"
"Bob Kiss","Andy Montroll","James Simpson","skipped","skipped"
"Kurt Wright","Dan Smith","skipped","skipped","skipped"
"Andy Montroll","Kurt Wright","Dan Smith","Bob Kiss","James Simpson"
"Andy Montroll","James Simpson","Dan Smith","Kurt Wright","Bob Kiss"
"Andy Montroll","Bob Kiss","Dan Smith","Kurt Wright","James Simpson"
"Write-in","Dan Smith","skipped","skipped","skipped"
"Bob Kiss","Andy Montroll","skipped","skipped","skipped"
"Dan Smith","Kurt Wright","Andy Montroll","Bob Kiss","James Simpson"
"Bob Kiss","Andy Montroll","Dan Smith","skipped","skipped"
"Dan Smith","Bob Kiss","Andy Montroll","Kurt Wright","skipped"
"Kurt Wright","skipped","skipped","skipped","skipped"
"Bob Kiss","James Simpson","Dan Smith","Andy Montroll","Kurt Wright"
"Kurt Wright","James Simpson","skipped","skipped","skipped"
"Andy Montroll","Kurt Wright","skipped","skipped","skipped"
"James Simpson","Bob Kiss","Kurt Wright","Andy Montroll","Dan Smith"
"Kurt Wright","Andy Montroll","skipped","skipped","skipped"
"Kurt Wright","skipped","skipped","skipped","skipped"
"Kurt Wright","skipped","skipped","skipped","skipped"
"Andy Montroll","Bob Kiss","skipped","skipped","skipped"
"Bob Kiss","Andy Montroll","Kurt Wright","Dan Smith","James Simpson"
"Bob Kiss","James Simpson","skipped","skipped","skipped"
"Bob Kiss","Dan Smith","Andy Montroll","skipped","skipped"
"Dan Smith","Andy Montroll","Bob Kiss","James Simpson","Kurt Wright"
"Kurt Wright","Dan Smith","Andy Montroll","James Simpson","Bob Kiss"
"Kurt Wright","Andy Montroll","Dan Smith","James Simpson","Bob Kiss"
"Dan Smith","Kurt Wright","Andy Montroll","James Simpson","Bob Kiss"
"Write-in","Andy Montroll","Dan Smith","skipped","skipped"
"Dan Smith","Andy Montroll","Bob Kiss","Kurt Wright","James Simpson"
"Dan Smith","Andy Montroll","Kurt Wright","Bob Kiss","skipped"
"Bob Kiss","James Simpson","Dan Smith","Andy Montroll","skipped"
"Andy Montroll","Bob Kiss","Dan Smith","skipped","skipped"
"Andy Montroll","Bob Kiss","Dan Smith","James Simpson","skipped"
"Andy Montroll","Bob Kiss","Kurt Wright","Dan Smith","skipped"
"Dan Smith","Kurt Wright","skipped","skipped","skipped"
"Kurt Wright","Andy Montroll","James Simpson","Bob Kiss","Dan Smith"
"Andy Montroll","Bob Kiss","James Simpson","skipped","skipped"
"Kurt Wright","Dan Smith","skipped","skipped","skipped"
"Bob Kiss","Andy Montroll","Dan Smith","skipped","skipped"
"Andy Montroll","Bob Kiss","Dan Smith","skipped","skipped"
"Bob Kiss","Kurt Wright","Andy Montroll","Dan Smith","James Simpson"
"Andy Montroll","Kurt Wright","Dan Smith","Bob Kiss","James Simpson"
"Dan Smith","Kurt Wright","Andy Montroll","Bob Kiss","James Simpson"
"Kurt Wright","Dan Smith","Bob Kiss","Andy Montroll","James Simpson"
"Andy Montroll","Bob Kiss","Dan Smith","skipped","skipped"
"Bob Kiss","Andy Montroll","Dan Smith","Kurt Wright","James Simpson"
"Andy Montroll","Kurt Wright","Dan Smith","James Simpson","Bob Kiss"
"Andy Montroll","Kurt Wright","Dan Smith","skipped","skipped"
"Dan Smith","Andy Montroll","Bob Kiss","skipped","skipped"
"Andy Montroll","Kurt Wright","Bob Kiss","Dan Smith","skipped"
"Andy Montroll","Bob Kiss","skipped","skipped","skipped"
"Bob Kiss","Dan Smith","Andy Montroll","James Simpson","skipped"
"Dan Smith","Kurt Wright","Bob Kiss","James Simpson","Andy Montroll"
"Dan Smith","Bob Kiss","Andy Montroll","James Simpson","Kurt Wright"
"Andy Montroll","Kurt Wright","Dan Smith","Bob Kiss","James Simpson"
"Dan Smith","James Simpson","Andy Montroll","Write-in","Bob Kiss"
"Bob Kiss","Andy Montroll","James Simpson","Dan Smith","Kurt Wright"
"Kurt Wright","James Simpson","Dan Smith","Andy Montroll","Bob Kiss"
"Andy Montroll","Kurt Wright","Dan Smith","Bob Kiss","skipped"
"Andy Montroll","Dan Smith","Bob Kiss","skipped","skipped"
"Andy Montroll","Bob Kiss","Dan Smith","Kurt Wright","James Simpson"
"Andy Montroll","Bob Kiss","Kurt Wright","Dan Smith","skipped"
"Andy Montroll","Kurt Wright","Dan Smith","Bob Kiss","James Simpson"
"Andy Montroll","skipped","skipped","skipped","skipped"
"Andy Montroll","Dan Smith","Bob Kiss","skipped","skipped"
"Dan Smith","Bob Kiss","Kurt Wright","Andy Montroll","James Simpson"
"Dan Smith","Andy Montroll","Bob Kiss","Kurt Wright","skipped"
"Bob Kiss","Kurt Wright","Andy Montroll","Dan Smith","James Simpson"
"Dan Smith","Bob Kiss","Andy Montroll","Kurt Wright","James Simpson"
"Dan Smith","skipped","skipped","skipped","skipped"
"Bob Kiss","Andy Montroll","Dan Smith","James Simpson","Write-in"
"Andy Montroll","skipped","skipped","skipped","skipped"
"Kurt Wright","Dan Smith","skipped","skipped","skipped"
"Bob Kiss","skipped","skipped","skipped","skipped"
"Kurt Wright","Dan Smith","skipped","skipped","skipped"
"Andy Montroll","Bob Kiss","skipped","skipped","skipped"
"Andy Montroll","Bob Kiss","skipped","skipped","skipped"
"Bob Kiss","Andy Montroll","Dan Smith","skipped","skipped"
"Bob Kiss","Andy Montroll","Dan Smith","skipped","skipped"
"Bob Kiss","Andy Montroll","Dan Smith","James Simpson","skipped"
"Bob Kiss","Andy Montroll","skipped","skipped","skipped"
"Bob Kiss","Write-in","Kurt Wright","skipped","skipped"
"Andy Montroll","Dan Smith","Kurt Wright","Bob Kiss","James Simpson"
"Kurt Wright","Andy Montroll","skipped","skipped","skipped"
"Kurt Wright","Andy Montroll","skipped","skipped","skipped"
"Andy Montroll","Bob Kiss","Kurt Wright","Dan Smith","James Simpson"
"Bob Kiss","Andy Montroll","Dan Smith","skipped","skipped"
"Dan Smith","Kurt Wright","skipped","skipped","skipped"
"Bob Kiss","Dan Smith","Andy Montroll","James Simpson","Kurt Wright"
"Bob Kiss","Kurt Wright","Andy Montroll","Dan Smith","James Simpson"
"Bob Kiss","skipped","skipped","skipped","skipped"
"Dan Smith","Bob Kiss","Andy Montroll","skipped","skipped"
"Andy Montroll","Bob Kiss","skipped","skipped","skipped"
"Andy Montroll","Bob Kiss","skipped","skipped","skipped"
"Andy Montroll","Dan Smith","Bob Kiss","Kurt Wright","James Simpson"
"Bob Kiss","skipped","skipped","skipped","skipped"
"Kurt Wright","Andy Montroll","James Simpson","Dan Smith","Bob Kiss"
"Dan Smith","Andy Montroll","Bob Kiss","James Simpson","Kurt Wright"
"Andy Montroll","Kurt Wright","Dan Smith","Bob Kiss","James Simpson"
"Bob Kiss","Andy Montroll","skipped","skipped","skipped"
"Bob Kiss","Dan Smith","Andy Montroll","Kurt Wright","James Simpson"
"Bob Kiss","Andy Montroll","Kurt Wright","Dan Smith","James Simpson"
"Kurt Wright","Dan Smith","Andy Montroll","James Simpson","Bob Kiss"
"Andy Montroll","James Simpson","Bob Kiss","Dan Smith","Kurt Wright"
"Bob Kiss","Andy Montroll","Dan Smith","James Simpson","Kurt Wright"
"Kurt Wright","Dan Smith","Andy Montroll","Bob Kiss","James Simpson"
"Bob Kiss","Andy Montroll","James Simpson","Dan Smith","skipped"
"Kurt Wright","Dan Smith","skipped","skipped","skipped"
"Bob Kiss","Dan Smith","Andy Montroll","James Simpson","Kurt Wright"
"Dan Smith","Kurt Wright","Bob Kiss","Andy Montroll","skipped"
"Bob Kiss","Andy Montroll","Dan Smith","skipped","skipped"
"Bob Kiss","Andy Montroll","skipped","skipped","skipped"
"Bob Kiss","Andy Montroll","Dan Smith","James Simpson","Kurt Wright"
"Andy Montroll","Bob Kiss","Kurt Wright","Dan Smith","skipped"
"Andy Montroll","Dan Smith","Bob Kiss","Kurt Wright","skipped"
"Andy Montroll","Dan Smith","Bob Kiss","Kurt Wright","James Simpson"
"Dan Smith","Bob Kiss","Andy Montroll","Kurt Wright","James Simpson"
"Dan Smith","Andy Montroll","skipped","skipped","skipped"
"Bob Kiss","Andy Montroll","James Simpson","Dan Smith","Kurt Wright"
"Bob Kiss","Andy Montroll","Dan Smith","James Simpson","Kurt Wright"
"Bob Kiss","Andy Montroll","Dan Smith","Kurt Wright","skipped"
"Andy Montroll","Dan Smith","Bob Kiss","Kurt Wright","James Simpson"
"Kurt Wright","skipped","skipped","skipped","skipped"
"Dan Smith","Bob Kiss","Andy Montroll","James Simpson","Kurt Wright"
"Dan Smith","Bob Kiss","Andy Montroll","James Simpson","Kurt Wright"
"Andy Montroll","Bob Kiss","skipped","skipped","skipped"
"Kurt Wright","Andy Montroll","Dan Smith","Bob Kiss","James Simpson"
"Andy Montroll","Kurt Wright","Dan Smith","skipped","Bob Kiss"
"Dan Smith","Andy Montroll","Bob Kiss","Write-in","James Simpson"
"Kurt Wright","skipped","skipped","skipped","skipped"
"Bob Kiss","Andy Montroll","skipped","skipped","skipped"
"Bob Kiss","Andy Montroll","skipped","skipped","skipped"
"Bob Kiss","Andy Montroll","James Simpson","Dan Smith","Kurt Wright"
"Andy Montroll","Dan Smith","Bob Kiss","Kurt Wright","James Simpson"
"Bob Kiss","Dan Smith","Andy Montroll","James Simpson","skipped"
"Dan Smith","Andy Montroll","Kurt Wright","skipped","skipped"
"Dan Smith","Andy Montroll","Kurt Wright","Bob Kiss","skipped"
"Dan Smith","James Simpson","Andy Montroll","Bob Kiss","Kurt Wright"
"Andy Montroll","Dan Smith","Bob Kiss","Kurt Wright","James Simpson"
"Bob Kiss","Andy Montroll","Kurt Wright","skipped","skipped"
"Andy Montroll","Dan Smith","skipped","skipped","skipped"
"Bob Kiss","Andy Montroll","skipped","skipped","skipped"
"Kurt Wright","Andy Montroll","skipped","skipped","skipped"
"Dan Smith","Andy Montroll","Kurt Wright","Bob Kiss","James Simpson"
"Bob Kiss","Andy Montroll","Dan Smith","James Simpson","Kurt Wright"
"Andy Montroll","Bob Kiss","Dan Smith","skipped","skipped"
"Bob Kiss","skipped","skipped","skipped","skipped"
"Dan Smith","skipped","skipped","skipped","skipped"
"Dan Smith","Kurt Wright","Bob Kiss","skipped","skipped"
"Andy Montroll","Bob Kiss","skipped","skipped","skipped"
"Dan Smith","Andy Montroll","Kurt Wright","James Simpson","Bob Kiss"
"Andy Montroll","Bob Kiss","skipped","skipped","skipped"
"Andy Montroll","Bob Kiss","Kurt Wright","James Simpson","Dan Smith"
"Andy Montroll","Bob Kiss","James Simpson","Kurt Wright","Dan Smith"
"Kurt Wright","Andy Montroll","Dan Smith","James Simpson","Bob Kiss"
"Bob Kiss","Andy Montroll","Dan Smith","Kurt Wright","James Simpson"
"Bob Kiss","Dan Smith","Kurt Wright","Andy Montroll","James Simpson"
"Dan Smith","Andy Montroll","Kurt Wright","Bob Kiss","skipped"
"Andy Montroll","Dan Smith","Kurt Wright","Bob Kiss","James Simpson"
"Dan Smith","Kurt Wright","Bob Kiss","Andy Montroll","skipped"
"Andy Montroll","Bob Kiss","Kurt Wright","skipped","skipped"
"Bob Kiss","Dan Smith","Kurt Wright","Andy Montroll","James Simpson"
"Dan Smith","Bob Kiss","skipped","skipped","skipped"
"Bob Kiss","Dan Smith","Andy Montroll","skipped","skipped"
"Kurt Wright","Andy Montroll","Bob Kiss","Dan Smith","skipped"
"Andy Montroll","Bob Kiss","skipped","skipped","skipped"
"Andy Montroll","Bob Kiss","Dan Smith","James Simpson","Kurt Wright"
"Andy Montroll","Bob Kiss","Kurt Wright","Dan Smith","James Simpson"
"Bob Kiss","Andy Montroll","Dan Smith","Kurt Wright","James Simpson"
"Kurt Wright","Andy Montroll","skipped","skipped","skipped"
"Bob Kiss","Andy Montroll","Dan Smith","Kurt Wright","skipped"
"Dan Smith","Bob Kiss","Andy Montroll","skipped","skipped"
"Andy Montroll","Dan Smith","skipped","skipped","skipped"
"Bob Kiss","Dan Smith","Andy Montroll","James Simpson","skipped"
"Kurt Wright","Andy Montroll","Dan Smith","Bob Kiss","James Simpson"
"Andy Montroll","Dan Smith","Bob Kiss","James Simpson","Kurt Wright"
"Kurt Wright","Dan Smith","skipped","skipped","skipped"
"Andy Montroll","Dan Smith","Bob Kiss","Kurt Wright","James Simpson"
"Bob Kiss","Andy Montroll","skipped","skipped","skipped"
"Andy Montroll","Kurt Wright","Dan Smith","James Simpson","Bob Kiss"
"Andy Montroll","Dan Smith","skipped","skipped","skipped"
"Kurt Wright","Dan Smith","Bob Kiss","skipped","skipped"
"Bob Kiss","Andy Montroll","Dan Smith","skipped","skipped"
"Bob Kiss","Andy Montroll","Dan Smith","skipped","skipped"
"Andy Montroll","Dan Smith","Bob Kiss","James Simpson","Kurt Wright"
"Andy Montroll","Dan Smith","Bob Kiss","skipped","skipped"
"Andy Montroll","Dan Smith","James Simpson","Bob Kiss","Kurt Wright"
"Andy Montroll","Dan Smith","Bob Kiss","skipped","skipped"
"Bob Kiss","Dan Smith","Kurt Wright","Andy Montroll","skipped"
"Kurt Wright","James Simpson","Dan Smith","Bob Kiss","Andy Montroll"
"Andy Montroll","Kurt Wright","Dan Smith","skipped","skipped"
"Dan Smith","Kurt Wright","Andy Montroll","Bob Kiss","James Simpson"
"Bob Kiss","Andy Montroll","Dan Smith","James Simpson","skipped"
"Kurt Wright","Andy Montroll","Dan Smith","James Simpson","Bob Kiss"
"Kurt Wright","James Simpson","Andy Montroll","Bob Kiss","skipped"
"Dan Smith","Andy Montroll","Bob Kiss","Write-in","James Simpson"
"Kurt Wright","Dan Smith","Bob Kiss","James Simpson","Andy Montroll"
"Kurt Wright","Andy Montroll","Dan Smith","James Simpson","Bob Kiss"
"Dan Smith","Kurt Wright","skipped","skipped","skipped"
"Bob Kiss","Andy Montroll","Kurt Wright","Dan Smith","James Simpson"
"Dan Smith","Andy Montroll","skipped","skipped","skipped"
"Andy Montroll","Dan Smith","Bob Kiss","skipped","skipped"
"Andy Montroll","Bob Kiss","James Simpson","Dan Smith","Kurt Wright"
"Bob Kiss","Andy Montroll","skipped","skipped","skipped"
"Bob Kiss","Andy Montroll","James Simpson","Dan Smith","Kurt Wright"
"Andy Montroll","Bob Kiss","Dan Smith","Kurt Wright","James Simpson"
"Andy Montroll","skipped","skipped","skipped","skipped"
"Dan Smith","Bob Kiss","Kurt Wright","Andy Montroll","James Simpson"
"Bob Kiss","Dan Smith","Andy Montroll","skipped","skipped"
"Andy Montroll","Bob Kiss","Dan Smith","skipped","skipped"
"Bob Kiss","Dan Smith","skipped","skipped","skipped"
"Andy Montroll","Bob Kiss","Dan Smith","skipped","skipped"
"Bob Kiss","Andy Montroll","Dan Smith","James Simpson","Kurt Wright"
"Andy Montroll","Write-in","James Simpson","skipped","skipped"
"Bob Kiss","Andy Montroll","Dan Smith","James Simpson","Kurt Wright"
"Kurt Wright","Andy Montroll","Dan Smith","Bob Kiss","skipped"
"Bob Kiss","Andy Montroll","James Simpson","Dan Smith","Kurt Wright"
"Kurt Wright","Dan Smith","Andy Montroll","Bob Kiss","skipped"
"Dan Smith","Bob Kiss","Andy Montroll","James Simpson","Kurt Wright"
"Andy Montroll","Bob Kiss","Dan Smith","James Simpson","Kurt Wright"
"Andy Montroll","Dan Smith","Kurt Wright","James Simpson","Bob Kiss"
"Bob Kiss","Andy Montroll","Kurt Wright","skipped","skipped"
"Andy Montroll","Bob Kiss","skipped","skipped","skipped"
"Dan Smith","Bob Kiss","Andy Montroll","skipped","skipped"
"Bob Kiss","Andy Montroll","Dan Smith","skipped","skipped"
"Andy Montroll","Bob Kiss","skipped","skipped","skipped"
"Bob Kiss","Dan Smith","Andy Montroll","Kurt Wright","James Simpson"
"Bob Kiss","Andy Montroll","Kurt Wright","skipped","skipped"
"Andy Montroll","Dan Smith","Kurt Wright","skipped","skipped"
"Dan Smith","Andy Montroll","Bob Kiss","Kurt Wright","James Simpson"
"Bob Kiss","skipped","skipped","skipped","skipped"
"Bob Kiss","Andy Montroll","skipped","skipped","skipped"
"Bob Kiss","Andy Montroll","James Simpson","Dan Smith","Kurt Wright"
"Andy Montroll","Dan Smith","skipped","skipped","skipped"
"Andy Montroll","Dan Smith","skipped","skipped","skipped"
"Kurt Wright","James Simpson","skipped","skipped","skipped"
"Dan Smith","Andy Montroll","Kurt Wright","Bob Kiss","skipped"
"Andy Montroll","Kurt Wright","Bob Kiss","Dan Smith","James Simpson"
"Andy Montroll","Dan Smith","Bob Kiss","skipped","skipped"
"Bob Kiss","Dan Smith","skipped","skipped","skipped"
"Kurt Wright","Dan Smith","Bob Kiss","skipped","skipped"
"Kurt Wright","Andy Montroll","James Simpson","Bob Kiss","Dan Smith"
"Andy Montroll","Bob Kiss","skipped","skipped","skipped"
"Andy Montroll","Dan Smith","skipped","skipped","skipped"
"Andy Montroll","skipped","skipped","skipped","skipped"
"Kurt Wright","Andy Montroll","Dan Smith","skipped","skipped"
"Andy Montroll","Dan Smith","Bob Kiss","Kurt Wright","skipped"
"Dan Smith","Kurt Wright","Andy Montroll","Bob Kiss","skipped"
"Dan Smith","James Simpson","Bob Kiss","Andy Montroll","Kurt Wright"
"Andy Montroll","Dan Smith","Bob Kiss","Kurt Wright","James Simpson"
"Andy Montroll","Kurt Wright","Dan Smith","Bob Kiss","James Simpson"
"Andy Montroll","Bob Kiss","skipped","skipped","skipped"
"Kurt Wright","Dan Smith","Andy Montroll","Bob Kiss","skipped"
"Kurt Wright","Andy Montroll","skipped","skipped","skipped"
"Dan Smith","Bob Kiss","skipped","skipped","skipped"
"Dan Smith","Bob Kiss","James Simpson","Andy Montroll","Kurt Wright"
"Andy Montroll","Bob Kiss","Dan Smith","Kurt Wright","James Simpson"
"Andy Montroll","Bob Kiss","Dan Smith","Kurt Wright","James Simpson"
"Kurt Wright","Dan Smith","Andy Montroll","James Simpson","Bob Kiss"
"Kurt Wright","Andy Montroll","Dan Smith","James Simpson","Bob Kiss"
"Kurt Wright","Dan Smith","skipped","skipped","skipped"
"Kurt Wright","Andy Montroll","skipped","skipped","skipped"
"Kurt Wright","Dan Smith","Andy Montroll","James Simpson","Bob Kiss"
"Andy Montroll","skipped","skipped","skipped","skipped"
"Andy Montroll","Kurt Wright","Bob Kiss","Dan Smith","James Simpson"
"Dan Smith","Andy Montroll","Kurt Wright","Bob Kiss","James Simpson"
"Andy Montroll","Dan Smith","Bob Kiss","skipped","skipped"
"Dan Smith","Andy Montroll","Kurt Wright","skipped","skipped"
"Bob Kiss","Dan Smith","skipped","skipped","skipped"
"Kurt Wright","Dan Smith","Andy Montroll","skipped","skipped"
"Kurt Wright","Dan Smith","Andy Montroll","skipped","skipped"
"Andy Montroll","Dan Smith","Bob Kiss","Kurt Wright","James Simpson"
"Dan Smith","Bob Kiss","Andy Montroll","James Simpson","Kurt Wright"
"Bob Kiss","Dan Smith","Andy Montroll","James Simpson","Kurt Wright"
"Bob Kiss","Kurt Wright","Andy Montroll","Dan Smith","James Simpson"
"Dan Smith","Andy Montroll","Bob Kiss","skipped","skipped"
"Bob Kiss","Kurt Wright","Dan Smith","Andy Montroll","James Simpson"
"Bob Kiss","Andy Montroll","Kurt Wright","Dan Smith","James Simpson"
"Dan Smith","Bob Kiss","Andy Montroll","skipped","skipped"
"skipped","Kurt Wright","Andy Montroll","skipped","skipped"
"Bob Kiss","Dan Smith","skipped","skipped","skipped"
"Bob Kiss","James Simpson","Andy Montroll","Write-in","Dan Smith"
"Andy Montroll","Kurt Wright","Dan Smith","Bob Kiss","skipped"
"Andy Montroll","Bob Kiss","Dan Smith","skipped","skipped"
"Kurt Wright","skipped","skipped","skipped","skipped"
"Dan Smith","James Simpson","Kurt Wright","Andy Montroll","Bob Kiss"
"Bob Kiss","Andy Montroll","Kurt Wright","skipped","skipped"
"Bob Kiss","James Simpson","Dan Smith","Write-in","skipped"
"Kurt Wright","Bob Kiss","Andy Montroll","Dan Smith","James Simpson"
"Andy Montroll","Dan Smith","Bob Kiss","James Simpson","skipped"
"Dan Smith","Kurt Wright","skipped","skipped","skipped"
"Kurt Wright","Dan Smith","skipped","skipped","skipped"
"Andy Montroll","Bob Kiss","James Simpson","Dan Smith","Kurt Wright"
"Andy Montroll","Bob Kiss","Dan Smith","Kurt Wright","James Simpson"
"Andy Montroll","Bob Kiss","Dan Smith","Kurt Wright","James Simpson"
"Kurt Wright","Andy Montroll","skipped","skipped","skipped"
"Andy Montroll","Bob Kiss","Dan Smith","Kurt Wright","skipped"
"Dan Smith","Kurt Wright","James Simpson","Andy Montroll","skipped"
"Bob Kiss","skipped","skipped","skipped","skipped"
"Kurt Wright","Andy Montroll","skipped","skipped","skipped"
"Kurt Wright","Dan Smith","Andy Montroll","skipped","skipped"
"Kurt Wright","Andy Montroll","Dan Smith","James Simpson","Bob Kiss"
"Kurt Wright","skipped","skipped","skipped","skipped"
"Andy Montroll","Bob Kiss","Dan Smith","Kurt Wright","James Simpson"
"Dan Smith","Bob Kiss","Andy Montroll","skipped","skipped"
"Dan Smith","Andy Montroll","Bob Kiss","skipped","skipped"
"Kurt Wright","skipped","skipped","skipped","skipped"
"Andy Montroll","Kurt Wright","Dan Smith","James Simpson","Bob Kiss"
"Bob Kiss","Andy Montroll","Dan Smith","Kurt Wright","James Simpson"
"Andy Montroll","Bob Kiss","Dan Smith","skipped","skipped"
"Bob Kiss","Dan Smith","Andy Montroll","James Simpson","Kurt Wright"
"Andy Montroll","Dan Smith","Bob Kiss","James Simpson","Kurt Wright"
"Kurt Wright","Dan Smith","Andy Montroll","Bob Kiss","skipped"
"Bob Kiss","Andy Montroll","Kurt Wright","Dan Smith","James Simpson"
"Andy Montroll","Bob Kiss","skipped","skipped","skipped"
"Andy Montroll","Kurt Wright","Dan Smith","James Simpson","Bob Kiss"
"Andy Montroll","Dan Smith","Bob Kiss","Kurt Wright","James Simpson"
"Bob Kiss","skipped","skipped","skipped","skipped"
"Bob Kiss","Andy Montroll","skipped","skipped","skipped"
"Dan Smith","Kurt Wright","Andy Montroll","Bob Kiss","James Simpson"
"Bob Kiss","Andy Montroll","Dan Smith","skipped","skipped"
"Kurt Wright","James Simpson","skipped","skipped","skipped"
"Bob Kiss","Andy Montroll","Dan Smith","Kurt Wright","James Simpson"
"Andy Montroll","Dan Smith","Bob Kiss","Kurt Wright","James Simpson"
"Kurt Wright","Dan Smith","Andy Montroll","skipped","skipped"
"Andy Montroll","Kurt Wright","Bob Kiss","skipped","skipped"
"Kurt Wright","Dan Smith","Andy Montroll","Bob Kiss","skipped"
"Kurt Wright","skipped","skipped","skipped","skipped"
"Andy Montroll","Kurt Wright","skipped","skipped","skipped"
"Andy Montroll","Dan Smith","Bob Kiss","Kurt Wright","James Simpson"
"Andy Montroll","Bob Kiss","skipped","skipped","skipped"
"Kurt Wright","Andy Montroll","Dan Smith","James Simpson","skipped"
"Kurt Wright","Dan Smith","skipped","skipped","skipped"
"Dan Smith","Kurt Wright","James Simpson","skipped","skipped"
"Bob Kiss","Andy Montroll","Dan Smith","Kurt Wright","skipped"
"Dan Smith","Bob Kiss","Andy Montroll","skipped","skipped"
"Kurt Wright","skipped","skipped","skipped","skipped"
"Dan Smith","Bob Kiss","Andy Montroll","Kurt Wright","skipped"
"Andy Montroll","Bob Kiss","Dan Smith","Kurt Wright","James Simpson"
"Bob Kiss","Andy Montroll","skipped","skipped","skipped"
"Dan Smith","Kurt Wright","skipped","skipped","skipped"
"Andy Montroll","Bob Kiss","Dan Smith","skipped","skipped"
"Andy Montroll","Kurt Wright","Bob Kiss","Dan Smith","skipped"
"Kurt Wright","skipped","skipped","skipped","skipped"
"Kurt Wright","Dan Smith","Andy Montroll","Bob Kiss","James Simpson"
"Dan Smith","Andy Montroll","Bob Kiss","Kurt Wright","skipped"
"Andy Montroll","Kurt Wright","Dan Smith","James Simpson","Bob Kiss"
"Andy Montroll","Kurt Wright","James Simpson","skipped","skipped"
"Dan Smith","Kurt Wright","Andy Montroll","James Simpson","Bob Kiss"
"Dan Smith","Andy Montroll","Kurt Wright","Bob Kiss","James Simpson"
"Andy Montroll","Bob Kiss","Dan Smith","skipped","skipped"
"Dan Smith","Andy Montroll","Bob Kiss","skipped","skipped"
"Bob Kiss","Andy Montroll","Dan Smith","James Simpson","Kurt Wright"
"Kurt Wright","skipped","skipped","skipped","skipped"
"Dan Smith","Andy Montroll","James Simpson","Bob Kiss","Kurt Wright"
"Bob Kiss","skipped","skipped","skipped","skipped"
"Dan Smith","Bob Kiss","Andy Montroll","James Simpson","Kurt Wright"
"Kurt Wright","Dan Smith","James Simpson","Andy Montroll","Bob Kiss"
"Bob Kiss","Andy Montroll","Dan Smith","skipped","skipped"
"Kurt Wright","Dan Smith","skipped","skipped","skipped"
"Bob Kiss","Andy Montroll","Dan Smith","Kurt Wright","James Simpson"
"Bob Kiss","Andy Montroll","Dan Smith","James Simpson","Kurt Wright"
"Kurt Wright","Dan Smith","Andy Montroll","skipped","skipped"
"Bob Kiss","Andy Montroll","Dan Smith","skipped","skipped"
"Kurt Wright","Dan Smith","skipped","skipped","skipped"
"Kurt Wright","skipped","skipped","skipped","skipped"
"Andy Montroll","Bob Kiss","skipped","skipped","skipped"
"Andy Montroll","Dan Smith","Bob Kiss","skipped","skipped"
"Dan Smith","Bob Kiss","Andy Montroll","skipped","skipped"
"Dan Smith","Bob Kiss","Andy Montroll","skipped","skipped"
"Andy Montroll","Dan Smith","Bob Kiss","skipped","skipped"
"Andy Montroll","skipped","skipped","skipped","skipped"
"Bob Kiss","Dan Smith","skipped","skipped","skipped"
"Bob Kiss","Andy Montroll","James Simpson","Dan Smith","skipped"
"Bob Kiss","Andy Montroll","skipped","skipped","skipped"
"Andy Montroll","Dan Smith","Kurt Wright","skipped","skipped"
"Dan Smith","Andy Montroll","Bob Kiss","James Simpson","skipped"
"Bob Kiss","Dan Smith","Andy Montroll","Kurt Wright","James Simpson"
"Kurt Wright","skipped","skipped","skipped","skipped"
"Andy Montroll","skipped","skipped","skipped","skipped"
"Andy Montroll","Bob Kiss","skipped","skipped","skipped"
"Bob Kiss","Andy Montroll","Kurt Wright","skipped","skipped"
"Bob Kiss","Andy Montroll","Dan Smith","skipped","skipped"
"Kurt Wright","Dan Smith","skipped","skipped","skipped"
"Kurt Wright","Bob Kiss","skipped","skipped","skipped"
"Bob Kiss","skipped","skipped","skipped","skipped"
"Kurt Wright","Dan Smith","James Simpson","Andy Montroll","Bob Kiss"
"Andy Montroll","Bob Kiss","skipped","skipped","skipped"
"Bob Kiss","Dan Smith","Andy Montroll","Kurt Wright","James Simpson"
"Kurt Wright","Dan Smith","James Simpson","Andy Montroll","Bob Kiss"
"Andy Montroll","Kurt Wright","Dan Smith","Bob Kiss","James Simpson"
"Bob Kiss","Andy Montroll","skipped","skipped","skipped"
"Bob Kiss","Andy Montroll","skipped","skipped","skipped"
"Kurt Wright","skipped","skipped","skipped","skipped"
"Bob Kiss","Andy Montroll","Dan Smith","skipped","skipped"
"Kurt Wright","Andy Montroll","skipped","skipped","skipped"
"Bob Kiss","Andy Montroll","Kurt Wright","skipped","skipped"
"Kurt Wright","Andy Montroll","Bob Kiss","Dan Smith","James Simpson"
"Bob Kiss","Andy Montroll","Kurt Wright","Dan Smith","James Simpson"
"Kurt Wright","Bob Kiss","Andy Montroll","Dan Smith","James Simpson"
"Kurt Wright","Andy Montroll","Dan Smith","skipped","skipped"
"Dan Smith","skipped","skipped","skipped","skipped"
"Andy Montroll","Bob Kiss","Dan Smith","Kurt Wright","James Simpson"
"Dan Smith","Kurt Wright","Andy Montroll","skipped","skipped"
"Bob Kiss","Andy Montroll","Dan Smith","Kurt Wright","skipped"
"Bob Kiss","Dan Smith","Kurt Wright","Andy Montroll","James Simpson"
"Dan Smith","Andy Montroll","Bob Kiss","skipped","skipped"
"Kurt Wright","skipped","skipped","skipped","skipped"
"Andy Montroll","Dan Smith","skipped","skipped","skipped"
"Kurt Wright","Andy Montroll","skipped","skipped","skipped"
"Kurt Wright","Dan Smith","Andy Montroll","James Simpson","Bob Kiss"
"Kurt Wright","Bob Kiss","Dan Smith","Andy Montroll","James Simpson"
"Bob Kiss","Andy Montroll","Dan Smith","James Simpson","Kurt Wright"
"Andy Montroll","Bob Kiss","Kurt Wright","Dan Smith","James Simpson"
"Write-in","Andy Montroll","Dan Smith","James Simpson","Bob Kiss"
"Kurt Wright","Andy Montroll","Dan Smith","James Simpson","Bob Kiss"
"Kurt Wright","Andy Montroll","skipped","skipped","skipped"
"Bob Kiss","Andy Montroll","skipped","skipped","skipped"
"Andy Montroll","Dan Smith","Bob Kiss","James Simpson","Kurt Wright"
"Andy Montroll","Bob Kiss","skipped","skipped","skipped"
"Kurt Wright","Bob Kiss","skipped","skipped","skipped"
"Andy Montroll","Kurt Wright","Dan Smith","Bob Kiss","James Simpson"
"Kurt Wright","Andy Montroll","Bob Kiss","Dan Smith","skipped"
"Bob Kiss","Dan Smith","Andy Montroll","James Simpson","Kurt Wright"
"Andy Montroll","Dan Smith","Kurt Wright","skipped","skipped"
"Bob Kiss","James Simpson","Andy Montroll","Write-in","Dan Smith"
"Andy Montroll","Kurt Wright","skipped","skipped","skipped"
"Andy Montroll","Kurt Wright","skipped","skipped","skipped"
"Andy Montroll","Bob Kiss","skipped","skipped","skipped"
"Andy Montroll","Dan Smith","Bob Kiss","Kurt Wright","skipped"
"Andy Montroll","Bob Kiss","skipped","skipped","skipped"
"Andy Montroll","Bob Kiss","skipped","skipped","skipped"
"Andy Montroll","Dan Smith","skipped","skipped","skipped"
"Kurt Wright","Andy Montroll","Bob Kiss","Dan Smith","James Simpson"
"Dan Smith","Bob Kiss","Andy Montroll","Kurt Wright","skipped"
"Dan Smith","Bob Kiss","Andy Montroll","Kurt Wright","James Simpson"
"Bob Kiss","Dan Smith","skipped","skipped","skipped"
"Bob Kiss","Andy Montroll","James Simpson","Dan Smith","skipped"
"Bob Kiss","skipped","skipped","skipped","skipped"
"Bob Kiss","Andy Montroll","Dan Smith","skipped","skipped"
"Dan Smith","Andy Montroll","Bob Kiss","skipped","skipped"
"Bob Kiss","skipped","skipped","skipped","skipped"
"Dan Smith","Andy Montroll","Bob Kiss","skipped","skipped"
"Dan Smith","Kurt Wright","Andy Montroll","skipped","skipped"
"Bob Kiss","James Simpson","Andy Montroll","Kurt Wright","Dan Smith"
"Andy Montroll","Dan Smith","Kurt Wright","skipped","skipped"
"Kurt Wright","Dan Smith","Bob Kiss","Andy Montroll","skipped"
"Bob Kiss","Andy Montroll","Dan Smith","James Simpson","Kurt Wright"
"Bob Kiss","Dan Smith","Andy Montroll","skipped","skipped"
"Bob Kiss","Andy Montroll","Dan Smith","James Simpson","Kurt Wright"
"Kurt Wright","Dan Smith","Andy Montroll","Bob Kiss","skipped"
"Bob Kiss","Dan Smith","Andy Montroll","Kurt Wright","skipped"
"Bob Kiss","Kurt Wright","skipped","skipped","skipped"
"Bob Kiss","Andy Montroll","Dan Smith","James Simpson","Kurt Wright"
"Kurt Wright","skipped","skipped","skipped","skipped"
"Kurt Wright","skipped","skipped","skipped","skipped"
"Dan Smith","skipped","skipped","skipped","skipped"
"Andy Montroll","Dan Smith","Bob Kiss","Kurt Wright","James Simpson"
"Bob Kiss","Kurt Wright","Andy Montroll","Dan Smith","James Simpson"
"Kurt Wright","Dan Smith","skipped","skipped","skipped"
"Dan Smith","Bob Kiss","skipped","skipped","skipped"
"Andy Montroll","Dan Smith","Kurt Wright","skipped","skipped"
"Bob Kiss","Kurt Wright","Dan Smith","Andy Montroll","James Simpson"
"Kurt Wright","Andy Montroll","Dan Smith","Bob Kiss","James Simpson"
"Bob Kiss","Andy Montroll","skipped","skipped","skipped"
"Kurt Wright","skipped","skipped","skipped","skipped"
"Kurt Wright","skipped","skipped","skipped","skipped"
"Bob Kiss","Andy Montroll","Dan Smith","Kurt Wright","James Simpson"
"Andy Montroll","Dan Smith","Bob Kiss","skipped","skipped"
"Dan Smith","Andy Montroll","Bob Kiss","Kurt Wright","skipped"
"Kurt Wright","Dan Smith","Andy Montroll","skipped","skipped"
"Kurt Wright","Dan Smith","Andy Montroll","skipped","skipped"
"Bob Kiss","Dan Smith","James Simpson","Andy Montroll","Kurt Wright"
"Andy Montroll","Dan Smith","Kurt Wright","Bob Kiss","skipped"
"Kurt Wright","Bob Kiss","Andy Montroll","Dan Smith","James Simpson"
"Kurt Wright","Dan Smith","James Simpson","skipped","skipped"
"Andy Montroll","Kurt Wright","Dan Smith","Write-in","skipped"
"Andy Montroll","Bob Kiss","skipped","skipped","skipped"
"Andy Montroll","Dan Smith","Kurt Wright","James Simpson","Write-in"
"Andy Montroll","Bob Kiss","Dan Smith","Kurt Wright","James Simpson"
"Bob Kiss","Dan Smith","skipped","skipped","skipped"
"Bob Kiss","Dan Smith","Andy Montroll","skipped","skipped"
"Andy Montroll","Kurt Wright","Bob Kiss","Dan Smith","James Simpson"
"Andy Montroll","Bob Kiss","skipped","skipped","skipped"
"Dan Smith","Andy Montroll","Kurt Wright","Bob Kiss","skipped"
"Kurt Wright","skipped","skipped","skipped","skipped"
"Kurt Wright","Dan Smith","skipped","skipped","skipped"
"Bob Kiss","Andy Montroll","skipped","skipped","skipped"
"Bob Kiss","Andy Montroll","Dan Smith","Kurt Wright","James Simpson"
"Bob Kiss","Andy Montroll","skipped","skipped","skipped"
"Bob Kiss","James Simpson","Kurt Wright","skipped","skipped"
"Bob Kiss","Kurt Wright","Andy Montroll","James Simpson","Dan Smith"
"Bob Kiss","James Simpson","Andy Montroll","Kurt Wright","Dan Smith"
"Bob Kiss","Andy Montroll","Kurt Wright","Dan Smith","James Simpson"
"Kurt Wright","Dan Smith","Andy Montroll","skipped","skipped"
"Kurt Wright","Dan Smith","skipped","skipped","skipped"
"Andy Montroll","Bob Kiss","skipped","skipped","skipped"
"Bob Kiss","Dan Smith","Andy Montroll","skipped","skipped"
"Bob Kiss","Andy Montroll","Dan Smith","skipped","skipped"
"Andy Montroll","Bob Kiss","James Simpson","skipped","skipped"
"Bob Kiss","Andy Montroll","Dan Smith","skipped","skipped"
"Bob Kiss","Andy Montroll","Dan Smith","skipped","skipped"
"Bob Kiss","skipped","skipped","skipped","skipped"
"Kurt Wright","Bob Kiss","Dan Smith","Andy Montroll","James Simpson"
"Kurt Wright","Andy Montroll","Bob Kiss","Dan Smith","James Simpson"
"Dan Smith","Andy Montroll","skipped","skipped","skipped"
"Bob Kiss","Andy Montroll","skipped","skipped","skipped"
"Kurt Wright","Dan Smith","skipped","skipped","skipped"
"Dan Smith","Andy Montroll","skipped","skipped","skipped"
"Dan Smith","Andy Montroll","Bob Kiss","Kurt Wright","James Simpson"
"Kurt Wright","Dan Smith","Andy Montroll","Bob Kiss","James Simpson"
"Bob Kiss","skipped","skipped","skipped","skipped"
"Bob Kiss","Andy Montroll","James Simpson","Dan Smith","Kurt Wright"
"Bob Kiss","skipped","skipped","skipped","skipped"
"Dan Smith","Bob Kiss","Andy Montroll","skipped","skipped"
"Andy Montroll","Kurt Wright","Dan Smith","Bob Kiss","James Simpson"
"Andy Montroll","Dan Smith","Bob Kiss","skipped","skipped"
"Andy Montroll","Write-in","James Simpson","Dan Smith","skipped"
"Bob Kiss","skipped","skipped","skipped","skipped"
"Andy Montroll","skipped","skipped","skipped","skipped"
"Dan Smith","Andy Montroll","Kurt Wright","Bob Kiss","James Simpson"
"Andy Montroll","Kurt Wright","Dan Smith","Bob Kiss","James Simpson"
"Andy Montroll","Bob Kiss","Kurt Wright","Dan Smith","James Simpson"
"Kurt Wright","James Simpson","Dan Smith","skipped","skipped"
"Kurt Wright","Dan Smith","Bob Kiss","Andy Montroll","skipped"
"Kurt Wright","Dan Smith","Bob Kiss","Andy Montroll","skipped"
"Andy Montroll","Kurt Wright","skipped","skipped","skipped"
"Bob Kiss","Andy Montroll","Kurt Wright","Dan Smith","James Simpson"
"Bob Kiss","Andy Montroll","skipped","skipped","skipped"
"Bob Kiss","Kurt Wright","skipped","skipped","skipped"
"Andy Montroll","Bob Kiss","Dan Smith","skipped","skipped"
"Kurt Wright","skipped","skipped","skipped","skipped"
"Andy Montroll","skipped","skipped","skipped","skipped"
"Bob Kiss","Andy Montroll","Dan Smith","Kurt Wright","skipped"
"Dan Smith","Andy Montroll","Bob Kiss","skipped","skipped"
"Dan Smith","Kurt Wright","James Simpson","Andy Montroll","Bob Kiss"
"Kurt Wright","Dan Smith","skipped","skipped","skipped"
"Kurt Wright","skipped","skipped","skipped","skipped"
"Bob Kiss","Andy Montroll","Kurt Wright","Dan Smith","James Simpson"
"Kurt Wright","Dan Smith","James Simpson","Andy Montroll","Bob Kiss"
"Andy Montroll","Dan Smith","skipped","skipped","skipped"
"Andy Montroll","Dan Smith","Kurt Wright","Bob Kiss","skipped"
"Kurt Wright","Dan Smith","Andy Montroll","skipped","skipped"
"Kurt Wright","Dan Smith","Andy Montroll","skipped","skipped"
"Andy Montroll","Kurt Wright","James Simpson","Dan Smith","Bob Kiss"
"Andy Montroll","skipped","skipped","skipped","skipped"
"Dan Smith","Andy Montroll","Bob Kiss","Kurt Wright","James Simpson"
"Andy Montroll","Kurt Wright","Bob Kiss","Dan Smith","James Simpson"
"Andy Montroll","skipped","skipped","skipped","skipped"
"Andy Montroll","Bob Kiss","Kurt Wright","James Simpson","skipped"
"Kurt Wright","Dan Smith","skipped","skipped","skipped"
"Kurt Wright","Andy Montroll","Bob Kiss","skipped","skipped"
"Dan Smith","Andy Montroll","skipped","skipped","skipped"
"Dan Smith","skipped","skipped","skipped","skipped"
"Kurt Wright","Andy Montroll","skipped","skipped","skipped"
"Kurt Wright","Dan Smith","skipped","skipped","skipped"
"Bob Kiss","Dan Smith","Andy Montroll","Kurt Wright","James Simpson"
"Bob Kiss","Dan Smith","Kurt Wright","Andy Montroll","James Simpson"
"Bob Kiss","Andy Montroll","skipped","skipped","skipped"
"Kurt Wright","Andy Montroll","Bob Kiss","Dan Smith","James Simpson"
"Andy Montroll","Kurt Wright","Dan Smith","skipped","skipped"
"Kurt Wright","skipped","skipped","skipped","skipped"
"Andy Montroll","Dan Smith","Bob Kiss","skipped","skipped"
"Kurt Wright","Dan Smith","Andy Montroll","skipped","skipped"
"Bob Kiss","Dan Smith","Andy Montroll","skipped","skipped"
"Dan Smith","skipped","skipped","skipped","skipped"
"Dan Smith","skipped","skipped","skipped","skipped"
"Bob Kiss","Kurt Wright","skipped","skipped","skipped"
"Bob Kiss","Kurt Wright","Andy Montroll","skipped","skipped"
"Andy Montroll","Dan Smith","Kurt Wright","Bob Kiss","skipped"
"Andy Montroll","Bob Kiss","Dan Smith","James Simpson","Kurt Wright"
"Dan Smith","Kurt Wright","Andy Montroll","Bob Kiss","James Simpson"
"Andy Montroll","Bob Kiss","Dan Smith","Kurt Wright","skipped"
"Dan Smith","Andy Montroll","Kurt Wright","skipped","skipped"
"Dan Smith","Andy Montroll","Bob Kiss","James Simpson","Kurt Wright"
"Bob Kiss","Andy Montroll","Dan Smith","skipped","skipped"
"Bob Kiss","James Simpson","skipped","skipped","skipped"
"Andy Montroll","Bob Kiss","skipped","skipped","skipped"
"Bob Kiss","Write-in","Andy Montroll","Dan Smith","skipped"
"Andy Montroll","Bob Kiss","Kurt Wright","James Simpson","skipped"
"Kurt Wright","Dan Smith","James Simpson","Andy Montroll","Bob Kiss"
"Dan Smith","Bob Kiss","skipped","skipped","skipped"
"Bob Kiss","Dan Smith","Andy Montroll","skipped","skipped"
"Dan Smith","Bob Kiss","Andy Montroll","Kurt Wright","skipped"
"Bob Kiss","Dan Smith","skipped","skipped","skipped"
"Bob Kiss","skipped","skipped","skipped","skipped"
"Andy Montroll","Dan Smith","Kurt Wright","skipped","skipped"
"Bob Kiss","Andy Montroll","Kurt Wright","skipped","skipped"
"Andy Montroll","Bob Kiss","skipped","skipped","skipped"
"Andy Montroll","Dan Smith","Kurt Wright","skipped","skipped"
"Bob Kiss","Dan Smith","skipped","skipped","skipped"
"Andy Montroll","Dan Smith","Kurt Wright","skipped","skipped"
"Bob Kiss","Andy Montroll","Dan Smith","skipped","skipped"
"Kurt Wright","Andy Montroll","Dan Smith","James Simpson","Bob Kiss"
"Bob Kiss","Andy Montroll","Dan Smith","skipped","skipped"
"Kurt Wright","Andy Montroll","skipped","skipped","skipped"
"Andy Montroll","Bob Kiss","James Simpson","Dan Smith","Kurt Wright"
"Kurt Wright","Dan Smith","skipped","skipped","skipped"
"Kurt Wright","Dan Smith","skipped","skipped","skipped"
"Kurt Wright","skipped","skipped","skipped","skipped"
"Kurt Wright","skipped","skipped","skipped","skipped"
"Kurt Wright","Andy Montroll","Dan Smith","James Simpson","Bob Kiss"
"Kurt Wright","Andy Montroll","skipped","skipped","skipped"
"Andy Montroll","Bob Kiss","Dan Smith","skipped","skipped"
"Kurt Wright","Andy Montroll","skipped","skipped","skipped"
"Andy Montroll","Bob Kiss","Dan Smith","Kurt Wright","skipped"
"Bob Kiss","Andy Montroll","Kurt Wright","skipped","skipped"
"Andy Montroll","Dan Smith","Bob Kiss","James Simpson","Kurt Wright"
"Andy Montroll","Dan Smith","skipped","skipped","skipped"
"Andy Montroll","Bob Kiss","Dan Smith","Kurt Wright","Write-in"
"Kurt Wright","Andy Montroll","Dan Smith","Bob Kiss","skipped"
"Andy Montroll","Dan Smith","Bob Kiss","James Simpson","Kurt Wright"
"Bob Kiss","Andy Montroll","Kurt Wright","James Simpson","Dan Smith"
"Dan Smith","Andy Montroll","Kurt Wright","Bob Kiss","James Simpson"
"Bob Kiss","Dan Smith","skipped","skipped","skipped"
"Andy Montroll","Dan Smith","skipped","skipped","skipped"
"Andy Montroll","Kurt Wright","Dan Smith","Bob Kiss","James Simpson"
"Andy Montroll","Kurt Wright","Bob Kiss","Dan Smith","skipped"
"Kurt Wright","Andy Montroll","Bob Kiss","skipped","skipped"
"Bob Kiss","skipped","skipped","skipped","skipped"
"Andy Montroll","Dan Smith","skipped","skipped","skipped"
"Bob Kiss","James Simpson","Dan Smith","Andy Montroll","Kurt Wright"
"Dan Smith","Bob Kiss","Andy Montroll","James Simpson","Kurt Wright"
"Bob Kiss","Andy Montroll","skipped","skipped","skipped"
"Kurt Wright","Dan Smith","Bob Kiss","Andy Montroll","James Simpson"
"Kurt Wright","Dan Smith","Andy Montroll","skipped","skipped"
"Andy Montroll","Bob Kiss","Kurt Wright","Dan Smith","James Simpson"
"Andy Montroll","Kurt Wright","Dan Smith","James Simpson","Bob Kiss"
"Bob Kiss","Dan Smith","Andy Montroll","Kurt Wright","James Simpson"
"Andy Montroll","Kurt Wright","Dan Smith","James Simpson","Bob Kiss"
"Andy Montroll","Bob Kiss","Kurt Wright","Dan Smith","James Simpson"
"Andy Montroll","Bob Kiss","Dan Smith","skipped","skipped"
"Andy Montroll","Kurt Wright","skipped","skipped","skipped"
"Kurt Wright","skipped","skipped","skipped","skipped"
"Andy Montroll","Dan Smith","Bob Kiss","James Simpson","Kurt Wright"
"Andy Montroll","Bob Kiss","skipped","skipped","skipped"
"Andy Montroll","Kurt Wright","Bob Kiss","Dan Smith","James Simpson"
"Kurt Wright","Dan Smith","James Simpson","Andy Montroll","Bob Kiss"
"Kurt Wright","Dan Smith","Andy Montroll","skipped","skipped"
"Dan Smith","James Simpson","Write-in","Andy Montroll","Bob Kiss"
"Dan Smith","Bob Kiss","Andy Montroll","skipped","skipped"
"Bob Kiss","Andy Montroll","Dan Smith","James Simpson","Kurt Wright"
"Andy Montroll","Kurt Wright","Dan Smith","Bob Kiss","James Simpson"
"Andy Montroll","Kurt Wright","skipped","skipped","skipped"
"Bob Kiss","Andy Montroll","Dan Smith","Kurt Wright","skipped"
"Bob Kiss","skipped","skipped","skipped","skipped"
"Kurt Wright","Dan Smith","Andy Montroll","skipped","skipped"
"Andy Montroll","Bob Kiss","Dan Smith","James Simpson","Kurt Wright"
"Andy Montroll","James Simpson","Dan Smith","Bob Kiss","Kurt Wright"
"Bob Kiss","James Simpson","Dan Smith","skipped","skipped"
"Dan Smith","Kurt Wright","Bob Kiss","Andy Montroll","James Simpson"
"Bob Kiss","Dan Smith","skipped","skipped","skipped"
"Bob Kiss","skipped","skipped","skipped","skipped"
"Kurt Wright","skipped","skipped","skipped","skipped"
"Bob Kiss","Andy Montroll","James Simpson","skipped","skipped"
"Andy Montroll","Kurt Wright","Dan Smith","James Simpson","Bob Kiss"
"Dan Smith","Kurt Wright","Andy Montroll","Bob Kiss","skipped"
"Andy Montroll","Kurt Wright","skipped","skipped","skipped"
"Kurt Wright","skipped","skipped","skipped","skipped"
"Kurt Wright","skipped","skipped","skipped","skipped"
"Bob Kiss","Andy Montroll","Dan Smith","skipped","skipped"
"Kurt Wright","Dan Smith","Andy Montroll","James Simpson","Bob Kiss"
"Kurt Wright","Dan Smith","Andy Montroll","James Simpson","Bob Kiss"
"Kurt Wright","Dan Smith","Andy Montroll","skipped","skipped"
"Dan Smith","Andy Montroll","Bob Kiss","skipped","skipped"
"Kurt Wright","skipped","skipped","skipped","skipped"
"Kurt Wright","Andy Montroll","Bob Kiss","Dan Smith","James Simpson"
"Kurt Wright","Andy Montroll","Dan Smith","Bob Kiss","James Simpson"
"Andy Montroll","Kurt Wright","Bob Kiss","skipped","skipped"
"Kurt Wright","Dan Smith","Andy Montroll","skipped","skipped"
"Kurt Wright","Andy Montroll","Dan Smith","Bob Kiss","James Simpson"
"Kurt Wright","Andy Montroll","Dan Smith","Bob Kiss","James Simpson"
"Kurt Wright","skipped","skipped","skipped","skipped"
"Andy Montroll","Bob Kiss","Kurt Wright","skipped","skipped"
"Andy Montroll","Bob Kiss","Dan Smith","skipped","skipped"
"Dan Smith","Andy Montroll","Write-in","skipped","skipped"
"Dan Smith","skipped","skipped","skipped","skipped"
"Bob Kiss","Andy Montroll","skipped","skipped","skipped"
"Kurt Wright","Andy Montroll","Dan Smith","Bob Kiss","James Simpson"
"Bob Kiss","Dan Smith","James Simpson","skipped","skipped"
"Andy Montroll","Kurt Wright","Dan Smith","Bob Kiss","James Simpson"
"Write-in","Bob Kiss","Andy Montroll","skipped","skipped"
"Andy Montroll","Bob Kiss","skipped","skipped","skipped"
"Bob Kiss","Andy Montroll","Dan Smith","James Simpson","Kurt Wright"
"Kurt Wright","Andy Montroll","Write-in","Dan Smith","Bob Kiss"
"Kurt Wright","Write-in","skipped","skipped","skipped"
"Dan Smith","Andy Montroll","skipped","skipped","skipped"
"Bob Kiss","Kurt Wright","Andy Montroll","skipped","skipped"
"Bob Kiss","Andy Montroll","Dan Smith","skipped","skipped"
"Bob Kiss","Andy Montroll","Dan Smith","Kurt Wright","skipped"
"Andy Montroll","Dan Smith","Bob Kiss","James Simpson","Kurt Wright"
"Kurt Wright","Andy Montroll","Bob Kiss","Dan Smith","James Simpson"
"Andy Montroll","Dan Smith","Bob Kiss","skipped","skipped"
"Bob Kiss","Andy Montroll","Dan Smith","skipped","skipped"
"Bob Kiss","Andy Montroll","James Simpson","Dan Smith","Kurt Wright"
"Kurt Wright","Andy Montroll","Bob Kiss","skipped","skipped"
"Bob Kiss","Andy Montroll","Kurt Wright","skipped","skipped"
"Kurt Wright","Bob Kiss","Dan Smith","Andy Montroll","James Simpson"
"Andy Montroll","Kurt Wright","skipped","skipped","skipped"
"Andy Montroll","Kurt Wright","skipped","skipped","skipped"
"Kurt Wright","Andy Montroll","Dan Smith","Bob Kiss","James Simpson"
"Kurt Wright","skipped","skipped","skipped","skipped"
"Kurt Wright","skipped","skipped","skipped","skipped"
"Andy Montroll","Kurt Wright","Dan Smith","James Simpson","Bob Kiss"
"Andy Montroll","Kurt Wright","Dan Smith","James Simpson","Bob Kiss"
"Kurt Wright","Andy Montroll","Bob Kiss","Dan Smith","James Simpson"
"Kurt Wright","Andy Montroll","skipped","skipped","skipped"
"Andy Montroll","Bob Kiss","skipped","skipped","skipped"
"Kurt Wright","Andy Montroll","skipped","skipped","skipped"
"Kurt Wright","Andy Montroll","skipped","skipped","skipped"
"Dan Smith","Andy Montroll","Kurt Wright","Bob Kiss","skipped"
"Andy Montroll","Dan Smith","skipped","skipped","skipped"
"Bob Kiss","skipped","skipped","skipped","skipped"
"Bob Kiss","Andy Montroll","skipped","skipped","skipped"
"Bob Kiss","Andy Montroll","skipped","skipped","skipped"
"Andy Montroll","Kurt Wright","Bob Kiss","skipped","skipped"
"Kurt Wright","Andy Montroll","Bob Kiss","skipped","skipped"
"Andy Montroll","Bob Kiss","Dan Smith","Kurt Wright","skipped"
"Andy Montroll","Dan Smith","James Simpson","Bob Kiss","Kurt Wright"
"Andy Montroll","Bob Kiss","Kurt Wright","Dan Smith","James Simpson"
"Andy Montroll","Dan Smith","skipped","skipped","skipped"
"Kurt Wright","Dan Smith","skipped","skipped","skipped"
"Bob Kiss","Andy Montroll","Dan Smith","skipped","skipped"
"Kurt Wright","Andy Montroll","Dan Smith","skipped","skipped"
"Bob Kiss","Andy Montroll","James Simpson","Dan Smith","Kurt Wright"
"Andy Montroll","James Simpson","Dan Smith","Bob Kiss","Kurt Wright"
"Kurt Wright","Dan Smith","James Simpson","Andy Montroll","Bob Kiss"
"Andy Montroll","skipped","skipped","skipped","skipped"
"Kurt Wright","Andy Montroll","Bob Kiss","Dan Smith","skipped"
"Kurt Wright","Bob Kiss","Andy Montroll","skipped","skipped"
"Dan Smith","Andy Montroll","Bob Kiss","skipped","skipped"
"Andy Montroll","Bob Kiss","skipped","skipped","skipped"
"Andy Montroll","Dan Smith","Kurt Wright","skipped","skipped"
"Bob Kiss","Andy Montroll","skipped","skipped","skipped"
"Andy Montroll","skipped","skipped","skipped","skipped"
"Kurt Wright","Andy Montroll","Dan Smith","Bob Kiss","James Simpson"
"Kurt Wright","Dan Smith","skipped","skipped","skipped"
"Andy Montroll","Bob Kiss","Kurt Wright","Dan Smith","skipped"
"Andy Montroll","Dan Smith","Bob Kiss","skipped","skipped"
"Dan Smith","Kurt Wright","Andy Montroll","skipped","skipped"
"Kurt Wright","Bob Kiss","Andy Montroll","Dan Smith","James Simpson"
"Bob Kiss","Andy Montroll","James Simpson","Dan Smith","skipped"
"Kurt Wright","Dan Smith","Andy Montroll","Bob Kiss","James Simpson"
"Kurt Wright","Andy Montroll","Dan Smith","James Simpson","Bob Kiss"
"Kurt Wright","Dan Smith","skipped","skipped","skipped"
"Kurt Wright","Dan Smith","skipped","skipped","skipped"
"Dan Smith","Bob Kiss","James Simpson","Andy Montroll","Kurt Wright"
"Andy Montroll","Kurt Wright","Dan Smith","skipped","skipped"
"Dan Smith","Bob Kiss","Kurt Wright","James Simpson","Andy Montroll"
"Dan Smith","Andy Montroll","Kurt Wright","James Simpson","Bob Kiss"
"Andy Montroll","Dan Smith","James Simpson","skipped","skipped"
"Bob Kiss","Andy Montroll","Dan Smith","Kurt Wright","James Simpson"
"Dan Smith","Kurt Wright","skipped","skipped","skipped"
"Kurt Wright","skipped","skipped","skipped","skipped"
"Dan Smith","Bob Kiss","Andy Montroll","skipped","skipped"
"Kurt Wright","skipped","skipped","skipped","skipped"
"Dan Smith","James Simpson","Bob Kiss","Andy Montroll","skipped"
"Andy Montroll","Bob Kiss","James Simpson","Dan Smith","Kurt Wright"
"Bob Kiss","Dan Smith","skipped","skipped","skipped"
"Kurt Wright","Bob Kiss","skipped","skipped","skipped"
"Andy Montroll","Bob Kiss","Dan Smith","Kurt Wright","James Simpson"
"Kurt Wright","Write-in","skipped","skipped","skipped"
"Andy Montroll","Kurt Wright","Dan Smith","Bob Kiss","skipped"
"Andy Montroll","Bob Kiss","Kurt Wright","skipped","skipped"
"Bob Kiss","Dan Smith","James Simpson","Kurt Wright","Andy Montroll"
"Kurt Wright","Dan Smith","Andy Montroll","skipped","skipped"
"Andy Montroll","Kurt Wright","skipped","skipped","skipped"
"Bob Kiss","Andy Montroll","Dan Smith","James Simpson","Kurt Wright"
"Bob Kiss","Andy Montroll","Kurt Wright","Dan Smith","James Simpson"
"Andy Montroll","Dan Smith","Bob Kiss","Kurt Wright","skipped"
"Bob Kiss","James Simpson","Andy Montroll","Dan Smith","skipped"
"Kurt Wright","skipped","skipped","skipped","skipped"
"Bob Kiss","Andy Montroll","Dan Smith","Kurt Wright","James Simpson"
"Kurt Wright","Dan Smith","James Simpson","Andy Montroll","Bob Kiss"
"Kurt Wright","skipped","skipped","skipped","skipped"
"Bob Kiss","Dan Smith","James Simpson","skipped","skipped"
"Andy Montroll","Dan Smith","Bob Kiss","Kurt Wright","James Simpson"
"Bob Kiss","skipped","skipped","skipped","skipped"
"Andy Montroll","Bob Kiss","Dan Smith","skipped","skipped"
"Kurt Wright","Bob Kiss","skipped","skipped","skipped"
"Kurt Wright","Dan Smith","James Simpson","Bob Kiss","Andy Montroll"
"Dan Smith","James Simpson","Bob Kiss","Kurt Wright","Andy Montroll"
"Kurt Wright","Andy Montroll","Dan Smith","James Simpson","Bob Kiss"
"Andy Montroll","Bob Kiss","Kurt Wright","Dan Smith","skipped"
"Kurt Wright","Bob Kiss","Andy Montroll","James Simpson","Dan Smith"
"Andy Montroll","Bob Kiss","Kurt Wright","skipped","skipped"
"Andy Montroll","Bob Kiss","skipped","skipped","skipped"
"Andy Montroll","Dan Smith","skipped","skipped","skipped"
"Andy Montroll","Bob Kiss","skipped","skipped","skipped"
"Kurt Wright","skipped","skipped","skipped","skipped"
"Andy Montroll","Bob Kiss","Dan Smith","Kurt Wright","James Simpson"
"Andy Montroll","Kurt Wright","Dan Smith","Bob Kiss","James Simpson"
"Andy Montroll","Dan Smith","James Simpson","Kurt Wright","Bob Kiss"
"Dan Smith","Bob Kiss","skipped","skipped","skipped"
"Kurt Wright","skipped","skipped","skipped","skipped"
"Bob Kiss","Andy Montroll","Dan Smith","Kurt Wright","James Simpson"
"Dan Smith","Bob Kiss","Andy Montroll","James Simpson","skipped"
"Dan Smith","Kurt Wright","Andy Montroll","skipped","skipped"
"Andy Montroll","Bob Kiss","Dan Smith","James Simpson","Kurt Wright"
"Bob Kiss","Dan Smith","Andy Montroll","Kurt Wright","James Simpson"
"Bob Kiss","Andy Montroll","skipped","skipped","skipped"
"Kurt Wright","Andy Montroll","skipped","skipped","skipped"
"Kurt Wright","Andy Montroll","skipped","skipped","skipped"
"Andy Montroll","Write-in","skipped","skipped","skipped"
"Bob Kiss","Andy Montroll","skipped","skipped","skipped"
"Dan Smith","Andy Montroll","Bob Kiss","skipped","skipped"
"Dan Smith","Andy Montroll","James Simpson","Kurt Wright","Bob Kiss"
"Bob Kiss","Andy Montroll","Dan Smith","Kurt Wright","James Simpson"
"Andy Montroll","Kurt Wright","skipped","skipped","skipped"
"Andy Montroll","James Simpson","Bob Kiss","Dan Smith","Kurt Wright"
"Kurt Wright","Bob Kiss","Andy Montroll","Dan Smith","James Simpson"
"Bob Kiss","Andy Montroll","Dan Smith","skipped","skipped"
"Kurt Wright","skipped","skipped","skipped","skipped"
"Bob Kiss","Dan Smith","Andy Montroll","James Simpson","skipped"
"Bob Kiss","Andy Montroll","Dan Smith","skipped","skipped"
"Andy Montroll","Bob Kiss","skipped","skipped","skipped"
"Andy Montroll","Kurt Wright","Dan Smith","James Simpson","Bob Kiss"
"Bob Kiss","Dan Smith","skipped","skipped","skipped"
"Andy Montroll","James Simpson","Dan Smith","Kurt Wright","Bob Kiss"
"Andy Montroll","Bob Kiss","skipped","skipped","skipped"
"Andy Montroll","Kurt Wright","James Simpson","Dan Smith","Bob Kiss"
"Bob Kiss","Andy Montroll","Dan Smith","Kurt Wright","James Simpson"
"Kurt Wright","skipped","skipped","skipped","skipped"
"Kurt Wright","James Simpson","Dan Smith","Bob Kiss","Andy Montroll"
"Andy Montroll","Bob Kiss","skipped","skipped","skipped"
"Andy Montroll","Bob Kiss","skipped","skipped","skipped"
"Kurt Wright","Dan Smith","Andy Montroll","James Simpson","Bob Kiss"
"Bob Kiss","Andy Montroll","Dan Smith","Kurt Wright","skipped"
"Andy Montroll","Bob Kiss","Dan Smith","James Simpson","skipped"
"Kurt Wright","Andy Montroll","skipped","skipped","skipped"
"Bob Kiss","Kurt Wright","Andy Montroll","skipped","skipped"
"Bob Kiss","Kurt Wright","Andy Montroll","skipped","skipped"
"Bob Kiss","Andy Montroll","Dan Smith","skipped","skipped"
"James Simpson","Kurt Wright","skipped","skipped","skipped"
"Bob Kiss","Andy Montroll","skipped","skipped","skipped"
"Bob Kiss","Dan Smith","skipped","skipped","skipped"
"Dan Smith","Andy Montroll","Bob Kiss","skipped","skipped"
"Dan Smith","Kurt Wright","Andy Montroll","skipped","skipped"
"Bob Kiss","Andy Montroll","James Simpson","Dan Smith","skipped"
"Andy Montroll","Kurt Wright","Dan Smith","Bob Kiss","James Simpson"
"Kurt Wright","Dan Smith","Andy Montroll","James Simpson","Bob Kiss"
"Bob Kiss","Andy Montroll","Dan Smith","skipped","skipped"
"Andy Montroll","Dan Smith","Bob Kiss","Kurt Wright","James Simpson"
"Kurt Wright","Bob Kiss","skipped","skipped","skipped"
"Andy Montroll","Bob Kiss","Kurt Wright","Dan Smith","James Simpson"
"Bob Kiss","Kurt Wright","Dan Smith","Andy Montroll","skipped"
"Kurt Wright","Bob Kiss","Dan Smith","Andy Montroll","skipped"
"Andy Montroll","Dan Smith","Bob Kiss","skipped","skipped"
"Bob Kiss","Andy Montroll","skipped","skipped","skipped"
"Bob Kiss","Andy Montroll","skipped","skipped","skipped"
"Dan Smith","Andy Montroll","Kurt Wright","Bob Kiss","James Simpson"
"Bob Kiss","Andy Montroll","Dan Smith","Kurt Wright","James Simpson"
"Andy Montroll","Kurt Wright","Bob Kiss","Dan Smith","skipped"
"Kurt Wright","skipped","skipped","skipped","skipped"
"Dan Smith","skipped","skipped","skipped","skipped"
"Dan Smith","Andy Montroll","Bob Kiss","James Simpson","Kurt Wright"
"Kurt Wright","Andy Montroll","Bob Kiss","skipped","skipped"
"Bob Kiss","Andy Montroll","Dan Smith","skipped","Kurt Wright"
"Bob Kiss","Dan Smith","Andy Montroll","skipped","skipped"
"Andy Montroll","Bob Kiss","Dan Smith","skipped","skipped"
"Dan Smith","Kurt Wright","Andy Montroll","skipped","skipped"
"Kurt Wright","Dan Smith","Andy Montroll","Bob Kiss","James Simpson"
"Bob Kiss","skipped","skipped","skipped","skipped"
"Dan Smith","Andy Montroll","Bob Kiss","Kurt Wright","James Simpson"
"Kurt Wright","Dan Smith","Andy Montroll","Bob Kiss","James Simpson"
"Andy Montroll","Bob Kiss","Dan Smith","skipped","skipped"
"Dan Smith","Andy Montroll","James Simpson","Bob Kiss","Kurt Wright"
"Bob Kiss","Andy Montroll","skipped","skipped","skipped"
"Kurt Wright","skipped","skipped","skipped","skipped"
"Bob Kiss","Dan Smith","skipped","skipped","skipped"
"Kurt Wright","Dan Smith","Andy Montroll","James Simpson","Bob Kiss"
"Kurt Wright","Dan Smith","Andy Montroll","James Simpson","Bob Kiss"
"Kurt Wright","Dan Smith","Andy Montroll","Bob Kiss","James Simpson"
"Bob Kiss","Dan Smith","Andy Montroll","Kurt Wright","James Simpson"
"Bob Kiss","Dan Smith","Andy Montroll","skipped","skipped"
"Andy Montroll","Kurt Wright","Bob Kiss","Dan Smith","James Simpson"
"Bob Kiss","Dan Smith","skipped","skipped","skipped"
"Andy Montroll","Dan Smith","James Simpson","Bob Kiss","Kurt Wright"
"Dan Smith","Bob Kiss","Kurt Wright","Andy Montroll","skipped"
"Andy Montroll","Bob Kiss","Dan Smith","skipped","skipped"
"Bob Kiss","Andy Montroll","skipped","skipped","skipped"
"Kurt Wright","Dan Smith","Andy Montroll","Bob Kiss","James Simpson"
"Bob Kiss","Andy Montroll","James Simpson","Dan Smith","Kurt Wright"
"Kurt Wright","Dan Smith","Andy Montroll","Bob Kiss","James Simpson"
"Kurt Wright","skipped","skipped","skipped","skipped"
"Andy Montroll","Dan Smith","Bob Kiss","James Simpson","Kurt Wright"
"Andy Montroll","Bob Kiss","skipped","skipped","skipped"
"Dan Smith","James Simpson","Bob Kiss","Andy Montroll","Kurt Wright"
"Kurt Wright","skipped","skipped","skipped","skipped"
"Dan Smith","Andy Montroll","Bob Kiss","Kurt Wright","skipped"
"Kurt Wright","Dan Smith","skipped","skipped","skipped"
"Andy Montroll","Bob Kiss","Dan Smith","skipped","skipped"
"Kurt Wright","Dan Smith","Bob Kiss","Andy Montroll","James Simpson"
"Andy Montroll","Write-in","skipped","skipped","skipped"
"Kurt Wright","skipped","skipped","skipped","skipped"
"Dan Smith","Andy Montroll","Bob Kiss","Write-in","Kurt Wright"
"Dan Smith","Kurt Wright","Andy Montroll","Bob Kiss","James Simpson"
"Andy Montroll","Bob Kiss","James Simpson","skipped","skipped"
"Andy Montroll","Bob Kiss","Dan Smith","skipped","skipped"
"Andy Montroll","Bob Kiss","Kurt Wright","James Simpson","Dan Smith"
"Dan Smith","Kurt Wright","skipped","skipped","skipped"
"Andy Montroll","Kurt Wright","skipped","skipped","skipped"
"Andy Montroll","Bob Kiss","skipped","skipped","skipped"
"Bob Kiss","Dan Smith","Kurt Wright","Andy Montroll","James Simpson"
"Dan Smith","skipped","skipped","skipped","skipped"
"Bob Kiss","Andy Montroll","Dan Smith","skipped","skipped"
"Bob Kiss","Andy Montroll","skipped","skipped","skipped"
"Bob Kiss","Andy Montroll","skipped","skipped","skipped"
"Kurt Wright","Bob Kiss","Dan Smith","skipped","skipped"
"Kurt Wright","Bob Kiss","Dan Smith","skipped","skipped"
"Andy Montroll","Bob Kiss","Dan Smith","Kurt Wright","James Simpson"
"Kurt Wright","Dan Smith","Andy Montroll","Bob Kiss","skipped"
"Bob Kiss","Andy Montroll","James Simpson","Dan Smith","Kurt Wright"
"Andy Montroll","skipped","skipped","skipped","skipped"
"Dan Smith","Bob Kiss","Andy Montroll","Write-in","James Simpson"
"Kurt Wright","skipped","skipped","skipped","skipped"
"Kurt Wright","Andy Montroll","Dan Smith","James Simpson","Bob Kiss"
"Kurt Wright","Dan Smith","James Simpson","Andy Montroll","Bob Kiss"
"Dan Smith","Kurt Wright","Bob Kiss","Andy Montroll","James Simpson"
"Bob Kiss","skipped","skipped","skipped","skipped"
"Bob Kiss","Andy Montroll","James Simpson","Kurt Wright","Dan Smith"
"Andy Montroll","Dan Smith","Bob Kiss","skipped","skipped"
"Kurt Wright","skipped","skipped","skipped","skipped"
"Bob Kiss","Andy Montroll","Dan Smith","Kurt Wright","James Simpson"
"Bob Kiss","Dan Smith","Andy Montroll","Kurt Wright","James Simpson"
"Andy Montroll","James Simpson","Bob Kiss","Kurt Wright","skipped"
"Dan Smith","Bob Kiss","Andy Montroll","skipped","skipped"
"Kurt Wright","skipped","skipped","skipped","skipped"
"Bob Kiss","Andy Montroll","Dan Smith","Kurt Wright","James Simpson"
"Kurt Wright","Andy Montroll","Dan Smith","skipped","skipped"
"Write-in","Andy Montroll","skipped","skipped","skipped"
"Kurt Wright","skipped","skipped","skipped","skipped"
"Bob Kiss","Dan Smith","James Simpson","Andy Montroll","Kurt Wright"
"Kurt Wright","Andy Montroll","skipped","skipped","skipped"
"Kurt Wright","skipped","skipped","skipped","skipped"
"Bob Kiss","Andy Montroll","skipped","skipped","skipped"
"Dan Smith","skipped","skipped","skipped","skipped"
"Kurt Wright","Dan Smith","Andy Montroll","Bob Kiss","skipped"
"Bob Kiss","skipped","skipped","skipped","skipped"
"Dan Smith","Kurt Wright","Andy Montroll","Bob Kiss","James Simpson"
"Bob Kiss","skipped","skipped","skipped","skipped"
"Bob Kiss","Dan Smith","James Simpson","Andy Montroll","skipped"
"Bob Kiss","skipped","skipped","skipped","skipped"
"Bob Kiss","Andy Montroll","skipped","skipped","skipped"
"Dan Smith","Kurt Wright","skipped","skipped","skipped"
"Bob Kiss","Dan Smith","Andy Montroll","James Simpson","Kurt Wright"
"Dan Smith","skipped","skipped","skipped","skipped"
"Andy Montroll","Dan Smith","Bob Kiss","James Simpson","Kurt Wright"
"Kurt Wright","skipped","skipped","skipped","skipped"
"Bob Kiss","Dan Smith","Andy Montroll","skipped","skipped"
"Dan Smith","Kurt Wright","Andy Montroll","skipped","skipped"
"Bob Kiss","James Simpson","Dan Smith","Andy Montroll","Kurt Wright"
"Kurt Wright","skipped","skipped","skipped","skipped"
"Dan Smith","Bob Kiss","Andy Montroll","Kurt Wright","skipped"
"Andy Montroll","Dan Smith","Bob Kiss","Kurt Wright","James Simpson"
"Andy Montroll","Bob Kiss","Dan Smith","Kurt Wright","James Simpson"
"Kurt Wright","skipped","skipped","skipped","skipped"
"Andy Montroll","Dan Smith","Bob Kiss","James Simpson","Kurt Wright"
"Bob Kiss","Dan Smith","Andy Montroll","skipped","skipped"
"Kurt Wright","Dan Smith","skipped","skipped","skipped"
"Kurt Wright","Andy Montroll","Dan Smith","Bob Kiss","James Simpson"
"Bob Kiss","Dan Smith","Andy Montroll","James Simpson","Kurt Wright"
"Kurt Wright","Dan Smith","Bob Kiss","Andy Montroll","James Simpson"
"Dan Smith","Bob Kiss","Kurt Wright","skipped","skipped"
"Bob Kiss","Andy Montroll","skipped","skipped","skipped"
"Andy Montroll","Dan Smith","Kurt Wright","Write-in","Bob Kiss"
"Andy Montroll","Bob Kiss","Dan Smith","skipped","skipped"
"Kurt Wright","skipped","skipped","skipped","skipped"
"Dan Smith","skipped","skipped","skipped","skipped"
"Andy Montroll","Dan Smith","Kurt Wright","Bob Kiss","skipped"
"Kurt Wright","skipped","skipped","skipped","skipped"
"Andy Montroll","Bob Kiss","Dan Smith","James Simpson","Kurt Wright"
"Andy Montroll","Dan Smith","Kurt Wright","James Simpson","skipped"
"Kurt Wright","Dan Smith","Andy Montroll","Bob Kiss","skipped"
"Andy Montroll","Kurt Wright","skipped","Dan Smith","Bob Kiss"
"Andy Montroll","Dan Smith","Bob Kiss","Kurt Wright","James Simpson"
"Andy Montroll","Bob Kiss","skipped","skipped","skipped"
"Andy Montroll","Kurt Wright","Dan Smith","Bob Kiss","James Simpson"
"Dan Smith","Andy Montroll","skipped","skipped","skipped"
"Bob Kiss","Andy Montroll","skipped","skipped","skipped"
"Bob Kiss","Andy Montroll","James Simpson","Dan Smith","Kurt Wright"
"Andy Montroll","Bob Kiss","James Simpson","Dan Smith","Kurt Wright"
"Bob Kiss","Andy Montroll","skipped","skipped","skipped"
"Kurt Wright","Dan Smith","skipped","skipped","skipped"
"Dan Smith","skipped","skipped","skipped","skipped"
"Dan Smith","Kurt Wright","skipped","skipped","skipped"
"Dan Smith","Andy Montroll","skipped","skipped","skipped"
"Kurt Wright","Andy Montroll","Bob Kiss","Dan Smith","James Simpson"
"Bob Kiss","Andy Montroll","James Simpson","Dan Smith","Kurt Wright"
"Bob Kiss","Andy Montroll","Dan Smith","Kurt Wright","James Simpson"
"Bob Kiss","skipped","skipped","skipped","skipped"
"Kurt Wright","Andy Montroll","Bob Kiss","James Simpson","Dan Smith"
"Andy Montroll","Kurt Wright","Bob Kiss","Dan Smith","James Simpson"
"James Simpson","Dan Smith","Bob Kiss","Andy Montroll","Kurt Wright"
"Andy Montroll","Dan Smith","Kurt Wright","James Simpson","Bob Kiss"
"Bob Kiss","Andy Montroll","Dan Smith","James Simpson","skipped"
"Andy Montroll","Bob Kiss","Dan Smith","James Simpson","skipped"
"Andy Montroll","Bob Kiss","Dan Smith","Kurt Wright","James Simpson"
"Dan Smith","Andy Montroll","Bob Kiss","Kurt Wright","James Simpson"
"Kurt Wright","James Simpson","Dan Smith","Andy Montroll","Bob Kiss"
"Dan Smith","Bob Kiss","Andy Montroll","Write-in","Kurt Wright"
"Andy Montroll","Dan Smith","Kurt Wright","Bob Kiss","James Simpson"
"Bob Kiss","Andy Montroll","James Simpson","Dan Smith","Kurt Wright"
"Bob Kiss","Andy Montroll","skipped","skipped","skipped"
"Andy Montroll","Dan Smith","skipped","skipped","skipped"
"Kurt Wright","Bob Kiss","Andy Montroll","skipped","skipped"
"Bob Kiss","Andy Montroll","Dan Smith","skipped","skipped"
"Andy Montroll","Dan Smith","Kurt Wright","James Simpson","Bob Kiss"
"Bob Kiss","Dan Smith","Andy Montroll","James Simpson","Kurt Wright"
"Kurt Wright","skipped","skipped","skipped","skipped"
"Andy Montroll","Kurt Wright","Dan Smith","skipped","skipped"
"Dan Smith","Andy Montroll","Bob Kiss","Kurt Wright","James Simpson"
"Andy Montroll","Kurt Wright","Dan Smith","skipped","skipped"
"Dan Smith","Bob Kiss","Andy Montroll","James Simpson","Kurt Wright"
"Bob Kiss","Andy Montroll","James Simpson","Dan Smith","Kurt Wright"
"Dan Smith","Bob Kiss","Andy Montroll","James Simpson","skipped"
"Kurt Wright","Andy Montroll","skipped","skipped","skipped"
"Bob Kiss","Andy Montroll","skipped","skipped","skipped"
"Bob Kiss","Andy Montroll","Kurt Wright","Dan Smith","James Simpson"
"Kurt Wright","Dan Smith","Andy Montroll","skipped","skipped"
"Dan Smith","Bob Kiss","Andy Montroll","James Simpson","Kurt Wright"
"Andy Montroll","Dan Smith","Bob Kiss","Kurt Wright","James Simpson"
"Kurt Wright","skipped","skipped","skipped","skipped"
"Kurt Wright","Andy Montroll","Bob Kiss","skipped","skipped"
"Kurt Wright","Bob Kiss","Dan Smith","Andy Montroll","James Simpson"
"Kurt Wright","Dan Smith","Bob Kiss","skipped","skipped"
"Dan Smith","Andy Montroll","Bob Kiss","James Simpson","Kurt Wright"
"James Simpson","Write-in","skipped","skipped","skipped"
"Andy Montroll","Dan Smith","Bob Kiss","James Simpson","Kurt Wright"
"Andy Montroll","Dan Smith","Bob Kiss","James Simpson","Kurt Wright"
"Kurt Wright","Dan Smith","Andy Montroll","Bob Kiss","James Simpson"
"James Simpson","Dan Smith","Bob Kiss","Andy Montroll","Kurt Wright"
"Kurt Wright","skipped","skipped","skipped","skipped"
"Bob Kiss","Andy Montroll","Dan Smith","Kurt Wright","James Simpson"
"Andy Montroll","Dan Smith","Kurt Wright","skipped","skipped"
"Bob Kiss","Andy Montroll","skipped","skipped","skipped"
"Bob Kiss","Andy Montroll","skipped","skipped","skipped"
"Bob Kiss","Andy Montroll","Kurt Wright","Dan Smith","skipped"
"Andy Montroll","Kurt Wright","Dan Smith","James Simpson","Bob Kiss"
"Dan Smith","Andy Montroll","Bob Kiss","skipped","skipped"
"Bob Kiss","Andy Montroll","skipped","skipped","skipped"
"Bob Kiss","skipped","skipped","skipped","skipped"
"Kurt Wright","skipped","skipped","skipped","skipped"
"Dan Smith","Andy Montroll","skipped","skipped","skipped"
"Dan Smith","Kurt Wright","James Simpson","Bob Kiss","Andy Montroll"
"Kurt Wright","Dan Smith","skipped","skipped","skipped"
"Bob Kiss","skipped","skipped","skipped","skipped"
"Kurt Wright","Andy Montroll","Dan Smith","James Simpson","Bob Kiss"
"Dan Smith","skipped","skipped","skipped","skipped"
"Bob Kiss","skipped","skipped","skipped","skipped"
"Bob Kiss","Dan Smith","James Simpson","Kurt Wright","Andy Montroll"
"Bob Kiss","Andy Montroll","skipped","skipped","skipped"
"Kurt Wright","Andy Montroll","Dan Smith","James Simpson","Bob Kiss"
"Andy Montroll","Kurt Wright","Dan Smith","skipped","skipped"
"Dan Smith","Andy Montroll","Bob Kiss","Write-in","Kurt Wright"
"Andy Montroll","Dan Smith","Bob Kiss","skipped","skipped"
"Andy Montroll","Dan Smith","Bob Kiss","Kurt Wright","James Simpson"
"Bob Kiss","Andy Montroll","James Simpson","Kurt Wright","Dan Smith"
"Bob Kiss","Kurt Wright","skipped","skipped","skipped"
"Andy Montroll","Dan Smith","Bob Kiss","Kurt Wright","James Simpson"
"Bob Kiss","Andy Montroll","Dan Smith","James Simpson","Kurt Wright"
"Andy Montroll","Bob Kiss","Dan Smith","Kurt Wright","James Simpson"
"Kurt Wright","skipped","skipped","skipped","skipped"
"Bob Kiss","James Simpson","Andy Montroll","Dan Smith","Kurt Wright"
"Bob Kiss","Andy Montroll","Dan Smith","James Simpson","skipped"
"Kurt Wright","Dan Smith","Andy Montroll","James Simpson","Bob Kiss"
"Andy Montroll","Dan Smith","Bob Kiss","Kurt Wright","skipped"
"Andy Montroll","Dan Smith","Bob Kiss","skipped","skipped"
"Kurt Wright","skipped","skipped","skipped","skipped"
"Kurt Wright","Andy Montroll","Dan Smith","skipped","skipped"
"Kurt Wright","Bob Kiss","Andy Montroll","Dan Smith","James Simpson"
"Kurt Wright","Bob Kiss","Andy Montroll","Dan Smith","James Simpson"
"Kurt Wright","skipped","skipped","skipped","skipped"
"Kurt Wright","Andy Montroll","Dan Smith","skipped","skipped"
"Kurt Wright","skipped","skipped","skipped","skipped"
"Bob Kiss","Andy Montroll","Dan Smith","skipped","skipped"
"Kurt Wright","Dan Smith","James Simpson","Andy Montroll","Bob Kiss"
"Bob Kiss","Kurt Wright","Andy Montroll","skipped","skipped"
"Dan Smith","Andy Montroll","Bob Kiss","Kurt Wright","James Simpson"
"Andy Montroll","Bob Kiss","Dan Smith","James Simpson","Kurt Wright"
"Andy Montroll","Bob Kiss","Dan Smith","skipped","skipped"
"Bob Kiss","Andy Montroll","Dan Smith","skipped","skipped"
"Bob Kiss","Andy Montroll","Dan Smith","Kurt Wright","skipped"
"Bob Kiss","Kurt Wright","Dan Smith","Andy Montroll","Write-in"
"Kurt Wright","skipped","skipped","skipped","skipped"
"Dan Smith","Andy Montroll","Bob Kiss","skipped","skipped"
"Dan Smith","Bob Kiss","Andy Montroll","James Simpson","Kurt Wright"
"Kurt Wright","Andy Montroll","skipped","skipped","skipped"
"Bob Kiss","Andy Montroll","Dan Smith","Kurt Wright","James Simpson"
"Kurt Wright","Andy Montroll","skipped","skipped","skipped"
"Dan Smith","Bob Kiss","skipped","skipped","skipped"
"Andy Montroll","Dan Smith","Kurt Wright","skipped","skipped"
"Kurt Wright","Dan Smith","skipped","skipped","skipped"
"Dan Smith","Bob Kiss","skipped","skipped","skipped"
"Andy Montroll","Kurt Wright","Dan Smith","skipped","skipped"
"Kurt Wright","Dan Smith","Bob Kiss","Andy Montroll","James Simpson"
"Kurt Wright","Andy Montroll","Dan Smith","Bob Kiss","skipped"
"Bob Kiss","Andy Montroll","Dan Smith","skipped","skipped"
"Kurt Wright","Andy Montroll","Dan Smith","Bob Kiss","skipped"
"Kurt Wright","Dan Smith","Write-in","skipped","skipped"
"Bob Kiss","Dan Smith","Kurt Wright","Andy Montroll","James Simpson"
"Dan Smith","Andy Montroll","skipped","skipped","skipped"
"Kurt Wright","Andy Montroll","Dan Smith","James Simpson","Bob Kiss"
"Bob Kiss","Andy Montroll","Dan Smith","skipped","skipped"
"Dan Smith","Bob Kiss","Andy Montroll","Kurt Wright","James Simpson"
"Bob Kiss","Dan Smith","Andy Montroll","skipped","skipped"
"Dan Smith","Andy Montroll","skipped","skipped","skipped"
"Andy Montroll","Bob Kiss","Dan Smith","skipped","skipped"
"Bob Kiss","Dan Smith","James Simpson","Andy Montroll","Write-in"
"Bob Kiss","Andy Montroll","skipped","skipped","skipped"
"Kurt Wright","Dan Smith","Andy Montroll","skipped","skipped"
"Bob Kiss","Andy Montroll","Kurt Wright","skipped","skipped"
"Bob Kiss","Andy Montroll","skipped","skipped","skipped"
"Bob Kiss","Dan Smith","Kurt Wright","skipped","skipped"
"Bob Kiss","Andy Montroll","skipped","skipped","skipped"
"Kurt Wright","Dan Smith","Andy Montroll","Bob Kiss","skipped"
"Bob Kiss","Andy Montroll","Dan Smith","Kurt Wright","James Simpson"
"Bob Kiss","Andy Montroll","Dan Smith","Kurt Wright","James Simpson"
"Bob Kiss","Andy Montroll","Dan Smith","James Simpson","skipped"
"Bob Kiss","skipped","skipped","skipped","skipped"
"Bob Kiss","James Simpson","Andy Montroll","Dan Smith","Kurt Wright"
"Bob Kiss","Andy Montroll","skipped","skipped","skipped"
"Dan Smith","Andy Montroll","Bob Kiss","Kurt Wright","James Simpson"
"Bob Kiss","Andy Montroll","skipped","skipped","skipped"
"Andy Montroll","Dan Smith","Bob Kiss","Kurt Wright","skipped"
"Bob Kiss","Andy Montroll","Kurt Wright","skipped","skipped"
"Bob Kiss","Dan Smith","Andy Montroll","Kurt Wright","skipped"
"Bob Kiss","Dan Smith","Andy Montroll","skipped","skipped"
"Dan Smith","Bob Kiss","Andy Montroll","James Simpson","Kurt Wright"
"Dan Smith","Andy Montroll","Bob Kiss","skipped","skipped"
"Andy Montroll","Bob Kiss","Dan Smith","skipped","skipped"
"Bob Kiss","Andy Montroll","skipped","skipped","skipped"
"Bob Kiss","Andy Montroll","Kurt Wright","James Simpson","Dan Smith"
"Bob Kiss","Andy Montroll","Kurt Wright","Dan Smith","James Simpson"
"Dan Smith","Kurt Wright","Bob Kiss","Andy Montroll","James Simpson"
"Bob Kiss","Andy Montroll","Kurt Wright","Dan Smith","James Simpson"
"Bob Kiss","Kurt Wright","Andy Montroll","skipped","skipped"
"Bob Kiss","Andy Montroll","Dan Smith","James Simpson","Kurt Wright"
"Kurt Wright","skipped","skipped","skipped","skipped"
"Andy Montroll","Bob Kiss","Dan Smith","Kurt Wright","skipped"
"Andy Montroll","Bob Kiss","skipped","skipped","skipped"
"Bob Kiss","Andy Montroll","Kurt Wright","Dan Smith","skipped"
"Bob Kiss","skipped","skipped","skipped","skipped"
"Andy Montroll","Kurt Wright","skipped","skipped","skipped"
"Bob Kiss","Andy Montroll","Dan Smith","skipped","skipped"
"Bob Kiss","James Simpson","Andy Montroll","Kurt Wright","Dan Smith"
"Andy Montroll","Write-in","skipped","skipped","skipped"
"Andy Montroll","Bob Kiss","Kurt Wright","skipped","skipped"
"Bob Kiss","Andy Montroll","Dan Smith","skipped","skipped"
"Andy Montroll","James Simpson","Dan Smith","skipped","skipped"
"Bob Kiss","Andy Montroll","Dan Smith","Kurt Wright","James Simpson"
"Dan Smith","Andy Montroll","skipped","skipped","skipped"
"Andy Montroll","Dan Smith","Bob Kiss","James Simpson","Kurt Wright"
"Dan Smith","Andy Montroll","skipped","skipped","skipped"
"Dan Smith","skipped","skipped","skipped","skipped"
"Kurt Wright","Dan Smith","Andy Montroll","skipped","skipped"
"Dan Smith","Andy Montroll","Bob Kiss","skipped","skipped"
"Kurt Wright","Andy Montroll","Dan Smith","skipped","skipped"
"Andy Montroll","skipped","skipped","skipped","skipped"
"Bob Kiss","Andy Montroll","Dan Smith","James Simpson","Kurt Wright"
"Bob Kiss","Andy Montroll","Dan Smith","James Simpson","Kurt Wright"
"Bob Kiss","Kurt Wright","Andy Montroll","James Simpson","Dan Smith"
"Kurt Wright","skipped","skipped","skipped","skipped"
"Dan Smith","skipped","skipped","skipped","skipped"
"Kurt Wright","Dan Smith","Bob Kiss","James Simpson","Andy Montroll"
"Bob Kiss","Dan Smith","Andy Montroll","skipped","skipped"
"Bob Kiss","Dan Smith","skipped","skipped","skipped"
"Kurt Wright","Andy Montroll","Bob Kiss","Dan Smith","James Simpson"
"Dan Smith","Andy Montroll","Bob Kiss","James Simpson","Kurt Wright"
"Bob Kiss","skipped","skipped","skipped","skipped"
"Andy Montroll","Bob Kiss","Dan Smith","James Simpson","Kurt Wright"
"Bob Kiss","skipped","skipped","skipped","skipped"
"Andy Montroll","Bob Kiss","Kurt Wright","James Simpson","skipped"
"Kurt Wright","Dan Smith","James Simpson","Andy Montroll","Bob Kiss"
"Bob Kiss","Dan Smith","skipped","skipped","skipped"
"Bob Kiss","Andy Montroll","Dan Smith","skipped","skipped"
"Dan Smith","Bob Kiss","Andy Montroll","James Simpson","Kurt Wright"
"Andy Montroll","Bob Kiss","Kurt Wright","James Simpson","Dan Smith"
"Kurt Wright","Dan Smith","Bob Kiss","skipped","skipped"
"Bob Kiss","Dan Smith","James Simpson","Andy Montroll","skipped"
"Kurt Wright","Andy Montroll","Dan Smith","Bob Kiss","skipped"
"Bob Kiss","Andy Montroll","Dan Smith","skipped","skipped"
"Bob Kiss","skipped","skipped","skipped","skipped"
"Dan Smith","Bob Kiss","Andy Montroll","Kurt Wright","skipped"
"Andy Montroll","Bob Kiss","Dan Smith","Kurt Wright","James Simpson"
"Kurt Wright","Dan Smith","Andy Montroll","James Simpson","Bob Kiss"
"Bob Kiss","Kurt Wright","Andy Montroll","skipped","skipped"
"Kurt Wright","Dan Smith","Andy Montroll","Bob Kiss","James Simpson"
"Bob Kiss","Andy Montroll","Dan Smith","skipped","skipped"
"Dan Smith","Bob Kiss","Andy Montroll","James Simpson","Kurt Wright"
"Bob Kiss","Andy Montroll","Dan Smith","skipped","skipped"
"Dan Smith","skipped","skipped","skipped","skipped"
"Kurt Wright","Dan Smith","Andy Montroll","James Simpson","Bob Kiss"
"Dan Smith","Bob Kiss","Andy Montroll","James Simpson","Kurt Wright"
"Andy Montroll","Bob Kiss","Dan Smith","James Simpson","Kurt Wright"
"Kurt Wright","Dan Smith","Andy Montroll","Bob Kiss","James Simpson"
"Kurt Wright","Dan Smith","James Simpson","Bob Kiss","Andy Montroll"
"Bob Kiss","Dan Smith","Andy Montroll","James Simpson","Kurt Wright"
"Bob Kiss","Andy Montroll","James Simpson","skipped","skipped"
"Andy Montroll","Bob Kiss","James Simpson","Dan Smith","Kurt Wright"
"Kurt Wright","Bob Kiss","Dan Smith","Andy Montroll","James Simpson"
"Dan Smith","Andy Montroll","James Simpson","Kurt Wright","Bob Kiss"
"Dan Smith","Bob Kiss","Andy Montroll","Kurt Wright","James Simpson"
"James Simpson","Andy Montroll","Kurt Wright","Dan Smith","Bob Kiss"
"Bob Kiss","Dan Smith","Andy Montroll","Kurt Wright","skipped"
"Bob Kiss","Dan Smith","skipped","skipped","skipped"
"Kurt Wright","Andy Montroll","Dan Smith","skipped","skipped"
"Bob Kiss","Andy Montroll","Dan Smith","Kurt Wright","James Simpson"
"Kurt Wright","Dan Smith","James Simpson","Andy Montroll","Bob Kiss"
"Bob Kiss","Andy Montroll","Dan Smith","Kurt Wright","James Simpson"
"Bob Kiss","Andy Montroll","Dan Smith","Kurt Wright","James Simpson"
"Bob Kiss","Dan Smith","Andy Montroll","skipped","skipped"
"Andy Montroll","Dan Smith","Kurt Wright","James Simpson","Bob Kiss"
"Bob Kiss","Dan Smith","skipped","skipped","skipped"
"Dan Smith","Andy Montroll","Kurt Wright","Bob Kiss","skipped"
"Andy Montroll","Bob Kiss","skipped","skipped","skipped"
"Andy Montroll","Bob Kiss","skipped","skipped","skipped"
"Bob Kiss","Dan Smith","Andy Montroll","James Simpson","Kurt Wright"
"Dan Smith","Bob Kiss","Andy Montroll","skipped","skipped"
"Bob Kiss","Andy Montroll","skipped","skipped","skipped"
"Kurt Wright","Dan Smith","skipped","skipped","skipped"
"Andy Montroll","Kurt Wright","Dan Smith","skipped","skipped"
"Kurt Wright","Dan Smith","skipped","skipped","skipped"
"Bob Kiss","Andy Montroll","skipped","skipped","skipped"
"Andy Montroll","skipped","skipped","skipped","skipped"
"Dan Smith","Kurt Wright","skipped","skipped","skipped"
"Dan Smith","Bob Kiss","James Simpson","Andy Montroll","Kurt Wright"
"Bob Kiss","Kurt Wright","Dan Smith","Andy Montroll","skipped"
"Dan Smith","Andy Montroll","Kurt Wright","Bob Kiss","James Simpson"
"Andy Montroll","Bob Kiss","Dan Smith","skipped","skipped"
"Andy Montroll","skipped","skipped","skipped","skipped"
"Dan Smith","Kurt Wright","skipped","skipped","skipped"
"Kurt Wright","skipped","Dan Smith","Andy Montroll","Bob Kiss"
"Kurt Wright","Bob Kiss","skipped","skipped","skipped"
"Kurt Wright","Dan Smith","Bob Kiss","Andy Montroll","James Simpson"
"Dan Smith","Kurt Wright","Andy Montroll","James Simpson","Bob Kiss"
"Dan Smith","Bob Kiss","Andy Montroll","James Simpson","Kurt Wright"
"Andy Montroll","Dan Smith","Bob Kiss","Kurt Wright","skipped"
"Andy Montroll","Bob Kiss","James Simpson","Dan Smith","Kurt Wright"
"Andy Montroll","Bob Kiss","Dan Smith","Kurt Wright","skipped"
"Bob Kiss","James Simpson","skipped","skipped","skipped"
"Bob Kiss","skipped","skipped","skipped","skipped"
"Kurt Wright","skipped","skipped","skipped","skipped"
"Kurt Wright","skipped","skipped","skipped","skipped"
"Andy Montroll","Bob Kiss","skipped","skipped","Kurt Wright"
"Andy Montroll","Dan Smith","skipped","skipped","skipped"
"Kurt Wright","Dan Smith","Andy Montroll","Bob Kiss","James Simpson"
"Dan Smith","Bob Kiss","Andy Montroll","James Simpson","skipped"
"Andy Montroll","Dan Smith","Bob Kiss","Kurt Wright","James Simpson"
"Andy Montroll","Kurt Wright","Bob Kiss","Dan Smith","James Simpson"
"Andy Montroll","Dan Smith","Bob Kiss","skipped","skipped"
"Andy Montroll","Dan Smith","Kurt Wright","Bob Kiss","James Simpson"
"Bob Kiss","Andy Montroll","James Simpson","skipped","skipped"
"Kurt Wright","skipped","skipped","skipped","skipped"
"Kurt Wright","skipped","skipped","skipped","skipped"
"Dan Smith","Kurt Wright","Andy Montroll","skipped","skipped"
"Dan Smith","Bob Kiss","Andy Montroll","James Simpson","Kurt Wright"
"Bob Kiss","Dan Smith","Andy Montroll","James Simpson","skipped"
"Andy Montroll","Bob Kiss","Dan Smith","skipped","skipped"
"Dan Smith","Bob Kiss","Andy Montroll","skipped","skipped"
"Bob Kiss","Dan Smith","skipped","skipped","skipped"
"Dan Smith","Bob Kiss","James Simpson","Andy Montroll","skipped"
"Andy Montroll","Bob Kiss","Dan Smith","Kurt Wright","James Simpson"
"Bob Kiss","Andy Montroll","James Simpson","Dan Smith","skipped"
"Dan Smith","Bob Kiss","Andy Montroll","James Simpson","Kurt Wright"
"Bob Kiss","Andy Montroll","skipped","skipped","skipped"
"Bob Kiss","Andy Montroll","skipped","skipped","James Simpson"
"Bob Kiss","Andy Montroll","Dan Smith","James Simpson","Kurt Wright"
"Andy Montroll","Bob Kiss","Dan Smith","Kurt Wright","skipped"
"Dan Smith","Andy Montroll","Bob Kiss","Kurt Wright","James Simpson"
"Dan Smith","Andy Montroll","Bob Kiss","James Simpson","Kurt Wright"
"Bob Kiss","Andy Montroll","skipped","skipped","skipped"
"Andy Montroll","Kurt Wright","Dan Smith","Bob Kiss","James Simpson"
"Andy Montroll","Dan Smith","Kurt Wright","James Simpson","Bob Kiss"
"Bob Kiss","Andy Montroll","Dan Smith","Kurt Wright","James Simpson"
"Andy Montroll","Dan Smith","Kurt Wright","James Simpson","Bob Kiss"
"Dan Smith","Kurt Wright","Bob Kiss","Andy Montroll","James Simpson"
"Dan Smith","skipped","skipped","skipped","skipped"
"Dan Smith","Andy Montroll","Kurt Wright","skipped","skipped"
"Kurt Wright","Dan Smith","James Simpson","Andy Montroll","Bob Kiss"
"Andy Montroll","Bob Kiss","Kurt Wright","Dan Smith","James Simpson"
"Kurt Wright","skipped","skipped","skipped","skipped"
"Bob Kiss","Andy Montroll","James Simpson","Dan Smith","Kurt Wright"
"Dan Smith","Andy Montroll","James Simpson","Bob Kiss","Kurt Wright"
"Andy Montroll","Bob Kiss","Kurt Wright","Dan Smith","skipped"
"Dan Smith","Bob Kiss","Andy Montroll","Write-in","James Simpson"
"Dan Smith","Kurt Wright","Andy Montroll","skipped","skipped"
"Andy Montroll","Bob Kiss","Dan Smith","Kurt Wright","James Simpson"
"Andy Montroll","Bob Kiss","Dan Smith","Kurt Wright","James Simpson"
"Bob Kiss","Andy Montroll","James Simpson","Dan Smith","skipped"
"Dan Smith","Bob Kiss","Andy Montroll","Kurt Wright","James Simpson"
"Bob Kiss","Dan Smith","Andy Montroll","Kurt Wright","skipped"
"Dan Smith","Bob Kiss","Andy Montroll","James Simpson","Kurt Wright"
"Dan Smith","skipped","skipped","skipped","skipped"
"Andy Montroll","Bob Kiss","James Simpson","Dan Smith","Kurt Wright"
"Andy Montroll","Bob Kiss","Dan Smith","skipped","skipped"
"Dan Smith","Andy Montroll","James Simpson","Bob Kiss","Kurt Wright"
"Bob Kiss","Andy Montroll","Dan Smith","skipped","skipped"
"Andy Montroll","Dan Smith","Kurt Wright","Bob Kiss","James Simpson"
"Kurt Wright","Andy Montroll","Dan Smith","James Simpson","Bob Kiss"
"Kurt Wright","Dan Smith","James Simpson","Andy Montroll","Bob Kiss"
"Andy Montroll","Bob Kiss","Dan Smith","James Simpson","Write-in"
"Bob Kiss","Dan Smith","skipped","skipped","skipped"
"Kurt Wright","Dan Smith","Bob Kiss","Andy Montroll","James Simpson"
"Andy Montroll","Bob Kiss","Dan Smith","skipped","skipped"
"Kurt Wright","Dan Smith","skipped","skipped","skipped"
"Dan Smith","Kurt Wright","skipped","skipped","skipped"
"Andy Montroll","Dan Smith","Kurt Wright","Bob Kiss","James Simpson"
"Kurt Wright","Dan Smith","Andy Montroll","skipped","skipped"
"James Simpson","Dan Smith","Kurt Wright","Andy Montroll","Bob Kiss"
"Dan Smith","Kurt Wright","Andy Montroll","Bob Kiss","James Simpson"
"Dan Smith","Andy Montroll","Bob Kiss","Kurt Wright","skipped"
"Dan Smith","skipped","skipped","skipped","skipped"
"Kurt Wright","Bob Kiss","Andy Montroll","James Simpson","Dan Smith"
"Kurt Wright","Dan Smith","Bob Kiss","James Simpson","Andy Montroll"
"Kurt Wright","skipped","skipped","skipped","skipped"
"Kurt Wright","skipped","skipped","skipped","skipped"
"Dan Smith","Bob Kiss","Andy Montroll","Kurt Wright","James Simpson"
"Andy Montroll","Bob Kiss","Dan Smith","James Simpson","skipped"
"Dan Smith","Andy Montroll","James Simpson","Bob Kiss","Kurt Wright"
"Kurt Wright","Andy Montroll","Dan Smith","skipped","skipped"
"Bob Kiss","Dan Smith","James Simpson","Andy Montroll","Write-in"
"Kurt Wright","Dan Smith","Andy Montroll","skipped","skipped"
"Kurt Wright","Dan Smith","skipped","skipped","skipped"
"Andy Montroll","Dan Smith","skipped","skipped","skipped"
"Kurt Wright","Bob Kiss","Andy Montroll","skipped","skipped"
"Kurt Wright","Bob Kiss","Andy Montroll","skipped","skipped"
"Kurt Wright","Bob Kiss","Andy Montroll","Dan Smith","James Simpson"
"Kurt Wright","skipped","skipped","skipped","skipped"
"Kurt Wright","Dan Smith","skipped","skipped","skipped"
"Kurt Wright","Andy Montroll","Dan Smith","James Simpson","Bob Kiss"
"Dan Smith","Andy Montroll","Bob Kiss","skipped","skipped"
"Kurt Wright","skipped","skipped","skipped","skipped"
"Kurt Wright","Dan Smith","skipped","skipped","skipped"
"Dan Smith","Andy Montroll","Kurt Wright","Bob Kiss","James Simpson"
"Andy Montroll","Dan Smith","Bob Kiss","Kurt Wright","James Simpson"
"Andy Montroll","Dan Smith","Kurt Wright","James Simpson","skipped"
"Andy Montroll","James Simpson","Bob Kiss","Dan Smith","Kurt Wright"
"Andy Montroll","Kurt Wright","Bob Kiss","Dan Smith","skipped"
"Bob Kiss","Andy Montroll","Dan Smith","skipped","skipped"
"Kurt Wright","Bob Kiss","Dan Smith","Andy Montroll","James Simpson"
"Dan Smith","Andy Montroll","Bob Kiss","skipped","skipped"
"Dan Smith","Kurt Wright","skipped","skipped","skipped"
"Bob Kiss","Andy Montroll","Dan Smith","skipped","skipped"
"Dan Smith","Kurt Wright","Andy Montroll","James Simpson","Bob Kiss"
"Andy Montroll","Dan Smith","Bob Kiss","skipped","skipped"
"Andy Montroll","Dan Smith","Bob Kiss","Kurt Wright","James Simpson"
"Dan Smith","Bob Kiss","Kurt Wright","Andy Montroll","skipped"
"Bob Kiss","Andy Montroll","Kurt Wright","James Simpson","Dan Smith"
"Kurt Wright","Bob Kiss","Andy Montroll","Dan Smith","skipped"
"Dan Smith","Andy Montroll","Bob Kiss","James Simpson","Kurt Wright"
"Bob Kiss","Kurt Wright","Dan Smith","skipped","skipped"
"Andy Montroll","Dan Smith","Kurt Wright","Bob Kiss","James Simpson"
"Andy Montroll","skipped","skipped","skipped","skipped"
"Dan Smith","Kurt Wright","Andy Montroll","skipped","skipped"
"Andy Montroll","Bob Kiss","skipped","skipped","skipped"
"Kurt Wright","skipped","skipped","skipped","skipped"
"Kurt Wright","Dan Smith","Andy Montroll","skipped","skipped"
"Kurt Wright","skipped","skipped","skipped","skipped"
"Bob Kiss","James Simpson","Dan Smith","Andy Montroll","skipped"
"Bob Kiss","Dan Smith","James Simpson","Andy Montroll","Kurt Wright"
"Dan Smith","Andy Montroll","Bob Kiss","skipped","skipped"
"Kurt Wright","Dan Smith","Andy Montroll","James Simpson","Bob Kiss"
"Dan Smith","Andy Montroll","Bob Kiss","James Simpson","skipped"
"Bob Kiss","Andy Montroll","James Simpson","Dan Smith","Kurt Wright"
"Bob Kiss","Dan Smith","Andy Montroll","skipped","skipped"
"Andy Montroll","skipped","skipped","skipped","skipped"
"Kurt Wright","skipped","skipped","skipped","skipped"
"Bob Kiss","Andy Montroll","skipped","skipped","skipped"
"Dan Smith","Kurt Wright","Bob Kiss","James Simpson","Andy Montroll"
"Bob Kiss","Dan Smith","Kurt Wright","Andy Montroll","James Simpson"
"Bob Kiss","Kurt Wright","skipped","skipped","skipped"
"Andy Montroll","Dan Smith","Bob Kiss","skipped","skipped"
"Andy Montroll","Bob Kiss","Kurt Wright","Dan Smith","James Simpson"
"Bob Kiss","James Simpson","skipped","skipped","skipped"
"Bob Kiss","Andy Montroll","James Simpson","Dan Smith","Kurt Wright"
"Andy Montroll","Bob Kiss","Dan Smith","skipped","skipped"
"Bob Kiss","Kurt Wright","Andy Montroll","Dan Smith","James Simpson"
"Kurt Wright","Andy Montroll","Dan Smith","James Simpson","Bob Kiss"
"Bob Kiss","Andy Montroll","Dan Smith","Kurt Wright","James Simpson"
"Bob Kiss","Andy Montroll","James Simpson","Dan Smith","Kurt Wright"
"Dan Smith","Bob Kiss","Andy Montroll","James Simpson","Kurt Wright"
"Andy Montroll","Dan Smith","Bob Kiss","James Simpson","Kurt Wright"
"Bob Kiss","Dan Smith","Andy Montroll","James Simpson","Kurt Wright"
"Andy Montroll","Bob Kiss","Dan Smith","James Simpson","Kurt Wright"
"Andy Montroll","Bob Kiss","Dan Smith","Kurt Wright","James Simpson"
"Bob Kiss","Andy Montroll","skipped","skipped","skipped"
"Bob Kiss","Andy Montroll","James Simpson","Dan Smith","Kurt Wright"
"Kurt Wright","James Simpson","skipped","skipped","skipped"
"Dan Smith","James Simpson","Andy Montroll","Bob Kiss","skipped"
"Kurt Wright","Dan Smith","Andy Montroll","James Simpson","Bob Kiss"
"Andy Montroll","Dan Smith","Bob Kiss","James Simpson","skipped"
"Andy Montroll","Bob Kiss","Kurt Wright","Dan Smith","James Simpson"
"Kurt Wright","skipped","skipped","skipped","skipped"
"Bob Kiss","Dan Smith","Andy Montroll","Kurt Wright","James Simpson"
"Bob Kiss","Dan Smith","Andy Montroll","Kurt Wright","James Simpson"
"Bob Kiss","Andy Montroll","James Simpson","Dan Smith","Kurt Wright"
"Bob Kiss","Andy Montroll","Kurt Wright","James Simpson","Dan Smith"
"Dan Smith","Kurt Wright","Andy Montroll","skipped","skipped"
"Dan Smith","Andy Montroll","Bob Kiss","James Simpson","skipped"
"Bob Kiss","Andy Montroll","skipped","skipped","skipped"
"Dan Smith","Bob Kiss","Andy Montroll","Kurt Wright","James Simpson"
"Bob Kiss","Dan Smith","Andy Montroll","skipped","skipped"
"Dan Smith","Andy Montroll","Bob Kiss","skipped","skipped"
"Andy Montroll","Dan Smith","James Simpson","Bob Kiss","Kurt Wright"
"Andy Montroll","Dan Smith","skipped","skipped","skipped"
"Bob Kiss","Dan Smith","Andy Montroll","skipped","skipped"
"Bob Kiss","Andy Montroll","Dan Smith","skipped","skipped"
"Andy Montroll","Bob Kiss","Kurt Wright","skipped","skipped"
"Andy Montroll","Bob Kiss","Dan Smith","skipped","skipped"
"Dan Smith","Andy Montroll","Kurt Wright","Bob Kiss","James Simpson"
"Kurt Wright","Andy Montroll","Dan Smith","Bob Kiss","James Simpson"
"Andy Montroll","Kurt Wright","Bob Kiss","Dan Smith","skipped"
"Bob Kiss","Dan Smith","skipped","skipped","skipped"
"Kurt Wright","Andy Montroll","Dan Smith","skipped","skipped"
"Dan Smith","skipped","skipped","skipped","skipped"
"Bob Kiss","Dan Smith","Andy Montroll","skipped","skipped"
"Dan Smith","skipped","skipped","skipped","skipped"
"Dan Smith","skipped","skipped","skipped","skipped"
"Dan Smith","Andy Montroll","Bob Kiss","James Simpson","Kurt Wright"
"Dan Smith","skipped","skipped","skipped","skipped"
"Bob Kiss","Dan Smith","skipped","skipped","skipped"
"Dan Smith","Bob Kiss","Andy Montroll","James Simpson","Kurt Wright"
"Andy Montroll","Dan Smith","Bob Kiss","James Simpson","Kurt Wright"
"Bob Kiss","Andy Montroll","Dan Smith","skipped","skipped"
"Kurt Wright","Dan Smith","Andy Montroll","James Simpson","Bob Kiss"
"Kurt Wright","skipped","skipped","skipped","skipped"
"Kurt Wright","Andy Montroll","skipped","skipped","skipped"
"Bob Kiss","Andy Montroll","Dan Smith","skipped","skipped"
"Bob Kiss","Dan Smith","Andy Montroll","James Simpson","Kurt Wright"
"Bob Kiss","skipped","skipped","skipped","skipped"
"Bob Kiss","Andy Montroll","James Simpson","skipped","skipped"
"Kurt Wright","Dan Smith","James Simpson","Andy Montroll","Bob Kiss"
"Kurt Wright","Dan Smith","skipped","skipped","skipped"
"Bob Kiss","Andy Montroll","skipped","skipped","skipped"
"Bob Kiss","Andy Montroll","skipped","skipped","skipped"
"Andy Montroll","Kurt Wright","Dan Smith","Bob Kiss","skipped"
"Dan Smith","Andy Montroll","Kurt Wright","Write-in","James Simpson"
"Andy Montroll","Dan Smith","Bob Kiss","James Simpson","skipped"
"Andy Montroll","Bob Kiss","skipped","skipped","skipped"
"Kurt Wright","Dan Smith","skipped","skipped","skipped"
"Andy Montroll","Kurt Wright","Dan Smith","skipped","skipped"
"Bob Kiss","Andy Montroll","Kurt Wright","Write-in","skipped"
"James Simpson","Dan Smith","Bob Kiss","Andy Montroll","Kurt Wright"
"Bob Kiss","James Simpson","Kurt Wright","skipped","skipped"
"Dan Smith","Bob Kiss","Andy Montroll","James Simpson","Kurt Wright"
"Kurt Wright","Dan Smith","skipped","skipped","skipped"
"Dan Smith","Andy Montroll","Bob Kiss","skipped","skipped"
"Dan Smith","James Simpson","Andy Montroll","Bob Kiss","Kurt Wright"
"Dan Smith","Andy Montroll","Kurt Wright","Bob Kiss","skipped"
"Bob Kiss","Andy Montroll","Dan Smith","skipped","skipped"
"Kurt Wright","Andy Montroll","Dan Smith","skipped","Bob Kiss"
"Kurt Wright","Dan Smith","skipped","skipped","skipped"
"Bob Kiss","Kurt Wright","Andy Montroll","Dan Smith","James Simpson"
"Kurt Wright","Andy Montroll","Bob Kiss","Dan Smith","James Simpson"
"Andy Montroll","Bob Kiss","skipped","skipped","skipped"
"James Simpson","Bob Kiss","Dan Smith","Kurt Wright","skipped"
"Bob Kiss","Andy Montroll","Kurt Wright","Dan Smith","James Simpson"
"Kurt Wright","Dan Smith","skipped","skipped","skipped"
"Kurt Wright","Dan Smith","skipped","skipped","skipped"
"Bob Kiss","Andy Montroll","Dan Smith","skipped","skipped"
"Kurt Wright","Andy Montroll","Bob Kiss","Dan Smith","James Simpson"
"Bob Kiss","Andy Montroll","Kurt Wright","Dan Smith","James Simpson"
"Bob Kiss","Andy Montroll","Dan Smith","skipped","skipped"
"Bob Kiss","Dan Smith","Andy Montroll","skipped","skipped"
"Bob Kiss","Andy Montroll","Dan Smith","skipped","skipped"
"Andy Montroll","Dan Smith","Bob Kiss","James Simpson","Kurt Wright"
"Kurt Wright","Andy Montroll","James Simpson","skipped","skipped"
"Andy Montroll","Dan Smith","Bob Kiss","James Simpson","Kurt Wright"
"Dan Smith","skipped","skipped","skipped","skipped"
"Kurt Wright","Andy Montroll","Bob Kiss","Dan Smith","James Simpson"
"Bob Kiss","Dan Smith","Kurt Wright","Andy Montroll","James Simpson"
"Bob Kiss","Andy Montroll","Dan Smith","skipped","skipped"
"Bob Kiss","Dan Smith","Andy Montroll","James Simpson","Kurt Wright"
"Bob Kiss","Andy Montroll","Dan Smith","skipped","skipped"
"Andy Montroll","Dan Smith","skipped","skipped","skipped"
"Dan Smith","skipped","skipped","skipped","skipped"
"Andy Montroll","Bob Kiss","Dan Smith","James Simpson","Kurt Wright"
"Dan Smith","Kurt Wright","Andy Montroll","skipped","skipped"
"Andy Montroll","skipped","skipped","skipped","skipped"
"Bob Kiss","Dan Smith","Andy Montroll","James Simpson","Kurt Wright"
"Dan Smith","Andy Montroll","Kurt Wright","Bob Kiss","James Simpson"
"Bob Kiss","Andy Montroll","Dan Smith","Kurt Wright","James Simpson"
"Bob Kiss","Andy Montroll","Kurt Wright","Dan Smith","skipped"
"Dan Smith","skipped","skipped","skipped","skipped"
"Bob Kiss","Andy Montroll","James Simpson","Dan Smith","Kurt Wright"
"Andy Montroll","Dan Smith","Kurt Wright","Bob Kiss","James Simpson"
"Andy Montroll","Bob Kiss","skipped","skipped","skipped"
"Dan Smith","Bob Kiss","skipped","skipped","skipped"
"Andy Montroll","Bob Kiss","James Simpson","Kurt Wright","Dan Smith"
"Kurt Wright","Dan Smith","skipped","skipped","skipped"
"Bob Kiss","James Simpson","Kurt Wright","Andy Montroll","Dan Smith"
"Andy Montroll","Bob Kiss","skipped","skipped","skipped"
"Bob Kiss","Kurt Wright","Andy Montroll","Dan Smith","James Simpson"
"Kurt Wright","Dan Smith","Bob Kiss","Andy Montroll","skipped"
"Bob Kiss","Andy Montroll","James Simpson","Kurt Wright","Dan Smith"
"Kurt Wright","skipped","skipped","skipped","skipped"
"Kurt Wright","skipped","skipped","skipped","skipped"
"Bob Kiss","Dan Smith","Andy Montroll","skipped","skipped"
"Dan Smith","Bob Kiss","Andy Montroll","James Simpson","Kurt Wright"
"Bob Kiss","Dan Smith","Andy Montroll","Kurt Wright","James Simpson"
"Andy Montroll","Kurt Wright","Dan Smith","Bob Kiss","skipped"
"Andy Montroll","Bob Kiss","Dan Smith","Kurt Wright","James Simpson"
"Andy Montroll","skipped","skipped","skipped","skipped"
"Andy Montroll","Bob Kiss","Dan Smith","Kurt Wright","skipped"
"Kurt Wright","Bob Kiss","Andy Montroll","skipped","skipped"
"Andy Montroll","Bob Kiss","skipped","skipped","skipped"
"Dan Smith","skipped","skipped","skipped","skipped"
"Andy Montroll","Bob Kiss","Kurt Wright","James Simpson","skipped"
"Bob Kiss","Dan Smith","Andy Montroll","skipped","skipped"
"Kurt Wright","Andy Montroll","Bob Kiss","Dan Smith","James Simpson"
"Bob Kiss","Andy Montroll","Dan Smith","James Simpson","Kurt Wright"
"Kurt Wright","Dan Smith","Andy Montroll","skipped","skipped"
"Kurt Wright","skipped","skipped","skipped","skipped"
"Bob Kiss","Andy Montroll","James Simpson","skipped","skipped"
"Dan Smith","Bob Kiss","Andy Montroll","skipped","skipped"
"Dan Smith","skipped","skipped","skipped","skipped"
"Bob Kiss","Andy Montroll","Dan Smith","skipped","skipped"
"Bob Kiss","Andy Montroll","Dan Smith","skipped","Kurt Wright"
"Bob Kiss","skipped","skipped","skipped","skipped"
"Bob Kiss","Dan Smith","Kurt Wright","skipped","skipped"
"Andy Montroll","Bob Kiss","Dan Smith","skipped","skipped"
"Bob Kiss","Andy Montroll","Dan Smith","Kurt Wright","James Simpson"
"Andy Montroll","Bob Kiss","skipped","skipped","skipped"
"Bob Kiss","Andy Montroll","Dan Smith","skipped","skipped"
"Bob Kiss","Andy Montroll","Kurt Wright","skipped","skipped"
"Kurt Wright","skipped","skipped","skipped","skipped"
"Dan Smith","Bob Kiss","Kurt Wright","James Simpson","Andy Montroll"
"Andy Montroll","Dan Smith","Bob Kiss","James Simpson","Kurt Wright"
"Dan Smith","Andy Montroll","skipped","skipped","skipped"
"Bob Kiss","Andy Montroll","Dan Smith","Kurt Wright","James Simpson"
"Kurt Wright","Dan Smith","skipped","skipped","skipped"
"Andy Montroll","Kurt Wright","Dan Smith","Bob Kiss","skipped"
"Dan Smith","skipped","skipped","skipped","skipped"
"Bob Kiss","Dan Smith","skipped","skipped","skipped"
"Dan Smith","Bob Kiss","James Simpson","Andy Montroll","Kurt Wright"
"Andy Montroll","Kurt Wright","Dan Smith","Bob Kiss","skipped"
"Bob Kiss","Andy Montroll","Dan Smith","skipped","skipped"
"Bob Kiss","Andy Montroll","James Simpson","Dan Smith","Kurt Wright"
"Bob Kiss","Dan Smith","Kurt Wright","skipped","skipped"
"Bob Kiss","Andy Montroll","skipped","skipped","skipped"
"Bob Kiss","Dan Smith","Kurt Wright","Andy Montroll","James Simpson"
"Bob Kiss","Andy Montroll","Dan Smith","James Simpson","Kurt Wright"
"Bob Kiss","Andy Montroll","Dan Smith","James Simpson","Kurt Wright"
"Kurt Wright","Dan Smith","Andy Montroll","Bob Kiss","skipped"
"Bob Kiss","Andy Montroll","Dan Smith","James Simpson","Write-in"
"Bob Kiss","James Simpson","Andy Montroll","Dan Smith","Kurt Wright"
"Andy Montroll","Bob Kiss","James Simpson","Dan Smith","skipped"
"Bob Kiss","Andy Montroll","Dan Smith","Kurt Wright","skipped"
"Bob Kiss","Andy Montroll","Dan Smith","James Simpson","Kurt Wright"
"Andy Montroll","Dan Smith","Kurt Wright","Bob Kiss","James Simpson"
"Dan Smith","Andy Montroll","skipped","skipped","skipped"
"Dan Smith","Kurt Wright","skipped","skipped","skipped"
"Dan Smith","Kurt Wright","skipped","skipped","skipped"
"Andy Montroll","Bob Kiss","Dan Smith","Kurt Wright","James Simpson"
"Andy Montroll","Bob Kiss","Dan Smith","skipped","skipped"
"Dan Smith","Bob Kiss","Andy Montroll","skipped","skipped"
"Andy Montroll","James Simpson","Dan Smith","skipped","skipped"
"Andy Montroll","Bob Kiss","Dan Smith","skipped","skipped"
"Bob Kiss","skipped","skipped","skipped","Kurt Wright"
"Bob Kiss","Andy Montroll","skipped","skipped","skipped"
"Andy Montroll","Bob Kiss","Dan Smith","Kurt Wright","Write-in"
"Bob Kiss","Dan Smith","skipped","skipped","skipped"
"Andy Montroll","skipped","skipped","skipped","skipped"
"Bob Kiss","Andy Montroll","skipped","skipped","skipped"
"Kurt Wright","Dan Smith","skipped","skipped","skipped"
"Dan Smith","Kurt Wright","skipped","skipped","skipped"
"Andy Montroll","Bob Kiss","Dan Smith","skipped","skipped"
"Dan Smith","Kurt Wright","Bob Kiss","Andy Montroll","skipped"
"Bob Kiss","Andy Montroll","Kurt Wright","James Simpson","Dan Smith"
"Andy Montroll","Bob Kiss","skipped","skipped","skipped"
"Dan Smith","skipped","skipped","skipped","skipped"
"Andy Montroll","Bob Kiss","skipped","skipped","skipped"
"Kurt Wright","skipped","skipped","skipped","skipped"
"Andy Montroll","Kurt Wright","skipped","skipped","skipped"
"Andy Montroll","Kurt Wright","Bob Kiss","Dan Smith","skipped"
"Bob Kiss","Andy Montroll","skipped","skipped","skipped"
"Dan Smith","Write-in","skipped","skipped","skipped"
"Andy Montroll","Bob Kiss","Dan Smith","James Simpson","Kurt Wright"
"Andy Montroll","Bob Kiss","Dan Smith","Kurt Wright","James Simpson"
"Andy Montroll","Dan Smith","Bob Kiss","Kurt Wright","James Simpson"
"Andy Montroll","Kurt Wright","Dan Smith","Bob Kiss","skipped"
"Bob Kiss","Dan Smith","skipped","skipped","skipped"
"Kurt Wright","skipped","skipped","skipped","skipped"
"Kurt Wright","skipped","skipped","skipped","skipped"
"Andy Montroll","Dan Smith","Kurt Wright","Bob Kiss","skipped"
"Andy Montroll","Dan Smith","Bob Kiss","Kurt Wright","skipped"
"Dan Smith","Kurt Wright","Andy Montroll","skipped","skipped"
"Andy Montroll","Dan Smith","skipped","skipped","skipped"
"Andy Montroll","Dan Smith","skipped","skipped","skipped"
"Bob Kiss","skipped","skipped","skipped","skipped"
"Dan Smith","Kurt Wright","skipped","skipped","skipped"
"Kurt Wright","Dan Smith","Andy Montroll","Bob Kiss","skipped"
"Dan Smith","Andy Montroll","Bob Kiss","James Simpson","Kurt Wright"
"Dan Smith","Bob Kiss","Andy Montroll","James Simpson","Kurt Wright"
"Andy Montroll","skipped","skipped","skipped","skipped"
"Andy Montroll","Dan Smith","Bob Kiss","Kurt Wright","James Simpson"
"Andy Montroll","Kurt Wright","Dan Smith","skipped","skipped"
"Bob Kiss","Andy Montroll","Dan Smith","skipped","skipped"
"Bob Kiss","skipped","skipped","skipped","skipped"
"Bob Kiss","skipped","skipped","skipped","skipped"
"Kurt Wright","Dan Smith","Andy Montroll","skipped","skipped"
"Bob Kiss","skipped","skipped","skipped","skipped"
"Bob Kiss","Write-in","skipped","skipped","skipped"
"Dan Smith","Kurt Wright","Andy Montroll","skipped","skipped"
"Andy Montroll","Bob Kiss","skipped","skipped","skipped"
"Kurt Wright","Dan Smith","Andy Montroll","skipped","skipped"
"Andy Montroll","skipped","skipped","skipped","skipped"
"Andy Montroll","Bob Kiss","Dan Smith","James Simpson","Kurt Wright"
"Kurt Wright","Dan Smith","Bob Kiss","Andy Montroll","James Simpson"
"Andy Montroll","Dan Smith","Bob Kiss","skipped","skipped"
"Kurt Wright","Dan Smith","James Simpson","Andy Montroll","Bob Kiss"
"Andy Montroll","Bob Kiss","Dan Smith","Kurt Wright","James Simpson"
"Write-in","Dan Smith","Bob Kiss","Kurt Wright","Andy Montroll"
"Dan Smith","Kurt Wright","Andy Montroll","James Simpson","Bob Kiss"
"Andy Montroll","skipped","skipped","skipped","skipped"
"Kurt Wright","Andy Montroll","skipped","skipped","skipped"
"Dan Smith","Bob Kiss","Andy Montroll","skipped","skipped"
"Dan Smith","Bob Kiss","Andy Montroll","skipped","skipped"
"Kurt Wright","Andy Montroll","Dan Smith","Bob Kiss","skipped"
"Dan Smith","Kurt Wright","Andy Montroll","Bob Kiss","James Simpson"
"Kurt Wright","Andy Montroll","Dan Smith","skipped","skipped"
"Dan Smith","Andy Montroll","Bob Kiss","Kurt Wright","James Simpson"
"Dan Smith","skipped","skipped","skipped","skipped"
"Dan Smith","skipped","skipped","skipped","skipped"
"Dan Smith","Kurt Wright","Andy Montroll","Bob Kiss","James Simpson"
"Andy Montroll","Bob Kiss","skipped","skipped","skipped"
"Andy Montroll","Dan Smith","Bob Kiss","skipped","skipped"
"Dan Smith","Kurt Wright","Andy Montroll","Bob Kiss","James Simpson"
"Andy Montroll","skipped","skipped","skipped","skipped"
"Kurt Wright","Andy Montroll","skipped","skipped","skipped"
"Dan Smith","Kurt Wright","Andy Montroll","Bob Kiss","James Simpson"
"Andy Montroll","Bob Kiss","skipped","skipped","skipped"
"Andy Montroll","Dan Smith","Kurt Wright","skipped","skipped"
"Andy Montroll","Kurt Wright","skipped","skipped","skipped"
"Dan Smith","Bob Kiss","skipped","skipped","skipped"
"Dan Smith","Andy Montroll","Bob Kiss","Kurt Wright","skipped"
"Dan Smith","Andy Montroll","skipped","skipped","skipped"
"Andy Montroll","Dan Smith","skipped","skipped","skipped"
"Bob Kiss","Andy Montroll","skipped","skipped","skipped"
"Dan Smith","Andy Montroll","Bob Kiss","James Simpson","Kurt Wright"
"Bob Kiss","Andy Montroll","Kurt Wright","Dan Smith","James Simpson"
"Andy Montroll","Dan Smith","Bob Kiss","skipped","skipped"
"Kurt Wright","Dan Smith","James Simpson","skipped","skipped"
"Dan Smith","Andy Montroll","skipped","skipped","skipped"
"Bob Kiss","Andy Montroll","skipped","skipped","skipped"
"Andy Montroll","Bob Kiss","skipped","skipped","skipped"
"Andy Montroll","Dan Smith","Bob Kiss","Kurt Wright","skipped"
"Andy Montroll","Kurt Wright","Bob Kiss","Dan Smith","James Simpson"
"Dan Smith","skipped","skipped","skipped","skipped"
"Bob Kiss","Dan Smith","Andy Montroll","skipped","skipped"
"Andy Montroll","James Simpson","skipped","skipped","skipped"
"Andy Montroll","Kurt Wright","Dan Smith","James Simpson","Bob Kiss"
"Dan Smith","Kurt Wright","Andy Montroll","James Simpson","Bob Kiss"
"Dan Smith","Andy Montroll","Bob Kiss","skipped","skipped"
"Bob Kiss","Andy Montroll","skipped","skipped","skipped"
"Andy Montroll","Bob Kiss","Dan Smith","Kurt Wright","skipped"
"Bob Kiss","Dan Smith","skipped","skipped","skipped"
"Bob Kiss","Dan Smith","Andy Montroll","James Simpson","skipped"
"Dan Smith","Kurt Wright","Bob Kiss","Andy Montroll","James Simpson"
"Bob Kiss","Andy Montroll","skipped","skipped","skipped"
"Bob Kiss","Andy Montroll","skipped","skipped","skipped"
"Kurt Wright","skipped","skipped","skipped","skipped"
"Bob Kiss","Andy Montroll","Dan Smith","Kurt Wright","skipped"
"Bob Kiss","Andy Montroll","Dan Smith","skipped","skipped"
"Bob Kiss","Andy Montroll","Dan Smith","Kurt Wright","James Simpson"
"Bob Kiss","Andy Montroll","Dan Smith","James Simpson","Kurt Wright"
"Bob Kiss","Andy Montroll","James Simpson","skipped","skipped"
"Bob Kiss","Kurt Wright","Andy Montroll","Dan Smith","skipped"
"Kurt Wright","skipped","skipped","skipped","skipped"
"Andy Montroll","Bob Kiss","Kurt Wright","skipped","skipped"
"Andy Montroll","Bob Kiss","Dan Smith","Kurt Wright","James Simpson"
"Kurt Wright","Bob Kiss","skipped","skipped","skipped"
"Kurt Wright","Dan Smith","skipped","skipped","skipped"
"Andy Montroll","James Simpson","Dan Smith","Kurt Wright","skipped"
"Andy Montroll","skipped","skipped","skipped","skipped"
"Dan Smith","Bob Kiss","Andy Montroll","Kurt Wright","James Simpson"
"Andy Montroll","Dan Smith","skipped","skipped","skipped"
"Andy Montroll","Dan Smith","Bob Kiss","Kurt Wright","skipped"
"Andy Montroll","Kurt Wright","Bob Kiss","Dan Smith","James Simpson"
"Dan Smith","Kurt Wright","Bob Kiss","skipped","skipped"
"Dan Smith","Kurt Wright","skipped","skipped","skipped"
"Andy Montroll","skipped","skipped","skipped","skipped"
"Bob Kiss","skipped","skipped","skipped","skipped"
"Andy Montroll","Bob Kiss","Dan Smith","Kurt Wright","skipped"
"Dan Smith","Andy Montroll","Kurt Wright","skipped","skipped"
"Andy Montroll","Bob Kiss","skipped","skipped","skipped"
"Dan Smith","Andy Montroll","Kurt Wright","James Simpson","Bob Kiss"
"Andy Montroll","Dan Smith","Kurt Wright","James Simpson","Bob Kiss"
"Bob Kiss","Andy Montroll","skipped","skipped","skipped"
"Bob Kiss","Andy Montroll","Dan Smith","Kurt Wright","James Simpson"
"Dan Smith","Kurt Wright","Write-in","skipped","skipped"
"Dan Smith","Kurt Wright","Andy Montroll","Bob Kiss","skipped"
"Bob Kiss","Andy Montroll","skipped","skipped","skipped"
"Dan Smith","Kurt Wright","skipped","skipped","skipped"
"Bob Kiss","Andy Montroll","Dan Smith","skipped","skipped"
"Bob Kiss","Andy Montroll","Dan Smith","Kurt Wright","James Simpson"
"Andy Montroll","James Simpson","Bob Kiss","Dan Smith","Kurt Wright"
"Kurt Wright","Dan Smith","skipped","skipped","skipped"
"Dan Smith","Kurt Wright","James Simpson","Andy Montroll","Bob Kiss"
"Andy Montroll","Kurt Wright","Dan Smith","Bob Kiss","James Simpson"
"Kurt Wright","Dan Smith","skipped","skipped","skipped"
"Andy Montroll","Bob Kiss","Dan Smith","James Simpson","Kurt Wright"
"Dan Smith","Bob Kiss","Andy Montroll","Kurt Wright","skipped"
"Dan Smith","Kurt Wright","skipped","skipped","skipped"
"Bob Kiss","Kurt Wright","skipped","Dan Smith","Andy Montroll"
"Bob Kiss","Kurt Wright","skipped","Dan Smith","Andy Montroll"
"Andy Montroll","Dan Smith","skipped","skipped","skipped"
"Dan Smith","Andy Montroll","James Simpson","Bob Kiss","Kurt Wright"
"Bob Kiss","Andy Montroll","James Simpson","skipped","skipped"
"Bob Kiss","Andy Montroll","Dan Smith","James Simpson","skipped"
"Dan Smith","Bob Kiss","Andy Montroll","Kurt Wright","skipped"
"Bob Kiss","Kurt Wright","skipped","skipped","skipped"
"Bob Kiss","Andy Montroll","skipped","skipped","skipped"
"Kurt Wright","Dan Smith","skipped","skipped","skipped"
"Dan Smith","Bob Kiss","Andy Montroll","skipped","skipped"
"Dan Smith","skipped","skipped","skipped","skipped"
"Bob Kiss","Dan Smith","Andy Montroll","James Simpson","Kurt Wright"
"Bob Kiss","Dan Smith","Andy Montroll","James Simpson","Write-in"
"Kurt Wright","Dan Smith","Andy Montroll","Bob Kiss","skipped"
"Dan Smith","skipped","skipped","skipped","skipped"
"Andy Montroll","Bob Kiss","skipped","skipped","skipped"
"Bob Kiss","Andy Montroll","Dan Smith","Kurt Wright","James Simpson"
"Andy Montroll","skipped","skipped","skipped","skipped"
"Kurt Wright","skipped","skipped","skipped","skipped"
"Andy Montroll","skipped","skipped","skipped","skipped"
"Dan Smith","Bob Kiss","Andy Montroll","skipped","skipped"
"Bob Kiss","Dan Smith","skipped","skipped","skipped"
"Bob Kiss","Dan Smith","skipped","skipped","skipped"
"Bob Kiss","Andy Montroll","Dan Smith","James Simpson","skipped"
"Bob Kiss","Dan Smith","Andy Montroll","Write-in","James Simpson"
"Andy Montroll","Dan Smith","Kurt Wright","Bob Kiss","skipped"
"Bob Kiss","Andy Montroll","James Simpson","Dan Smith","Kurt Wright"
"Kurt Wright","Andy Montroll","Dan Smith","James Simpson","Bob Kiss"
"Kurt Wright","Andy Montroll","Dan Smith","James Simpson","Bob Kiss"
"Andy Montroll","Kurt Wright","skipped","skipped","skipped"
"Dan Smith","Bob Kiss","Andy Montroll","skipped","skipped"
"Bob Kiss","Andy Montroll","skipped","skipped","skipped"
"Kurt Wright","skipped","skipped","skipped","skipped"
"Dan Smith","Kurt Wright","skipped","skipped","skipped"
"Andy Montroll","Dan Smith","skipped","skipped","skipped"
"Bob Kiss","Kurt Wright","Dan Smith","Andy Montroll","skipped"
"Bob Kiss","skipped","skipped","skipped","skipped"
"Kurt Wright","skipped","skipped","skipped","skipped"
"Andy Montroll","skipped","skipped","skipped","skipped"
"Bob Kiss","Dan Smith","skipped","skipped","skipped"
"Bob Kiss","skipped","skipped","skipped","skipped"
"Bob Kiss","skipped","skipped","skipped","skipped"
"Andy Montroll","Dan Smith","Bob Kiss","Kurt Wright","skipped"
"Andy Montroll","Dan Smith","Kurt Wright","skipped","skipped"
"Kurt Wright","Dan Smith","Andy Montroll","skipped","skipped"
"Bob Kiss","Andy Montroll","skipped","skipped","skipped"
"Dan Smith","Bob Kiss","Andy Montroll","skipped","skipped"
"Dan Smith","Bob Kiss","Andy Montroll","skipped","skipped"
"Dan Smith","Andy Montroll","Bob Kiss","Kurt Wright","skipped"
"Bob Kiss","James Simpson","Andy Montroll","Dan Smith","Kurt Wright"
"Dan Smith","Kurt Wright","skipped","skipped","skipped"
"Andy Montroll","James Simpson","Bob Kiss","Dan Smith","Kurt Wright"
"Dan Smith","Bob Kiss","Andy Montroll","skipped","skipped"
"Dan Smith","Andy Montroll","skipped","skipped","skipped"
"Dan Smith","Andy Montroll","Bob Kiss","Kurt Wright","James Simpson"
"Bob Kiss","Dan Smith","Andy Montroll","James Simpson","Kurt Wright"
"Kurt Wright","skipped","skipped","skipped","skipped"
"Dan Smith","Andy Montroll","Bob Kiss","Kurt Wright","James Simpson"
"Kurt Wright","Dan Smith","skipped","skipped","skipped"
"Kurt Wright","Dan Smith","Andy Montroll","skipped","skipped"
"Dan Smith","skipped","skipped","skipped","skipped"
"Dan Smith","skipped","skipped","skipped","skipped"
"James Simpson","Andy Montroll","Kurt Wright","Bob Kiss","Write-in"
"Dan Smith","skipped","skipped","skipped","skipped"
"Andy Montroll","Write-in","Bob Kiss","Dan Smith","James Simpson"
"Andy Montroll","Dan Smith","Kurt Wright","skipped","skipped"
"Andy Montroll","Bob Kiss","Dan Smith","Kurt Wright","James Simpson"
"Kurt Wright","skipped","skipped","skipped","James Simpson"
"Bob Kiss","Kurt Wright","Andy Montroll","Dan Smith","skipped"
"Dan Smith","Andy Montroll","Kurt Wright","Bob Kiss","James Simpson"
"Bob Kiss","Andy Montroll","Dan Smith","Kurt Wright","James Simpson"
"Dan Smith","Kurt Wright","Andy Montroll","Bob Kiss","James Simpson"
"Andy Montroll","Bob Kiss","Write-in","skipped","skipped"
"Andy Montroll","Bob Kiss","skipped","skipped","skipped"
"Dan Smith","Andy Montroll","Kurt Wright","skipped","skipped"
"Kurt Wright","Bob Kiss","James Simpson","Andy Montroll","skipped"
"Kurt Wright","Bob Kiss","skipped","skipped","skipped"
"Dan Smith","Andy Montroll","James Simpson","Kurt Wright","Bob Kiss"
"Bob Kiss","Andy Montroll","Dan Smith","Kurt Wright","James Simpson"
"Dan Smith","Kurt Wright","Andy Montroll","skipped","skipped"
"Andy Montroll","Kurt Wright","Dan Smith","skipped","skipped"
"Bob Kiss","James Simpson","Kurt Wright","Andy Montroll","Dan Smith"
"Kurt Wright","Andy Montroll","skipped","skipped","skipped"
"Dan Smith","Kurt Wright","skipped","skipped","skipped"
"Andy Montroll","Bob Kiss","Dan Smith","Kurt Wright","James Simpson"
"Andy Montroll","skipped","skipped","skipped","skipped"
"Bob Kiss","Dan Smith","Andy Montroll","Kurt Wright","skipped"
"Andy Montroll","Kurt Wright","Dan Smith","Bob Kiss","skipped"
"Andy Montroll","Dan Smith","Kurt Wright","skipped","skipped"
"Kurt Wright","Dan Smith","Andy Montroll","Bob Kiss","James Simpson"
"Dan Smith","Kurt Wright","Andy Montroll","skipped","skipped"
"Andy Montroll","Kurt Wright","Dan Smith","James Simpson","Bob Kiss"
"Andy Montroll","skipped","skipped","skipped","skipped"
"James Simpson","Bob Kiss","skipped","skipped","skipped"
"Andy Montroll","Kurt Wright","Dan Smith","skipped","skipped"
"Andy Montroll","Dan Smith","Bob Kiss","skipped","skipped"
"Bob Kiss","Andy Montroll","Dan Smith","Kurt Wright","skipped"
"Kurt Wright","skipped","skipped","skipped","skipped"
"Andy Montroll","Kurt Wright","skipped","skipped","skipped"
"Andy Montroll","Dan Smith","Kurt Wright","James Simpson","Bob Kiss"
"Kurt Wright","Andy Montroll","skipped","skipped","skipped"
"Kurt Wright","Andy Montroll","skipped","skipped","skipped"
"Dan Smith","Andy Montroll","Bob Kiss","Kurt Wright","James Simpson"
"Dan Smith","Kurt Wright","skipped","skipped","skipped"
"Bob Kiss","Dan Smith","Andy Montroll","skipped","skipped"
"Kurt Wright","Andy Montroll","Dan Smith","skipped","skipped"
"Andy Montroll","Kurt Wright","Dan Smith","skipped","skipped"
"Andy Montroll","Kurt Wright","Bob Kiss","Dan Smith","skipped"
"Kurt Wright","Andy Montroll","Dan Smith","skipped","skipped"
"Andy Montroll","Dan Smith","Kurt Wright","skipped","skipped"
"Kurt Wright","Dan Smith","James Simpson","Bob Kiss","Andy Montroll"
"Andy Montroll","Bob Kiss","Kurt Wright","Dan Smith","James Simpson"
"Kurt Wright","skipped","skipped","skipped","skipped"
"Dan Smith","skipped","skipped","skipped","skipped"
"Bob Kiss","Andy Montroll","Dan Smith","Kurt Wright","James Simpson"
"Andy Montroll","Kurt Wright","Dan Smith","skipped","Bob Kiss"
"Andy Montroll","Bob Kiss","Kurt Wright","Dan Smith","James Simpson"
"Kurt Wright","Bob Kiss","skipped","skipped","skipped"
"Andy Montroll","skipped","skipped","skipped","skipped"
"Andy Montroll","Bob Kiss","Kurt Wright","skipped","skipped"
"Andy Montroll","Dan Smith","skipped","skipped","skipped"
"Andy Montroll","Dan Smith","Kurt Wright","skipped","skipped"
"Bob Kiss","Andy Montroll","Dan Smith","skipped","skipped"
"Andy Montroll","Dan Smith","skipped","skipped","skipped"
"Kurt Wright","Andy Montroll","Dan Smith","skipped","skipped"
"Andy Montroll","Kurt Wright","skipped","skipped","skipped"
"Andy Montroll","Kurt Wright","Dan Smith","skipped","skipped"
"Bob Kiss","skipped","skipped","skipped","skipped"
"Dan Smith","Andy Montroll","Bob Kiss","skipped","skipped"
"Bob Kiss","skipped","skipped","skipped","skipped"
"Andy Montroll","Dan Smith","Bob Kiss","skipped","skipped"
"Andy Montroll","Dan Smith","skipped","skipped","skipped"
"Andy Montroll","skipped","skipped","James Simpson","Bob Kiss"
"Andy Montroll","skipped","skipped","skipped","Bob Kiss"
"Andy Montroll","Kurt Wright","Dan Smith","Bob Kiss","skipped"
"Bob Kiss","Kurt Wright","skipped","skipped","skipped"
"Bob Kiss","Andy Montroll","Kurt Wright","Dan Smith","James Simpson"
"Kurt Wright","Andy Montroll","Dan Smith","Bob Kiss","James Simpson"
"Bob Kiss","Andy Montroll","Kurt Wright","skipped","skipped"
"Andy Montroll","Dan Smith","Bob Kiss","skipped","skipped"
"Bob Kiss","James Simpson","Dan Smith","Kurt Wright","Andy Montroll"
"Kurt Wright","skipped","skipped","skipped","skipped"
"Kurt Wright","Andy Montroll","Dan Smith","James Simpson","Bob Kiss"
"Kurt Wright","skipped","skipped","skipped","skipped"
"Bob Kiss","skipped","skipped","skipped","skipped"
"Andy Montroll","James Simpson","Bob Kiss","Dan Smith","Kurt Wright"
"Andy Montroll","Dan Smith","James Simpson","Bob Kiss","Kurt Wright"
"Dan Smith","Andy Montroll","Bob Kiss","skipped","skipped"
"Dan Smith","Kurt Wright","Bob Kiss","Andy Montroll","skipped"
"Andy Montroll","Kurt Wright","Bob Kiss","Dan Smith","James Simpson"
"Kurt Wright","skipped","skipped","skipped","skipped"
"Bob Kiss","skipped","skipped","skipped","skipped"
"Bob Kiss","James Simpson","Dan Smith","skipped","skipped"
"Andy Montroll","Dan Smith","Kurt Wright","Bob Kiss","James Simpson"
"Kurt Wright","Dan Smith","skipped","skipped","skipped"
"Kurt Wright","Dan Smith","skipped","skipped","skipped"
"Kurt Wright","Dan Smith","skipped","skipped","skipped"
"Kurt Wright","skipped","skipped","skipped","skipped"
"Bob Kiss","Andy Montroll","skipped","skipped","skipped"
"Andy Montroll","Bob Kiss","Kurt Wright","James Simpson","Dan Smith"
"Andy Montroll","Bob Kiss","Kurt Wright","skipped","skipped"
"Dan Smith","Kurt Wright","skipped","skipped","skipped"
"Andy Montroll","skipped","skipped","skipped","skipped"
"Andy Montroll","Bob Kiss","James Simpson","skipped","skipped"
"Andy Montroll","James Simpson","Kurt Wright","Bob Kiss","Dan Smith"
"Bob Kiss","Andy Montroll","James Simpson","Dan Smith","Kurt Wright"
"Andy Montroll","Kurt Wright","Dan Smith","Bob Kiss","skipped"
"Bob Kiss","skipped","skipped","skipped","skipped"
"Andy Montroll","Kurt Wright","Dan Smith","Bob Kiss","James Simpson"
"Bob Kiss","Andy Montroll","Dan Smith","James Simpson","skipped"
"Bob Kiss","Andy Montroll","skipped","skipped","skipped"
"Bob Kiss","skipped","skipped","skipped","skipped"
"Bob Kiss","Andy Montroll","Kurt Wright","Dan Smith","James Simpson"
"Andy Montroll","Dan Smith","Kurt Wright","Bob Kiss","James Simpson"
"Andy Montroll","Kurt Wright","Bob Kiss","Dan Smith","James Simpson"
"Kurt Wright","Dan Smith","Andy Montroll","Bob Kiss","James Simpson"
"Kurt Wright","Andy Montroll","Dan Smith","Bob Kiss","skipped"
"Andy Montroll","James Simpson","Dan Smith","Kurt Wright","Bob Kiss"
"Bob Kiss","skipped","skipped","skipped","skipped"
"Bob Kiss","Andy Montroll","Dan Smith","Kurt Wright","skipped"
"Kurt Wright","skipped","skipped","skipped","skipped"
"Kurt Wright","Dan Smith","Bob Kiss","Andy Montroll","skipped"
"Bob Kiss","Kurt Wright","Dan Smith","Andy Montroll","James Simpson"
"Kurt Wright","Dan Smith","skipped","skipped","skipped"
"Bob Kiss","Andy Montroll","James Simpson","skipped","skipped"
"Bob Kiss","Andy Montroll","Dan Smith","skipped","skipped"
"Kurt Wright","Andy Montroll","skipped","skipped","Bob Kiss"
"Kurt Wright","Andy Montroll","Dan Smith","Bob Kiss","James Simpson"
"Bob Kiss","Andy Montroll","skipped","skipped","skipped"
"Kurt Wright","skipped","skipped","skipped","skipped"
"Andy Montroll","Bob Kiss","Dan Smith","skipped","skipped"
"Andy Montroll","Bob Kiss","James Simpson","Dan Smith","Kurt Wright"
"Andy Montroll","Bob Kiss","Dan Smith","skipped","skipped"
"Andy Montroll","Bob Kiss","Dan Smith","skipped","skipped"
"Andy Montroll","Kurt Wright","James Simpson","Bob Kiss","Dan Smith"
"Andy Montroll","Bob Kiss","James Simpson","Dan Smith","skipped"
"Andy Montroll","Bob Kiss","Kurt Wright","Dan Smith","James Simpson"
"Bob Kiss","Andy Montroll","skipped","skipped","skipped"
"Bob Kiss","Andy Montroll","James Simpson","skipped","skipped"
"Andy Montroll","skipped","skipped","skipped","skipped"
"Bob Kiss","skipped","skipped","skipped","skipped"
"Bob Kiss","Andy Montroll","Dan Smith","skipped","skipped"
"Andy Montroll","Dan Smith","Bob Kiss","James Simpson","Kurt Wright"
"Andy Montroll","Dan Smith","Bob Kiss","skipped","skipped"
"Bob Kiss","Andy Montroll","Dan Smith","skipped","skipped"
"Bob Kiss","Dan Smith","Andy Montroll","James Simpson","Kurt Wright"
"Kurt Wright","Andy Montroll","Dan Smith","skipped","skipped"
"Dan Smith","Andy Montroll","Kurt Wright","skipped","skipped"
"Kurt Wright","Andy Montroll","Dan Smith","skipped","skipped"
"Bob Kiss","Andy Montroll","skipped","skipped","skipped"
"Dan Smith","Bob Kiss","James Simpson","Andy Montroll","Write-in"
"Bob Kiss","Andy Montroll","Dan Smith","skipped","skipped"
"Dan Smith","Bob Kiss","Andy Montroll","skipped","skipped"
"Dan Smith","Bob Kiss","Kurt Wright","Andy Montroll","James Simpson"
"Dan Smith","Bob Kiss","Andy Montroll","Kurt Wright","James Simpson"
"Dan Smith","Kurt Wright","Andy Montroll","skipped","skipped"
"Andy Montroll","Kurt Wright","Bob Kiss","skipped","skipped"
"Andy Montroll","Dan Smith","Kurt Wright","skipped","skipped"
"Bob Kiss","Andy Montroll","skipped","skipped","skipped"
"Kurt Wright","Dan Smith","skipped","skipped","skipped"
"Bob Kiss","Andy Montroll","Dan Smith","Kurt Wright","skipped"
"Andy Montroll","Bob Kiss","Dan Smith","James Simpson","skipped"
"Andy Montroll","Bob Kiss","Dan Smith","James Simpson","skipped"
"Bob Kiss","Kurt Wright","James Simpson","Dan Smith","Andy Montroll"
"Dan Smith","Andy Montroll","Bob Kiss","Kurt Wright","James Simpson"
"Andy Montroll","Kurt Wright","Bob Kiss","Dan Smith","skipped"
"Andy Montroll","Dan Smith","Bob Kiss","Kurt Wright","James Simpson"
"Bob Kiss","Andy Montroll","skipped","skipped","skipped"
"Bob Kiss","Kurt Wright","Dan Smith","James Simpson","Andy Montroll"
"Dan Smith","Bob Kiss","Andy Montroll","James Simpson","Kurt Wright"
"Dan Smith","James Simpson","Kurt Wright","skipped","skipped"
"Bob Kiss","Andy Montroll","skipped","skipped","skipped"
"Andy Montroll","Dan Smith","Kurt Wright","Bob Kiss","James Simpson"
"Andy Montroll","Bob Kiss","Kurt Wright","Dan Smith","James Simpson"
"Bob Kiss","Kurt Wright","Andy Montroll","skipped","skipped"
"Andy Montroll","Bob Kiss","Dan Smith","skipped","skipped"
"Andy Montroll","Bob Kiss","Dan Smith","skipped","skipped"
"Bob Kiss","Dan Smith","skipped","skipped","skipped"
"Andy Montroll","Dan Smith","Kurt Wright","Bob Kiss","James Simpson"
"Bob Kiss","Andy Montroll","skipped","skipped","skipped"
"Andy Montroll","skipped","skipped","skipped","skipped"
"Dan Smith","James Simpson","skipped","skipped","skipped"
"Andy Montroll","Bob Kiss","Dan Smith","skipped","skipped"
"Andy Montroll","Bob Kiss","Dan Smith","James Simpson","Kurt Wright"
"Dan Smith","Kurt Wright","Bob Kiss","Andy Montroll","James Simpson"
"Kurt Wright","skipped","skipped","skipped","skipped"
"Andy Montroll","Kurt Wright","Dan Smith","skipped","skipped"
"Andy Montroll","skipped","skipped","skipped","skipped"
"Kurt Wright","Andy Montroll","skipped","skipped","skipped"
"Dan Smith","Kurt Wright","James Simpson","Andy Montroll","Bob Kiss"
"Andy Montroll","Dan Smith","Kurt Wright","skipped","skipped"
"Kurt Wright","skipped","skipped","skipped","skipped"
"Kurt Wright","Dan Smith","skipped","skipped","skipped"
"Andy Montroll","Bob Kiss","Dan Smith","skipped","skipped"
"Andy Montroll","Kurt Wright","skipped","skipped","skipped"
"Bob Kiss","Andy Montroll","Dan Smith","Kurt Wright","skipped"
"Andy Montroll","Dan Smith","skipped","skipped","skipped"
"Kurt Wright","skipped","skipped","skipped","skipped"
"Andy Montroll","Dan Smith","skipped","skipped","skipped"
"Andy Montroll","skipped","skipped","skipped","skipped"
"Kurt Wright","Andy Montroll","Dan Smith","skipped","skipped"
"Kurt Wright","Andy Montroll","Dan Smith","Bob Kiss","skipped"
"Andy Montroll","Kurt Wright","skipped","skipped","skipped"
"Kurt Wright","Andy Montroll","Dan Smith","Bob Kiss","Write-in"
"Bob Kiss","Andy Montroll","skipped","skipped","skipped"
"Andy Montroll","Dan Smith","Bob Kiss","Kurt Wright","James Simpson"
"Andy Montroll","Bob Kiss","skipped","skipped","skipped"
"Andy Montroll","Bob Kiss","Kurt Wright","skipped","skipped"
"Andy Montroll","Dan Smith","Bob Kiss","skipped","skipped"
"Dan Smith","Kurt Wright","Bob Kiss","Andy Montroll","James Simpson"
"Kurt Wright","skipped","skipped","skipped","skipped"
"Dan Smith","Kurt Wright","skipped","skipped","skipped"
"Andy Montroll","Dan Smith","Bob Kiss","James Simpson","Kurt Wright"
"Andy Montroll","Dan Smith","Kurt Wright","skipped","skipped"
"Dan Smith","Andy Montroll","Bob Kiss","skipped","skipped"
"Kurt Wright","Andy Montroll","Dan Smith","Bob Kiss","skipped"
"Andy Montroll","James Simpson","Dan Smith","Bob Kiss","Kurt Wright"
"Dan Smith","Kurt Wright","skipped","skipped","skipped"
"Dan Smith","skipped","skipped","skipped","skipped"
"Kurt Wright","skipped","skipped","skipped","skipped"
"James Simpson","Andy Montroll","Dan Smith","Kurt Wright","Bob Kiss"
"Dan Smith","Bob Kiss","Andy Montroll","Kurt Wright","skipped"
"Andy Montroll","James Simpson","Dan Smith","Kurt Wright","skipped"
"Andy Montroll","Dan Smith","Bob Kiss","skipped","skipped"
"Bob Kiss","Andy Montroll","Dan Smith","skipped","skipped"
"Andy Montroll","Dan Smith","skipped","skipped","skipped"
"Dan Smith","Kurt Wright","skipped","skipped","skipped"
"Bob Kiss","Dan Smith","Andy Montroll","skipped","skipped"
"Kurt Wright","skipped","skipped","skipped","skipped"
"Bob Kiss","skipped","skipped","skipped","skipped"
"Bob Kiss","Dan Smith","Andy Montroll","skipped","skipped"
"Kurt Wright","Andy Montroll","Dan Smith","skipped","skipped"
"Dan Smith","Kurt Wright","Andy Montroll","James Simpson","Bob Kiss"
"Kurt Wright","Andy Montroll","Dan Smith","skipped","skipped"
"Kurt Wright","Dan Smith","Andy Montroll","skipped","skipped"
"Kurt Wright","Andy Montroll","skipped","skipped","skipped"
"Bob Kiss","Andy Montroll","skipped","skipped","skipped"
"Bob Kiss","Andy Montroll","skipped","skipped","skipped"
"Andy Montroll","Kurt Wright","skipped","skipped","skipped"
"Kurt Wright","Dan Smith","Bob Kiss","skipped","skipped"
"Dan Smith","Kurt Wright","Bob Kiss","skipped","skipped"
"Andy Montroll","Bob Kiss","Kurt Wright","Dan Smith","skipped"
"Dan Smith","Andy Montroll","Bob Kiss","skipped","skipped"
"Andy Montroll","Dan Smith","Bob Kiss","James Simpson","Write-in"
"Bob Kiss","skipped","skipped","skipped","skipped"
"Dan Smith","Kurt Wright","Bob Kiss","Andy Montroll","James Simpson"
"Bob Kiss","Kurt Wright","James Simpson","Andy Montroll","skipped"
"Andy Montroll","Bob Kiss","Kurt Wright","Dan Smith","skipped"
"Dan Smith","Andy Montroll","Kurt Wright","Bob Kiss","skipped"
"Andy Montroll","Bob Kiss","Dan Smith","Kurt Wright","skipped"
"Bob Kiss","skipped","skipped","skipped","skipped"
"Andy Montroll","Bob Kiss","Dan Smith","skipped","skipped"
"Kurt Wright","skipped","skipped","skipped","skipped"
"Andy Montroll","Kurt Wright","skipped","skipped","skipped"
"Andy Montroll","Kurt Wright","skipped","skipped","skipped"
"Kurt Wright","skipped","skipped","skipped","skipped"
"Andy Montroll","Kurt Wright","Dan Smith","skipped","skipped"
"Bob Kiss","Andy Montroll","Dan Smith","Kurt Wright","James Simpson"
"Kurt Wright","Andy Montroll","Bob Kiss","skipped","skipped"
"Andy Montroll","Bob Kiss","Kurt Wright","James Simpson","Dan Smith"
"Dan Smith","Bob Kiss","Kurt Wright","James Simpson","Andy Montroll"
"Dan Smith","Andy Montroll","skipped","skipped","skipped"
"Andy Montroll","Dan Smith","Kurt Wright","James Simpson","Bob Kiss"
"Bob Kiss","Andy Montroll","skipped","skipped","skipped"
"Andy Montroll","Dan Smith","James Simpson","Kurt Wright","Bob Kiss"
"Andy Montroll","Dan Smith","Kurt Wright","Bob Kiss","skipped"
"Kurt Wright","skipped","skipped","skipped","skipped"
"Dan Smith","Andy Montroll","skipped","skipped","skipped"
"Andy Montroll","Bob Kiss","Kurt Wright","Dan Smith","James Simpson"
"Bob Kiss","Andy Montroll","skipped","Dan Smith","skipped"
"Bob Kiss","Andy Montroll","Dan Smith","skipped","skipped"
"Dan Smith","Andy Montroll","Bob Kiss","James Simpson","Kurt Wright"
"Andy Montroll","Dan Smith","skipped","skipped","skipped"
"Andy Montroll","Bob Kiss","Dan Smith","skipped","skipped"
"Bob Kiss","Kurt Wright","Dan Smith","skipped","skipped"
"Andy Montroll","Kurt Wright","Dan Smith","skipped","skipped"
"Dan Smith","Bob Kiss","Andy Montroll","Kurt Wright","skipped"
"Bob Kiss","Dan Smith","Andy Montroll","Kurt Wright","James Simpson"
"Kurt Wright","James Simpson","Andy Montroll","Bob Kiss","skipped"
"Bob Kiss","Andy Montroll","Dan Smith","Kurt Wright","skipped"
"Bob Kiss","Andy Montroll","skipped","skipped","skipped"
"Dan Smith","skipped","skipped","skipped","skipped"
"Kurt Wright","skipped","skipped","skipped","skipped"
"Bob Kiss","Kurt Wright","James Simpson","Andy Montroll","Write-in"
"Bob Kiss","Kurt Wright","Dan Smith","James Simpson","skipped"
"Andy Montroll","skipped","skipped","skipped","skipped"
"Andy Montroll","Dan Smith","Kurt Wright","James Simpson","Bob Kiss"
"Bob Kiss","Andy Montroll","Kurt Wright","Dan Smith","James Simpson"
"Andy Montroll","Dan Smith","skipped","skipped","skipped"
"Kurt Wright","James Simpson","Dan Smith","skipped","skipped"
"Andy Montroll","Dan Smith","Kurt Wright","skipped","skipped"
"Andy Montroll","Bob Kiss","skipped","skipped","skipped"
"Kurt Wright","Dan Smith","skipped","skipped","skipped"
"Andy Montroll","Dan Smith","Bob Kiss","Kurt Wright","skipped"
"Dan Smith","Bob Kiss","skipped","skipped","skipped"
"Kurt Wright","Dan Smith","skipped","skipped","skipped"
"Andy Montroll","Bob Kiss","Dan Smith","skipped","skipped"
"Kurt Wright","Dan Smith","skipped","skipped","skipped"
"Dan Smith","Andy Montroll","Bob Kiss","Kurt Wright","skipped"
"Andy Montroll","Dan Smith","Kurt Wright","Bob Kiss","James Simpson"
"Bob Kiss","Andy Montroll","James Simpson","Dan Smith","Kurt Wright"
"Bob Kiss","Andy Montroll","Dan Smith","skipped","skipped"
"Dan Smith","Bob Kiss","Andy Montroll","Write-in","James Simpson"
"Andy Montroll","Dan Smith","Kurt Wright","Bob Kiss","James Simpson"
"Dan Smith","Kurt Wright","skipped","Bob Kiss","Andy Montroll"
"Bob Kiss","Andy Montroll","James Simpson","Dan Smith","Kurt Wright"
"Dan Smith","Kurt Wright","skipped","skipped","skipped"
"Kurt Wright","Dan Smith","Bob Kiss","Andy Montroll","James Simpson"
"Kurt Wright","Bob Kiss","skipped","skipped","skipped"
"Andy Montroll","Kurt Wright","Dan Smith","Bob Kiss","skipped"
"Bob Kiss","Andy Montroll","James Simpson","Dan Smith","skipped"
"Bob Kiss","Andy Montroll","James Simpson","Dan Smith","Kurt Wright"
"Andy Montroll","Dan Smith","skipped","skipped","skipped"
"Andy Montroll","Dan Smith","Kurt Wright","skipped","skipped"
"Bob Kiss","Andy Montroll","skipped","skipped","skipped"
"Dan Smith","Kurt Wright","skipped","skipped","skipped"
"Kurt Wright","skipped","skipped","skipped","skipped"
"Kurt Wright","Andy Montroll","skipped","skipped","skipped"
"Andy Montroll","skipped","skipped","skipped","skipped"
"Bob Kiss","skipped","skipped","skipped","skipped"
"Bob Kiss","Andy Montroll","Dan Smith","skipped","skipped"
"Andy Montroll","Bob Kiss","skipped","skipped","skipped"
"Bob Kiss","skipped","skipped","skipped","skipped"
"Dan Smith","Kurt Wright","Andy Montroll","Bob Kiss","James Simpson"
"Andy Montroll","Bob Kiss","Kurt Wright","skipped","skipped"
"Andy Montroll","Bob Kiss","James Simpson","Dan Smith","Kurt Wright"
"Andy Montroll","Dan Smith","Kurt Wright","skipped","skipped"
"Andy Montroll","Bob Kiss","James Simpson","Dan Smith","Kurt Wright"
"Dan Smith","Andy Montroll","Bob Kiss","skipped","skipped"
"Andy Montroll","Kurt Wright","Dan Smith","Bob Kiss","skipped"
"Andy Montroll","Bob Kiss","Dan Smith","skipped","skipped"
"Dan Smith","Andy Montroll","Bob Kiss","skipped","skipped"
"Andy Montroll","Bob Kiss","Dan Smith","Kurt Wright","James Simpson"
"Andy Montroll","Kurt Wright","Bob Kiss","Dan Smith","skipped"
"Dan Smith","Kurt Wright","skipped","skipped","skipped"
"Andy Montroll","Kurt Wright","Dan Smith","skipped","skipped"
"Dan Smith","Bob Kiss","Andy Montroll","skipped","skipped"
"Bob Kiss","Andy Montroll","skipped","skipped","skipped"
"Bob Kiss","Andy Montroll","skipped","skipped","skipped"
"Andy Montroll","Dan Smith","Kurt Wright","skipped","skipped"
"Bob Kiss","skipped","skipped","skipped","skipped"
"Andy Montroll","skipped","skipped","skipped","skipped"
"Dan Smith","Bob Kiss","skipped","skipped","skipped"
"Dan Smith","Bob Kiss","Kurt Wright","James Simpson","Andy Montroll"
"Dan Smith","Bob Kiss","Andy Montroll","James Simpson","Kurt Wright"
"Dan Smith","Bob Kiss","Kurt Wright","Andy Montroll","skipped"
"Andy Montroll","Dan Smith","Kurt Wright","Bob Kiss","skipped"
"Andy Montroll","Dan Smith","Bob Kiss","Kurt Wright","skipped"
"Dan Smith","Bob Kiss","Kurt Wright","James Simpson","Andy Montroll"
"Bob Kiss","Andy Montroll","James Simpson","Dan Smith","Kurt Wright"
"Andy Montroll","Bob Kiss","James Simpson","skipped","skipped"
"Dan Smith","skipped","skipped","skipped","skipped"
"Bob Kiss","James Simpson","Andy Montroll","Dan Smith","Kurt Wright"
"Kurt Wright","Andy Montroll","Dan Smith","skipped","skipped"
"Andy Montroll","Dan Smith","skipped","skipped","skipped"
"Kurt Wright","Andy Montroll","Dan Smith","Bob Kiss","James Simpson"
"Bob Kiss","Andy Montroll","Dan Smith","skipped","skipped"
"Andy Montroll","Kurt Wright","Dan Smith","Bob Kiss","James Simpson"
"Bob Kiss","Andy Montroll","James Simpson","skipped","skipped"
"Bob Kiss","Andy Montroll","skipped","skipped","skipped"
"Dan Smith","Bob Kiss","skipped","skipped","skipped"
"Kurt Wright","skipped","skipped","skipped","skipped"
"Andy Montroll","Kurt Wright","skipped","skipped","skipped"
"Dan Smith","Bob Kiss","Andy Montroll","James Simpson","Kurt Wright"
"Bob Kiss","Andy Montroll","skipped","skipped","skipped"
"Andy Montroll","Dan Smith","skipped","skipped","skipped"
"Andy Montroll","Dan Smith","skipped","skipped","skipped"
"Dan Smith","Andy Montroll","Kurt Wright","skipped","skipped"
"Dan Smith","Kurt Wright","Andy Montroll","James Simpson","Bob Kiss"
"Bob Kiss","Andy Montroll","Dan Smith","skipped","skipped"
"Bob Kiss","Andy Montroll","skipped","skipped","skipped"
"Bob Kiss","Dan Smith","Kurt Wright","Andy Montroll","James Simpson"
"Andy Montroll","Dan Smith","Bob Kiss","skipped","skipped"
"Andy Montroll","Bob Kiss","Dan Smith","James Simpson","Kurt Wright"
"Bob Kiss","skipped","skipped","skipped","skipped"
"Bob Kiss","Andy Montroll","Dan Smith","Kurt Wright","skipped"
"Andy Montroll","Dan Smith","skipped","skipped","skipped"
"Dan Smith","Kurt Wright","skipped","skipped","skipped"
"Kurt Wright","Bob Kiss","Dan Smith","Andy Montroll","James Simpson"
"Bob Kiss","Dan Smith","Kurt Wright","Andy Montroll","skipped"
"Andy Montroll","Dan Smith","skipped","skipped","skipped"
"Dan Smith","Kurt Wright","Andy Montroll","Bob Kiss","James Simpson"
"Andy Montroll","Dan Smith","skipped","skipped","skipped"
"Bob Kiss","Andy Montroll","James Simpson","Dan Smith","Kurt Wright"
"Andy Montroll","Kurt Wright","Bob Kiss","James Simpson","Dan Smith"
"Dan Smith","Bob Kiss","skipped","skipped","skipped"
"Andy Montroll","Dan Smith","skipped","skipped","skipped"
"Andy Montroll","Dan Smith","Bob Kiss","skipped","skipped"
"Dan Smith","Kurt Wright","Andy Montroll","Bob Kiss","James Simpson"
"Andy Montroll","skipped","skipped","skipped","skipped"
"Bob Kiss","James Simpson","Andy Montroll","skipped","skipped"
"Bob Kiss","James Simpson","Andy Montroll","Dan Smith","Kurt Wright"
"Andy Montroll","Bob Kiss","skipped","skipped","skipped"
"Andy Montroll","Bob Kiss","skipped","skipped","skipped"
"Andy Montroll","skipped","skipped","skipped","skipped"
"Andy Montroll","Kurt Wright","skipped","skipped","skipped"
"Andy Montroll","Kurt Wright","James Simpson","Dan Smith","Bob Kiss"
"Andy Montroll","Kurt Wright","Dan Smith","skipped","skipped"
"Dan Smith","Kurt Wright","Andy Montroll","skipped","skipped"
"Dan Smith","Kurt Wright","Bob Kiss","Andy Montroll","skipped"
"Andy Montroll","Kurt Wright","skipped","skipped","skipped"
"Andy Montroll","Kurt Wright","skipped","skipped","skipped"
"Andy Montroll","skipped","skipped","skipped","skipped"
"Dan Smith","Bob Kiss","Andy Montroll","skipped","skipped"
"Bob Kiss","skipped","skipped","skipped","skipped"
"Andy Montroll","Bob Kiss","skipped","skipped","skipped"
"Andy Montroll","Bob Kiss","Dan Smith","skipped","skipped"
"Kurt Wright","Dan Smith","skipped","skipped","skipped"
"Kurt Wright","Dan Smith","Andy Montroll","skipped","skipped"
"Dan Smith","Kurt Wright","Bob Kiss","Andy Montroll","skipped"
"Andy Montroll","Dan Smith","Bob Kiss","skipped","skipped"
"Bob Kiss","Andy Montroll","skipped","skipped","skipped"
"Dan Smith","Bob Kiss","Andy Montroll","James Simpson","Kurt Wright"
"Bob Kiss","Andy Montroll","Dan Smith","skipped","skipped"
"Kurt Wright","Dan Smith","Andy Montroll","Bob Kiss","James Simpson"
"Dan Smith","Bob Kiss","Andy Montroll","skipped","skipped"
"Andy Montroll","Bob Kiss","James Simpson","Dan Smith","skipped"
"Andy Montroll","Bob Kiss","skipped","skipped","skipped"
"Kurt Wright","Dan Smith","Andy Montroll","Bob Kiss","skipped"
"Kurt Wright","Dan Smith","Andy Montroll","Bob Kiss","James Simpson"
"Bob Kiss","skipped","skipped","skipped","skipped"
"Bob Kiss","Andy Montroll","Dan Smith","Kurt Wright","James Simpson"
"Dan Smith","Bob Kiss","Andy Montroll","James Simpson","Kurt Wright"
"Dan Smith","Kurt Wright","Bob Kiss","skipped","skipped"
"Andy Montroll","Dan Smith","skipped","skipped","skipped"
"Bob Kiss","Andy Montroll","Kurt Wright","Dan Smith","James Simpson"
"Kurt Wright","Andy Montroll","skipped","skipped","skipped"
"Bob Kiss","skipped","skipped","skipped","skipped"
"Dan Smith","Andy Montroll","Kurt Wright","skipped","skipped"
"Andy Montroll","Kurt Wright","Dan Smith","Bob Kiss","James Simpson"
"Andy Montroll","Kurt Wright","Dan Smith","James Simpson","Bob Kiss"
"Andy Montroll","Bob Kiss","James Simpson","Dan Smith","Kurt Wright"
"Bob Kiss","Andy Montroll","James Simpson","Dan Smith","skipped"
"Andy Montroll","Bob Kiss","Dan Smith","James Simpson","Kurt Wright"
"Andy Montroll","Dan Smith","skipped","skipped","skipped"
"Andy Montroll","Bob Kiss","skipped","skipped","skipped"
"Dan Smith","Kurt Wright","Bob Kiss","James Simpson","Andy Montroll"
"Kurt Wright","skipped","skipped","skipped","skipped"
"Bob Kiss","Andy Montroll","Dan Smith","James Simpson","skipped"
"Andy Montroll","Dan Smith","Bob Kiss","skipped","skipped"
"Andy Montroll","Dan Smith","Bob Kiss","skipped","skipped"
"Andy Montroll","Kurt Wright","Bob Kiss","skipped","skipped"
"Kurt Wright","Andy Montroll","Dan Smith","James Simpson","Bob Kiss"
"Andy Montroll","Dan Smith","Bob Kiss","skipped","skipped"
"Kurt Wright","skipped","skipped","skipped","skipped"
"Dan Smith","Andy Montroll","Bob Kiss","skipped","skipped"
"Kurt Wright","skipped","skipped","skipped","skipped"
"Kurt Wright","Andy Montroll","Dan Smith","skipped","skipped"
"Kurt Wright","Dan Smith","skipped","skipped","skipped"
"Kurt Wright","Dan Smith","skipped","skipped","skipped"
"Kurt Wright","Dan Smith","James Simpson","skipped","skipped"
"Andy Montroll","Kurt Wright","Dan Smith","Bob Kiss","James Simpson"
"Andy Montroll","Dan Smith","Kurt Wright","skipped","skipped"
"Bob Kiss","Andy Montroll","Dan Smith","Kurt Wright","James Simpson"
"Andy Montroll","Bob Kiss","Kurt Wright","Dan Smith","skipped"
"Andy Montroll","Bob Kiss","Dan Smith","James Simpson","Kurt Wright"
"Kurt Wright","Dan Smith","skipped","skipped","skipped"
"Kurt Wright","Dan Smith","Bob Kiss","Andy Montroll","skipped"
"Kurt Wright","skipped","skipped","skipped","skipped"
"Bob Kiss","Andy Montroll","Dan Smith","Kurt Wright","James Simpson"
"Kurt Wright","skipped","skipped","skipped","skipped"
"Kurt Wright","skipped","skipped","skipped","skipped"
"Kurt Wright","James Simpson","Dan Smith","Bob Kiss","Andy Montroll"
"Kurt Wright","Dan Smith","skipped","skipped","skipped"
"Andy Montroll","Dan Smith","skipped","skipped","skipped"
"Dan Smith","Andy Montroll","Bob Kiss","skipped","skipped"
"Andy Montroll","Dan Smith","Bob Kiss","skipped","skipped"
"Bob Kiss","Andy Montroll","Dan Smith","James Simpson","Kurt Wright"
"Kurt Wright","skipped","skipped","skipped","skipped"
"Andy Montroll","Dan Smith","Bob Kiss","Kurt Wright","James Simpson"
"Kurt Wright","Dan Smith","skipped","skipped","skipped"
"Bob Kiss","Andy Montroll","Dan Smith","skipped","skipped"
"Kurt Wright","skipped","skipped","skipped","skipped"
"Kurt Wright","skipped","skipped","skipped","skipped"
"Andy Montroll","Dan Smith","skipped","skipped","skipped"
"Bob Kiss","Andy Montroll","Dan Smith","skipped","skipped"
"Kurt Wright","Dan Smith","skipped","skipped","skipped"
"Dan Smith","Bob Kiss","Andy Montroll","James Simpson","Kurt Wright"
"Bob Kiss","Dan Smith","Kurt Wright","Andy Montroll","skipped"
"Andy Montroll","Kurt Wright","Bob Kiss","skipped","skipped"
"Kurt Wright","skipped","skipped","skipped","skipped"
"Kurt Wright","skipped","skipped","skipped","skipped"
"Bob Kiss","Kurt Wright","Andy Montroll","Dan Smith","James Simpson"
"Bob Kiss","Andy Montroll","Dan Smith","skipped","skipped"
"Bob Kiss","Andy Montroll","James Simpson","Dan Smith","Kurt Wright"
"Andy Montroll","Bob Kiss","skipped","skipped","skipped"
"Dan Smith","Bob Kiss","James Simpson","Andy Montroll","Kurt Wright"
"Bob Kiss","Andy Montroll","skipped","skipped","skipped"
"Dan Smith","Kurt Wright","Andy Montroll","Bob Kiss","James Simpson"
"Andy Montroll","Kurt Wright","Dan Smith","Bob Kiss","James Simpson"
"Kurt Wright","Dan Smith","skipped","skipped","skipped"
"Kurt Wright","skipped","skipped","Andy Montroll","Bob Kiss"
"Kurt Wright","skipped","skipped","skipped","skipped"
"Dan Smith","Andy Montroll","Bob Kiss","skipped","skipped"
"Bob Kiss","Andy Montroll","Dan Smith","skipped","skipped"
"Kurt Wright","Dan Smith","James Simpson","Andy Montroll","Bob Kiss"
"Kurt Wright","Bob Kiss","Dan Smith","Andy Montroll","skipped"
"Andy Montroll","Dan Smith","Kurt Wright","Bob Kiss","James Simpson"
"Andy Montroll","Dan Smith","James Simpson","Bob Kiss","Kurt Wright"
"Andy Montroll","Dan Smith","Kurt Wright","skipped","skipped"
"Andy Montroll","Bob Kiss","skipped","skipped","skipped"
"Andy Montroll","Bob Kiss","skipped","skipped","skipped"
"Kurt Wright","Dan Smith","Andy Montroll","Bob Kiss","James Simpson"
"Dan Smith","Bob Kiss","James Simpson","Andy Montroll","Write-in"
"Andy Montroll","Bob Kiss","Dan Smith","skipped","skipped"
"Kurt Wright","skipped","skipped","skipped","skipped"
"Andy Montroll","Bob Kiss","Dan Smith","Kurt Wright","James Simpson"
"Dan Smith","Bob Kiss","Andy Montroll","James Simpson","Kurt Wright"
"Dan Smith","Andy Montroll","Bob Kiss","Kurt Wright","James Simpson"
"Bob Kiss","Andy Montroll","Dan Smith","skipped","skipped"
"Dan Smith","Andy Montroll","Bob Kiss","James Simpson","Kurt Wright"
"Dan Smith","Andy Montroll","Bob Kiss","Kurt Wright","James Simpson"
"Kurt Wright","Bob Kiss","skipped","skipped","skipped"
"Bob Kiss","James Simpson","skipped","skipped","skipped"
"Andy Montroll","Bob Kiss","skipped","skipped","skipped"
"Kurt Wright","skipped","skipped","skipped","skipped"
"Bob Kiss","Kurt Wright","skipped","skipped","skipped"
"Dan Smith","Bob Kiss","Andy Montroll","James Simpson","Kurt Wright"
"Andy Montroll","James Simpson","Bob Kiss","Kurt Wright","skipped"
"Andy Montroll","James Simpson","Dan Smith","Bob Kiss","Kurt Wright"
"Dan Smith","Bob Kiss","Andy Montroll","James Simpson","Kurt Wright"
"Bob Kiss","Andy Montroll","James Simpson","Dan Smith","Kurt Wright"
"Bob Kiss","Kurt Wright","Andy Montroll","skipped","skipped"
"Kurt Wright","Dan Smith","skipped","skipped","skipped"
"Bob Kiss","Andy Montroll","Dan Smith","skipped","skipped"
"Dan Smith","Andy Montroll","Bob Kiss","skipped","skipped"
"Dan Smith","skipped","skipped","skipped","skipped"
"Dan Smith","Kurt Wright","skipped","skipped","skipped"
"Kurt Wright","skipped","skipped","skipped","skipped"
"Andy Montroll","Bob Kiss","skipped","skipped","skipped"
"Kurt Wright","skipped","skipped","skipped","skipped"
"Andy Montroll","skipped","skipped","skipped","skipped"
"Bob Kiss","Andy Montroll","skipped","skipped","skipped"
"Bob Kiss","Andy Montroll","skipped","skipped","skipped"
"Kurt Wright","Dan Smith","Bob Kiss","Andy Montroll","skipped"
"Bob Kiss","Andy Montroll","James Simpson","Dan Smith","skipped"
"Dan Smith","Bob Kiss","Andy Montroll","skipped","skipped"
"Bob Kiss","skipped","skipped","skipped","skipped"
"Andy Montroll","Bob Kiss","Dan Smith","Kurt Wright","James Simpson"
"Kurt Wright","Dan Smith","skipped","skipped","skipped"
"Andy Montroll","Bob Kiss","skipped","skipped","skipped"
"Dan Smith","Bob Kiss","skipped","skipped","skipped"
"Dan Smith","Andy Montroll","Kurt Wright","skipped","skipped"
"Bob Kiss","Kurt Wright","skipped","skipped","skipped"
"Kurt Wright","Dan Smith","skipped","skipped","skipped"
"skipped","Dan Smith","skipped","skipped","skipped"
"Kurt Wright","Dan Smith","skipped","skipped","skipped"
"Bob Kiss","Andy Montroll","Dan Smith","skipped","skipped"
"Bob Kiss","Dan Smith","Kurt Wright","skipped","skipped"
"Kurt Wright","Bob Kiss","skipped","skipped","skipped"
"Dan Smith","Bob Kiss","Kurt Wright","Andy Montroll","James Simpson"
"Andy Montroll","Dan Smith","Bob Kiss","Kurt Wright","James Simpson"
"Dan Smith","skipped","skipped","skipped","skipped"
"Kurt Wright","Dan Smith","Bob Kiss","James Simpson","Andy Montroll"
"Bob Kiss","Andy Montroll","skipped","skipped","skipped"
"Dan Smith","Andy Montroll","James Simpson","Kurt Wright","Bob Kiss"
"Dan Smith","Bob Kiss","Andy Montroll","skipped","skipped"
"Dan Smith","Andy Montroll","James Simpson","Kurt Wright","Bob Kiss"
"Andy Montroll","Bob Kiss","Dan Smith","Kurt Wright","James Simpson"
"Kurt Wright","Dan Smith","Bob Kiss","Andy Montroll","James Simpson"
"Kurt Wright","Dan Smith","Bob Kiss","Andy Montroll","James Simpson"
"Bob Kiss","Andy Montroll","Dan Smith","James Simpson","Kurt Wright"
"Bob Kiss","Dan Smith","Andy Montroll","James Simpson","Kurt Wright"
"Andy Montroll","Kurt Wright","skipped","skipped","skipped"
"Andy Montroll","skipped","skipped","skipped","skipped"
"Dan Smith","Andy Montroll","Bob Kiss","Kurt Wright","Write-in"
"Bob Kiss","Kurt Wright","Andy Montroll","James Simpson","Dan Smith"
"Dan Smith","Andy Montroll","Bob Kiss","skipped","skipped"
"Dan Smith","Andy Montroll","Bob Kiss","James Simpson","Kurt Wright"
"Andy Montroll","Dan Smith","skipped","skipped","skipped"
"Dan Smith","Andy Montroll","Bob Kiss","Kurt Wright","skipped"
"Andy Montroll","Bob Kiss","Kurt Wright","James Simpson","Dan Smith"
"Andy Montroll","Bob Kiss","Write-in","skipped","skipped"
"Andy Montroll","Bob Kiss","Dan Smith","skipped","skipped"
"Andy Montroll","Kurt Wright","Bob Kiss","skipped","skipped"
"Andy Montroll","Kurt Wright","skipped","skipped","skipped"
"Andy Montroll","Dan Smith","Bob Kiss","skipped","skipped"
"Dan Smith","Bob Kiss","Andy Montroll","Kurt Wright","skipped"
"Dan Smith","Bob Kiss","Andy Montroll","Write-in","Kurt Wright"
"Kurt Wright","Dan Smith","skipped","skipped","skipped"
"Andy Montroll","Kurt Wright","Bob Kiss","skipped","skipped"
"Bob Kiss","Andy Montroll","James Simpson","skipped","skipped"
"Bob Kiss","Dan Smith","skipped","skipped","skipped"
"Andy Montroll","skipped","skipped","skipped","skipped"
"Bob Kiss","Andy Montroll","Write-in","Kurt Wright","James Simpson"
"Bob Kiss","Kurt Wright","Andy Montroll","skipped","James Simpson"
"Dan Smith","Andy Montroll","Kurt Wright","Bob Kiss","skipped"
"Bob Kiss","Andy Montroll","skipped","skipped","skipped"
"Andy Montroll","Dan Smith","Bob Kiss","Kurt Wright","James Simpson"
"Andy Montroll","Dan Smith","Bob Kiss","Kurt Wright","James Simpson"
"Andy Montroll","Bob Kiss","Dan Smith","skipped","skipped"
"Bob Kiss","Andy Montroll","Dan Smith","skipped","skipped"
"Kurt Wright","Dan Smith","skipped","skipped","skipped"
"Dan Smith","Andy Montroll","Bob Kiss","Kurt Wright","James Simpson"
"Dan Smith","Kurt Wright","skipped","skipped","skipped"
"Bob Kiss","skipped","skipped","skipped","skipped"
"Andy Montroll","Dan Smith","Bob Kiss","skipped","skipped"
"Bob Kiss","Andy Montroll","Dan Smith","Kurt Wright","skipped"
"Andy Montroll","Bob Kiss","skipped","skipped","skipped"
"Bob Kiss","skipped","skipped","skipped","skipped"
"Bob Kiss","Andy Montroll","skipped","skipped","skipped"
"Bob Kiss","Andy Montroll","skipped","skipped","skipped"
"Andy Montroll","James Simpson","Bob Kiss","skipped","skipped"
"Kurt Wright","skipped","skipped","skipped","skipped"
"Bob Kiss","Andy Montroll","Dan Smith","Kurt Wright","James Simpson"
"Dan Smith","Kurt Wright","skipped","skipped","skipped"
"Andy Montroll","skipped","Dan Smith","overvote","Bob Kiss"
"Andy Montroll","Bob Kiss","Dan Smith","skipped","skipped"
"Dan Smith","Kurt Wright","Andy Montroll","James Simpson","Bob Kiss"
"Andy Montroll","Bob Kiss","Dan Smith","Kurt Wright","skipped"
"Dan Smith","Bob Kiss","Andy Montroll","James Simpson","Kurt Wright"
"Andy Montroll","Dan Smith","Bob Kiss","Kurt Wright","James Simpson"
"Bob Kiss","Andy Montroll","skipped","skipped","skipped"
"Bob Kiss","Andy Montroll","Kurt Wright","Dan Smith","skipped"
"Andy Montroll","Bob Kiss","Kurt Wright","Dan Smith","James Simpson"
"Andy Montroll","Dan Smith","Kurt Wright","James Simpson","Bob Kiss"
"Andy Montroll","Bob Kiss","skipped","skipped","skipped"
"Kurt Wright","Andy Montroll","Dan Smith","Bob Kiss","James Simpson"
"Dan Smith","Kurt Wright","skipped","skipped","skipped"
"Andy Montroll","Dan Smith","skipped","skipped","skipped"
"Andy Montroll","Bob Kiss","skipped","skipped","skipped"
"Andy Montroll","Bob Kiss","Dan Smith","skipped","skipped"
"Andy Montroll","Dan Smith","James Simpson","Kurt Wright","Bob Kiss"
"Kurt Wright","Dan Smith","James Simpson","skipped","skipped"
"Dan Smith","Bob Kiss","Kurt Wright","Andy Montroll","James Simpson"
"Bob Kiss","Write-in","Dan Smith","Andy Montroll","James Simpson"
"Bob Kiss","Andy Montroll","Dan Smith","Kurt Wright","skipped"
"Dan Smith","Kurt Wright","Andy Montroll","Bob Kiss","James Simpson"
"Andy Montroll","Dan Smith","Kurt Wright","Write-in","skipped"
"Kurt Wright","Dan Smith","Write-in","skipped","skipped"
"Kurt Wright","Dan Smith","Bob Kiss","skipped","skipped"
"Dan Smith","skipped","skipped","skipped","skipped"
"Bob Kiss","Andy Montroll","James Simpson","Kurt Wright","Dan Smith"
"Bob Kiss","Andy Montroll","skipped","skipped","skipped"
"Dan Smith","Andy Montroll","Kurt Wright","Bob Kiss","skipped"
"Andy Montroll","Dan Smith","Bob Kiss","Kurt Wright","James Simpson"
"Andy Montroll","Kurt Wright","Bob Kiss","Dan Smith","James Simpson"
"Dan Smith","Kurt Wright","Bob Kiss","Andy Montroll","skipped"
"Bob Kiss","Andy Montroll","skipped","skipped","skipped"
"Bob Kiss","Andy Montroll","Dan Smith","skipped","skipped"
"Andy Montroll","skipped","skipped","skipped","skipped"
"Bob Kiss","skipped","skipped","skipped","skipped"
"Andy Montroll","Dan Smith","Bob Kiss","Kurt Wright","skipped"
"Bob Kiss","Dan Smith","Andy Montroll","Kurt Wright","James Simpson"
"Bob Kiss","Andy Montroll","skipped","skipped","skipped"
"Andy Montroll","Kurt Wright","Bob Kiss","Dan Smith","James Simpson"
"Andy Montroll","Kurt Wright","James Simpson","skipped","skipped"
"Dan Smith","Kurt Wright","Andy Montroll","Bob Kiss","skipped"
"James Simpson","Kurt Wright","skipped","skipped","skipped"
"Bob Kiss","Dan Smith","Andy Montroll","Kurt Wright","James Simpson"
"Dan Smith","Andy Montroll","skipped","skipped","skipped"
"Bob Kiss","skipped","skipped","skipped","skipped"
"Andy Montroll","Bob Kiss","Dan Smith","Kurt Wright","skipped"
"Kurt Wright","Andy Montroll","Bob Kiss","Dan Smith","James Simpson"
"Dan Smith","Kurt Wright","skipped","skipped","skipped"
"Bob Kiss","Dan Smith","skipped","skipped","skipped"
"Andy Montroll","Bob Kiss","James Simpson","Kurt Wright","Dan Smith"
"Bob Kiss","skipped","skipped","skipped","skipped"
"Bob Kiss","Andy Montroll","skipped","skipped","skipped"
"Bob Kiss","skipped","skipped","skipped","skipped"
"Kurt Wright","Dan Smith","Andy Montroll","Bob Kiss","skipped"
"Kurt Wright","Dan Smith","Andy Montroll","skipped","Bob Kiss"
"Bob Kiss","Andy Montroll","Dan Smith","skipped","skipped"
"Bob Kiss","Andy Montroll","skipped","skipped","skipped"
"Kurt Wright","Bob Kiss","Dan Smith","skipped","skipped"
"Andy Montroll","Dan Smith","Kurt Wright","Bob Kiss","James Simpson"
"Bob Kiss","Andy Montroll","Dan Smith","skipped","skipped"
"Andy Montroll","Bob Kiss","Dan Smith","skipped","skipped"
"Andy Montroll","Kurt Wright","Dan Smith","Bob Kiss","James Simpson"
"Kurt Wright","James Simpson","Andy Montroll","Bob Kiss","Dan Smith"
"Bob Kiss","Andy Montroll","Dan Smith","skipped","skipped"
"Bob Kiss","skipped","skipped","skipped","skipped"
"Andy Montroll","Kurt Wright","Bob Kiss","skipped","skipped"
"Bob Kiss","Andy Montroll","James Simpson","skipped","skipped"
"Dan Smith","Bob Kiss","Andy Montroll","Kurt Wright","James Simpson"
"Kurt Wright","Dan Smith","Andy Montroll","skipped","skipped"
"Dan Smith","Andy Montroll","James Simpson","Kurt Wright","Bob Kiss"
"Bob Kiss","Andy Montroll","skipped","skipped","skipped"
"Andy Montroll","Kurt Wright","Dan Smith","James Simpson","Bob Kiss"
"Bob Kiss","Andy Montroll","Dan Smith","skipped","skipped"
"Andy Montroll","Kurt Wright","Bob Kiss","skipped","skipped"
"Bob Kiss","Andy Montroll","Kurt Wright","Dan Smith","James Simpson"
"Bob Kiss","Andy Montroll","skipped","skipped","skipped"
"Andy Montroll","Kurt Wright","Dan Smith","Bob Kiss","James Simpson"
"Andy Montroll","Bob Kiss","Dan Smith","skipped","skipped"
"Kurt Wright","Dan Smith","James Simpson","skipped","skipped"
"Kurt Wright","Andy Montroll","Dan Smith","skipped","skipped"
"Bob Kiss","Dan Smith","skipped","skipped","skipped"
"Andy Montroll","Dan Smith","Bob Kiss","Kurt Wright","James Simpson"
"Andy Montroll","Bob Kiss","skipped","skipped","skipped"
"Andy Montroll","Dan Smith","Kurt Wright","Bob Kiss","skipped"
"Andy Montroll","Bob Kiss","Dan Smith","skipped","skipped"
"Kurt Wright","skipped","skipped","skipped","skipped"
"Andy Montroll","skipped","skipped","skipped","skipped"
"Bob Kiss","Andy Montroll","Dan Smith","James Simpson","skipped"
"Bob Kiss","Andy Montroll","skipped","skipped","skipped"
"Dan Smith","Andy Montroll","skipped","skipped","skipped"
"Bob Kiss","Andy Montroll","skipped","skipped","skipped"
"Dan Smith","Kurt Wright","Andy Montroll","skipped","skipped"
"Andy Montroll","Dan Smith","Kurt Wright","James Simpson","Bob Kiss"
"Bob Kiss","Dan Smith","James Simpson","Andy Montroll","Kurt Wright"
"Bob Kiss","Andy Montroll","skipped","skipped","skipped"
"Dan Smith","Andy Montroll","Bob Kiss","skipped","skipped"
"Andy Montroll","Kurt Wright","Dan Smith","Bob Kiss","skipped"
"Andy Montroll","Bob Kiss","Dan Smith","Kurt Wright","James Simpson"
"Bob Kiss","Dan Smith","Andy Montroll","Kurt Wright","James Simpson"
"Bob Kiss","Andy Montroll","Kurt Wright","Dan Smith","James Simpson"
"Dan Smith","Andy Montroll","Kurt Wright","Bob Kiss","skipped"
"Dan Smith","Andy Montroll","Bob Kiss","James Simpson","Kurt Wright"
"James Simpson","Dan Smith","Bob Kiss","skipped","skipped"
"Andy Montroll","Dan Smith","Kurt Wright","James Simpson","Bob Kiss"
"Andy Montroll","Dan Smith","Bob Kiss","James Simpson","Kurt Wright"
"Dan Smith","Andy Montroll","Kurt Wright","James Simpson","skipped"
"Bob Kiss","skipped","skipped","skipped","skipped"
"Andy Montroll","Dan Smith","skipped","skipped","skipped"
"Bob Kiss","Dan Smith","skipped","skipped","skipped"
"Bob Kiss","Andy Montroll","Kurt Wright","Dan Smith","James Simpson"
"Andy Montroll","Dan Smith","Bob Kiss","Kurt Wright","skipped"
"Andy Montroll","skipped","skipped","skipped","skipped"
"Andy Montroll","Bob Kiss","Dan Smith","skipped","skipped"
"Bob Kiss","Andy Montroll","skipped","skipped","skipped"
"Bob Kiss","Andy Montroll","skipped","skipped","skipped"
"Dan Smith","Andy Montroll","Bob Kiss","Kurt Wright","James Simpson"
"Kurt Wright","Andy Montroll","Bob Kiss","Dan Smith","James Simpson"
"Bob Kiss","James Simpson","skipped","skipped","skipped"
"Andy Montroll","Bob Kiss","Dan Smith","skipped","skipped"
"Dan Smith","Kurt Wright","Bob Kiss","skipped","Andy Montroll"
"Dan Smith","skipped","skipped","skipped","skipped"
"Dan Smith","Kurt Wright","Andy Montroll","skipped","skipped"
"Dan Smith","Kurt Wright","skipped","skipped","skipped"
"Dan Smith","Andy Montroll","Bob Kiss","James Simpson","Kurt Wright"
"Dan Smith","Kurt Wright","James Simpson","Andy Montroll","Bob Kiss"
"Bob Kiss","Andy Montroll","Dan Smith","James Simpson","Kurt Wright"
"Bob Kiss","Andy Montroll","skipped","skipped","skipped"
"Dan Smith","Bob Kiss","James Simpson","Andy Montroll","Kurt Wright"
"Kurt Wright","Dan Smith","Andy Montroll","skipped","skipped"
"Dan Smith","Kurt Wright","Andy Montroll","skipped","skipped"
"Dan Smith","Bob Kiss","Kurt Wright","James Simpson","Andy Montroll"
"Kurt Wright","Dan Smith","Bob Kiss","Andy Montroll","skipped"
"Bob Kiss","James Simpson","skipped","skipped","skipped"
"Bob Kiss","Andy Montroll","James Simpson","Dan Smith","skipped"
"Andy Montroll","Kurt Wright","Dan Smith","Bob Kiss","skipped"
"Andy Montroll","Kurt Wright","Dan Smith","skipped","skipped"
"Dan Smith","Andy Montroll","James Simpson","Bob Kiss","skipped"
"Dan Smith","Kurt Wright","Andy Montroll","skipped","skipped"
"Dan Smith","Bob Kiss","skipped","skipped","skipped"
"Andy Montroll","Bob Kiss","Dan Smith","skipped","skipped"
"Andy Montroll","Bob Kiss","Dan Smith","skipped","skipped"
"Andy Montroll","Bob Kiss","skipped","skipped","skipped"
"Dan Smith","Andy Montroll","skipped","skipped","skipped"
"Kurt Wright","Dan Smith","skipped","skipped","skipped"
"Kurt Wright","Dan Smith","skipped","skipped","skipped"
"Dan Smith","skipped","skipped","skipped","skipped"
"Andy Montroll","skipped","skipped","skipped","skipped"
"Andy Montroll","Dan Smith","Kurt Wright","Bob Kiss","James Simpson"
"Kurt Wright","Andy Montroll","Dan Smith","skipped","skipped"
"Kurt Wright","Bob Kiss","Dan Smith","skipped","skipped"
"Bob Kiss","skipped","skipped","skipped","skipped"
"Andy Montroll","Bob Kiss","Dan Smith","James Simpson","Kurt Wright"
"Bob Kiss","Andy Montroll","Kurt Wright","skipped","skipped"
"Dan Smith","Kurt Wright","Bob Kiss","skipped","skipped"
"Kurt Wright","skipped","skipped","skipped","skipped"
"Kurt Wright","Dan Smith","Bob Kiss","James Simpson","Andy Montroll"
"Andy Montroll","Kurt Wright","Bob Kiss","Dan Smith","James Simpson"
"Bob Kiss","Dan Smith","skipped","skipped","skipped"
"Andy Montroll","Bob Kiss","Dan Smith","skipped","skipped"
"Dan Smith","Kurt Wright","skipped","skipped","skipped"
"Andy Montroll","skipped","skipped","skipped","skipped"
"Bob Kiss","Andy Montroll","skipped","skipped","skipped"
"Kurt Wright","skipped","skipped","skipped","skipped"
"Andy Montroll","Dan Smith","skipped","skipped","skipped"
"Bob Kiss","Andy Montroll","Kurt Wright","skipped","skipped"
"Andy Montroll","Bob Kiss","Dan Smith","Kurt Wright","James Simpson"
"Dan Smith","Andy Montroll","Bob Kiss","skipped","skipped"
"Kurt Wright","Andy Montroll","skipped","skipped","skipped"
"Kurt Wright","Andy Montroll","skipped","skipped","skipped"
"Bob Kiss","Andy Montroll","James Simpson","Dan Smith","Kurt Wright"
"Andy Montroll","Dan Smith","Bob Kiss","James Simpson","skipped"
"Bob Kiss","Andy Montroll","Dan Smith","Kurt Wright","James Simpson"
"Andy Montroll","Dan Smith","Kurt Wright","Bob Kiss","James Simpson"
"Andy Montroll","Dan Smith","Kurt Wright","Bob Kiss","James Simpson"
"Dan Smith","Kurt Wright","Bob Kiss","Andy Montroll","James Simpson"
"Bob Kiss","Kurt Wright","Andy Montroll","Dan Smith","James Simpson"
"Kurt Wright","Andy Montroll","skipped","skipped","skipped"
"Dan Smith","Andy Montroll","skipped","skipped","skipped"
"Dan Smith","Kurt Wright","Andy Montroll","Bob Kiss","James Simpson"
"Kurt Wright","Dan Smith","James Simpson","Andy Montroll","skipped"
"Andy Montroll","skipped","skipped","skipped","skipped"
"Bob Kiss","Dan Smith","Kurt Wright","skipped","skipped"
"Andy Montroll","Bob Kiss","Dan Smith","James Simpson","Kurt Wright"
"Bob Kiss","skipped","skipped","skipped","skipped"
"Andy Montroll","Bob Kiss","Dan Smith","James Simpson","skipped"
"Bob Kiss","Dan Smith","Andy Montroll","skipped","skipped"
"Dan Smith","skipped","skipped","skipped","skipped"
"Bob Kiss","Andy Montroll","James Simpson","skipped","skipped"
"Dan Smith","skipped","skipped","skipped","skipped"
"Bob Kiss","Dan Smith","James Simpson","skipped","skipped"
"Andy Montroll","Dan Smith","Bob Kiss","Kurt Wright","James Simpson"
"Kurt Wright","skipped","skipped","skipped","skipped"
"Andy Montroll","Bob Kiss","Dan Smith","Kurt Wright","skipped"
"Andy Montroll","Bob Kiss","Dan Smith","skipped","skipped"
"Kurt Wright","Dan Smith","Andy Montroll","skipped","skipped"
"Dan Smith","Kurt Wright","Bob Kiss","Andy Montroll","James Simpson"
"Andy Montroll","Dan Smith","Kurt Wright","Bob Kiss","James Simpson"
"Bob Kiss","Andy Montroll","Dan Smith","James Simpson","skipped"
"Andy Montroll","Bob Kiss","Kurt Wright","Dan Smith","James Simpson"
"Andy Montroll","skipped","skipped","skipped","skipped"
"Bob Kiss","Kurt Wright","Andy Montroll","Dan Smith","James Simpson"
"Bob Kiss","Andy Montroll","skipped","skipped","skipped"
"Andy Montroll","Dan Smith","skipped","skipped","skipped"
"Dan Smith","Kurt Wright","Andy Montroll","skipped","skipped"
"Andy Montroll","Bob Kiss","Dan Smith","skipped","skipped"
"Kurt Wright","Dan Smith","Bob Kiss","skipped","skipped"
"Kurt Wright","Dan Smith","skipped","skipped","skipped"
"Dan Smith","skipped","skipped","skipped","skipped"
"Andy Montroll","Dan Smith","Kurt Wright","Bob Kiss","skipped"
"Bob Kiss","Dan Smith","skipped","skipped","skipped"
"Bob Kiss","Dan Smith","Andy Montroll","skipped","skipped"
"Bob Kiss","Andy Montroll","James Simpson","Dan Smith","Kurt Wright"
"Andy Montroll","Dan Smith","Kurt Wright","skipped","skipped"
"Andy Montroll","Dan Smith","Kurt Wright","James Simpson","Bob Kiss"
"Bob Kiss","Andy Montroll","Dan Smith","skipped","skipped"
"Bob Kiss","Andy Montroll","skipped","skipped","skipped"
"Dan Smith","Andy Montroll","Kurt Wright","Bob Kiss","James Simpson"
"Bob Kiss","Andy Montroll","Dan Smith","skipped","skipped"
"Bob Kiss","Andy Montroll","James Simpson","Dan Smith","Kurt Wright"
"Bob Kiss","Andy Montroll","Dan Smith","James Simpson","Kurt Wright"
"Dan Smith","Kurt Wright","skipped","skipped","skipped"
"Kurt Wright","Dan Smith","skipped","skipped","skipped"
"Kurt Wright","Dan Smith","skipped","skipped","skipped"
"Andy Montroll","Bob Kiss","skipped","skipped","skipped"
"Andy Montroll","Bob Kiss","Dan Smith","skipped","skipped"
"Andy Montroll","Kurt Wright","Dan Smith","Bob Kiss","skipped"
"Dan Smith","Bob Kiss","Andy Montroll","skipped","skipped"
"Bob Kiss","skipped","skipped","skipped","skipped"
"Andy Montroll","Dan Smith","Bob Kiss","skipped","skipped"
"Andy Montroll","Bob Kiss","Kurt Wright","Dan Smith","James Simpson"
"Andy Montroll","Dan Smith","James Simpson","Bob Kiss","Kurt Wright"
"Andy Montroll","Bob Kiss","skipped","skipped","skipped"
"Bob Kiss","Dan Smith","Andy Montroll","Kurt Wright","skipped"
"Bob Kiss","Andy Montroll","Dan Smith","skipped","skipped"
"Andy Montroll","Dan Smith","Bob Kiss","Kurt Wright","James Simpson"
"Dan Smith","Bob Kiss","Kurt Wright","Andy Montroll","James Simpson"
"Andy Montroll","Kurt Wright","skipped","skipped","skipped"
"Bob Kiss","Andy Montroll","James Simpson","Dan Smith","Kurt Wright"
"Kurt Wright","Andy Montroll","Dan Smith","James Simpson","Bob Kiss"
"Dan Smith","Bob Kiss","Andy Montroll","Kurt Wright","James Simpson"
"Dan Smith","Kurt Wright","skipped","skipped","skipped"
"Kurt Wright","Dan Smith","skipped","skipped","skipped"
"Kurt Wright","Andy Montroll","Dan Smith","skipped","skipped"
"Andy Montroll","Kurt Wright","skipped","skipped","skipped"
"Kurt Wright","Andy Montroll","Dan Smith","Bob Kiss","skipped"
"Kurt Wright","skipped","skipped","skipped","skipped"
"Bob Kiss","Andy Montroll","James Simpson","skipped","skipped"
"Kurt Wright","Andy Montroll","Bob Kiss","Dan Smith","James Simpson"
"Andy Montroll","Kurt Wright","Dan Smith","Bob Kiss","skipped"
"Andy Montroll","Dan Smith","Bob Kiss","skipped","skipped"
"Bob Kiss","Dan Smith","James Simpson","skipped","skipped"
"Bob Kiss","Andy Montroll","Dan Smith","Kurt Wright","skipped"
"Bob Kiss","Andy Montroll","Dan Smith","Kurt Wright","James Simpson"
"Andy Montroll","Kurt Wright","Bob Kiss","Dan Smith","James Simpson"
"Dan Smith","Kurt Wright","Andy Montroll","Bob Kiss","skipped"
"Dan Smith","Kurt Wright","Andy Montroll","Bob Kiss","James Simpson"
"Andy Montroll","Dan Smith","skipped","skipped","skipped"
"Bob Kiss","Andy Montroll","Dan Smith","skipped","skipped"
"Dan Smith","Andy Montroll","Bob Kiss","Kurt Wright","James Simpson"
"Andy Montroll","Bob Kiss","Dan Smith","Write-in","James Simpson"
"Andy Montroll","Dan Smith","Bob Kiss","Kurt Wright","James Simpson"
"Andy Montroll","Dan Smith","skipped","skipped","skipped"
"Bob Kiss","Andy Montroll","Kurt Wright","skipped","skipped"
"Kurt Wright","Dan Smith","skipped","skipped","skipped"
"Andy Montroll","Dan Smith","skipped","skipped","skipped"
"Kurt Wright","Dan Smith","skipped","skipped","skipped"
"Bob Kiss","Dan Smith","skipped","skipped","skipped"
"Andy Montroll","Dan Smith","Kurt Wright","James Simpson","Bob Kiss"
"Dan Smith","skipped","skipped","skipped","skipped"
"Andy Montroll","Dan Smith","Bob Kiss","Kurt Wright","skipped"
"Andy Montroll","Bob Kiss","Dan Smith","skipped","skipped"
"Andy Montroll","Bob Kiss","Dan Smith","skipped","skipped"
"Bob Kiss","Andy Montroll","Dan Smith","Kurt Wright","James Simpson"
"Bob Kiss","Dan Smith","Kurt Wright","Andy Montroll","skipped"
"Bob Kiss","James Simpson","Andy Montroll","Dan Smith","Write-in"
"Dan Smith","Kurt Wright","skipped","skipped","skipped"
"Andy Montroll","Dan Smith","Bob Kiss","Kurt Wright","James Simpson"
"Dan Smith","Kurt Wright","Andy Montroll","skipped","skipped"
"Dan Smith","Andy Montroll","Bob Kiss","James Simpson","Kurt Wright"
"Andy Montroll","Dan Smith","Bob Kiss","James Simpson","Kurt Wright"
"Andy Montroll","skipped","skipped","skipped","skipped"
"Kurt Wright","Andy Montroll","Dan Smith","Bob Kiss","James Simpson"
"Dan Smith","Andy Montroll","skipped","skipped","skipped"
"Bob Kiss","Andy Montroll","Dan Smith","skipped","skipped"
"Kurt Wright","Dan Smith","Andy Montroll","Bob Kiss","James Simpson"
"Bob Kiss","Dan Smith","skipped","skipped","skipped"
"Andy Montroll","Kurt Wright","skipped","skipped","skipped"
"Andy Montroll","Dan Smith","Kurt Wright","Bob Kiss","James Simpson"
"Kurt Wright","Andy Montroll","Dan Smith","skipped","skipped"
"Andy Montroll","Bob Kiss","skipped","skipped","skipped"
"Bob Kiss","Andy Montroll","James Simpson","Dan Smith","Kurt Wright"
"Bob Kiss","Andy Montroll","Kurt Wright","Dan Smith","skipped"
"Dan Smith","Andy Montroll","Bob Kiss","skipped","skipped"
"Bob Kiss","Andy Montroll","Kurt Wright","skipped","skipped"
"Andy Montroll","Kurt Wright","Bob Kiss","skipped","skipped"
"Kurt Wright","Dan Smith","skipped","skipped","skipped"
"Andy Montroll","skipped","skipped","skipped","skipped"
"Bob Kiss","Dan Smith","James Simpson","skipped","skipped"
"Andy Montroll","skipped","skipped","skipped","skipped"
"Kurt Wright","skipped","skipped","skipped","skipped"
"Bob Kiss","Andy Montroll","Dan Smith","skipped","skipped"
"Andy Montroll","Bob Kiss","skipped","skipped","skipped"
"Kurt Wright","Dan Smith","Bob Kiss","Andy Montroll","James Simpson"
"Andy Montroll","Bob Kiss","Dan Smith","skipped","skipped"
"Andy Montroll","Kurt Wright","Dan Smith","skipped","skipped"
"Andy Montroll","Bob Kiss","Dan Smith","skipped","skipped"
"Andy Montroll","Kurt Wright","Bob Kiss","skipped","skipped"
"Bob Kiss","skipped","skipped","skipped","skipped"
"Dan Smith","Kurt Wright","Andy Montroll","James Simpson","Bob Kiss"
"Dan Smith","Bob Kiss","Kurt Wright","skipped","skipped"
"Bob Kiss","Andy Montroll","James Simpson","Dan Smith","Kurt Wright"
"Bob Kiss","Andy Montroll","Kurt Wright","Dan Smith","James Simpson"
"Bob Kiss","James Simpson","Dan Smith","Andy Montroll","Kurt Wright"
"Andy Montroll","Dan Smith","Bob Kiss","James Simpson","skipped"
"Dan Smith","Kurt Wright","skipped","skipped","skipped"
"Andy Montroll","Dan Smith","Bob Kiss","skipped","skipped"
"Dan Smith","Andy Montroll","James Simpson","Kurt Wright","Bob Kiss"
"Kurt Wright","Bob Kiss","Andy Montroll","Dan Smith","James Simpson"
"Dan Smith","James Simpson","Andy Montroll","Bob Kiss","Kurt Wright"
"Kurt Wright","skipped","skipped","skipped","skipped"
"Bob Kiss","skipped","skipped","skipped","skipped"
"Andy Montroll","Bob Kiss","Dan Smith","skipped","skipped"
"Bob Kiss","Andy Montroll","Kurt Wright","James Simpson","Dan Smith"
"Kurt Wright","Dan Smith","Bob Kiss","skipped","skipped"
"Bob Kiss","Andy Montroll","Dan Smith","Kurt Wright","skipped"
"Andy Montroll","Dan Smith","Bob Kiss","Kurt Wright","James Simpson"
"Kurt Wright","skipped","skipped","skipped","skipped"
"Kurt Wright","Andy Montroll","Dan Smith","James Simpson","skipped"
"Dan Smith","Andy Montroll","skipped","skipped","skipped"
"Bob Kiss","skipped","skipped","skipped","skipped"
"Dan Smith","Andy Montroll","Bob Kiss","Kurt Wright","James Simpson"
"Kurt Wright","Dan Smith","skipped","skipped","skipped"
"Dan Smith","Kurt Wright","Andy Montroll","skipped","skipped"
"Bob Kiss","Dan Smith","skipped","skipped","skipped"
"Bob Kiss","Andy Montroll","James Simpson","Dan Smith","Kurt Wright"
"Bob Kiss","Dan Smith","Andy Montroll","skipped","skipped"
"Bob Kiss","Dan Smith","skipped","skipped","skipped"
"Kurt Wright","Andy Montroll","Bob Kiss","Dan Smith","skipped"
"Kurt Wright","Andy Montroll","skipped","skipped","skipped"
"Bob Kiss","Dan Smith","James Simpson","skipped","skipped"
"Dan Smith","Andy Montroll","Bob Kiss","skipped","Kurt Wright"
"Bob Kiss","Andy Montroll","James Simpson","Dan Smith","Kurt Wright"
"Andy Montroll","Dan Smith","skipped","skipped","skipped"
"Andy Montroll","Dan Smith","Kurt Wright","skipped","skipped"
"Dan Smith","Andy Montroll","Bob Kiss","skipped","skipped"
"Dan Smith","Bob Kiss","James Simpson","skipped","skipped"
"Bob Kiss","Andy Montroll","Dan Smith","James Simpson","Kurt Wright"
"Bob Kiss","Dan Smith","James Simpson","Andy Montroll","Kurt Wright"
"Andy Montroll","skipped","skipped","skipped","skipped"
"Bob Kiss","Andy Montroll","Dan Smith","skipped","skipped"
"Andy Montroll","Bob Kiss","Dan Smith","Kurt Wright","skipped"
"Kurt Wright","Dan Smith","Bob Kiss","Andy Montroll","James Simpson"
"Andy Montroll","Bob Kiss","Kurt Wright","Dan Smith","skipped"
"Dan Smith","Andy Montroll","skipped","skipped","skipped"
"Dan Smith","Bob Kiss","Kurt Wright","James Simpson","skipped"
"Bob Kiss","Andy Montroll","skipped","skipped","skipped"
"Dan Smith","Andy Montroll","skipped","skipped","skipped"
"Andy Montroll","Dan Smith","Bob Kiss","Kurt Wright","skipped"
"Dan Smith","Bob Kiss","Kurt Wright","skipped","skipped"
"Kurt Wright","Dan Smith","Andy Montroll","skipped","skipped"
"Kurt Wright","Dan Smith","skipped","skipped","skipped"
"Dan Smith","Andy Montroll","skipped","skipped","skipped"
"Andy Montroll","Dan Smith","Kurt Wright","Bob Kiss","skipped"
"Dan Smith","Kurt Wright","Andy Montroll","Bob Kiss","skipped"
"Andy Montroll","Dan Smith","Kurt Wright","Bob Kiss","skipped"
"Kurt Wright","Andy Montroll","skipped","skipped","skipped"
"Dan Smith","James Simpson","Bob Kiss","Andy Montroll","Kurt Wright"
"Bob Kiss","Dan Smith","Andy Montroll","Kurt Wright","skipped"
"Dan Smith","James Simpson","skipped","Bob Kiss","Kurt Wright"
"Andy Montroll","James Simpson","skipped","skipped","skipped"
"Bob Kiss","Andy Montroll","skipped","skipped","skipped"
"Bob Kiss","Andy Montroll","Kurt Wright","skipped","skipped"
"Dan Smith","Bob Kiss","Andy Montroll","Kurt Wright","James Simpson"
"Dan Smith","Kurt Wright","Andy Montroll","Bob Kiss","James Simpson"
"Kurt Wright","Dan Smith","Bob Kiss","Andy Montroll","skipped"
"Bob Kiss","Kurt Wright","Andy Montroll","Dan Smith","James Simpson"
"Kurt Wright","Andy Montroll","Bob Kiss","James Simpson","Dan Smith"
"Andy Montroll","Dan Smith","Kurt Wright","skipped","skipped"
"Andy Montroll","skipped","skipped","skipped","skipped"
"Andy Montroll","Dan Smith","Kurt Wright","Bob Kiss","James Simpson"
"Andy Montroll","Dan Smith","Kurt Wright","skipped","skipped"
"Bob Kiss","Andy Montroll","skipped","skipped","skipped"
"Andy Montroll","Bob Kiss","Dan Smith","skipped","skipped"
"Bob Kiss","skipped","skipped","skipped","skipped"
"Andy Montroll","Bob Kiss","Dan Smith","skipped","skipped"
"Bob Kiss","Andy Montroll","Dan Smith","James Simpson","Write-in"
"Andy Montroll","Dan Smith","Bob Kiss","skipped","skipped"
"Dan Smith","Bob Kiss","Andy Montroll","Kurt Wright","skipped"
"Andy Montroll","Dan Smith","Bob Kiss","Kurt Wright","James Simpson"
"Andy Montroll","Bob Kiss","skipped","skipped","skipped"
"Kurt Wright","Dan Smith","Andy Montroll","Bob Kiss","James Simpson"
"Dan Smith","Bob Kiss","Andy Montroll","skipped","skipped"
"Kurt Wright","Dan Smith","skipped","skipped","skipped"
"Kurt Wright","Dan Smith","Andy Montroll","James Simpson","Bob Kiss"
"Andy Montroll","Dan Smith","Kurt Wright","Bob Kiss","James Simpson"
"Bob Kiss","Andy Montroll","Dan Smith","skipped","skipped"
"Bob Kiss","Dan Smith","Andy Montroll","James Simpson","Kurt Wright"
"Bob Kiss","Andy Montroll","James Simpson","skipped","skipped"
"Dan Smith","Andy Montroll","Kurt Wright","skipped","skipped"
"Bob Kiss","Andy Montroll","Dan Smith","James Simpson","Kurt Wright"
"Kurt Wright","Bob Kiss","Andy Montroll","Dan Smith","James Simpson"
"Dan Smith","Andy Montroll","skipped","skipped","skipped"
"Dan Smith","Kurt Wright","Andy Montroll","James Simpson","Bob Kiss"
"Kurt Wright","Andy Montroll","skipped","skipped","skipped"
"Kurt Wright","skipped","skipped","skipped","Bob Kiss"
"Kurt Wright","Dan Smith","Andy Montroll","Bob Kiss","James Simpson"
"Kurt Wright","Bob Kiss","Dan Smith","Andy Montroll","James Simpson"
"Kurt Wright","James Simpson","skipped","skipped","skipped"
"Andy Montroll","Kurt Wright","Dan Smith","Bob Kiss","James Simpson"
"Kurt Wright","Andy Montroll","Dan Smith","Bob Kiss","skipped"
"Kurt Wright","skipped","skipped","skipped","skipped"
"Andy Montroll","Kurt Wright","Dan Smith","Bob Kiss","James Simpson"
"Kurt Wright","Dan Smith","Andy Montroll","Bob Kiss","James Simpson"
"Bob Kiss","skipped","skipped","skipped","skipped"
"Kurt Wright","skipped","skipped","skipped","skipped"
"Kurt Wright","Bob Kiss","Andy Montroll","Dan Smith","skipped"
"Kurt Wright","skipped","skipped","skipped","skipped"
"Kurt Wright","skipped","skipped","skipped","skipped"
"Andy Montroll","Dan Smith","Kurt Wright","skipped","skipped"
"Andy Montroll","Dan Smith","Bob Kiss","Kurt Wright","James Simpson"
"Kurt Wright","Dan Smith","Andy Montroll","Bob Kiss","skipped"
"Kurt Wright","Andy Montroll","Bob Kiss","skipped","skipped"
"Andy Montroll","Bob Kiss","Dan Smith","James Simpson","Kurt Wright"
"Kurt Wright","Andy Montroll","Dan Smith","Bob Kiss","skipped"
"Kurt Wright","Andy Montroll","Dan Smith","James Simpson","Bob Kiss"
"Dan Smith","Kurt Wright","skipped","skipped","skipped"
"Kurt Wright","Dan Smith","Andy Montroll","James Simpson","skipped"
"Andy Montroll","Bob Kiss","Kurt Wright","Dan Smith","James Simpson"
"Kurt Wright","Andy Montroll","Dan Smith","Bob Kiss","James Simpson"
"Bob Kiss","Dan Smith","Andy Montroll","skipped","skipped"
"Dan Smith","Bob Kiss","Kurt Wright","Andy Montroll","skipped"
"Kurt Wright","James Simpson","Dan Smith","Andy Montroll","Bob Kiss"
"Kurt Wright","Andy Montroll","Bob Kiss","skipped","skipped"
"Bob Kiss","Andy Montroll","James Simpson","Dan Smith","Kurt Wright"
"Andy Montroll","Bob Kiss","Dan Smith","skipped","skipped"
"Kurt Wright","Andy Montroll","skipped","skipped","skipped"
"Dan Smith","Andy Montroll","Bob Kiss","skipped","skipped"
"Andy Montroll","Dan Smith","Bob Kiss","Kurt Wright","James Simpson"
"Kurt Wright","Dan Smith","Andy Montroll","James Simpson","Bob Kiss"
"Kurt Wright","skipped","skipped","skipped","skipped"
"Dan Smith","Kurt Wright","skipped","skipped","skipped"
"Kurt Wright","skipped","skipped","Andy Montroll","Bob Kiss"
"Kurt Wright","Dan Smith","Andy Montroll","skipped","skipped"
"Dan Smith","Kurt Wright","skipped","skipped","skipped"
"Kurt Wright","Dan Smith","Andy Montroll","Bob Kiss","skipped"
"Kurt Wright","Dan Smith","skipped","skipped","skipped"
"Kurt Wright","Dan Smith","skipped","skipped","skipped"
"Andy Montroll","Dan Smith","skipped","skipped","skipped"
"Kurt Wright","skipped","skipped","skipped","skipped"
"Kurt Wright","skipped","skipped","skipped","skipped"
"Kurt Wright","Dan Smith","Bob Kiss","Andy Montroll","James Simpson"
"Kurt Wright","Dan Smith","Andy Montroll","Bob Kiss","James Simpson"
"Bob Kiss","Andy Montroll","Dan Smith","Kurt Wright","skipped"
"Kurt Wright","Dan Smith","Andy Montroll","James Simpson","Bob Kiss"
"Kurt Wright","skipped","skipped","skipped","skipped"
"Kurt Wright","skipped","skipped","skipped","skipped"
"Kurt Wright","Dan Smith","James Simpson","Andy Montroll","Bob Kiss"
"Kurt Wright","Dan Smith","Andy Montroll","Bob Kiss","James Simpson"
"Kurt Wright","Andy Montroll","skipped","skipped","skipped"
"Kurt Wright","Andy Montroll","skipped","skipped","skipped"
"Kurt Wright","Andy Montroll","Dan Smith","skipped","skipped"
"Kurt Wright","skipped","skipped","skipped","skipped"
"Dan Smith","Andy Montroll","Bob Kiss","skipped","Kurt Wright"
"Kurt Wright","Andy Montroll","Dan Smith","Bob Kiss","James Simpson"
"Dan Smith","Kurt Wright","skipped","skipped","skipped"
"Dan Smith","Andy Montroll","Kurt Wright","skipped","skipped"
"Kurt Wright","skipped","skipped","skipped","skipped"
"Kurt Wright","Andy Montroll","Write-in","skipped","skipped"
"Kurt Wright","skipped","skipped","skipped","skipped"
"Andy Montroll","James Simpson","Dan Smith","skipped","skipped"
"Andy Montroll","Bob Kiss","Dan Smith","skipped","skipped"
"Kurt Wright","Bob Kiss","Dan Smith","Andy Montroll","James Simpson"
"Kurt Wright","Dan Smith","James Simpson","Andy Montroll","Bob Kiss"
"Kurt Wright","Andy Montroll","James Simpson","Dan Smith","Bob Kiss"
"Bob Kiss","Andy Montroll","Dan Smith","James Simpson","Kurt Wright"
"Andy Montroll","Kurt Wright","Bob Kiss","skipped","skipped"
"Bob Kiss","Dan Smith","Kurt Wright","Andy Montroll","skipped"
"Kurt Wright","Andy Montroll","Dan Smith","Bob Kiss","skipped"
"Kurt Wright","Bob Kiss","Andy Montroll","Dan Smith","James Simpson"
"Kurt Wright","Andy Montroll","Bob Kiss","Dan Smith","skipped"
"Dan Smith","Kurt Wright","Andy Montroll","skipped","skipped"
"Kurt Wright","Bob Kiss","Andy Montroll","Dan Smith","James Simpson"
"Bob Kiss","Kurt Wright","skipped","skipped","skipped"
"Kurt Wright","Dan Smith","Andy Montroll","James Simpson","Bob Kiss"
"Andy Montroll","Dan Smith","skipped","skipped","skipped"
"Kurt Wright","skipped","skipped","skipped","skipped"
"Kurt Wright","skipped","skipped","skipped","skipped"
"Bob Kiss","Dan Smith","Andy Montroll","skipped","skipped"
"Bob Kiss","Andy Montroll","Dan Smith","James Simpson","Kurt Wright"
"Bob Kiss","Andy Montroll","skipped","skipped","skipped"
"Kurt Wright","Andy Montroll","Dan Smith","skipped","skipped"
"Bob Kiss","Dan Smith","Andy Montroll","Kurt Wright","skipped"
"Kurt Wright","Dan Smith","skipped","skipped","skipped"
"Kurt Wright","skipped","skipped","skipped","skipped"
"Kurt Wright","Write-in","skipped","skipped","skipped"
"Dan Smith","Kurt Wright","Andy Montroll","James Simpson","Bob Kiss"
"Kurt Wright","skipped","skipped","skipped","skipped"
"Bob Kiss","Dan Smith","Andy Montroll","skipped","skipped"
"Bob Kiss","Dan Smith","Andy Montroll","Kurt Wright","James Simpson"
"Kurt Wright","Andy Montroll","Dan Smith","Bob Kiss","James Simpson"
"Bob Kiss","Andy Montroll","Dan Smith","skipped","skipped"
"Andy Montroll","Kurt Wright","skipped","skipped","skipped"
"Kurt Wright","skipped","skipped","skipped","skipped"
"Kurt Wright","skipped","skipped","skipped","skipped"
"Dan Smith","Andy Montroll","skipped","skipped","skipped"
"Dan Smith","Andy Montroll","Kurt Wright","skipped","skipped"
"Dan Smith","Kurt Wright","Bob Kiss","Andy Montroll","skipped"
"Andy Montroll","Dan Smith","Bob Kiss","skipped","skipped"
"Bob Kiss","Andy Montroll","Dan Smith","skipped","skipped"
"Andy Montroll","Bob Kiss","skipped","skipped","skipped"
"Dan Smith","Kurt Wright","Andy Montroll","skipped","skipped"
"Dan Smith","Andy Montroll","Bob Kiss","Kurt Wright","James Simpson"
"Andy Montroll","Dan Smith","Kurt Wright","Bob Kiss","James Simpson"
"Dan Smith","Kurt Wright","Bob Kiss","Andy Montroll","James Simpson"
"Kurt Wright","skipped","skipped","skipped","skipped"
"Kurt Wright","Andy Montroll","skipped","skipped","skipped"
"Kurt Wright","skipped","skipped","skipped","skipped"
"Kurt Wright","skipped","skipped","skipped","skipped"
"Kurt Wright","Dan Smith","Bob Kiss","Andy Montroll","James Simpson"
"Kurt Wright","Andy Montroll","Dan Smith","James Simpson","Bob Kiss"
"Dan Smith","Bob Kiss","James Simpson","Kurt Wright","skipped"
"Dan Smith","Bob Kiss","skipped","skipped","skipped"
"Andy Montroll","Bob Kiss","Dan Smith","James Simpson","Kurt Wright"
"Bob Kiss","Andy Montroll","James Simpson","skipped","skipped"
"Dan Smith","Bob Kiss","Andy Montroll","skipped","skipped"
"Dan Smith","Bob Kiss","skipped","skipped","skipped"
"Bob Kiss","Andy Montroll","skipped","skipped","skipped"
"Bob Kiss","Andy Montroll","skipped","skipped","skipped"
"Kurt Wright","Andy Montroll","Dan Smith","Bob Kiss","skipped"
"Andy Montroll","Dan Smith","James Simpson","Bob Kiss","Kurt Wright"
"Andy Montroll","Dan Smith","Bob Kiss","Kurt Wright","James Simpson"
"Kurt Wright","Dan Smith","Andy Montroll","James Simpson","Bob Kiss"
"Dan Smith","Andy Montroll","Kurt Wright","Bob Kiss","James Simpson"
"Kurt Wright","Andy Montroll","Bob Kiss","Dan Smith","James Simpson"
"Bob Kiss","Dan Smith","Andy Montroll","James Simpson","Kurt Wright"
"Andy Montroll","Bob Kiss","skipped","skipped","skipped"
"Kurt Wright","Andy Montroll","Dan Smith","skipped","skipped"
"Kurt Wright","Dan Smith","Andy Montroll","skipped","skipped"
"Kurt Wright","Dan Smith","Andy Montroll","skipped","skipped"
"Bob Kiss","Kurt Wright","Andy Montroll","Dan Smith","James Simpson"
"Bob Kiss","Andy Montroll","Dan Smith","skipped","skipped"
"Bob Kiss","Dan Smith","Kurt Wright","Andy Montroll","James Simpson"
"Kurt Wright","Dan Smith","Andy Montroll","James Simpson","Bob Kiss"
"Kurt Wright","skipped","skipped","skipped","skipped"
"Kurt Wright","skipped","skipped","skipped","skipped"
"Bob Kiss","Andy Montroll","Dan Smith","James Simpson","Kurt Wright"
"Kurt Wright","Dan Smith","skipped","skipped","skipped"
"Kurt Wright","skipped","skipped","skipped","skipped"
"Kurt Wright","Dan Smith","skipped","skipped","skipped"
"Andy Montroll","Dan Smith","Bob Kiss","skipped","skipped"
"Bob Kiss","skipped","skipped","skipped","skipped"
"Kurt Wright","Andy Montroll","Dan Smith","skipped","skipped"
"Bob Kiss","Andy Montroll","Dan Smith","Kurt Wright","skipped"
"Kurt Wright","Dan Smith","James Simpson","Andy Montroll","Bob Kiss"
"Dan Smith","Kurt Wright","Andy Montroll","skipped","skipped"
"Bob Kiss","Kurt Wright","Andy Montroll","skipped","skipped"
"Andy Montroll","Dan Smith","Kurt Wright","skipped","skipped"
"Andy Montroll","Dan Smith","Bob Kiss","skipped","skipped"
"Dan Smith","Kurt Wright","skipped","skipped","skipped"
"Andy Montroll","Dan Smith","Bob Kiss","skipped","skipped"
"Dan Smith","Andy Montroll","Bob Kiss","James Simpson","Kurt Wright"
"Andy Montroll","Bob Kiss","Dan Smith","skipped","skipped"
"Kurt Wright","skipped","skipped","skipped","skipped"
"Kurt Wright","James Simpson","Dan Smith","Andy Montroll","Bob Kiss"
"Andy Montroll","Kurt Wright","Bob Kiss","Dan Smith","skipped"
"Kurt Wright","Dan Smith","Andy Montroll","Bob Kiss","skipped"
"Bob Kiss","Kurt Wright","skipped","skipped","skipped"
"Kurt Wright","skipped","skipped","skipped","skipped"
"Kurt Wright","skipped","skipped","skipped","skipped"
"Kurt Wright","Andy Montroll","Dan Smith","Bob Kiss","James Simpson"
"Kurt Wright","Dan Smith","skipped","skipped","skipped"
"Dan Smith","Andy Montroll","skipped","skipped","skipped"
"Kurt Wright","Andy Montroll","Dan Smith","Bob Kiss","skipped"
"Andy Montroll","Kurt Wright","Dan Smith","James Simpson","Bob Kiss"
"Kurt Wright","Andy Montroll","Dan Smith","skipped","skipped"
"Andy Montroll","Kurt Wright","skipped","skipped","skipped"
"Kurt Wright","Dan Smith","skipped","skipped","skipped"
"Bob Kiss","Andy Montroll","Kurt Wright","skipped","skipped"
"Kurt Wright","skipped","skipped","skipped","skipped"
"Bob Kiss","Dan Smith","Kurt Wright","skipped","skipped"
"Bob Kiss","Andy Montroll","Dan Smith","Kurt Wright","skipped"
"Bob Kiss","Andy Montroll","Dan Smith","James Simpson","Write-in"
"Kurt Wright","Andy Montroll","skipped","skipped","skipped"
"Kurt Wright","Andy Montroll","Bob Kiss","Dan Smith","skipped"
"Kurt Wright","Dan Smith","Andy Montroll","James Simpson","Bob Kiss"
"Kurt Wright","Dan Smith","James Simpson","Andy Montroll","Bob Kiss"
"Kurt Wright","Bob Kiss","James Simpson","Andy Montroll","Dan Smith"
"Kurt Wright","James Simpson","skipped","skipped","skipped"
"Kurt Wright","skipped","skipped","skipped","skipped"
"Kurt Wright","Bob Kiss","Dan Smith","James Simpson","skipped"
"Kurt Wright","skipped","skipped","skipped","skipped"
"Dan Smith","skipped","skipped","skipped","skipped"
"Kurt Wright","Andy Montroll","Dan Smith","Bob Kiss","James Simpson"
"Kurt Wright","skipped","skipped","skipped","skipped"
"Bob Kiss","Andy Montroll","Dan Smith","James Simpson","Kurt Wright"
"Andy Montroll","skipped","skipped","skipped","skipped"
"Kurt Wright","Bob Kiss","Andy Montroll","skipped","skipped"
"Andy Montroll","skipped","skipped","skipped","skipped"
"Kurt Wright","Dan Smith","Bob Kiss","Andy Montroll","James Simpson"
"Andy Montroll","Kurt Wright","Dan Smith","Bob Kiss","James Simpson"
"Kurt Wright","Andy Montroll","Dan Smith","skipped","skipped"
"Bob Kiss","Dan Smith","Andy Montroll","skipped","skipped"
"Andy Montroll","Bob Kiss","Dan Smith","Kurt Wright","James Simpson"
"Kurt Wright","Andy Montroll","skipped","skipped","skipped"
"Kurt Wright","Andy Montroll","Dan Smith","Bob Kiss","James Simpson"
"Kurt Wright","skipped","skipped","skipped","skipped"
"Bob Kiss","Andy Montroll","skipped","skipped","skipped"
"Bob Kiss","Andy Montroll","James Simpson","skipped","skipped"
"Bob Kiss","Dan Smith","Andy Montroll","Kurt Wright","James Simpson"
"Kurt Wright","Andy Montroll","skipped","skipped","skipped"
"Kurt Wright","Bob Kiss","Dan Smith","Andy Montroll","James Simpson"
"Kurt Wright","James Simpson","skipped","skipped","skipped"
"Kurt Wright","skipped","skipped","skipped","skipped"
"Kurt Wright","Bob Kiss","Dan Smith","Andy Montroll","James Simpson"
"Kurt Wright","James Simpson","Andy Montroll","skipped","Bob Kiss"
"Kurt Wright","Andy Montroll","Dan Smith","James Simpson","Bob Kiss"
"Kurt Wright","Write-in","skipped","skipped","skipped"
"Kurt Wright","skipped","skipped","skipped","skipped"
"Bob Kiss","Andy Montroll","Dan Smith","skipped","Kurt Wright"
"Kurt Wright","skipped","skipped","skipped","skipped"
"Kurt Wright","Dan Smith","Andy Montroll","skipped","skipped"
"Kurt Wright","Bob Kiss","Andy Montroll","Dan Smith","James Simpson"
"Bob Kiss","Andy Montroll","Dan Smith","skipped","skipped"
"Kurt Wright","Dan Smith","skipped","James Simpson","skipped"
"Kurt Wright","Bob Kiss","skipped","skipped","skipped"
"Andy Montroll","skipped","skipped","skipped","skipped"
"Kurt Wright","Andy Montroll","Bob Kiss","Dan Smith","James Simpson"
"Kurt Wright","Andy Montroll","Dan Smith","James Simpson","Bob Kiss"
"Kurt Wright","Andy Montroll","skipped","skipped","skipped"
"James Simpson","Kurt Wright","skipped","skipped","skipped"
"Andy Montroll","Bob Kiss","James Simpson","Dan Smith","Kurt Wright"
"Kurt Wright","Dan Smith","Andy Montroll","Bob Kiss","James Simpson"
"Bob Kiss","Kurt Wright","Dan Smith","Andy Montroll","James Simpson"
"Kurt Wright","Dan Smith","skipped","skipped","skipped"
"Kurt Wright","Andy Montroll","James Simpson","Dan Smith","Bob Kiss"
"Kurt Wright","Dan Smith","Bob Kiss","Andy Montroll","James Simpson"
"Kurt Wright","Dan Smith","Andy Montroll","skipped","skipped"
"Kurt Wright","Andy Montroll","Dan Smith","James Simpson","Bob Kiss"
"Andy Montroll","Dan Smith","Kurt Wright","Bob Kiss","James Simpson"
"Kurt Wright","Dan Smith","Bob Kiss","Andy Montroll","skipped"
"Bob Kiss","skipped","skipped","skipped","skipped"
"Bob Kiss","Kurt Wright","skipped","skipped","skipped"
"Kurt Wright","Andy Montroll","Bob Kiss","skipped","skipped"
"Kurt Wright","skipped","skipped","skipped","skipped"
"Andy Montroll","Bob Kiss","skipped","skipped","skipped"
"Bob Kiss","Andy Montroll","Kurt Wright","Dan Smith","James Simpson"
"Bob Kiss","Write-in","skipped","skipped","skipped"
"Kurt Wright","Dan Smith","James Simpson","Andy Montroll","Bob Kiss"
"Kurt Wright","Dan Smith","skipped","skipped","skipped"
"Kurt Wright","Dan Smith","Andy Montroll","skipped","skipped"
"Kurt Wright","Dan Smith","skipped","skipped","skipped"
"Bob Kiss","Andy Montroll","skipped","skipped","skipped"
"Kurt Wright","Andy Montroll","skipped","skipped","skipped"
"Bob Kiss","Andy Montroll","Dan Smith","Kurt Wright","skipped"
"Kurt Wright","Andy Montroll","Bob Kiss","skipped","skipped"
"Andy Montroll","Kurt Wright","Bob Kiss","Dan Smith","James Simpson"
"Kurt Wright","Andy Montroll","Bob Kiss","Dan Smith","James Simpson"
"Dan Smith","skipped","skipped","skipped","skipped"
"Kurt Wright","skipped","skipped","skipped","skipped"
"Kurt Wright","Dan Smith","Andy Montroll","James Simpson","Bob Kiss"
"Kurt Wright","Bob Kiss","skipped","skipped","skipped"
"Kurt Wright","Dan Smith","Bob Kiss","Andy Montroll","James Simpson"
"Kurt Wright","Bob Kiss","Andy Montroll","James Simpson","Dan Smith"
"Andy Montroll","Bob Kiss","James Simpson","Dan Smith","Kurt Wright"
"Kurt Wright","Andy Montroll","Dan Smith","James Simpson","Bob Kiss"
"Kurt Wright","Andy Montroll","skipped","skipped","skipped"
"Bob Kiss","Andy Montroll","James Simpson","skipped","skipped"
"Bob Kiss","skipped","skipped","skipped","skipped"
"Andy Montroll","skipped","skipped","skipped","skipped"
"Andy Montroll","Bob Kiss","Kurt Wright","James Simpson","Dan Smith"
"Kurt Wright","skipped","skipped","skipped","skipped"
"Andy Montroll","Bob Kiss","Kurt Wright","skipped","skipped"
"Andy Montroll","Bob Kiss","Kurt Wright","Dan Smith","skipped"
"Bob Kiss","Andy Montroll","Kurt Wright","Dan Smith","skipped"
"Kurt Wright","Dan Smith","skipped","skipped","skipped"
"Andy Montroll","Bob Kiss","Dan Smith","Kurt Wright","James Simpson"
"Kurt Wright","skipped","skipped","skipped","skipped"
"Kurt Wright","skipped","skipped","skipped","skipped"
"Bob Kiss","Dan Smith","Kurt Wright","Andy Montroll","James Simpson"
"Kurt Wright","skipped","skipped","skipped","skipped"
"Kurt Wright","skipped","skipped","skipped","skipped"
"Dan Smith","Andy Montroll","Kurt Wright","Bob Kiss","James Simpson"
"Andy Montroll","Kurt Wright","Dan Smith","Bob Kiss","James Simpson"
"Andy Montroll","Bob Kiss","Dan Smith","skipped","skipped"
"Kurt Wright","skipped","skipped","skipped","skipped"
"Dan Smith","Kurt Wright","skipped","skipped","skipped"
"Kurt Wright","Andy Montroll","James Simpson","Bob Kiss","Dan Smith"
"Kurt Wright","Dan Smith","Bob Kiss","Andy Montroll","James Simpson"
"Kurt Wright","skipped","skipped","skipped","skipped"
"Bob Kiss","Dan Smith","Kurt Wright","James Simpson","Andy Montroll"
"Kurt Wright","Andy Montroll","Bob Kiss","Dan Smith","James Simpson"
"Bob Kiss","Andy Montroll","skipped","skipped","skipped"
"Bob Kiss","Kurt Wright","Dan Smith","skipped","skipped"
"Kurt Wright","skipped","skipped","skipped","skipped"
"Kurt Wright","skipped","skipped","skipped","skipped"
"Kurt Wright","Andy Montroll","Dan Smith","Bob Kiss","James Simpson"
"Bob Kiss","Kurt Wright","skipped","skipped","skipped"
"Kurt Wright","Bob Kiss","James Simpson","Dan Smith","Andy Montroll"
"Andy Montroll","Dan Smith","skipped","skipped","skipped"
"Andy Montroll","Dan Smith","skipped","skipped","skipped"
"Kurt Wright","skipped","skipped","skipped","skipped"
"Kurt Wright","skipped","skipped","skipped","skipped"
"Kurt Wright","Andy Montroll","Dan Smith","Bob Kiss","skipped"
"Kurt Wright","skipped","skipped","skipped","skipped"
"Kurt Wright","Dan Smith","skipped","skipped","skipped"
"Kurt Wright","Andy Montroll","Dan Smith","skipped","skipped"
"Kurt Wright","Andy Montroll","Bob Kiss","skipped","skipped"
"Kurt Wright","Dan Smith","Andy Montroll","James Simpson","Bob Kiss"
"Kurt Wright","Dan Smith","skipped","skipped","skipped"
"Kurt Wright","skipped","skipped","skipped","skipped"
"Kurt Wright","skipped","skipped","skipped","skipped"
"Kurt Wright","skipped","skipped","skipped","skipped"
"Kurt Wright","Dan Smith","James Simpson","Andy Montroll","Bob Kiss"
"Kurt Wright","Bob Kiss","skipped","skipped","skipped"
"Kurt Wright","Andy Montroll","Dan Smith","Bob Kiss","James Simpson"
"Kurt Wright","Andy Montroll","Bob Kiss","Dan Smith","James Simpson"
"Dan Smith","Bob Kiss","skipped","skipped","skipped"
"Kurt Wright","skipped","skipped","skipped","skipped"
"Kurt Wright","skipped","skipped","skipped","skipped"
"Kurt Wright","Bob Kiss","Andy Montroll","Dan Smith","skipped"
"Kurt Wright","Andy Montroll","Bob Kiss","Dan Smith","James Simpson"
"Dan Smith","Bob Kiss","Andy Montroll","Kurt Wright","skipped"
"Kurt Wright","Bob Kiss","Dan Smith","Andy Montroll","James Simpson"
"Kurt Wright","Andy Montroll","Dan Smith","James Simpson","Bob Kiss"
"Andy Montroll","Dan Smith","skipped","skipped","skipped"
"Bob Kiss","Dan Smith","Andy Montroll","skipped","skipped"
"Kurt Wright","skipped","skipped","skipped","skipped"
"Andy Montroll","Kurt Wright","skipped","skipped","skipped"
"Kurt Wright","Andy Montroll","Dan Smith","Bob Kiss","James Simpson"
"Kurt Wright","James Simpson","Andy Montroll","Bob Kiss","Dan Smith"
"Kurt Wright","skipped","skipped","skipped","skipped"
"Andy Montroll","Bob Kiss","Kurt Wright","Dan Smith","James Simpson"
"Bob Kiss","Andy Montroll","Dan Smith","Kurt Wright","James Simpson"
"Dan Smith","skipped","skipped","skipped","skipped"
"Andy Montroll","Bob Kiss","Dan Smith","James Simpson","skipped"
"Kurt Wright","Andy Montroll","skipped","skipped","skipped"
"Kurt Wright","skipped","skipped","skipped","skipped"
"Kurt Wright","Bob Kiss","Dan Smith","James Simpson","Andy Montroll"
"Kurt Wright","Dan Smith","skipped","skipped","skipped"
"Kurt Wright","Andy Montroll","Dan Smith","skipped","skipped"
"Kurt Wright","Andy Montroll","Dan Smith","skipped","skipped"
"Kurt Wright","skipped","skipped","skipped","skipped"
"Kurt Wright","James Simpson","skipped","skipped","skipped"
"Kurt Wright","Dan Smith","Andy Montroll","skipped","skipped"
"Kurt Wright","Dan Smith","Andy Montroll","James Simpson","Bob Kiss"
"Kurt Wright","Andy Montroll","skipped","skipped","skipped"
"Andy Montroll","Kurt Wright","Bob Kiss","skipped","skipped"
"Kurt Wright","Dan Smith","skipped","skipped","skipped"
"Kurt Wright","Dan Smith","James Simpson","Andy Montroll","Bob Kiss"
"Kurt Wright","Dan Smith","Andy Montroll","skipped","Bob Kiss"
"Kurt Wright","Andy Montroll","Dan Smith","skipped","skipped"
"Kurt Wright","Bob Kiss","Dan Smith","James Simpson","Andy Montroll"
"Kurt Wright","Dan Smith","Andy Montroll","James Simpson","Bob Kiss"
"Kurt Wright","Dan Smith","Andy Montroll","James Simpson","Bob Kiss"
"Kurt Wright","skipped","skipped","skipped","skipped"
"Kurt Wright","skipped","skipped","skipped","skipped"
"Kurt Wright","Bob Kiss","Dan Smith","Andy Montroll","skipped"
"Kurt Wright","skipped","skipped","skipped","skipped"
"Kurt Wright","Dan Smith","skipped","skipped","skipped"
"Write-in","Bob Kiss","skipped","skipped","skipped"
"Bob Kiss","Andy Montroll","Kurt Wright","Dan Smith","James Simpson"
"Bob Kiss","Dan Smith","Andy Montroll","Kurt Wright","skipped"
"Andy Montroll","Bob Kiss","skipped","skipped","skipped"
"Kurt Wright","Dan Smith","Andy Montroll","Bob Kiss","James Simpson"
"Andy Montroll","Bob Kiss","Dan Smith","skipped","skipped"
"Andy Montroll","Bob Kiss","Dan Smith","skipped","skipped"
"Dan Smith","Bob Kiss","Andy Montroll","James Simpson","Kurt Wright"
"Kurt Wright","Andy Montroll","skipped","skipped","skipped"
"Bob Kiss","Andy Montroll","Dan Smith","skipped","skipped"
"Kurt Wright","Dan Smith","Bob Kiss","Andy Montroll","James Simpson"
"Andy Montroll","Bob Kiss","skipped","skipped","skipped"
"Dan Smith","James Simpson","Andy Montroll","Bob Kiss","Kurt Wright"
"Kurt Wright","Andy Montroll","Dan Smith","Bob Kiss","James Simpson"
"Kurt Wright","Andy Montroll","Dan Smith","Bob Kiss","James Simpson"
"Kurt Wright","Andy Montroll","Dan Smith","skipped","skipped"
"Kurt Wright","skipped","skipped","skipped","skipped"
"Kurt Wright","Dan Smith","Andy Montroll","skipped","skipped"
"Bob Kiss","Dan Smith","skipped","skipped","skipped"
"Kurt Wright","Andy Montroll","Dan Smith","Bob Kiss","James Simpson"
"Kurt Wright","Dan Smith","Andy Montroll","skipped","skipped"
"Kurt Wright","Andy Montroll","Dan Smith","skipped","skipped"
"Kurt Wright","Andy Montroll","skipped","skipped","skipped"
"Kurt Wright","Dan Smith","skipped","skipped","skipped"
"Bob Kiss","Andy Montroll","Dan Smith","Kurt Wright","James Simpson"
"Kurt Wright","Dan Smith","skipped","skipped","skipped"
"Kurt Wright","Dan Smith","skipped","skipped","skipped"
"Kurt Wright","Dan Smith","Andy Montroll","skipped","skipped"
"Kurt Wright","Andy Montroll","skipped","skipped","skipped"
"Kurt Wright","skipped","skipped","skipped","skipped"
"Bob Kiss","skipped","skipped","skipped","skipped"
"Bob Kiss","Andy Montroll","skipped","skipped","skipped"
"Kurt Wright","skipped","skipped","skipped","skipped"
"Andy Montroll","Kurt Wright","Bob Kiss","Dan Smith","skipped"
"Kurt Wright","Andy Montroll","skipped","skipped","skipped"
"Dan Smith","Andy Montroll","skipped","skipped","skipped"
"Kurt Wright","skipped","skipped","skipped","skipped"
"Kurt Wright","Andy Montroll","Bob Kiss","skipped","skipped"
"Kurt Wright","Andy Montroll","Bob Kiss","Dan Smith","James Simpson"
"Kurt Wright","Dan Smith","James Simpson","Andy Montroll","Bob Kiss"
"Kurt Wright","Andy Montroll","skipped","skipped","skipped"
"Kurt Wright","Andy Montroll","skipped","skipped","skipped"
"Andy Montroll","skipped","skipped","skipped","skipped"
"Kurt Wright","Dan Smith","Andy Montroll","Bob Kiss","James Simpson"
"Kurt Wright","Andy Montroll","Dan Smith","skipped","skipped"
"Bob Kiss","Andy Montroll","skipped","skipped","skipped"
"Kurt Wright","Andy Montroll","Dan Smith","James Simpson","Bob Kiss"
"Andy Montroll","Dan Smith","Kurt Wright","Bob Kiss","skipped"
"Bob Kiss","Andy Montroll","Dan Smith","Kurt Wright","James Simpson"
"Kurt Wright","Andy Montroll","skipped","skipped","skipped"
"Kurt Wright","Bob Kiss","Andy Montroll","Dan Smith","James Simpson"
"Kurt Wright","Dan Smith","Andy Montroll","skipped","skipped"
"Andy Montroll","Dan Smith","Bob Kiss","Kurt Wright","skipped"
"Kurt Wright","Andy Montroll","Bob Kiss","Dan Smith","James Simpson"
"Kurt Wright","Dan Smith","skipped","skipped","skipped"
"Bob Kiss","Andy Montroll","Dan Smith","Kurt Wright","skipped"
"Kurt Wright","skipped","skipped","skipped","skipped"
"Andy Montroll","Dan Smith","Bob Kiss","skipped","skipped"
"Dan Smith","Kurt Wright","Andy Montroll","Bob Kiss","James Simpson"
"Bob Kiss","Andy Montroll","Dan Smith","Kurt Wright","James Simpson"
"Andy Montroll","Kurt Wright","Dan Smith","Bob Kiss","James Simpson"
"Kurt Wright","Andy Montroll","Dan Smith","James Simpson","Bob Kiss"
"Bob Kiss","Andy Montroll","Dan Smith","Kurt Wright","skipped"
"Bob Kiss","Andy Montroll","skipped","skipped","skipped"
"Bob Kiss","Andy Montroll","skipped","skipped","skipped"
"Dan Smith","Kurt Wright","Andy Montroll","Bob Kiss","James Simpson"
"Kurt Wright","Dan Smith","Andy Montroll","James Simpson","Bob Kiss"
"Andy Montroll","Dan Smith","skipped","skipped","skipped"
"Bob Kiss","Andy Montroll","Dan Smith","skipped","skipped"
"Andy Montroll","Bob Kiss","Dan Smith","skipped","skipped"
"Kurt Wright","skipped","skipped","skipped","skipped"
"Bob Kiss","skipped","skipped","skipped","skipped"
"Andy Montroll","skipped","skipped","skipped","skipped"
"Andy Montroll","Bob Kiss","Kurt Wright","skipped","skipped"
"Kurt Wright","Dan Smith","Andy Montroll","skipped","skipped"
"Kurt Wright","Andy Montroll","Dan Smith","Bob Kiss","James Simpson"
"Kurt Wright","Write-in","Andy Montroll","skipped","Bob Kiss"
"Kurt Wright","Write-in","skipped","skipped","skipped"
"Dan Smith","Andy Montroll","Bob Kiss","skipped","skipped"
"Bob Kiss","Andy Montroll","Dan Smith","skipped","skipped"
"Kurt Wright","Andy Montroll","Bob Kiss","skipped","skipped"
"Bob Kiss","Dan Smith","Write-in","Andy Montroll","James Simpson"
"Kurt Wright","Bob Kiss","Andy Montroll","Dan Smith","James Simpson"
"Kurt Wright","Andy Montroll","Bob Kiss","skipped","skipped"
"Kurt Wright","Andy Montroll","skipped","skipped","skipped"
"Dan Smith","Kurt Wright","skipped","skipped","skipped"
"Kurt Wright","Dan Smith","Andy Montroll","skipped","skipped"
"Kurt Wright","Andy Montroll","skipped","skipped","skipped"
"Bob Kiss","Kurt Wright","skipped","skipped","skipped"
"Kurt Wright","Bob Kiss","Andy Montroll","skipped","skipped"
"Kurt Wright","skipped","skipped","skipped","skipped"
"Bob Kiss","Kurt Wright","skipped","skipped","skipped"
"Kurt Wright","Bob Kiss","Andy Montroll","James Simpson","Dan Smith"
"Bob Kiss","Andy Montroll","James Simpson","Dan Smith","Kurt Wright"
"Kurt Wright","skipped","skipped","skipped","skipped"
"Dan Smith","Andy Montroll","Kurt Wright","skipped","skipped"
"Dan Smith","Andy Montroll","Write-in","skipped","skipped"
"Andy Montroll","Kurt Wright","Bob Kiss","Dan Smith","James Simpson"
"Kurt Wright","Dan Smith","Andy Montroll","James Simpson","Bob Kiss"
"Dan Smith","Andy Montroll","Write-in","skipped","skipped"
"Kurt Wright","skipped","skipped","skipped","skipped"
"Andy Montroll","Dan Smith","James Simpson","Bob Kiss","Kurt Wright"
"Andy Montroll","Dan Smith","James Simpson","Bob Kiss","Kurt Wright"
"Andy Montroll","skipped","skipped","skipped","skipped"
"Andy Montroll","skipped","skipped","skipped","skipped"
"Dan Smith","Andy Montroll","Bob Kiss","Kurt Wright","skipped"
"Kurt Wright","skipped","skipped","Andy Montroll","Bob Kiss"
"Andy Montroll","Kurt Wright","Bob Kiss","skipped","skipped"
"Kurt Wright","skipped","skipped","skipped","skipped"
"Dan Smith","Bob Kiss","skipped","skipped","skipped"
"Bob Kiss","Dan Smith","Andy Montroll","skipped","skipped"
"Bob Kiss","skipped","skipped","skipped","skipped"
"Kurt Wright","Bob Kiss","Dan Smith","James Simpson","Andy Montroll"
"Kurt Wright","Andy Montroll","Dan Smith","Bob Kiss","James Simpson"
"Kurt Wright","skipped","skipped","skipped","skipped"
"Andy Montroll","Dan Smith","Kurt Wright","Bob Kiss","James Simpson"
"Kurt Wright","Bob Kiss","Dan Smith","James Simpson","Andy Montroll"
"Kurt Wright","Dan Smith","skipped","skipped","skipped"
"Andy Montroll","Dan Smith","Kurt Wright","Bob Kiss","skipped"
"Write-in","skipped","skipped","skipped","skipped"
"Bob Kiss","Andy Montroll","Dan Smith","skipped","skipped"
"Kurt Wright","Dan Smith","Andy Montroll","Bob Kiss","skipped"
"Kurt Wright","Andy Montroll","skipped","skipped","skipped"
"Kurt Wright","Dan Smith","Andy Montroll","skipped","skipped"
"Kurt Wright","Andy Montroll","skipped","skipped","skipped"
"Kurt Wright","skipped","skipped","skipped","skipped"
"Kurt Wright","Andy Montroll","Dan Smith","James Simpson","skipped"
"Dan Smith","skipped","skipped","skipped","skipped"
"Kurt Wright","skipped","skipped","skipped","skipped"
"Kurt Wright","Andy Montroll","skipped","skipped","skipped"
"Bob Kiss","Dan Smith","Andy Montroll","skipped","skipped"
"Kurt Wright","Dan Smith","skipped","skipped","skipped"
"Andy Montroll","Kurt Wright","Dan Smith","skipped","skipped"
"Kurt Wright","Dan Smith","Write-in","Andy Montroll","James Simpson"
"Andy Montroll","skipped","skipped","skipped","skipped"
"Bob Kiss","Kurt Wright","Andy Montroll","James Simpson","Dan Smith"
"Kurt Wright","skipped","skipped","skipped","skipped"
"Kurt Wright","Andy Montroll","Dan Smith","James Simpson","Bob Kiss"
"Kurt Wright","Andy Montroll","Dan Smith","James Simpson","Bob Kiss"
"Bob Kiss","Andy Montroll","Kurt Wright","Dan Smith","skipped"
"Andy Montroll","Dan Smith","Bob Kiss","skipped","skipped"
"Kurt Wright","Andy Montroll","skipped","skipped","skipped"
"Kurt Wright","Andy Montroll","Dan Smith","skipped","skipped"
"Kurt Wright","Andy Montroll","Dan Smith","Bob Kiss","James Simpson"
"Kurt Wright","skipped","skipped","skipped","skipped"
"Kurt Wright","skipped","skipped","skipped","skipped"
"Kurt Wright","Dan Smith","Andy Montroll","Bob Kiss","skipped"
"Bob Kiss","Andy Montroll","James Simpson","Dan Smith","skipped"
"Andy Montroll","Kurt Wright","Dan Smith","skipped","skipped"
"Bob Kiss","Dan Smith","Kurt Wright","Andy Montroll","skipped"
"Andy Montroll","Bob Kiss","Dan Smith","skipped","skipped"
"Bob Kiss","Andy Montroll","Dan Smith","James Simpson","Kurt Wright"
"Kurt Wright","Dan Smith","Andy Montroll","skipped","skipped"
"Kurt Wright","Dan Smith","Andy Montroll","skipped","skipped"
"Kurt Wright","skipped","skipped","skipped","skipped"
"Kurt Wright","skipped","skipped","skipped","skipped"
"Kurt Wright","Dan Smith","Andy Montroll","James Simpson","Bob Kiss"
"Kurt Wright","Andy Montroll","Bob Kiss","James Simpson","Dan Smith"
"Bob Kiss","Kurt Wright","Andy Montroll","Dan Smith","James Simpson"
"Bob Kiss","Dan Smith","skipped","skipped","skipped"
"Kurt Wright","skipped","skipped","skipped","skipped"
"Kurt Wright","skipped","skipped","skipped","skipped"
"Bob Kiss","Dan Smith","skipped","skipped","skipped"
"Kurt Wright","Dan Smith","skipped","skipped","Bob Kiss"
"Bob Kiss","Dan Smith","Andy Montroll","James Simpson","skipped"
"Kurt Wright","Andy Montroll","Dan Smith","Bob Kiss","James Simpson"
"Kurt Wright","Andy Montroll","Bob Kiss","skipped","skipped"
"Bob Kiss","skipped","skipped","skipped","skipped"
"Andy Montroll","Kurt Wright","Dan Smith","Bob Kiss","skipped"
"Bob Kiss","Kurt Wright","James Simpson","Andy Montroll","Dan Smith"
"Bob Kiss","skipped","skipped","skipped","skipped"
"Kurt Wright","skipped","skipped","skipped","skipped"
"Andy Montroll","Bob Kiss","skipped","skipped","skipped"
"Andy Montroll","skipped","skipped","skipped","skipped"
"Kurt Wright","Andy Montroll","Dan Smith","skipped","skipped"
"Dan Smith","Andy Montroll","Kurt Wright","James Simpson","Bob Kiss"
"Kurt Wright","Dan Smith","skipped","skipped","skipped"
"Kurt Wright","Dan Smith","skipped","skipped","skipped"
"Kurt Wright","skipped","skipped","skipped","skipped"
"Bob Kiss","Dan Smith","Andy Montroll","Kurt Wright","skipped"
"Bob Kiss","Kurt Wright","Andy Montroll","Dan Smith","James Simpson"
"Bob Kiss","Andy Montroll","skipped","skipped","skipped"
"Bob Kiss","Dan Smith","Andy Montroll","Write-in","James Simpson"
"Bob Kiss","Dan Smith","James Simpson","Andy Montroll","Write-in"
"Kurt Wright","skipped","skipped","skipped","skipped"
"Kurt Wright","skipped","skipped","skipped","skipped"
"Andy Montroll","Dan Smith","skipped","skipped","skipped"
"Kurt Wright","Dan Smith","skipped","skipped","skipped"
"Kurt Wright","Dan Smith","Andy Montroll","skipped","skipped"
"Dan Smith","Kurt Wright","skipped","skipped","skipped"
"Dan Smith","Kurt Wright","skipped","skipped","skipped"
"Kurt Wright","skipped","skipped","skipped","skipped"
"Dan Smith","Andy Montroll","Bob Kiss","Kurt Wright","skipped"
"Kurt Wright","Dan Smith","Andy Montroll","James Simpson","Bob Kiss"
"Kurt Wright","Andy Montroll","Dan Smith","James Simpson","Bob Kiss"
"Andy Montroll","Kurt Wright","Bob Kiss","Dan Smith","James Simpson"
"Dan Smith","James Simpson","Andy Montroll","skipped","skipped"
"James Simpson","Andy Montroll","Dan Smith","skipped","skipped"
"Kurt Wright","Andy Montroll","Dan Smith","Bob Kiss","James Simpson"
"Kurt Wright","Andy Montroll","Dan Smith","Bob Kiss","skipped"
"Andy Montroll","Bob Kiss","Dan Smith","Kurt Wright","skipped"
"Andy Montroll","Kurt Wright","Dan Smith","James Simpson","Bob Kiss"
"Andy Montroll","Kurt Wright","James Simpson","Dan Smith","Bob Kiss"
"Dan Smith","Andy Montroll","Kurt Wright","Bob Kiss","skipped"
"Kurt Wright","Andy Montroll","Bob Kiss","Dan Smith","James Simpson"
"Kurt Wright","Andy Montroll","Dan Smith","James Simpson","Bob Kiss"
"Kurt Wright","Bob Kiss","Andy Montroll","skipped","skipped"
"Dan Smith","Andy Montroll","James Simpson","Bob Kiss","Kurt Wright"
"Kurt Wright","Bob Kiss","skipped","skipped","skipped"
"Kurt Wright","Dan Smith","Andy Montroll","skipped","skipped"
"Kurt Wright","Bob Kiss","Andy Montroll","Dan Smith","skipped"
"Kurt Wright","Bob Kiss","skipped","skipped","skipped"
"Andy Montroll","Kurt Wright","Dan Smith","Bob Kiss","James Simpson"
"Kurt Wright","skipped","skipped","skipped","skipped"
"Write-in","Andy Montroll","skipped","skipped","skipped"
"Kurt Wright","Andy Montroll","skipped","skipped","skipped"
"Andy Montroll","Bob Kiss","Kurt Wright","Dan Smith","James Simpson"
"Andy Montroll","Kurt Wright","skipped","skipped","skipped"
"Kurt Wright","Andy Montroll","skipped","skipped","skipped"
"Kurt Wright","Andy Montroll","skipped","skipped","skipped"
"Kurt Wright","skipped","skipped","skipped","skipped"
"Kurt Wright","Dan Smith","James Simpson","Bob Kiss","Andy Montroll"
"Dan Smith","Andy Montroll","Kurt Wright","skipped","skipped"
"Dan Smith","Andy Montroll","Kurt Wright","skipped","skipped"
"Kurt Wright","Dan Smith","Andy Montroll","skipped","skipped"
"Kurt Wright","skipped","skipped","skipped","skipped"
"Kurt Wright","Bob Kiss","Andy Montroll","skipped","skipped"
"Kurt Wright","Bob Kiss","Dan Smith","Andy Montroll","James Simpson"
"Kurt Wright","skipped","skipped","skipped","skipped"
"Bob Kiss","Dan Smith","Andy Montroll","James Simpson","Kurt Wright"
"Andy Montroll","Dan Smith","Bob Kiss","skipped","skipped"
"Andy Montroll","Dan Smith","skipped","skipped","skipped"
"Kurt Wright","Dan Smith","skipped","skipped","skipped"
"Bob Kiss","Andy Montroll","Kurt Wright","skipped","skipped"
"Andy Montroll","Kurt Wright","skipped","skipped","skipped"
"Bob Kiss","Andy Montroll","James Simpson","skipped","skipped"
"Kurt Wright","Bob Kiss","skipped","skipped","skipped"
"Kurt Wright","Dan Smith","skipped","skipped","skipped"
"Kurt Wright","Bob Kiss","Andy Montroll","skipped","skipped"
"Kurt Wright","Andy Montroll","Dan Smith","skipped","skipped"
"Kurt Wright","Andy Montroll","Dan Smith","James Simpson","Bob Kiss"
"Bob Kiss","Dan Smith","skipped","skipped","skipped"
"Bob Kiss","Dan Smith","skipped","skipped","skipped"
"Dan Smith","Bob Kiss","Andy Montroll","James Simpson","Kurt Wright"
"Bob Kiss","skipped","skipped","skipped","skipped"
"Bob Kiss","Andy Montroll","skipped","skipped","skipped"
"Dan Smith","Kurt Wright","Andy Montroll","Bob Kiss","James Simpson"
"Andy Montroll","Dan Smith","Bob Kiss","Kurt Wright","James Simpson"
"Kurt Wright","Andy Montroll","skipped","skipped","skipped"
"Kurt Wright","skipped","skipped","skipped","skipped"
"Bob Kiss","Dan Smith","skipped","skipped","skipped"
"Bob Kiss","Dan Smith","Andy Montroll","Kurt Wright","James Simpson"
"Kurt Wright","Dan Smith","Andy Montroll","James Simpson","skipped"
"Bob Kiss","Dan Smith","skipped","skipped","skipped"
"Andy Montroll","Dan Smith","Kurt Wright","skipped","skipped"
"Andy Montroll","skipped","skipped","skipped","skipped"
"Kurt Wright","Andy Montroll","skipped","skipped","skipped"
"Bob Kiss","Andy Montroll","skipped","skipped","skipped"
"Kurt Wright","skipped","skipped","skipped","skipped"
"Andy Montroll","skipped","skipped","skipped","skipped"
"Kurt Wright","skipped","skipped","skipped","skipped"
"Kurt Wright","Andy Montroll","Dan Smith","Bob Kiss","skipped"
"Andy Montroll","Kurt Wright","skipped","skipped","skipped"
"Kurt Wright","Andy Montroll","Dan Smith","James Simpson","Bob Kiss"
"Kurt Wright","Andy Montroll","skipped","skipped","skipped"
"Kurt Wright","Bob Kiss","Dan Smith","James Simpson","Andy Montroll"
"Kurt Wright","Bob Kiss","Dan Smith","James Simpson","Andy Montroll"
"Andy Montroll","Bob Kiss","Dan Smith","skipped","skipped"
"Andy Montroll","James Simpson","Bob Kiss","Dan Smith","Kurt Wright"
"Andy Montroll","James Simpson","Bob Kiss","Dan Smith","Kurt Wright"
"Kurt Wright","skipped","skipped","skipped","skipped"
"Kurt Wright","skipped","skipped","skipped","skipped"
"Kurt Wright","skipped","skipped","skipped","skipped"
"Kurt Wright","skipped","skipped","skipped","skipped"
"Kurt Wright","skipped","skipped","skipped","skipped"
"Kurt Wright","skipped","skipped","skipped","skipped"
"Kurt Wright","Andy Montroll","Dan Smith","James Simpson","Bob Kiss"
"Kurt Wright","Dan Smith","Andy Montroll","James Simpson","Bob Kiss"
"Andy Montroll","Kurt Wright","Dan Smith","James Simpson","Bob Kiss"
"Kurt Wright","Andy Montroll","skipped","skipped","skipped"
"Kurt Wright","Andy Montroll","Dan Smith","Bob Kiss","James Simpson"
"Kurt Wright","Andy Montroll","Dan Smith","Bob Kiss","James Simpson"
"Kurt Wright","skipped","skipped","skipped","skipped"
"Kurt Wright","Bob Kiss","skipped","skipped","skipped"
"Kurt Wright","Andy Montroll","skipped","skipped","skipped"
"Andy Montroll","skipped","skipped","skipped","skipped"
"Andy Montroll","skipped","skipped","skipped","skipped"
"Kurt Wright","Andy Montroll","Dan Smith","James Simpson","Bob Kiss"
"Kurt Wright","Andy Montroll","Bob Kiss","skipped","skipped"
"Bob Kiss","skipped","Dan Smith","Andy Montroll","Kurt Wright"
"Kurt Wright","Bob Kiss","Andy Montroll","Dan Smith","James Simpson"
"Andy Montroll","Kurt Wright","Bob Kiss","skipped","skipped"
"Kurt Wright","Bob Kiss","Andy Montroll","Dan Smith","James Simpson"
"Kurt Wright","Dan Smith","skipped","skipped","skipped"
"Kurt Wright","Andy Montroll","skipped","skipped","skipped"
"Write-in","Andy Montroll","Dan Smith","Bob Kiss","James Simpson"
"Dan Smith","Kurt Wright","skipped","skipped","skipped"
"Andy Montroll","James Simpson","Dan Smith","skipped","skipped"
"Kurt Wright","Bob Kiss","skipped","skipped","skipped"
"Kurt Wright","Write-in","Andy Montroll","skipped","skipped"
"Andy Montroll","Bob Kiss","Dan Smith","skipped","skipped"
"Kurt Wright","Bob Kiss","Andy Montroll","James Simpson","Dan Smith"
"Kurt Wright","Bob Kiss","Andy Montroll","James Simpson","Dan Smith"
"Andy Montroll","Dan Smith","Bob Kiss","James Simpson","Kurt Wright"
"Andy Montroll","Kurt Wright","Dan Smith","James Simpson","Bob Kiss"
"Dan Smith","Andy Montroll","Kurt Wright","skipped","skipped"
"Bob Kiss","James Simpson","Andy Montroll","Dan Smith","Kurt Wright"
"Dan Smith","Andy Montroll","Kurt Wright","Bob Kiss","James Simpson"
"Kurt Wright","skipped","skipped","skipped","skipped"
"Kurt Wright","Andy Montroll","skipped","skipped","skipped"
"Kurt Wright","skipped","skipped","skipped","skipped"
"Dan Smith","Kurt Wright","Bob Kiss","skipped","skipped"
"Bob Kiss","Dan Smith","Andy Montroll","James Simpson","skipped"
"Kurt Wright","Andy Montroll","skipped","skipped","skipped"
"Kurt Wright","Bob Kiss","Andy Montroll","Dan Smith","James Simpson"
"Kurt Wright","Andy Montroll","Bob Kiss","skipped","skipped"
"Kurt Wright","Andy Montroll","Dan Smith","skipped","skipped"
"Bob Kiss","Dan Smith","Andy Montroll","Kurt Wright","James Simpson"
"Kurt Wright","Andy Montroll","skipped","skipped","skipped"
"Andy Montroll","Kurt Wright","Dan Smith","Bob Kiss","skipped"
"Kurt Wright","skipped","skipped","skipped","skipped"
"Andy Montroll","Kurt Wright","Bob Kiss","skipped","skipped"
"Kurt Wright","Dan Smith","James Simpson","skipped","skipped"
"Dan Smith","Andy Montroll","Bob Kiss","Kurt Wright","James Simpson"
"Kurt Wright","Dan Smith","Andy Montroll","Bob Kiss","skipped"
"Bob Kiss","Andy Montroll","James Simpson","Dan Smith","Kurt Wright"
"Kurt Wright","Dan Smith","Andy Montroll","skipped","skipped"
"Andy Montroll","Bob Kiss","Dan Smith","skipped","skipped"
"Kurt Wright","Andy Montroll","Dan Smith","Bob Kiss","James Simpson"
"Bob Kiss","Andy Montroll","Dan Smith","skipped","skipped"
"Bob Kiss","Andy Montroll","Dan Smith","Kurt Wright","James Simpson"
"Kurt Wright","Bob Kiss","Dan Smith","skipped","skipped"
"Kurt Wright","Dan Smith","skipped","skipped","skipped"
"Dan Smith","Kurt Wright","skipped","Andy Montroll","Bob Kiss"
"Kurt Wright","Dan Smith","James Simpson","Andy Montroll","Bob Kiss"
"Kurt Wright","Andy Montroll","Bob Kiss","Dan Smith","James Simpson"
"Andy Montroll","Kurt Wright","Dan Smith","Bob Kiss","James Simpson"
"Kurt Wright","Andy Montroll","Dan Smith","skipped","skipped"
"Kurt Wright","Dan Smith","skipped","skipped","skipped"
"Kurt Wright","Bob Kiss","skipped","skipped","skipped"
"Bob Kiss","Kurt Wright","skipped","skipped","skipped"
"Kurt Wright","skipped","skipped","skipped","skipped"
"skipped","skipped","skipped","skipped","Kurt Wright"
"Kurt Wright","skipped","skipped","skipped","skipped"
"Kurt Wright","Andy Montroll","Dan Smith","skipped","skipped"
"Kurt Wright","Bob Kiss","Andy Montroll","Dan Smith","James Simpson"
"Dan Smith","Kurt Wright","Bob Kiss","skipped","skipped"
"Dan Smith","Kurt Wright","Andy Montroll","James Simpson","Bob Kiss"
"Dan Smith","Andy Montroll","Bob Kiss","Kurt Wright","James Simpson"
"Bob Kiss","Andy Montroll","Dan Smith","James Simpson","Kurt Wright"
"Dan Smith","Andy Montroll","Bob Kiss","James Simpson","Kurt Wright"
"Kurt Wright","Andy Montroll","Dan Smith","James Simpson","Bob Kiss"
"Dan Smith","Kurt Wright","Andy Montroll","skipped","skipped"
"Dan Smith","Kurt Wright","Andy Montroll","Bob Kiss","James Simpson"
"Kurt Wright","Bob Kiss","skipped","skipped","skipped"
"Bob Kiss","Andy Montroll","James Simpson","Dan Smith","Kurt Wright"
"Kurt Wright","Dan Smith","James Simpson","Bob Kiss","Andy Montroll"
"Bob Kiss","skipped","skipped","skipped","skipped"
"Dan Smith","Kurt Wright","Bob Kiss","skipped","skipped"
"Kurt Wright","Bob Kiss","Dan Smith","Andy Montroll","James Simpson"
"Kurt Wright","Andy Montroll","skipped","skipped","skipped"
"Kurt Wright","skipped","skipped","skipped","skipped"
"Kurt Wright","skipped","skipped","skipped","skipped"
"Bob Kiss","Andy Montroll","Dan Smith","Kurt Wright","James Simpson"
"Andy Montroll","Kurt Wright","skipped","skipped","skipped"
"Kurt Wright","skipped","skipped","skipped","skipped"
"Kurt Wright","skipped","skipped","skipped","skipped"
"Andy Montroll","Bob Kiss","skipped","skipped","skipped"
"Bob Kiss","Dan Smith","Kurt Wright","Andy Montroll","James Simpson"
"Andy Montroll","Kurt Wright","Bob Kiss","skipped","skipped"
"Kurt Wright","skipped","skipped","skipped","skipped"
"Kurt Wright","Dan Smith","James Simpson","Andy Montroll","Bob Kiss"
"Andy Montroll","Kurt Wright","Dan Smith","Bob Kiss","James Simpson"
"Kurt Wright","Andy Montroll","skipped","skipped","skipped"
"Andy Montroll","Bob Kiss","James Simpson","Dan Smith","Kurt Wright"
"Kurt Wright","Bob Kiss","Andy Montroll","skipped","skipped"
"Kurt Wright","Bob Kiss","Dan Smith","skipped","skipped"
"Kurt Wright","skipped","skipped","skipped","skipped"
"Andy Montroll","Dan Smith","Bob Kiss","Kurt Wright","skipped"
"Kurt Wright","Andy Montroll","skipped","skipped","skipped"
"Dan Smith","Bob Kiss","Andy Montroll","Kurt Wright","James Simpson"
"Bob Kiss","Dan Smith","Andy Montroll","skipped","skipped"
"Kurt Wright","Andy Montroll","skipped","skipped","skipped"
"Kurt Wright","Bob Kiss","Andy Montroll","James Simpson","Dan Smith"
"Kurt Wright","Dan Smith","skipped","skipped","skipped"
"Kurt Wright","skipped","skipped","skipped","skipped"
"Andy Montroll","Dan Smith","Kurt Wright","Bob Kiss","James Simpson"
"Kurt Wright","Bob Kiss","Andy Montroll","Dan Smith","skipped"
"Andy Montroll","Kurt Wright","James Simpson","Dan Smith","Bob Kiss"
"Bob Kiss","Andy Montroll","Dan Smith","Kurt Wright","skipped"
"Kurt Wright","Bob Kiss","skipped","skipped","skipped"
"Andy Montroll","skipped","skipped","skipped","skipped"
"Kurt Wright","Dan Smith","Andy Montroll","Bob Kiss","James Simpson"
"Kurt Wright","Andy Montroll","Dan Smith","James Simpson","Bob Kiss"
"Andy Montroll","Dan Smith","Bob Kiss","Kurt Wright","James Simpson"
"Kurt Wright","Bob Kiss","Andy Montroll","James Simpson","Dan Smith"
"Bob Kiss","Dan Smith","Andy Montroll","skipped","skipped"
"Andy Montroll","skipped","skipped","skipped","skipped"
"Kurt Wright","Dan Smith","Andy Montroll","skipped","skipped"
"Kurt Wright","skipped","skipped","skipped","skipped"
"Andy Montroll","Bob Kiss","Kurt Wright","Dan Smith","James Simpson"
"Andy Montroll","Kurt Wright","Bob Kiss","Dan Smith","James Simpson"
"Kurt Wright","Dan Smith","Andy Montroll","Bob Kiss","James Simpson"
"Kurt Wright","Andy Montroll","Dan Smith","skipped","Bob Kiss"
"Kurt Wright","Dan Smith","skipped","skipped","skipped"
"Kurt Wright","Dan Smith","James Simpson","skipped","skipped"
"Kurt Wright","Andy Montroll","Dan Smith","skipped","skipped"
"Kurt Wright","skipped","skipped","skipped","skipped"
"Kurt Wright","skipped","skipped","skipped","skipped"
"Dan Smith","Kurt Wright","skipped","skipped","skipped"
"Kurt Wright","skipped","skipped","skipped","skipped"
"Kurt Wright","Dan Smith","Andy Montroll","James Simpson","Bob Kiss"
"Kurt Wright","skipped","skipped","skipped","skipped"
"Bob Kiss","Andy Montroll","skipped","skipped","skipped"
"Kurt Wright","Andy Montroll","Dan Smith","James Simpson","Bob Kiss"
"Kurt Wright","Andy Montroll","Dan Smith","James Simpson","Bob Kiss"
"Kurt Wright","Andy Montroll","skipped","skipped","skipped"
"Kurt Wright","skipped","skipped","skipped","skipped"
"Andy Montroll","Bob Kiss","skipped","skipped","skipped"
"Bob Kiss","Andy Montroll","skipped","skipped","skipped"
"Andy Montroll","Bob Kiss","James Simpson","skipped","skipped"
"Andy Montroll","Dan Smith","skipped","skipped","skipped"
"Kurt Wright","Andy Montroll","Dan Smith","skipped","skipped"
"Kurt Wright","Andy Montroll","skipped","skipped","skipped"
"Kurt Wright","Dan Smith","skipped","skipped","skipped"
"Kurt Wright","Andy Montroll","Dan Smith","James Simpson","Bob Kiss"
"Kurt Wright","Bob Kiss","Dan Smith","James Simpson","Andy Montroll"
"Dan Smith","Andy Montroll","skipped","skipped","skipped"
"Andy Montroll","Bob Kiss","Kurt Wright","Dan Smith","James Simpson"
"Kurt Wright","Dan Smith","Andy Montroll","skipped","skipped"
"Kurt Wright","Dan Smith","Andy Montroll","skipped","skipped"
"Bob Kiss","Kurt Wright","James Simpson","Dan Smith","Andy Montroll"
"Dan Smith","James Simpson","Andy Montroll","skipped","skipped"
"Dan Smith","James Simpson","Andy Montroll","Kurt Wright","skipped"
"Andy Montroll","Bob Kiss","James Simpson","Dan Smith","skipped"
"Kurt Wright","Bob Kiss","skipped","skipped","skipped"
"Kurt Wright","Andy Montroll","James Simpson","Bob Kiss","Dan Smith"
"Dan Smith","Bob Kiss","Andy Montroll","skipped","skipped"
"Andy Montroll","Write-in","Dan Smith","Bob Kiss","James Simpson"
"Kurt Wright","Andy Montroll","Dan Smith","Bob Kiss","James Simpson"
"Kurt Wright","Bob Kiss","Dan Smith","Andy Montroll","James Simpson"
"Kurt Wright","Andy Montroll","Dan Smith","Bob Kiss","James Simpson"
"Kurt Wright","skipped","skipped","skipped","skipped"
"Andy Montroll","Bob Kiss","Dan Smith","skipped","skipped"
"Kurt Wright","Andy Montroll","Bob Kiss","skipped","skipped"
"Kurt Wright","skipped","skipped","skipped","skipped"
"Kurt Wright","Andy Montroll","skipped","skipped","skipped"
"Kurt Wright","Andy Montroll","Dan Smith","James Simpson","Bob Kiss"
"Kurt Wright","skipped","skipped","skipped","skipped"
"Andy Montroll","Bob Kiss","Dan Smith","Kurt Wright","Write-in"
"Bob Kiss","Andy Montroll","skipped","skipped","skipped"
"Write-in","Andy Montroll","James Simpson","Dan Smith","Bob Kiss"
"Kurt Wright","Andy Montroll","skipped","skipped","skipped"
"Kurt Wright","skipped","skipped","skipped","skipped"
"Kurt Wright","Andy Montroll","skipped","skipped","skipped"
"Kurt Wright","skipped","skipped","skipped","skipped"
"Kurt Wright","skipped","skipped","skipped","skipped"
"Kurt Wright","Andy Montroll","Dan Smith","Bob Kiss","James Simpson"
"Bob Kiss","Andy Montroll","Dan Smith","Kurt Wright","James Simpson"
"Kurt Wright","Dan Smith","Andy Montroll","skipped","skipped"
"Kurt Wright","Dan Smith","Andy Montroll","skipped","skipped"
"Dan Smith","Andy Montroll","Kurt Wright","Bob Kiss","James Simpson"
"Kurt Wright","skipped","skipped","skipped","skipped"
"Andy Montroll","Dan Smith","Kurt Wright","skipped","skipped"
"Kurt Wright","Bob Kiss","Dan Smith","Andy Montroll","James Simpson"
"Bob Kiss","Andy Montroll","Dan Smith","James Simpson","skipped"
"Kurt Wright","Dan Smith","Andy Montroll","James Simpson","skipped"
"Kurt Wright","Bob Kiss","skipped","skipped","skipped"
"Kurt Wright","Dan Smith","Andy Montroll","skipped","skipped"
"Andy Montroll","Kurt Wright","Dan Smith","James Simpson","Bob Kiss"
"Bob Kiss","Andy Montroll","James Simpson","Dan Smith","Kurt Wright"
"Kurt Wright","Andy Montroll","Dan Smith","Bob Kiss","James Simpson"
"Kurt Wright","Andy Montroll","Bob Kiss","Dan Smith","James Simpson"
"Kurt Wright","Bob Kiss","Andy Montroll","Dan Smith","James Simpson"
"Kurt Wright","skipped","skipped","skipped","skipped"
"Kurt Wright","Dan Smith","Bob Kiss","Andy Montroll","James Simpson"
"Kurt Wright","Andy Montroll","Dan Smith","Bob Kiss","James Simpson"
"Kurt Wright","Andy Montroll","skipped","skipped","skipped"
"Andy Montroll","skipped","skipped","skipped","skipped"
"Kurt Wright","skipped","skipped","skipped","skipped"
"Kurt Wright","Andy Montroll","Dan Smith","skipped","skipped"
"Bob Kiss","Andy Montroll","Dan Smith","skipped","skipped"
"Bob Kiss","Andy Montroll","Dan Smith","skipped","skipped"
"Andy Montroll","Kurt Wright","Dan Smith","James Simpson","Bob Kiss"
"Kurt Wright","skipped","skipped","skipped","skipped"
"Kurt Wright","Bob Kiss","skipped","skipped","skipped"
"Dan Smith","Andy Montroll","skipped","skipped","skipped"
"Bob Kiss","Andy Montroll","Kurt Wright","Dan Smith","James Simpson"
"Bob Kiss","Kurt Wright","skipped","skipped","skipped"
"Bob Kiss","Andy Montroll","Dan Smith","Kurt Wright","skipped"
"Kurt Wright","Andy Montroll","Dan Smith","Bob Kiss","James Simpson"
"Bob Kiss","Andy Montroll","Kurt Wright","Dan Smith","James Simpson"
"Andy Montroll","Dan Smith","skipped","skipped","skipped"
"Bob Kiss","Andy Montroll","Dan Smith","James Simpson","Kurt Wright"
"Andy Montroll","Bob Kiss","Dan Smith","Kurt Wright","skipped"
"Andy Montroll","skipped","skipped","skipped","skipped"
"Kurt Wright","Bob Kiss","skipped","skipped","skipped"
"Kurt Wright","skipped","skipped","skipped","skipped"
"Kurt Wright","Bob Kiss","Dan Smith","Andy Montroll","James Simpson"
"Kurt Wright","skipped","skipped","skipped","skipped"
"Kurt Wright","Dan Smith","skipped","skipped","skipped"
"Kurt Wright","Dan Smith","James Simpson","Andy Montroll","Write-in"
"Dan Smith","Andy Montroll","James Simpson","Bob Kiss","Kurt Wright"
"Andy Montroll","James Simpson","Kurt Wright","Dan Smith","Bob Kiss"
"Andy Montroll","Bob Kiss","Dan Smith","Kurt Wright","James Simpson"
"Kurt Wright","skipped","skipped","skipped","skipped"
"Kurt Wright","skipped","skipped","skipped","skipped"
"Dan Smith","skipped","skipped","skipped","skipped"
"Kurt Wright","James Simpson","skipped","skipped","skipped"
"Andy Montroll","Bob Kiss","skipped","skipped","skipped"
"Kurt Wright","Dan Smith","skipped","skipped","skipped"
"Dan Smith","Bob Kiss","Kurt Wright","Andy Montroll","James Simpson"
"Kurt Wright","Andy Montroll","Dan Smith","skipped","skipped"
"Kurt Wright","Andy Montroll","Dan Smith","skipped","skipped"
"Kurt Wright","Dan Smith","skipped","skipped","skipped"
"Kurt Wright","Andy Montroll","skipped","skipped","skipped"
"Kurt Wright","Andy Montroll","Dan Smith","Bob Kiss","James Simpson"
"Kurt Wright","Andy Montroll","Dan Smith","skipped","skipped"
"Andy Montroll","Bob Kiss","skipped","skipped","skipped"
"Kurt Wright","Dan Smith","Andy Montroll","James Simpson","Bob Kiss"
"Kurt Wright","Bob Kiss","Andy Montroll","James Simpson","Dan Smith"
"Bob Kiss","Andy Montroll","Kurt Wright","Dan Smith","James Simpson"
"Bob Kiss","skipped","skipped","skipped","skipped"
"Bob Kiss","Andy Montroll","Kurt Wright","Dan Smith","James Simpson"
"Bob Kiss","Andy Montroll","James Simpson","Dan Smith","Kurt Wright"
"Bob Kiss","Andy Montroll","Dan Smith","skipped","skipped"
"Bob Kiss","Andy Montroll","Dan Smith","Kurt Wright","James Simpson"
"Kurt Wright","Andy Montroll","Dan Smith","James Simpson","Bob Kiss"
"Bob Kiss","Dan Smith","skipped","skipped","skipped"
"Kurt Wright","Andy Montroll","Dan Smith","Bob Kiss","James Simpson"
"Kurt Wright","Andy Montroll","skipped","skipped","skipped"
"Kurt Wright","Andy Montroll","Dan Smith","skipped","skipped"
"Kurt Wright","Andy Montroll","skipped","skipped","skipped"
"Andy Montroll","Dan Smith","Kurt Wright","Bob Kiss","skipped"
"Andy Montroll","Dan Smith","Kurt Wright","Bob Kiss","skipped"
"Kurt Wright","skipped","skipped","skipped","skipped"
"Kurt Wright","skipped","skipped","skipped","skipped"
"Kurt Wright","Dan Smith","Andy Montroll","skipped","skipped"
"Kurt Wright","Dan Smith","Andy Montroll","Bob Kiss","James Simpson"
"Kurt Wright","skipped","skipped","skipped","skipped"
"Kurt Wright","skipped","skipped","skipped","skipped"
"Kurt Wright","Andy Montroll","skipped","skipped","skipped"
"Kurt Wright","Andy Montroll","skipped","skipped","skipped"
"Kurt Wright","Andy Montroll","Dan Smith","skipped","skipped"
"Bob Kiss","Dan Smith","skipped","skipped","skipped"
"Kurt Wright","Andy Montroll","skipped","skipped","skipped"
"Bob Kiss","Dan Smith","skipped","skipped","skipped"
"Kurt Wright","skipped","skipped","skipped","skipped"
"Bob Kiss","Andy Montroll","James Simpson","skipped","skipped"
"Andy Montroll","Kurt Wright","James Simpson","Dan Smith","Bob Kiss"
"Kurt Wright","skipped","skipped","skipped","skipped"
"Dan Smith","Bob Kiss","Andy Montroll","skipped","skipped"
"Dan Smith","Bob Kiss","Andy Montroll","skipped","skipped"
"Andy Montroll","Dan Smith","James Simpson","Kurt Wright","Bob Kiss"
"Kurt Wright","Dan Smith","Andy Montroll","James Simpson","Bob Kiss"
"Kurt Wright","Dan Smith","Andy Montroll","James Simpson","Bob Kiss"
"Andy Montroll","Dan Smith","skipped","skipped","skipped"
"Bob Kiss","skipped","skipped","skipped","skipped"
"Andy Montroll","Dan Smith","Kurt Wright","Bob Kiss","James Simpson"
"Kurt Wright","Dan Smith","Andy Montroll","Write-in","James Simpson"
"Andy Montroll","Dan Smith","Bob Kiss","James Simpson","Kurt Wright"
"Kurt Wright","Dan Smith","James Simpson","Andy Montroll","Bob Kiss"
"Dan Smith","Andy Montroll","Bob Kiss","Kurt Wright","Write-in"
"Dan Smith","Andy Montroll","Bob Kiss","Kurt Wright","James Simpson"
"Andy Montroll","Kurt Wright","Dan Smith","James Simpson","Bob Kiss"
"Dan Smith","Andy Montroll","skipped","skipped","skipped"
"Andy Montroll","Dan Smith","skipped","skipped","skipped"
"Bob Kiss","Dan Smith","Andy Montroll","James Simpson","Kurt Wright"
"Bob Kiss","Dan Smith","Andy Montroll","James Simpson","Kurt Wright"
"Andy Montroll","Bob Kiss","skipped","skipped","skipped"
"Andy Montroll","Bob Kiss","skipped","skipped","skipped"
"Andy Montroll","Dan Smith","Bob Kiss","skipped","skipped"
"Kurt Wright","skipped","skipped","skipped","skipped"
"Andy Montroll","Dan Smith","Bob Kiss","James Simpson","Kurt Wright"
"Kurt Wright","Andy Montroll","Dan Smith","skipped","skipped"
"Bob Kiss","Andy Montroll","James Simpson","Dan Smith","Kurt Wright"
"Andy Montroll","Kurt Wright","James Simpson","Dan Smith","Bob Kiss"
"Kurt Wright","skipped","skipped","skipped","skipped"
"Kurt Wright","Bob Kiss","Dan Smith","skipped","skipped"
"Andy Montroll","Dan Smith","James Simpson","Bob Kiss","Kurt Wright"
"Kurt Wright","Bob Kiss","skipped","skipped","skipped"
"Kurt Wright","skipped","skipped","skipped","skipped"
"Kurt Wright","Dan Smith","Andy Montroll","Bob Kiss","James Simpson"
"Andy Montroll","skipped","skipped","skipped","skipped"
"Andy Montroll","skipped","skipped","skipped","skipped"
"Kurt Wright","Andy Montroll","Dan Smith","Bob Kiss","James Simpson"
"Andy Montroll","Kurt Wright","skipped","skipped","skipped"
"Kurt Wright","Bob Kiss","Andy Montroll","skipped","skipped"
"Kurt Wright","Bob Kiss","Andy Montroll","Dan Smith","skipped"
"Bob Kiss","Kurt Wright","skipped","skipped","skipped"
"Dan Smith","Kurt Wright","James Simpson","Andy Montroll","Bob Kiss"
"Kurt Wright","Dan Smith","skipped","skipped","skipped"
"Kurt Wright","Andy Montroll","James Simpson","skipped","skipped"
"Kurt Wright","Dan Smith","Andy Montroll","Bob Kiss","skipped"
"Kurt Wright","skipped","skipped","skipped","skipped"
"Kurt Wright","Dan Smith","skipped","skipped","skipped"
"Kurt Wright","skipped","skipped","skipped","skipped"
"Bob Kiss","Dan Smith","Andy Montroll","James Simpson","Kurt Wright"
"Bob Kiss","skipped","skipped","skipped","skipped"
"Kurt Wright","Dan Smith","skipped","skipped","skipped"
"Kurt Wright","Andy Montroll","Dan Smith","Bob Kiss","skipped"
"Andy Montroll","skipped","skipped","skipped","skipped"
"Bob Kiss","Kurt Wright","skipped","skipped","skipped"
"Kurt Wright","Andy Montroll","Dan Smith","James Simpson","Bob Kiss"
"Kurt Wright","Andy Montroll","skipped","Dan Smith","Bob Kiss"
"Kurt Wright","Andy Montroll","Dan Smith","skipped","Bob Kiss"
"Andy Montroll","Kurt Wright","Dan Smith","skipped","Bob Kiss"
"Kurt Wright","Andy Montroll","Dan Smith","Bob Kiss","skipped"
"Kurt Wright","skipped","skipped","skipped","skipped"
"Bob Kiss","James Simpson","Kurt Wright","Dan Smith","Andy Montroll"
"Kurt Wright","skipped","skipped","skipped","skipped"
"Andy Montroll","Kurt Wright","Dan Smith","skipped","skipped"
"Kurt Wright","skipped","skipped","skipped","skipped"
"Kurt Wright","Bob Kiss","skipped","skipped","skipped"
"Kurt Wright","Bob Kiss","Andy Montroll","skipped","skipped"
"Dan Smith","Kurt Wright","skipped","skipped","skipped"
"Kurt Wright","skipped","skipped","skipped","skipped"
"Kurt Wright","Dan Smith","skipped","skipped","skipped"
"Kurt Wright","skipped","skipped","skipped","skipped"
"Kurt Wright","skipped","skipped","skipped","skipped"
"Dan Smith","Andy Montroll","James Simpson","Bob Kiss","Kurt Wright"
"Andy Montroll","Kurt Wright","Dan Smith","Bob Kiss","James Simpson"
"Kurt Wright","Andy Montroll","James Simpson","Dan Smith","Bob Kiss"
"Kurt Wright","skipped","skipped","skipped","skipped"
"Dan Smith","Kurt Wright","Andy Montroll","Bob Kiss","James Simpson"
"Andy Montroll","Bob Kiss","skipped","skipped","skipped"
"Kurt Wright","Andy Montroll","Dan Smith","skipped","skipped"
"Kurt Wright","Bob Kiss","Andy Montroll","Dan Smith","skipped"
"Dan Smith","Kurt Wright","James Simpson","Andy Montroll","Bob Kiss"
"Kurt Wright","Dan Smith","Bob Kiss","skipped","skipped"
"Kurt Wright","skipped","skipped","skipped","skipped"
"Andy Montroll","James Simpson","skipped","skipped","skipped"
"Andy Montroll","Bob Kiss","Dan Smith","James Simpson","Kurt Wright"
"Kurt Wright","Dan Smith","skipped","skipped","skipped"
"Andy Montroll","Bob Kiss","skipped","skipped","skipped"
"Andy Montroll","Kurt Wright","skipped","skipped","skipped"
"Kurt Wright","Dan Smith","James Simpson","Andy Montroll","Bob Kiss"
"Kurt Wright","Dan Smith","James Simpson","Andy Montroll","Bob Kiss"
"Kurt Wright","Dan Smith","James Simpson","Bob Kiss","Andy Montroll"
"Kurt Wright","Dan Smith","Andy Montroll","James Simpson","skipped"
"Kurt Wright","Andy Montroll","skipped","skipped","skipped"
"Kurt Wright","Andy Montroll","Dan Smith","Bob Kiss","James Simpson"
"Dan Smith","Andy Montroll","skipped","skipped","skipped"
"Dan Smith","Bob Kiss","Andy Montroll","skipped","skipped"
"Dan Smith","Kurt Wright","Bob Kiss","Andy Montroll","James Simpson"
"Dan Smith","Andy Montroll","James Simpson","Kurt Wright","Bob Kiss"
"Kurt Wright","skipped","skipped","skipped","skipped"
"Andy Montroll","Dan Smith","Bob Kiss","Kurt Wright","James Simpson"
"Andy Montroll","Kurt Wright","Bob Kiss","Dan Smith","James Simpson"
"Kurt Wright","skipped","skipped","skipped","skipped"
"Kurt Wright","Andy Montroll","Bob Kiss","Dan Smith","James Simpson"
"Kurt Wright","Dan Smith","skipped","skipped","skipped"
"Kurt Wright","Dan Smith","skipped","skipped","skipped"
"Kurt Wright","skipped","skipped","skipped","skipped"
"Kurt Wright","skipped","skipped","skipped","skipped"
"Andy Montroll","Bob Kiss","James Simpson","Dan Smith","Kurt Wright"
"Kurt Wright","Bob Kiss","skipped","skipped","skipped"
"Kurt Wright","skipped","skipped","skipped","skipped"
"Kurt Wright","Bob Kiss","Andy Montroll","Dan Smith","James Simpson"
"Kurt Wright","skipped","skipped","skipped","skipped"
"Andy Montroll","Kurt Wright","skipped","skipped","skipped"
"Kurt Wright","James Simpson","Dan Smith","skipped","skipped"
"Kurt Wright","skipped","skipped","skipped","skipped"
"Kurt Wright","skipped","skipped","skipped","skipped"
"Kurt Wright","skipped","skipped","skipped","skipped"
"Bob Kiss","Kurt Wright","Dan Smith","Andy Montroll","James Simpson"
"Kurt Wright","Andy Montroll","skipped","skipped","skipped"
"Kurt Wright","Dan Smith","Andy Montroll","Bob Kiss","skipped"
"Andy Montroll","Dan Smith","skipped","skipped","skipped"
"Bob Kiss","Kurt Wright","Andy Montroll","James Simpson","Dan Smith"
"Kurt Wright","skipped","skipped","skipped","skipped"
"Kurt Wright","skipped","skipped","skipped","skipped"
"Kurt Wright","Andy Montroll","Dan Smith","skipped","skipped"
"Andy Montroll","Bob Kiss","skipped","skipped","skipped"
"Andy Montroll","skipped","skipped","skipped","skipped"
"Kurt Wright","Dan Smith","Bob Kiss","skipped","skipped"
"Andy Montroll","Bob Kiss","skipped","skipped","skipped"
"Kurt Wright","skipped","skipped","skipped","skipped"
"Bob Kiss","Andy Montroll","Dan Smith","skipped","skipped"
"Bob Kiss","skipped","skipped","skipped","skipped"
"Dan Smith","Andy Montroll","Bob Kiss","James Simpson","skipped"
"Kurt Wright","skipped","skipped","skipped","skipped"
"Bob Kiss","Andy Montroll","Dan Smith","James Simpson","Write-in"
"Kurt Wright","Dan Smith","skipped","skipped","skipped"
"Dan Smith","Kurt Wright","skipped","skipped","skipped"
"Bob Kiss","Andy Montroll","Dan Smith","Kurt Wright","skipped"
"Kurt Wright","Dan Smith","skipped","skipped","skipped"
"Dan Smith","Bob Kiss","Andy Montroll","skipped","skipped"
"Dan Smith","Andy Montroll","James Simpson","Kurt Wright","Bob Kiss"
"Kurt Wright","Andy Montroll","Dan Smith","James Simpson","Bob Kiss"
"Kurt Wright","Dan Smith","Andy Montroll","skipped","skipped"
"Bob Kiss","Andy Montroll","Dan Smith","skipped","skipped"
"Kurt Wright","Dan Smith","James Simpson","Andy Montroll","skipped"
"Bob Kiss","Dan Smith","Kurt Wright","Andy Montroll","James Simpson"
"Dan Smith","Andy Montroll","Bob Kiss","James Simpson","Kurt Wright"
"Andy Montroll","Kurt Wright","Dan Smith","skipped","skipped"
"Kurt Wright","Dan Smith","skipped","skipped","skipped"
"Kurt Wright","Bob Kiss","skipped","skipped","skipped"
"Dan Smith","Andy Montroll","Bob Kiss","James Simpson","skipped"
"Andy Montroll","Dan Smith","Bob Kiss","James Simpson","skipped"
"Kurt Wright","Bob Kiss","Andy Montroll","Dan Smith","James Simpson"
"Write-in","Andy Montroll","Dan Smith","Bob Kiss","James Simpson"
"Dan Smith","Andy Montroll","skipped","skipped","skipped"
"Kurt Wright","Andy Montroll","Bob Kiss","Dan Smith","James Simpson"
"Kurt Wright","Dan Smith","Andy Montroll","James Simpson","Bob Kiss"
"Bob Kiss","Andy Montroll","James Simpson","Dan Smith","Kurt Wright"
"Andy Montroll","Bob Kiss","Kurt Wright","Dan Smith","James Simpson"
"Andy Montroll","Kurt Wright","Bob Kiss","skipped","skipped"
"Bob Kiss","James Simpson","Andy Montroll","skipped","skipped"
"Bob Kiss","Andy Montroll","Kurt Wright","Dan Smith","James Simpson"
"Kurt Wright","Andy Montroll","Bob Kiss","James Simpson","skipped"
"Bob Kiss","Andy Montroll","Kurt Wright","skipped","skipped"
"Write-in","Bob Kiss","skipped","skipped","skipped"
"Kurt Wright","Dan Smith","Andy Montroll","James Simpson","skipped"
"Kurt Wright","skipped","skipped","skipped","skipped"
"Kurt Wright","skipped","skipped","skipped","skipped"
"Andy Montroll","Kurt Wright","Bob Kiss","Dan Smith","James Simpson"
"Kurt Wright","Dan Smith","Andy Montroll","James Simpson","Bob Kiss"
"Kurt Wright","Dan Smith","Andy Montroll","James Simpson","Bob Kiss"
"Kurt Wright","skipped","skipped","skipped","skipped"
"Bob Kiss","Dan Smith","Andy Montroll","James Simpson","Kurt Wright"
"Bob Kiss","Andy Montroll","Dan Smith","skipped","skipped"
"Kurt Wright","skipped","skipped","skipped","skipped"
"Kurt Wright","James Simpson","Andy Montroll","Dan Smith","Bob Kiss"
"Bob Kiss","Andy Montroll","skipped","skipped","skipped"
"Dan Smith","Kurt Wright","Bob Kiss","Andy Montroll","James Simpson"
"Kurt Wright","Dan Smith","skipped","skipped","skipped"
"Kurt Wright","Bob Kiss","Dan Smith","Andy Montroll","James Simpson"
"Kurt Wright","Dan Smith","Andy Montroll","Bob Kiss","James Simpson"
"Bob Kiss","Andy Montroll","Dan Smith","James Simpson","Kurt Wright"
"Kurt Wright","skipped","skipped","skipped","skipped"
"Kurt Wright","skipped","skipped","skipped","skipped"
"Kurt Wright","James Simpson","Dan Smith","skipped","skipped"
"Kurt Wright","Andy Montroll","Bob Kiss","skipped","skipped"
"Kurt Wright","Dan Smith","Bob Kiss","Andy Montroll","skipped"
"Dan Smith","James Simpson","Andy Montroll","Bob Kiss","Write-in"
"Kurt Wright","Dan Smith","skipped","skipped","skipped"
"Dan Smith","Bob Kiss","James Simpson","skipped","skipped"
"Kurt Wright","Bob Kiss","skipped","skipped","skipped"
"Andy Montroll","Dan Smith","Bob Kiss","James Simpson","Kurt Wright"
"Kurt Wright","Andy Montroll","Bob Kiss","Dan Smith","skipped"
"Dan Smith","Bob Kiss","Andy Montroll","skipped","skipped"
"Kurt Wright","skipped","skipped","skipped","skipped"
"Kurt Wright","Andy Montroll","skipped","skipped","skipped"
"Andy Montroll","Kurt Wright","skipped","skipped","skipped"
"Kurt Wright","Andy Montroll","skipped","skipped","skipped"
"Bob Kiss","Andy Montroll","Dan Smith","James Simpson","skipped"
"Bob Kiss","Andy Montroll","Dan Smith","James Simpson","skipped"
"Kurt Wright","skipped","skipped","skipped","skipped"
"Kurt Wright","Dan Smith","skipped","skipped","skipped"
"Dan Smith","Kurt Wright","Andy Montroll","Bob Kiss","James Simpson"
"Kurt Wright","skipped","skipped","skipped","skipped"
"Kurt Wright","Andy Montroll","Bob Kiss","Dan Smith","James Simpson"
"Kurt Wright","Andy Montroll","Dan Smith","Bob Kiss","James Simpson"
"Kurt Wright","skipped","skipped","skipped","skipped"
"Kurt Wright","skipped","skipped","skipped","skipped"
"Bob Kiss","Dan Smith","James Simpson","Andy Montroll","Kurt Wright"
"Andy Montroll","Bob Kiss","Dan Smith","Kurt Wright","James Simpson"
"Kurt Wright","Dan Smith","James Simpson","Andy Montroll","Bob Kiss"
"Bob Kiss","Dan Smith","Andy Montroll","James Simpson","Kurt Wright"
"Andy Montroll","Dan Smith","James Simpson","Bob Kiss","Kurt Wright"
"Kurt Wright","skipped","skipped","skipped","skipped"
"Kurt Wright","skipped","skipped","skipped","skipped"
"Bob Kiss","Andy Montroll","Dan Smith","Kurt Wright","skipped"
"Bob Kiss","Andy Montroll","Dan Smith","James Simpson","Kurt Wright"
"Andy Montroll","Bob Kiss","skipped","skipped","skipped"
"Andy Montroll","Bob Kiss","Kurt Wright","Dan Smith","James Simpson"
"Bob Kiss","James Simpson","Dan Smith","Write-in","Kurt Wright"
"Kurt Wright","Andy Montroll","skipped","skipped","skipped"
"Kurt Wright","skipped","skipped","skipped","skipped"
"Kurt Wright","James Simpson","Dan Smith","Bob Kiss","Andy Montroll"
"Kurt Wright","skipped","skipped","skipped","skipped"
"Kurt Wright","Bob Kiss","Andy Montroll","skipped","skipped"
"Kurt Wright","Dan Smith","skipped","skipped","skipped"
"Kurt Wright","skipped","skipped","skipped","skipped"
"Andy Montroll","Kurt Wright","Dan Smith","James Simpson","Bob Kiss"
"Bob Kiss","Kurt Wright","Andy Montroll","James Simpson","Dan Smith"
"Andy Montroll","skipped","skipped","skipped","skipped"
"Dan Smith","Andy Montroll","Kurt Wright","skipped","skipped"
"Andy Montroll","Kurt Wright","Bob Kiss","Dan Smith","skipped"
"Kurt Wright","skipped","skipped","skipped","skipped"
"Dan Smith","Bob Kiss","Andy Montroll","James Simpson","Kurt Wright"
"skipped","Andy Montroll","skipped","skipped","skipped"
"Andy Montroll","Kurt Wright","skipped","skipped","skipped"
"Bob Kiss","Andy Montroll","Dan Smith","skipped","skipped"
"Kurt Wright","Dan Smith","skipped","skipped","skipped"
"Bob Kiss","Andy Montroll","skipped","skipped","skipped"
"Dan Smith","Andy Montroll","skipped","skipped","skipped"
"Bob Kiss","Dan Smith","Andy Montroll","James Simpson","Kurt Wright"
"Kurt Wright","Andy Montroll","Dan Smith","Bob Kiss","James Simpson"
"Kurt Wright","Bob Kiss","Andy Montroll","Dan Smith","James Simpson"
"Andy Montroll","Dan Smith","skipped","skipped","skipped"
"Dan Smith","skipped","skipped","skipped","skipped"
"Bob Kiss","Dan Smith","Andy Montroll","James Simpson","Kurt Wright"
"Kurt Wright","skipped","skipped","skipped","skipped"
"Dan Smith","Bob Kiss","Andy Montroll","skipped","skipped"
"Bob Kiss","Dan Smith","Andy Montroll","Kurt Wright","James Simpson"
"Kurt Wright","skipped","skipped","skipped","skipped"
"Dan Smith","Bob Kiss","Kurt Wright","skipped","skipped"
"Bob Kiss","skipped","skipped","skipped","skipped"
"Andy Montroll","Dan Smith","Bob Kiss","Kurt Wright","skipped"
"Andy Montroll","Bob Kiss","James Simpson","Write-in","Dan Smith"
"Kurt Wright","skipped","skipped","skipped","skipped"
"Kurt Wright","Dan Smith","Write-in","skipped","skipped"
"Kurt Wright","Andy Montroll","skipped","skipped","skipped"
"Kurt Wright","Bob Kiss","Dan Smith","Andy Montroll","James Simpson"
"Dan Smith","Andy Montroll","skipped","skipped","skipped"
"Bob Kiss","Kurt Wright","Andy Montroll","skipped","skipped"
"Bob Kiss","Andy Montroll","James Simpson","Kurt Wright","Dan Smith"
"Dan Smith","Andy Montroll","Bob Kiss","skipped","skipped"
"Andy Montroll","Dan Smith","Bob Kiss","skipped","skipped"
"Andy Montroll","Kurt Wright","skipped","skipped","skipped"
"Kurt Wright","James Simpson","Dan Smith","Write-in","Andy Montroll"
"Kurt Wright","Dan Smith","skipped","skipped","skipped"
"Kurt Wright","skipped","Andy Montroll","skipped","skipped"
"Kurt Wright","Dan Smith","Bob Kiss","skipped","skipped"
"Kurt Wright","Andy Montroll","Dan Smith","Bob Kiss","James Simpson"
"Dan Smith","Kurt Wright","skipped","skipped","skipped"
"Kurt Wright","Andy Montroll","skipped","skipped","skipped"
"Kurt Wright","Dan Smith","Andy Montroll","Bob Kiss","skipped"
"Kurt Wright","Andy Montroll","Dan Smith","Bob Kiss","James Simpson"
"Kurt Wright","Andy Montroll","Dan Smith","Bob Kiss","James Simpson"
"Bob Kiss","Andy Montroll","James Simpson","Dan Smith","Kurt Wright"
"Kurt Wright","Andy Montroll","Bob Kiss","James Simpson","Dan Smith"
"Kurt Wright","skipped","skipped","skipped","skipped"
"Kurt Wright","skipped","skipped","skipped","skipped"
"Kurt Wright","skipped","skipped","skipped","skipped"
"Bob Kiss","Andy Montroll","Dan Smith","James Simpson","Kurt Wright"
"Kurt Wright","Bob Kiss","James Simpson","skipped","skipped"
"Kurt Wright","Dan Smith","skipped","skipped","skipped"
"Andy Montroll","Kurt Wright","Dan Smith","James Simpson","skipped"
"Kurt Wright","Dan Smith","Bob Kiss","Andy Montroll","James Simpson"
"Bob Kiss","Dan Smith","Andy Montroll","James Simpson","skipped"
"Andy Montroll","Dan Smith","Bob Kiss","James Simpson","Kurt Wright"
"Kurt Wright","Dan Smith","James Simpson","Andy Montroll","Bob Kiss"
"Dan Smith","Kurt Wright","Andy Montroll","skipped","skipped"
"Bob Kiss","Andy Montroll","Dan Smith","skipped","skipped"
"Andy Montroll","Bob Kiss","Kurt Wright","skipped","skipped"
"Bob Kiss","Andy Montroll","Dan Smith","skipped","skipped"
"Bob Kiss","Andy Montroll","James Simpson","Dan Smith","skipped"
"Andy Montroll","Dan Smith","James Simpson","skipped","skipped"
"Andy Montroll","Dan Smith","Bob Kiss","James Simpson","skipped"
"Kurt Wright","Dan Smith","skipped","skipped","skipped"
"Kurt Wright","Bob Kiss","Dan Smith","Andy Montroll","James Simpson"
"Kurt Wright","James Simpson","Dan Smith","skipped","skipped"
"Dan Smith","Bob Kiss","James Simpson","Andy Montroll","skipped"
"Kurt Wright","Dan Smith","Bob Kiss","James Simpson","Andy Montroll"
"Kurt Wright","Dan Smith","Bob Kiss","Andy Montroll","James Simpson"
"Kurt Wright","Dan Smith","Andy Montroll","Bob Kiss","skipped"
"Kurt Wright","Dan Smith","Andy Montroll","James Simpson","Bob Kiss"
"Kurt Wright","Dan Smith","James Simpson","Andy Montroll","Bob Kiss"
"Kurt Wright","Bob Kiss","Dan Smith","James Simpson","Andy Montroll"
"Kurt Wright","Dan Smith","Andy Montroll","James Simpson","Bob Kiss"
"Kurt Wright","Dan Smith","skipped","skipped","skipped"
"Bob Kiss","Dan Smith","skipped","skipped","skipped"
"Kurt Wright","Dan Smith","Andy Montroll","skipped","skipped"
"Kurt Wright","Andy Montroll","Dan Smith","Bob Kiss","skipped"
"Bob Kiss","Dan Smith","Andy Montroll","skipped","skipped"
"Kurt Wright","Dan Smith","Andy Montroll","skipped","skipped"
"Kurt Wright","skipped","skipped","skipped","skipped"
"Dan Smith","Andy Montroll","James Simpson","Bob Kiss","Kurt Wright"
"Kurt Wright","Bob Kiss","skipped","skipped","skipped"
"Bob Kiss","Andy Montroll","Dan Smith","skipped","skipped"
"Bob Kiss","Andy Montroll","Dan Smith","skipped","skipped"
"Andy Montroll","Bob Kiss","Kurt Wright","Dan Smith","James Simpson"
"Bob Kiss","Andy Montroll","Dan Smith","James Simpson","Kurt Wright"
"Dan Smith","Kurt Wright","skipped","skipped","skipped"
"Kurt Wright","Dan Smith","Andy Montroll","James Simpson","Bob Kiss"
"Bob Kiss","Andy Montroll","James Simpson","skipped","skipped"
"Bob Kiss","skipped","skipped","skipped","skipped"
"Kurt Wright","skipped","skipped","skipped","skipped"
"Bob Kiss","Dan Smith","Kurt Wright","James Simpson","Andy Montroll"
"Bob Kiss","Kurt Wright","skipped","skipped","skipped"
"Kurt Wright","Dan Smith","Andy Montroll","Bob Kiss","skipped"
"Bob Kiss","Andy Montroll","James Simpson","Dan Smith","Kurt Wright"
"Kurt Wright","skipped","skipped","skipped","skipped"
"Kurt Wright","skipped","skipped","skipped","skipped"
"Kurt Wright","skipped","skipped","skipped","skipped"
"Bob Kiss","Kurt Wright","Andy Montroll","Dan Smith","James Simpson"
"Kurt Wright","Dan Smith","skipped","skipped","skipped"
"Bob Kiss","Dan Smith","Andy Montroll","James Simpson","Kurt Wright"
"Kurt Wright","skipped","skipped","skipped","skipped"
"Bob Kiss","Andy Montroll","James Simpson","Dan Smith","Kurt Wright"
"Dan Smith","Kurt Wright","skipped","skipped","skipped"
"Andy Montroll","Kurt Wright","skipped","skipped","skipped"
"Kurt Wright","Dan Smith","skipped","skipped","skipped"
"Kurt Wright","Dan Smith","Andy Montroll","James Simpson","Write-in"
"Dan Smith","Kurt Wright","Andy Montroll","Bob Kiss","skipped"
"James Simpson","Bob Kiss","Andy Montroll","skipped","skipped"
"Bob Kiss","Andy Montroll","Dan Smith","James Simpson","Kurt Wright"
"Kurt Wright","Andy Montroll","Dan Smith","James Simpson","Bob Kiss"
"Kurt Wright","skipped","skipped","skipped","skipped"
"Kurt Wright","skipped","skipped","skipped","skipped"
"Dan Smith","Kurt Wright","Andy Montroll","Bob Kiss","James Simpson"
"Bob Kiss","Dan Smith","Andy Montroll","James Simpson","skipped"
"Andy Montroll","Kurt Wright","skipped","skipped","skipped"
"Kurt Wright","Dan Smith","skipped","skipped","skipped"
"Kurt Wright","Andy Montroll","Dan Smith","skipped","skipped"
"Kurt Wright","skipped","skipped","skipped","skipped"
"Kurt Wright","Andy Montroll","skipped","skipped","skipped"
"Andy Montroll","Bob Kiss","Kurt Wright","Dan Smith","skipped"
"Kurt Wright","Andy Montroll","Dan Smith","Bob Kiss","James Simpson"
"Kurt Wright","skipped","skipped","skipped","skipped"
"Kurt Wright","Bob Kiss","Dan Smith","skipped","Andy Montroll"
"Andy Montroll","Dan Smith","Kurt Wright","Bob Kiss","skipped"
"Kurt Wright","skipped","skipped","skipped","skipped"
"Bob Kiss","Kurt Wright","Andy Montroll","Dan Smith","James Simpson"
"Kurt Wright","skipped","skipped","skipped","skipped"
"Kurt Wright","Dan Smith","Andy Montroll","skipped","skipped"
"Dan Smith","Andy Montroll","James Simpson","Kurt Wright","Bob Kiss"
"Dan Smith","Andy Montroll","Kurt Wright","James Simpson","Bob Kiss"
"Kurt Wright","skipped","skipped","skipped","skipped"
"Kurt Wright","Dan Smith","Bob Kiss","James Simpson","Andy Montroll"
"Kurt Wright","skipped","skipped","skipped","skipped"
"Andy Montroll","Bob Kiss","skipped","skipped","skipped"
"Andy Montroll","Bob Kiss","skipped","skipped","skipped"
"Kurt Wright","Bob Kiss","skipped","skipped","skipped"
"Dan Smith","Kurt Wright","Andy Montroll","James Simpson","Bob Kiss"
"Kurt Wright","Andy Montroll","Dan Smith","skipped","skipped"
"Kurt Wright","Dan Smith","Bob Kiss","Andy Montroll","James Simpson"
"Kurt Wright","Dan Smith","Andy Montroll","Bob Kiss","James Simpson"
"Bob Kiss","Dan Smith","Andy Montroll","skipped","skipped"
"Kurt Wright","Andy Montroll","Dan Smith","skipped","skipped"
"Andy Montroll","Kurt Wright","Dan Smith","James Simpson","Bob Kiss"
"Write-in","Kurt Wright","skipped","skipped","skipped"
"Bob Kiss","Kurt Wright","skipped","skipped","skipped"
"Andy Montroll","Kurt Wright","Bob Kiss","skipped","skipped"
"Bob Kiss","Andy Montroll","Kurt Wright","skipped","skipped"
"Bob Kiss","Dan Smith","Andy Montroll","skipped","skipped"
"Kurt Wright","Dan Smith","Bob Kiss","skipped","skipped"
"Kurt Wright","Dan Smith","James Simpson","Andy Montroll","Bob Kiss"
"Kurt Wright","skipped","skipped","skipped","skipped"
"Kurt Wright","Dan Smith","skipped","skipped","skipped"
"Bob Kiss","Andy Montroll","Dan Smith","Kurt Wright","James Simpson"
"Kurt Wright","Bob Kiss","skipped","skipped","skipped"
"Bob Kiss","Dan Smith","Andy Montroll","skipped","skipped"
"Andy Montroll","Bob Kiss","Dan Smith","James Simpson","Kurt Wright"
"Dan Smith","Andy Montroll","James Simpson","Kurt Wright","Bob Kiss"
"Kurt Wright","Dan Smith","Bob Kiss","Andy Montroll","James Simpson"
"Bob Kiss","Andy Montroll","skipped","skipped","skipped"
"Kurt Wright","Dan Smith","Bob Kiss","Andy Montroll","James Simpson"
"Kurt Wright","skipped","skipped","skipped","skipped"
"Andy Montroll","Bob Kiss","James Simpson","Dan Smith","skipped"
"Kurt Wright","Dan Smith","Andy Montroll","skipped","skipped"
"Dan Smith","skipped","skipped","skipped","skipped"
"Andy Montroll","Dan Smith","Bob Kiss","James Simpson","Kurt Wright"
"Kurt Wright","Andy Montroll","Bob Kiss","skipped","skipped"
"Kurt Wright","Andy Montroll","Dan Smith","James Simpson","Bob Kiss"
"Kurt Wright","skipped","skipped","skipped","skipped"
"Kurt Wright","Andy Montroll","Dan Smith","skipped","skipped"
"Kurt Wright","Andy Montroll","Dan Smith","skipped","skipped"
"Bob Kiss","Dan Smith","skipped","skipped","skipped"
"Bob Kiss","Dan Smith","skipped","skipped","skipped"
"Kurt Wright","skipped","skipped","skipped","skipped"
"Kurt Wright","Andy Montroll","Dan Smith","James Simpson","Bob Kiss"
"Andy Montroll","skipped","skipped","skipped","skipped"
"Kurt Wright","James Simpson","Andy Montroll","Bob Kiss","Dan Smith"
"Dan Smith","Kurt Wright","Andy Montroll","James Simpson","Bob Kiss"
"Kurt Wright","Andy Montroll","skipped","skipped","skipped"
"Kurt Wright","Andy Montroll","skipped","skipped","skipped"
"Kurt Wright","Dan Smith","skipped","skipped","skipped"
"Kurt Wright","skipped","skipped","skipped","skipped"
"Andy Montroll","skipped","skipped","skipped","skipped"
"Bob Kiss","Andy Montroll","James Simpson","Dan Smith","skipped"
"Bob Kiss","Kurt Wright","skipped","skipped","skipped"
"Bob Kiss","Andy Montroll","skipped","skipped","skipped"
"Kurt Wright","Dan Smith","Andy Montroll","Bob Kiss","James Simpson"
"Andy Montroll","Kurt Wright","Dan Smith","Bob Kiss","James Simpson"
"Kurt Wright","Bob Kiss","Dan Smith","skipped","skipped"
"Andy Montroll","Bob Kiss","skipped","skipped","skipped"
"Kurt Wright","skipped","skipped","skipped","skipped"
"Kurt Wright","skipped","skipped","skipped","skipped"
"Kurt Wright","Dan Smith","James Simpson","Andy Montroll","Bob Kiss"
"Dan Smith","skipped","skipped","skipped","skipped"
"Andy Montroll","Bob Kiss","Kurt Wright","Dan Smith","James Simpson"
"Bob Kiss","Andy Montroll","Dan Smith","James Simpson","skipped"
"Bob Kiss","Andy Montroll","Dan Smith","James Simpson","skipped"
"Bob Kiss","skipped","skipped","skipped","skipped"
"Dan Smith","skipped","skipped","skipped","skipped"
"Andy Montroll","Dan Smith","Kurt Wright","James Simpson","Bob Kiss"
"Bob Kiss","Dan Smith","Andy Montroll","James Simpson","Kurt Wright"
"Dan Smith","Andy Montroll","Bob Kiss","Kurt Wright","James Simpson"
"Dan Smith","Andy Montroll","Bob Kiss","Kurt Wright","James Simpson"
"Kurt Wright","Andy Montroll","Dan Smith","James Simpson","Bob Kiss"
"Kurt Wright","Bob Kiss","Andy Montroll","Dan Smith","James Simpson"
"Kurt Wright","Andy Montroll","skipped","skipped","skipped"
"Kurt Wright","Andy Montroll","skipped","skipped","skipped"
"Bob Kiss","Andy Montroll","James Simpson","Dan Smith","Kurt Wright"
"Andy Montroll","Bob Kiss","James Simpson","Dan Smith","Kurt Wright"
"Kurt Wright","skipped","skipped","skipped","skipped"
"Dan Smith","Andy Montroll","Bob Kiss","Kurt Wright","skipped"
"Kurt Wright","skipped","skipped","skipped","skipped"
"James Simpson","Kurt Wright","Bob Kiss","Dan Smith","Andy Montroll"
"Andy Montroll","Kurt Wright","skipped","skipped","skipped"
"Kurt Wright","Dan Smith","Andy Montroll","James Simpson","Bob Kiss"
"Kurt Wright","Dan Smith","Andy Montroll","James Simpson","Bob Kiss"
"Kurt Wright","Andy Montroll","Bob Kiss","Dan Smith","James Simpson"
"Dan Smith","skipped","skipped","skipped","skipped"
"Kurt Wright","Andy Montroll","Dan Smith","James Simpson","Bob Kiss"
"Kurt Wright","Andy Montroll","Dan Smith","skipped","skipped"
"Dan Smith","skipped","skipped","skipped","skipped"
"Andy Montroll","Dan Smith","Kurt Wright","Bob Kiss","skipped"
"Kurt Wright","James Simpson","Dan Smith","Andy Montroll","Bob Kiss"
"Kurt Wright","Dan Smith","Andy Montroll","skipped","skipped"
"Andy Montroll","Kurt Wright","Bob Kiss","Dan Smith","James Simpson"
"Andy Montroll","skipped","skipped","skipped","skipped"
"Andy Montroll","Bob Kiss","Dan Smith","James Simpson","Kurt Wright"
"Andy Montroll","Kurt Wright","Dan Smith","Bob Kiss","James Simpson"
"Andy Montroll","Dan Smith","Bob Kiss","Kurt Wright","James Simpson"
"Kurt Wright","skipped","skipped","skipped","skipped"
"Dan Smith","Andy Montroll","skipped","skipped","skipped"
"Dan Smith","skipped","skipped","skipped","skipped"
"Andy Montroll","Dan Smith","Kurt Wright","Bob Kiss","James Simpson"
"Bob Kiss","skipped","skipped","skipped","skipped"
"Bob Kiss","Andy Montroll","Dan Smith","skipped","skipped"
"Bob Kiss","Andy Montroll","Dan Smith","skipped","skipped"
"Kurt Wright","Andy Montroll","Dan Smith","James Simpson","Bob Kiss"
"Kurt Wright","James Simpson","Dan Smith","Bob Kiss","Andy Montroll"
"Bob Kiss","Andy Montroll","Dan Smith","Kurt Wright","James Simpson"
"Kurt Wright","skipped","skipped","skipped","skipped"
"Bob Kiss","Andy Montroll","Dan Smith","Kurt Wright","James Simpson"
"Bob Kiss","skipped","skipped","skipped","skipped"
"Bob Kiss","skipped","skipped","skipped","skipped"
"Dan Smith","Andy Montroll","Kurt Wright","James Simpson","Bob Kiss"
"Andy Montroll","Bob Kiss","Dan Smith","skipped","skipped"
"Kurt Wright","Dan Smith","skipped","skipped","skipped"
"Kurt Wright","Dan Smith","James Simpson","Andy Montroll","Bob Kiss"
"Kurt Wright","Bob Kiss","Dan Smith","Andy Montroll","James Simpson"
"Bob Kiss","Kurt Wright","skipped","skipped","skipped"
"Kurt Wright","Andy Montroll","Dan Smith","skipped","skipped"
"Dan Smith","Andy Montroll","James Simpson","Kurt Wright","Bob Kiss"
"Kurt Wright","Andy Montroll","skipped","skipped","skipped"
"Andy Montroll","Dan Smith","Kurt Wright","Bob Kiss","skipped"
"Bob Kiss","skipped","skipped","skipped","skipped"
"Kurt Wright","Dan Smith","skipped","skipped","skipped"
"Kurt Wright","Dan Smith","skipped","skipped","skipped"
"Andy Montroll","Dan Smith","Bob Kiss","James Simpson","skipped"
"Andy Montroll","skipped","skipped","skipped","skipped"
"Bob Kiss","skipped","skipped","skipped","skipped"
"Andy Montroll","Dan Smith","skipped","skipped","skipped"
"Bob Kiss","Dan Smith","Andy Montroll","James Simpson","Kurt Wright"
"Kurt Wright","skipped","skipped","skipped","skipped"
"Kurt Wright","Dan Smith","Andy Montroll","skipped","skipped"
"Andy Montroll","Kurt Wright","Dan Smith","skipped","skipped"
"Andy Montroll","Kurt Wright","Dan Smith","skipped","skipped"
"Andy Montroll","skipped","skipped","skipped","skipped"
"Kurt Wright","skipped","skipped","skipped","skipped"
"Kurt Wright","skipped","skipped","skipped","skipped"
"Dan Smith","skipped","skipped","skipped","skipped"
"Bob Kiss","Andy Montroll","Kurt Wright","skipped","skipped"
"Kurt Wright","Dan Smith","skipped","skipped","skipped"
"Dan Smith","Andy Montroll","Bob Kiss","Kurt Wright","skipped"
"Bob Kiss","Dan Smith","Andy Montroll","James Simpson","Write-in"
"Kurt Wright","skipped","skipped","skipped","skipped"
"Bob Kiss","Dan Smith","Andy Montroll","James Simpson","Write-in"
"Andy Montroll","Dan Smith","skipped","skipped","skipped"
"Kurt Wright","skipped","skipped","skipped","skipped"
"Andy Montroll","Bob Kiss","Dan Smith","James Simpson","Kurt Wright"
"Kurt Wright","Bob Kiss","skipped","skipped","skipped"
"Andy Montroll","Bob Kiss","Dan Smith","James Simpson","Write-in"
"Bob Kiss","Andy Montroll","Dan Smith","Kurt Wright","James Simpson"
"Andy Montroll","Kurt Wright","Dan Smith","James Simpson","Bob Kiss"
"Bob Kiss","Andy Montroll","Dan Smith","skipped","skipped"
"Kurt Wright","skipped","skipped","skipped","skipped"
"Bob Kiss","Dan Smith","Kurt Wright","Andy Montroll","James Simpson"
"Kurt Wright","skipped","skipped","skipped","skipped"
"Kurt Wright","Dan Smith","Andy Montroll","Bob Kiss","James Simpson"
"Bob Kiss","Andy Montroll","Dan Smith","skipped","skipped"
"Andy Montroll","Bob Kiss","Dan Smith","skipped","skipped"
"Kurt Wright","skipped","skipped","skipped","skipped"
"Kurt Wright","skipped","skipped","skipped","skipped"
"Kurt Wright","skipped","skipped","skipped","skipped"
"Andy Montroll","Dan Smith","Kurt Wright","Bob Kiss","James Simpson"
"Bob Kiss","Andy Montroll","skipped","skipped","skipped"
"Dan Smith","Bob Kiss","Kurt Wright","Andy Montroll","James Simpson"
"Bob Kiss","Andy Montroll","skipped","skipped","skipped"
"Kurt Wright","skipped","skipped","skipped","skipped"
"Bob Kiss","James Simpson","skipped","skipped","skipped"
"Kurt Wright","skipped","skipped","skipped","skipped"
"Dan Smith","Bob Kiss","Andy Montroll","James Simpson","Kurt Wright"
"Kurt Wright","skipped","skipped","skipped","skipped"
"Bob Kiss","skipped","skipped","skipped","skipped"
"Andy Montroll","Bob Kiss","James Simpson","Dan Smith","skipped"
"Kurt Wright","Write-in","Andy Montroll","skipped","Bob Kiss"
"Kurt Wright","Bob Kiss","skipped","skipped","skipped"
"Bob Kiss","Kurt Wright","Dan Smith","skipped","skipped"
"Kurt Wright","skipped","skipped","skipped","Bob Kiss"
"Kurt Wright","Andy Montroll","Dan Smith","skipped","Bob Kiss"
"Kurt Wright","Dan Smith","Bob Kiss","Andy Montroll","James Simpson"
"Andy Montroll","Bob Kiss","Dan Smith","Kurt Wright","James Simpson"
"Dan Smith","skipped","skipped","skipped","skipped"
"Andy Montroll","Bob Kiss","Dan Smith","James Simpson","skipped"
"Kurt Wright","skipped","skipped","skipped","skipped"
"Kurt Wright","Andy Montroll","Dan Smith","skipped","skipped"
"Kurt Wright","Bob Kiss","Dan Smith","Andy Montroll","James Simpson"
"Bob Kiss","Andy Montroll","Dan Smith","skipped","skipped"
"Kurt Wright","Bob Kiss","Andy Montroll","James Simpson","Dan Smith"
"Bob Kiss","skipped","skipped","skipped","skipped"
"Kurt Wright","skipped","skipped","skipped","skipped"
"Andy Montroll","Bob Kiss","Dan Smith","Kurt Wright","James Simpson"
"Kurt Wright","skipped","skipped","skipped","skipped"
"Bob Kiss","Dan Smith","skipped","skipped","skipped"
"Dan Smith","skipped","skipped","skipped","skipped"
"Kurt Wright","Dan Smith","Andy Montroll","skipped","Bob Kiss"
"Andy Montroll","Dan Smith","Kurt Wright","Bob Kiss","James Simpson"
"Kurt Wright","Andy Montroll","Dan Smith","Bob Kiss","skipped"
"Dan Smith","Andy Montroll","Kurt Wright","Bob Kiss","skipped"
"Kurt Wright","Dan Smith","James Simpson","Andy Montroll","Bob Kiss"
"Kurt Wright","skipped","skipped","skipped","skipped"
"Bob Kiss","skipped","skipped","skipped","skipped"
"Kurt Wright","Dan Smith","Andy Montroll","James Simpson","Bob Kiss"
"Bob Kiss","Kurt Wright","Dan Smith","Andy Montroll","James Simpson"
"Bob Kiss","Dan Smith","Andy Montroll","Kurt Wright","skipped"
"Kurt Wright","James Simpson","skipped","skipped","skipped"
"Kurt Wright","Andy Montroll","Dan Smith","James Simpson","Bob Kiss"
"Kurt Wright","Andy Montroll","Bob Kiss","Dan Smith","James Simpson"
"Kurt Wright","Andy Montroll","Bob Kiss","Dan Smith","James Simpson"
"Kurt Wright","Bob Kiss","skipped","skipped","skipped"
"Kurt Wright","Bob Kiss","skipped","skipped","skipped"
"Andy Montroll","Dan Smith","Bob Kiss","skipped","skipped"
"Kurt Wright","skipped","skipped","skipped","skipped"
"Kurt Wright","Dan Smith","Bob Kiss","James Simpson","Andy Montroll"
"Dan Smith","James Simpson","Andy Montroll","Bob Kiss","Kurt Wright"
"Kurt Wright","skipped","skipped","skipped","skipped"
"Kurt Wright","skipped","skipped","skipped","skipped"
"Kurt Wright","Bob Kiss","skipped","skipped","skipped"
"Kurt Wright","Andy Montroll","Dan Smith","James Simpson","Bob Kiss"
"Kurt Wright","Dan Smith","Bob Kiss","Andy Montroll","James Simpson"
"Kurt Wright","Dan Smith","skipped","skipped","skipped"
"Kurt Wright","Andy Montroll","Dan Smith","James Simpson","Bob Kiss"
"Kurt Wright","skipped","skipped","skipped","skipped"
"Kurt Wright","skipped","skipped","skipped","skipped"
"Dan Smith","Kurt Wright","Andy Montroll","skipped","skipped"
"Kurt Wright","Andy Montroll","Dan Smith","skipped","skipped"
"Kurt Wright","Dan Smith","Bob Kiss","skipped","Andy Montroll"
"Bob Kiss","Dan Smith","Andy Montroll","James Simpson","Kurt Wright"
"Kurt Wright","skipped","skipped","skipped","skipped"
"Bob Kiss","skipped","skipped","skipped","skipped"
"Andy Montroll","Dan Smith","Bob Kiss","Kurt Wright","James Simpson"
"Andy Montroll","Kurt Wright","Bob Kiss","Dan Smith","James Simpson"
"Kurt Wright","Dan Smith","James Simpson","Andy Montroll","Bob Kiss"
"Kurt Wright","Dan Smith","James Simpson","Andy Montroll","Bob Kiss"
"Kurt Wright","skipped","skipped","skipped","skipped"
"Kurt Wright","Andy Montroll","skipped","skipped","skipped"
"Kurt Wright","Bob Kiss","skipped","skipped","skipped"
"Kurt Wright","skipped","skipped","skipped","skipped"
"Kurt Wright","skipped","skipped","skipped","skipped"
"Write-in","Kurt Wright","James Simpson","Andy Montroll","Bob Kiss"
"Kurt Wright","Andy Montroll","Bob Kiss","skipped","skipped"
"Andy Montroll","Kurt Wright","skipped","skipped","skipped"
"Kurt Wright","Dan Smith","Bob Kiss","Andy Montroll","James Simpson"
"Bob Kiss","Andy Montroll","Kurt Wright","Dan Smith","James Simpson"
"Bob Kiss","Dan Smith","Kurt Wright","skipped","skipped"
"Andy Montroll","Dan Smith","Bob Kiss","James Simpson","Kurt Wright"
"Dan Smith","skipped","skipped","skipped","skipped"
"Kurt Wright","Andy Montroll","Dan Smith","skipped","skipped"
"Kurt Wright","Andy Montroll","skipped","skipped","skipped"
"Andy Montroll","Bob Kiss","Dan Smith","James Simpson","Write-in"
"Bob Kiss","Kurt Wright","Andy Montroll","James Simpson","Dan Smith"
"Kurt Wright","Andy Montroll","Dan Smith","James Simpson","Bob Kiss"
"Kurt Wright","Dan Smith","James Simpson","Andy Montroll","Bob Kiss"
"Kurt Wright","skipped","skipped","skipped","skipped"
"Kurt Wright","skipped","skipped","skipped","skipped"
"Kurt Wright","Andy Montroll","Dan Smith","skipped","skipped"
"Dan Smith","Bob Kiss","Andy Montroll","James Simpson","Kurt Wright"
"Bob Kiss","Andy Montroll","Dan Smith","skipped","skipped"
"Bob Kiss","Andy Montroll","Dan Smith","Kurt Wright","James Simpson"
"Bob Kiss","Dan Smith","Andy Montroll","Kurt Wright","James Simpson"
"Andy Montroll","Bob Kiss","Kurt Wright","skipped","skipped"
"Dan Smith","Andy Montroll","skipped","skipped","skipped"
"Andy Montroll","Dan Smith","Kurt Wright","skipped","skipped"
"Dan Smith","Bob Kiss","Andy Montroll","Kurt Wright","James Simpson"
"Kurt Wright","skipped","skipped","skipped","skipped"
"Dan Smith","Bob Kiss","Andy Montroll","Kurt Wright","James Simpson"
"Andy Montroll","Bob Kiss","Dan Smith","skipped","Kurt Wright"
"Kurt Wright","skipped","skipped","skipped","skipped"
"Andy Montroll","skipped","skipped","skipped","skipped"
"Bob Kiss","Andy Montroll","Dan Smith","skipped","skipped"
"Andy Montroll","Kurt Wright","Dan Smith","Bob Kiss","James Simpson"
"Kurt Wright","skipped","skipped","skipped","skipped"
"Kurt Wright","Dan Smith","Andy Montroll","skipped","skipped"
"Kurt Wright","Andy Montroll","Bob Kiss","Dan Smith","James Simpson"
"Kurt Wright","Andy Montroll","Dan Smith","skipped","skipped"
"Kurt Wright","skipped","skipped","skipped","skipped"
"Bob Kiss","Kurt Wright","skipped","skipped","skipped"
"Kurt Wright","skipped","skipped","skipped","skipped"
"Kurt Wright","James Simpson","Dan Smith","skipped","skipped"
"Write-in","skipped","skipped","skipped","skipped"
"Andy Montroll","Bob Kiss","Dan Smith","Kurt Wright","skipped"
"Andy Montroll","Dan Smith","Bob Kiss","skipped","skipped"
"Andy Montroll","Kurt Wright","James Simpson","Dan Smith","Bob Kiss"
"Dan Smith","Kurt Wright","James Simpson","Andy Montroll","Bob Kiss"
"Dan Smith","Bob Kiss","James Simpson","Andy Montroll","Kurt Wright"
"Andy Montroll","skipped","skipped","skipped","skipped"
"Dan Smith","Bob Kiss","Andy Montroll","Kurt Wright","James Simpson"
"Bob Kiss","Andy Montroll","Dan Smith","Kurt Wright","James Simpson"
"Dan Smith","skipped","skipped","skipped","skipped"
"Bob Kiss","Kurt Wright","Andy Montroll","Dan Smith","James Simpson"
"Bob Kiss","Andy Montroll","Dan Smith","James Simpson","Kurt Wright"
"Kurt Wright","Dan Smith","Bob Kiss","Andy Montroll","James Simpson"
"Bob Kiss","James Simpson","Andy Montroll","Dan Smith","Kurt Wright"
"Andy Montroll","Bob Kiss","Dan Smith","James Simpson","Kurt Wright"
"Bob Kiss","Dan Smith","Andy Montroll","skipped","skipped"
"Bob Kiss","Dan Smith","Andy Montroll","skipped","skipped"
"Bob Kiss","Kurt Wright","Andy Montroll","skipped","skipped"
"Kurt Wright","skipped","skipped","skipped","skipped"
"Dan Smith","Bob Kiss","Andy Montroll","skipped","skipped"
"Dan Smith","Bob Kiss","skipped","skipped","skipped"
"Andy Montroll","Dan Smith","Bob Kiss","Kurt Wright","skipped"
"Kurt Wright","Bob Kiss","Andy Montroll","Dan Smith","skipped"
"Bob Kiss","Andy Montroll","James Simpson","Dan Smith","skipped"
"Dan Smith","Bob Kiss","Kurt Wright","Andy Montroll","James Simpson"
"Kurt Wright","Dan Smith","skipped","skipped","skipped"
"Kurt Wright","Dan Smith","skipped","skipped","skipped"
"Kurt Wright","Dan Smith","skipped","skipped","skipped"
"Bob Kiss","Andy Montroll","Dan Smith","Kurt Wright","James Simpson"
"Bob Kiss","Dan Smith","Andy Montroll","skipped","skipped"
"Kurt Wright","Dan Smith","Bob Kiss","James Simpson","Andy Montroll"
"Andy Montroll","Dan Smith","Bob Kiss","James Simpson","Kurt Wright"
"James Simpson","Dan Smith","Andy Montroll","Bob Kiss","Kurt Wright"
"Dan Smith","Bob Kiss","Andy Montroll","skipped","skipped"
"Dan Smith","Bob Kiss","Kurt Wright","James Simpson","Andy Montroll"
"Kurt Wright","Dan Smith","Andy Montroll","Bob Kiss","James Simpson"
"Kurt Wright","Andy Montroll","Dan Smith","skipped","skipped"
"Bob Kiss","Andy Montroll","Kurt Wright","Dan Smith","James Simpson"
"Kurt Wright","Andy Montroll","Dan Smith","skipped","skipped"
"Andy Montroll","Bob Kiss","skipped","skipped","skipped"
"Dan Smith","Kurt Wright","skipped","skipped","skipped"
"Bob Kiss","Andy Montroll","Kurt Wright","Dan Smith","James Simpson"
"Kurt Wright","Andy Montroll","Bob Kiss","skipped","skipped"
"Kurt Wright","skipped","skipped","skipped","skipped"
"Bob Kiss","James Simpson","Andy Montroll","Dan Smith","skipped"
"Dan Smith","Bob Kiss","skipped","skipped","skipped"
"Andy Montroll","Dan Smith","Bob Kiss","skipped","skipped"
"Bob Kiss","Kurt Wright","Andy Montroll","skipped","skipped"
"Kurt Wright","Dan Smith","Andy Montroll","James Simpson","Bob Kiss"
"Andy Montroll","Dan Smith","Kurt Wright","skipped","skipped"
"Dan Smith","Andy Montroll","Kurt Wright","skipped","skipped"
"Bob Kiss","Dan Smith","Kurt Wright","Andy Montroll","James Simpson"
"Kurt Wright","skipped","skipped","skipped","skipped"
"Kurt Wright","James Simpson","skipped","skipped","skipped"
"Andy Montroll","Bob Kiss","Dan Smith","James Simpson","Kurt Wright"
"Dan Smith","skipped","skipped","skipped","skipped"
"Kurt Wright","Bob Kiss","Andy Montroll","Dan Smith","skipped"
"Kurt Wright","Bob Kiss","Andy Montroll","skipped","skipped"
"Kurt Wright","skipped","skipped","skipped","skipped"
"Bob Kiss","Andy Montroll","Dan Smith","Kurt Wright","James Simpson"
"Bob Kiss","Andy Montroll","skipped","skipped","skipped"
"Kurt Wright","Dan Smith","Andy Montroll","James Simpson","Bob Kiss"
"Andy Montroll","Kurt Wright","Dan Smith","skipped","Bob Kiss"
"Andy Montroll","Dan Smith","Bob Kiss","skipped","skipped"
"Andy Montroll","Bob Kiss","Dan Smith","Kurt Wright","skipped"
"Dan Smith","Andy Montroll","Bob Kiss","James Simpson","Kurt Wright"
"Kurt Wright","Andy Montroll","skipped","skipped","skipped"
"Dan Smith","Kurt Wright","Andy Montroll","skipped","skipped"
"Bob Kiss","Dan Smith","Kurt Wright","James Simpson","skipped"
"Dan Smith","Kurt Wright","Bob Kiss","Andy Montroll","James Simpson"
"Bob Kiss","Andy Montroll","Kurt Wright","skipped","skipped"
"Andy Montroll","Dan Smith","skipped","skipped","skipped"
"Dan Smith","Kurt Wright","Andy Montroll","Bob Kiss","James Simpson"
"Bob Kiss","James Simpson","Dan Smith","Andy Montroll","skipped"
"Andy Montroll","Dan Smith","skipped","skipped","skipped"
"Kurt Wright","Dan Smith","Andy Montroll","skipped","Bob Kiss"
"Bob Kiss","Kurt Wright","skipped","skipped","skipped"
"Dan Smith","Bob Kiss","Andy Montroll","James Simpson","skipped"
"Bob Kiss","Dan Smith","Kurt Wright","skipped","skipped"
"Dan Smith","Bob Kiss","Andy Montroll","James Simpson","Kurt Wright"
"Andy Montroll","Dan Smith","skipped","skipped","skipped"
"Kurt Wright","Dan Smith","Andy Montroll","James Simpson","Bob Kiss"
"Kurt Wright","skipped","skipped","skipped","skipped"
"Dan Smith","Bob Kiss","Andy Montroll","James Simpson","Kurt Wright"
"Bob Kiss","Dan Smith","skipped","skipped","skipped"
"Bob Kiss","Andy Montroll","Dan Smith","James Simpson","skipped"
"Kurt Wright","Dan Smith","Bob Kiss","Andy Montroll","James Simpson"
"Kurt Wright","skipped","skipped","skipped","skipped"
"Bob Kiss","Andy Montroll","Dan Smith","James Simpson","Kurt Wright"
"Kurt Wright","Andy Montroll","Dan Smith","Bob Kiss","James Simpson"
"Bob Kiss","Andy Montroll","Dan Smith","James Simpson","Kurt Wright"
"Bob Kiss","Andy Montroll","Dan Smith","James Simpson","Kurt Wright"
"Dan Smith","Kurt Wright","James Simpson","Andy Montroll","Bob Kiss"
"Bob Kiss","Kurt Wright","skipped","skipped","skipped"
"Kurt Wright","Dan Smith","Bob Kiss","Andy Montroll","skipped"
"Andy Montroll","Dan Smith","Bob Kiss","Kurt Wright","James Simpson"
"Bob Kiss","Dan Smith","Andy Montroll","skipped","skipped"
"Dan Smith","Andy Montroll","Bob Kiss","skipped","skipped"
"Kurt Wright","Bob Kiss","Andy Montroll","Dan Smith","James Simpson"
"Kurt Wright","Andy Montroll","skipped","skipped","skipped"
"Kurt Wright","Andy Montroll","Dan Smith","skipped","skipped"
"Kurt Wright","Andy Montroll","Bob Kiss","James Simpson","Dan Smith"
"Bob Kiss","Andy Montroll","James Simpson","Dan Smith","Write-in"
"Dan Smith","Andy Montroll","Bob Kiss","skipped","skipped"
"Bob Kiss","Dan Smith","Andy Montroll","Kurt Wright","skipped"
"Kurt Wright","Bob Kiss","Andy Montroll","James Simpson","Dan Smith"
"Kurt Wright","Dan Smith","skipped","skipped","skipped"
"Bob Kiss","Andy Montroll","Kurt Wright","Dan Smith","James Simpson"
"Kurt Wright","Dan Smith","Andy Montroll","Bob Kiss","James Simpson"
"Kurt Wright","Dan Smith","skipped","skipped","skipped"
"Bob Kiss","Andy Montroll","James Simpson","Dan Smith","Kurt Wright"
"Bob Kiss","Andy Montroll","skipped","skipped","skipped"
"Kurt Wright","skipped","skipped","skipped","skipped"
"Kurt Wright","skipped","skipped","skipped","skipped"
"Andy Montroll","Bob Kiss","Dan Smith","James Simpson","skipped"
"Dan Smith","Kurt Wright","Andy Montroll","James Simpson","Bob Kiss"
"Bob Kiss","Kurt Wright","skipped","skipped","skipped"
"Andy Montroll","Bob Kiss","skipped","skipped","skipped"
"Bob Kiss","Andy Montroll","Dan Smith","James Simpson","Kurt Wright"
"Bob Kiss","Andy Montroll","Dan Smith","skipped","skipped"
"Kurt Wright","Dan Smith","Andy Montroll","skipped","skipped"
"Dan Smith","Andy Montroll","Bob Kiss","Kurt Wright","James Simpson"
"Kurt Wright","Andy Montroll","Bob Kiss","skipped","skipped"
"Kurt Wright","Dan Smith","Andy Montroll","Bob Kiss","James Simpson"
"Andy Montroll","Dan Smith","Kurt Wright","skipped","skipped"
"Kurt Wright","Dan Smith","James Simpson","Andy Montroll","Bob Kiss"
"Bob Kiss","Andy Montroll","Dan Smith","skipped","skipped"
"Kurt Wright","skipped","skipped","skipped","skipped"
"Bob Kiss","Dan Smith","skipped","skipped","skipped"
"Bob Kiss","Andy Montroll","Dan Smith","skipped","skipped"
"Kurt Wright","Bob Kiss","Andy Montroll","Dan Smith","James Simpson"
"Kurt Wright","Dan Smith","James Simpson","skipped","skipped"
"Kurt Wright","Andy Montroll","James Simpson","Dan Smith","Bob Kiss"
"Kurt Wright","skipped","skipped","skipped","skipped"
"Kurt Wright","Dan Smith","Bob Kiss","James Simpson","Andy Montroll"
"Kurt Wright","Write-in","skipped","skipped","skipped"
"Kurt Wright","skipped","skipped","skipped","skipped"
"Andy Montroll","Bob Kiss","Dan Smith","Kurt Wright","James Simpson"
"Kurt Wright","Dan Smith","Andy Montroll","skipped","skipped"
"Andy Montroll","Kurt Wright","Bob Kiss","Dan Smith","James Simpson"
"Kurt Wright","skipped","skipped","skipped","skipped"
"Dan Smith","Andy Montroll","Kurt Wright","Bob Kiss","James Simpson"
"Kurt Wright","Dan Smith","Andy Montroll","Bob Kiss","James Simpson"
"Bob Kiss","Andy Montroll","James Simpson","skipped","skipped"
"Dan Smith","skipped","skipped","skipped","skipped"
"Kurt Wright","Dan Smith","Andy Montroll","Bob Kiss","James Simpson"
"Kurt Wright","Dan Smith","Andy Montroll","skipped","skipped"
"Kurt Wright","Bob Kiss","Andy Montroll","James Simpson","Dan Smith"
"Bob Kiss","James Simpson","Andy Montroll","Dan Smith","skipped"
"Kurt Wright","Bob Kiss","skipped","skipped","skipped"
"Kurt Wright","Andy Montroll","skipped","skipped","skipped"
"Andy Montroll","skipped","skipped","skipped","skipped"
"Andy Montroll","Bob Kiss","Dan Smith","James Simpson","skipped"
"Dan Smith","Andy Montroll","Bob Kiss","Kurt Wright","skipped"
"Andy Montroll","skipped","skipped","skipped","skipped"
"Andy Montroll","Bob Kiss","Dan Smith","Kurt Wright","skipped"
"Kurt Wright","Dan Smith","James Simpson","skipped","skipped"
"Kurt Wright","Andy Montroll","skipped","skipped","skipped"
"Kurt Wright","Write-in","Andy Montroll","Dan Smith","Bob Kiss"
"Kurt Wright","skipped","skipped","skipped","skipped"
"Kurt Wright","skipped","skipped","skipped","skipped"
"Dan Smith","skipped","skipped","skipped","skipped"
"Bob Kiss","skipped","skipped","skipped","skipped"
"Bob Kiss","skipped","skipped","skipped","skipped"
"Kurt Wright","Andy Montroll","Dan Smith","Bob Kiss","James Simpson"
"Bob Kiss","skipped","skipped","skipped","skipped"
"Bob Kiss","skipped","skipped","skipped","skipped"
"Bob Kiss","Andy Montroll","James Simpson","Write-in","Kurt Wright"
"Kurt Wright","Dan Smith","skipped","skipped","skipped"
"Kurt Wright","Andy Montroll","Dan Smith","James Simpson","Bob Kiss"
"Kurt Wright","Andy Montroll","skipped","skipped","skipped"
"Bob Kiss","Andy Montroll","James Simpson","Kurt Wright","Dan Smith"
