"precinct","rank1","rank2","rank3"
"MINNEAPOLIS W-3 P-02","Ginger Jentzen","Samantha Pree-Stinson","Steve Fletcher"
"MINNEAPOLIS W-3 P-05","Tim Bildsoe","Steve Fletcher","skipped"
"MINNEAPOLIS W-3 P-08","Steve Fletcher","Tim Bildsoe","Samantha Pree-Stinson"
"MINNEAPOLIS W-3 P-09","Tim Bildsoe","Steve Fletcher","skipped"
"MINNEAPOLIS W-3 P-12","Ginger Jentzen","Samantha Pree-Stinson","Tim Bildsoe"
"MINNEAPOLIS W-3 P-06","Ginger Jentzen","skipped","skipped"
"MINNEAPOLIS W-3 P-12","Ginger Jentzen","Tim Bildsoe","Steve Fletcher"
"MINNEAPOLIS W-3 P-05","Steve Fletcher","Samantha Pree-Stinson","Ginger Jentzen"
"MINNEAPOLIS W-3 P-12","Steve Fletcher","Ginger Jentzen","Steve Fletcher"
"MINNEAPOLIS W-3 P-09","Tim Bildsoe","skipped","skipped"
"MINNEAPOLIS W-3 P-02","Ginger Jentzen","Samantha Pree-Stinson","Steve Fletcher"
"MINNEAPOLIS W-3 P-09","Steve Fletcher","skipped","skipped"
"MINNEAPOLIS W-3 P-05","Steve Fletcher","skipped","skipped"
"MINNEAPOLIS W-3 P-06","Samantha Pree-Stinson","Ginger Jentzen","Steve Fletcher"
"MINNEAPOLIS W-3 P-03","Tim Bildsoe","Steve Fletcher","Samantha Pree-Stinson"
"MINNEAPOLIS W-3 P-05","Ginger Jentzen","skipped","skipped"
"MINNEAPOLIS W-3 P-11","Samantha Pree-Stinson","Ginger Jentzen","Steve Fletcher"
"MINNEAPOLIS W-3 P-11","Steve Fletcher","Tim Bildsoe","Samantha Pree-Stinson"
"MINNEAPOLIS W-3 P-11","Tim Bildsoe","skipped","skipped"
"MINNEAPOLIS W-3 P-09","Samantha Pree-Stinson","Tim Bildsoe","Steve Fletcher"
"MINNEAPOLIS W-3 P-12","Steve Fletcher","Tim Bildsoe","skipped"
"MINNEAPOLIS W-3 P-09","skipped","skipped","skipped"
"MINNEAPOLIS W-3 P-01","Ginger Jentzen","Samantha Pree-Stinson","Steve Fletcher"
"MINNEAPOLIS W-3 P-09","Tim Bildsoe","skipped","skipped"
"MINNEAPOLIS W-3 P-03","skipped","skipped","skipped"
"MINNEAPOLIS W-3 P-09","Ginger Jentzen","Samantha Pree-Stinson","skipped"
"MINNEAPOLIS W-3 P-07","Samantha Pree-Stinson","Tim Bildsoe","Steve Fletcher"
"MINNEAPOLIS W-3 P-12","Steve Fletcher","Ginger Jentzen","Samantha Pree-Stinson"
"MINNEAPOLIS W-3 P-08","Tim Bildsoe","Steve Fletcher","Ginger Jentzen"
"MINNEAPOLIS W-3 P-09","Steve Fletcher","Tim Bildsoe","skipped"
"MINNEAPOLIS W-3 P-07","Steve Fletcher","Tim Bildsoe","skipped"
"MINNEAPOLIS W-3 P-09","Samantha Pree-Stinson","skipped","skipped"
"MINNEAPOLIS W-3 P-02","Ginger Jentzen","Samantha Pree-Stinson","skipped"
"MINNEAPOLIS W-3 P-07","Tim Bildsoe","Samantha Pree-Stinson","Steve Fletcher"
"MINNEAPOLIS W-3 P-02","Tim Bildsoe","Steve Fletcher","skipped"
"MINNEAPOLIS W-3 P-07","Tim Bildsoe","Steve Fletcher","skipped"
"MINNEAPOLIS W-3 P-03","Steve Fletcher","Samantha Pree-Stinson","Ginger Jentzen"
"MINNEAPOLIS W-3 P-01","Ginger Jentzen","skipped","skipped"
"MINNEAPOLIS W-3 P-09","Tim Bildsoe","Steve Fletcher","skipped"
"MINNEAPOLIS W-3 P-09","skipped","skipped","skipped"
"MINNEAPOLIS W-3 P-04","Steve Fletcher","Ginger Jentzen","Samantha Pree-Stinson"
"MINNEAPOLIS W-3 P-04","Tim Bildsoe","Steve Fletcher","Samantha Pree-Stinson"
"MINNEAPOLIS W-3 P-10","Ginger Jentzen","Samantha Pree-Stinson","Steve Fletcher"
"MINNEAPOLIS W-3 P-06","Ginger Jentzen","skipped","skipped"
"MINNEAPOLIS W-3 P-03","Tim Bildsoe","Steve Fletcher","skipped"
"MINNEAPOLIS W-3 P-09","Tim Bildsoe","Steve Fletcher","skipped"
"MINNEAPOLIS W-3 P-03","skipped","skipped","skipped"
"MINNEAPOLIS W-3 P-08","Steve Fletcher","skipped","skipped"
"MINNEAPOLIS W-3 P-06","Ginger Jentzen","Samantha Pree-Stinson","Tim Bildsoe"
"MINNEAPOLIS W-3 P-09","Tim Bildsoe","Samantha Pree-Stinson","Steve Fletcher"
"MINNEAPOLIS W-3 P-07","Tim Bildsoe","Steve Fletcher","skipped"
"MINNEAPOLIS W-3 P-12","Steve Fletcher","Tim Bildsoe","skipped"
"MINNEAPOLIS W-3 P-06","Ginger Jentzen","Samantha Pree-Stinson","writein"
"MINNEAPOLIS W-3 P-05","Tim Bildsoe","Steve Fletcher","skipped"
"MINNEAPOLIS W-3 P-12","Steve Fletcher","skipped","skipped"
"MINNEAPOLIS W-3 P-03","Steve Fletcher","Ginger Jentzen","Samantha Pree-Stinson"
"MINNEAPOLIS W-3 P-06","Ginger Jentzen","skipped","skipped"
"MINNEAPOLIS W-3 P-05","Steve Fletcher","Tim Bildsoe","Samantha Pree-Stinson"
"MINNEAPOLIS W-3 P-08","Tim Bildsoe","Steve Fletcher","Samantha Pree-Stinson"
"MINNEAPOLIS W-3 P-09","Tim Bildsoe","skipped","skipped"
"MINNEAPOLIS W-3 P-08","Ginger Jentzen","Tim Bildsoe","Samantha Pree-Stinson"
"MINNEAPOLIS W-3 P-03","Steve Fletcher","Tim Bildsoe","skipped"
"MINNEAPOLIS W-3 P-07","Steve Fletcher","Tim Bildsoe","Ginger Jentzen"
"MINNEAPOLIS W-3 P-03","Steve Fletcher","Ginger Jentzen","skipped"
"MINNEAPOLIS W-3 P-07","Steve Fletcher","Tim Bildsoe","Ginger Jentzen"
"MINNEAPOLIS W-3 P-04","Ginger Jentzen","Steve Fletcher","skipped"
"MINNEAPOLIS W-3 P-12","Tim Bildsoe","Steve Fletcher","skipped"
"MINNEAPOLIS W-3 P-09","Tim Bildsoe","Steve Fletcher","skipped"
"MINNEAPOLIS W-3 P-03","Tim Bildsoe","Steve Fletcher","Samantha Pree-Stinson"
"MINNEAPOLIS W-3 P-04","Ginger Jentzen","Steve Fletcher","Samantha Pree-Stinson"
"MINNEAPOLIS W-3 P-11","Tim Bildsoe","Steve Fletcher","writein"
"MINNEAPOLIS W-3 P-05","Ginger Jentzen","Steve Fletcher","Tim Bildsoe"
"MINNEAPOLIS W-3 P-10","Ginger Jentzen","Samantha Pree-Stinson","Steve Fletcher"
"MINNEAPOLIS W-3 P-08","Tim Bildsoe","Steve Fletcher","Samantha Pree-Stinson"
"MINNEAPOLIS W-3 P-09","Tim Bildsoe","Steve Fletcher","skipped"
"MINNEAPOLIS W-3 P-09","Steve Fletcher","skipped","skipped"
"MINNEAPOLIS W-3 P-03","Steve Fletcher","Tim Bildsoe","Ginger Jentzen"
"MINNEAPOLIS W-3 P-06","Samantha Pree-Stinson","Steve Fletcher","Ginger Jentzen"
"MINNEAPOLIS W-3 P-08","Tim Bildsoe","Samantha Pree-Stinson","Steve Fletcher"
"MINNEAPOLIS W-3 P-09","Tim Bildsoe","Steve Fletcher","Samantha Pree-Stinson"
"MINNEAPOLIS W-3 P-03","Steve Fletcher","Samantha Pree-Stinson","Ginger Jentzen"
"MINNEAPOLIS W-3 P-03","Tim Bildsoe","Ginger Jentzen","Steve Fletcher"
"MINNEAPOLIS W-3 P-03","Ginger Jentzen","Steve Fletcher","Samantha Pree-Stinson"
"MINNEAPOLIS W-3 P-03","Samantha Pree-Stinson","Ginger Jentzen","Steve Fletcher"
"MINNEAPOLIS W-3 P-06","Tim Bildsoe","Ginger Jentzen","Samantha Pree-Stinson"
"MINNEAPOLIS W-3 P-11","Tim Bildsoe","Steve Fletcher","skipped"
"MINNEAPOLIS W-3 P-02","Ginger Jentzen","Samantha Pree-Stinson","Tim Bildsoe"
"MINNEAPOLIS W-3 P-12","Tim Bildsoe","Tim Bildsoe","Tim Bildsoe"
"MINNEAPOLIS W-3 P-04","Samantha Pree-Stinson","Tim Bildsoe","Steve Fletcher"
"MINNEAPOLIS W-3 P-03","Tim Bildsoe","writein","writein"
"MINNEAPOLIS W-3 P-02","Ginger Jentzen","Samantha Pree-Stinson","skipped"
"MINNEAPOLIS W-3 P-12","Tim Bildsoe","Steve Fletcher","Samantha Pree-Stinson"
"MINNEAPOLIS W-3 P-01","Ginger Jentzen","Steve Fletcher","Samantha Pree-Stinson"
"MINNEAPOLIS W-3 P-03","Steve Fletcher","Tim Bildsoe","Ginger Jentzen"
"MINNEAPOLIS W-3 P-03","Ginger Jentzen","Samantha Pree-Stinson","skipped"
"MINNEAPOLIS W-3 P-04","Ginger Jentzen","Steve Fletcher","Samantha Pree-Stinson"
"MINNEAPOLIS W-3 P-03","Samantha Pree-Stinson","Tim Bildsoe","Steve Fletcher"
"MINNEAPOLIS W-3 P-12","Tim Bildsoe","Steve Fletcher","Samantha Pree-Stinson"
"MINNEAPOLIS W-3 P-03","Steve Fletcher","Samantha Pree-Stinson","Tim Bildsoe"
"MINNEAPOLIS W-3 P-08","Tim Bildsoe","Steve Fletcher","Ginger Jentzen"
"MINNEAPOLIS W-3 P-09","Tim Bildsoe","Steve Fletcher","skipped"
"MINNEAPOLIS W-3 P-07","skipped","skipped","skipped"
"MINNEAPOLIS W-3 P-03","Samantha Pree-Stinson","skipped","skipped"
"MINNEAPOLIS W-3 P-02","Tim Bildsoe","Steve Fletcher","Samantha Pree-Stinson"
"MINNEAPOLIS W-3 P-09","Tim Bildsoe","Steve Fletcher","writein"
"MINNEAPOLIS W-3 P-09","Tim Bildsoe","Steve Fletcher","skipped"
"MINNEAPOLIS W-3 P-07","Tim Bildsoe","Steve Fletcher","skipped"
"MINNEAPOLIS W-3 P-09","Samantha Pree-Stinson","skipped","skipped"
"MINNEAPOLIS W-3 P-09","Ginger Jentzen","Tim Bildsoe","Steve Fletcher"
"MINNEAPOLIS W-3 P-03","Tim Bildsoe","skipped","skipped"
"MINNEAPOLIS W-3 P-08","Tim Bildsoe","skipped","skipped"
"MINNEAPOLIS W-3 P-09","Steve Fletcher","skipped","skipped"
"MINNEAPOLIS W-3 P-03","Tim Bildsoe","skipped","skipped"
"MINNEAPOLIS W-3 P-09","Samantha Pree-Stinson","Steve Fletcher","Ginger Jentzen"
"MINNEAPOLIS W-3 P-02","skipped","skipped","skipped"
"MINNEAPOLIS W-3 P-09","Tim Bildsoe","Steve Fletcher","Samantha Pree-Stinson"
"MINNEAPOLIS W-3 P-09","Samantha Pree-Stinson","skipped","Steve Fletcher"
"MINNEAPOLIS W-3 P-09","Steve Fletcher","skipped","skipped"
"MINNEAPOLIS W-3 P-09","Tim Bildsoe","Steve Fletcher","Samantha Pree-Stinson"
"MINNEAPOLIS W-3 P-02","Ginger Jentzen","Samantha Pree-Stinson","Steve Fletcher"
"MINNEAPOLIS W-3 P-09","Samantha Pree-Stinson","Steve Fletcher","Tim Bildsoe"
"MINNEAPOLIS W-3 P-09","Tim Bildsoe","Steve Fletcher","skipped"
"MINNEAPOLIS W-3 P-08","Samantha Pree-Stinson","Steve Fletcher","skipped"
"MINNEAPOLIS W-3 P-09","Samantha Pree-Stinson","Steve Fletcher","Tim Bildsoe"
"MINNEAPOLIS W-3 P-09","Steve Fletcher","Samantha Pree-Stinson","Tim Bildsoe"
"MINNEAPOLIS W-3 P-07","Samantha Pree-Stinson","Tim Bildsoe","Steve Fletcher"
"MINNEAPOLIS W-3 P-09","Ginger Jentzen","Samantha Pree-Stinson","Steve Fletcher"
"MINNEAPOLIS W-3 P-09","Tim Bildsoe","Steve Fletcher","skipped"
"MINNEAPOLIS W-3 P-03","Ginger Jentzen","Samantha Pree-Stinson","Tim Bildsoe"
"MINNEAPOLIS W-3 P-03","Steve Fletcher","writein","Tim Bildsoe"
"MINNEAPOLIS W-3 P-11","Steve Fletcher","Tim Bildsoe","Samantha Pree-Stinson"
"MINNEAPOLIS W-3 P-03","Tim Bildsoe","Steve Fletcher","Samantha Pree-Stinson"
"MINNEAPOLIS W-3 P-10","Tim Bildsoe","Steve Fletcher","writein"
"MINNEAPOLIS W-3 P-03","Samantha Pree-Stinson","Steve Fletcher","Tim Bildsoe"
"MINNEAPOLIS W-3 P-07","Tim Bildsoe","Samantha Pree-Stinson","skipped"
"MINNEAPOLIS W-3 P-09","Ginger Jentzen","Samantha Pree-Stinson","Steve Fletcher"
"MINNEAPOLIS W-3 P-09","Tim Bildsoe","Steve Fletcher","skipped"
"MINNEAPOLIS W-3 P-11","Ginger Jentzen","Steve Fletcher","Tim Bildsoe"
"MINNEAPOLIS W-3 P-09","Samantha Pree-Stinson","Tim Bildsoe","skipped"
"MINNEAPOLIS W-3 P-11","Tim Bildsoe","Steve Fletcher","Samantha Pree-Stinson"
"MINNEAPOLIS W-3 P-09","Steve Fletcher","skipped","skipped"
"MINNEAPOLIS W-3 P-08","Steve Fletcher","Tim Bildsoe","Samantha Pree-Stinson"
"MINNEAPOLIS W-3 P-08","Steve Fletcher","Tim Bildsoe","skipped"
"MINNEAPOLIS W-3 P-03","Tim Bildsoe","skipped","skipped"
"MINNEAPOLIS W-3 P-09","Steve Fletcher","Tim Bildsoe","skipped"
"MINNEAPOLIS W-3 P-06","Ginger Jentzen","skipped","skipped"
"MINNEAPOLIS W-3 P-11","Steve Fletcher","Samantha Pree-Stinson","Ginger Jentzen"
"MINNEAPOLIS W-3 P-09","Tim Bildsoe","skipped","skipped"
"MINNEAPOLIS W-3 P-05","Ginger Jentzen","writein","writein"
"MINNEAPOLIS W-3 P-03","Ginger Jentzen","skipped","skipped"
"MINNEAPOLIS W-3 P-04","Ginger Jentzen","Samantha Pree-Stinson","skipped"
"MINNEAPOLIS W-3 P-12","Samantha Pree-Stinson","Ginger Jentzen","Tim Bildsoe"
"MINNEAPOLIS W-3 P-09","skipped","skipped","skipped"
"MINNEAPOLIS W-3 P-06","Steve Fletcher","Samantha Pree-Stinson","skipped"
"MINNEAPOLIS W-3 P-03","Steve Fletcher","Tim Bildsoe","Ginger Jentzen"
"MINNEAPOLIS W-3 P-07","Steve Fletcher","Samantha Pree-Stinson","Tim Bildsoe"
"MINNEAPOLIS W-3 P-06","Ginger Jentzen","Steve Fletcher","skipped"
"MINNEAPOLIS W-3 P-03","Samantha Pree-Stinson","Tim Bildsoe","Steve Fletcher"
"MINNEAPOLIS W-3 P-01","Ginger Jentzen","Samantha Pree-Stinson","Steve Fletcher"
"MINNEAPOLIS W-3 P-04","Steve Fletcher","Ginger Jentzen","skipped"
"MINNEAPOLIS W-3 P-11","Steve Fletcher","Tim Bildsoe","Samantha Pree-Stinson"
"MINNEAPOLIS W-3 P-06","Ginger Jentzen","Steve Fletcher","Samantha Pree-Stinson"
"MINNEAPOLIS W-3 P-09","Steve Fletcher","Samantha Pree-Stinson","skipped"
"MINNEAPOLIS W-3 P-03","Tim Bildsoe","skipped","skipped"
"MINNEAPOLIS W-3 P-08","Tim Bildsoe","Samantha Pree-Stinson","skipped"
"MINNEAPOLIS W-3 P-09","Ginger Jentzen","Tim Bildsoe","Steve Fletcher"
"MINNEAPOLIS W-3 P-01","Samantha Pree-Stinson","Ginger Jentzen","Steve Fletcher"
"MINNEAPOLIS W-3 P-11","skipped","skipped","skipped"
"MINNEAPOLIS W-3 P-03","Steve Fletcher","Samantha Pree-Stinson","Ginger Jentzen"
"MINNEAPOLIS W-3 P-10","Steve Fletcher","Ginger Jentzen","Samantha Pree-Stinson"
"MINNEAPOLIS W-3 P-03","Tim Bildsoe","Steve Fletcher","skipped"
"MINNEAPOLIS W-3 P-05","Steve Fletcher","Tim Bildsoe","skipped"
"MINNEAPOLIS W-3 P-11","Tim Bildsoe","Steve Fletcher","skipped"
"MINNEAPOLIS W-3 P-03","Samantha Pree-Stinson","skipped","skipped"
"MINNEAPOLIS W-3 P-03","Ginger Jentzen","Steve Fletcher","skipped"
"MINNEAPOLIS W-3 P-08","Tim Bildsoe","Samantha Pree-Stinson","Steve Fletcher"
"MINNEAPOLIS W-3 P-08","Tim Bildsoe","Samantha Pree-Stinson","skipped"
"MINNEAPOLIS W-3 P-05","Ginger Jentzen","skipped","skipped"
"MINNEAPOLIS W-3 P-07","Ginger Jentzen","Tim Bildsoe","Samantha Pree-Stinson"
"MINNEAPOLIS W-3 P-07","Steve Fletcher","skipped","skipped"
"MINNEAPOLIS W-3 P-08","Steve Fletcher","Tim Bildsoe","skipped"
"MINNEAPOLIS W-3 P-08","Samantha Pree-Stinson","Ginger Jentzen","Steve Fletcher"
"MINNEAPOLIS W-3 P-05","Steve Fletcher","skipped","skipped"
"MINNEAPOLIS W-3 P-03","Tim Bildsoe","Steve Fletcher","skipped"
"MINNEAPOLIS W-3 P-03","Ginger Jentzen","Samantha Pree-Stinson","Steve Fletcher"
"MINNEAPOLIS W-3 P-06","Ginger Jentzen","skipped","skipped"
"MINNEAPOLIS W-3 P-01","Tim Bildsoe","Steve Fletcher","Ginger Jentzen"
"MINNEAPOLIS W-3 P-03","Steve Fletcher","Tim Bildsoe","skipped"
"MINNEAPOLIS W-3 P-06","Steve Fletcher","Ginger Jentzen","skipped"
"MINNEAPOLIS W-3 P-07","Steve Fletcher","Tim Bildsoe","Samantha Pree-Stinson"
"MINNEAPOLIS W-3 P-07","Tim Bildsoe","Steve Fletcher","Samantha Pree-Stinson"
"MINNEAPOLIS W-3 P-07","Tim Bildsoe","skipped","skipped"
"MINNEAPOLIS W-3 P-07","Steve Fletcher","Ginger Jentzen","Tim Bildsoe"
"MINNEAPOLIS W-3 P-03","Ginger Jentzen","Steve Fletcher","Tim Bildsoe"
"MINNEAPOLIS W-3 P-09","Tim Bildsoe","Steve Fletcher","Samantha Pree-Stinson"
"MINNEAPOLIS W-3 P-03","Tim Bildsoe","Steve Fletcher","Ginger Jentzen"
"MINNEAPOLIS W-3 P-12","Steve Fletcher","skipped","skipped"
"MINNEAPOLIS W-3 P-04","Steve Fletcher","Ginger Jentzen","Samantha Pree-Stinson"
"MINNEAPOLIS W-3 P-12","Tim Bildsoe","Steve Fletcher","Samantha Pree-Stinson"
"MINNEAPOLIS W-3 P-06","Ginger Jentzen","Steve Fletcher","Samantha Pree-Stinson"
"MINNEAPOLIS W-3 P-09","Steve Fletcher","Samantha Pree-Stinson","Ginger Jentzen"
"MINNEAPOLIS W-3 P-09","Tim Bildsoe","Steve Fletcher","Samantha Pree-Stinson"
"MINNEAPOLIS W-3 P-08","Tim Bildsoe","Samantha Pree-Stinson","skipped"
"MINNEAPOLIS W-3 P-09","Tim Bildsoe","Steve Fletcher","Ginger Jentzen"
"MINNEAPOLIS W-3 P-03","Tim Bildsoe","Steve Fletcher","Ginger Jentzen"
"MINNEAPOLIS W-3 P-03","Ginger Jentzen","skipped","skipped"
"MINNEAPOLIS W-3 P-09","Steve Fletcher","Tim Bildsoe","skipped"
"MINNEAPOLIS W-3 P-07","Tim Bildsoe","skipped","skipped"
"MINNEAPOLIS W-3 P-03","Tim Bildsoe","Steve Fletcher","Samantha Pree-Stinson"
"MINNEAPOLIS W-3 P-12","Tim Bildsoe","Ginger Jentzen","Steve Fletcher"
"MINNEAPOLIS W-3 P-01","Steve Fletcher","skipped","skipped"
"MINNEAPOLIS W-3 P-09","Steve Fletcher","Samantha Pree-Stinson","writein"
"MINNEAPOLIS W-3 P-11","Samantha Pree-Stinson","skipped","skipped"
"MINNEAPOLIS W-3 P-06","Ginger Jentzen","Tim Bildsoe","Steve Fletcher"
"MINNEAPOLIS W-3 P-01","Ginger Jentzen","Samantha Pree-Stinson","skipped"
"MINNEAPOLIS W-3 P-09","Steve Fletcher","Ginger Jentzen","Samantha Pree-Stinson"
"MINNEAPOLIS W-3 P-11","Tim Bildsoe","Steve Fletcher","Samantha Pree-Stinson"
"MINNEAPOLIS W-3 P-12","Ginger Jentzen","Samantha Pree-Stinson","skipped"
"MINNEAPOLIS W-3 P-09","Tim Bildsoe","Steve Fletcher","Samantha Pree-Stinson"
"MINNEAPOLIS W-3 P-12","Steve Fletcher","Samantha Pree-Stinson","overvote"
"MINNEAPOLIS W-3 P-02","Tim Bildsoe","Steve Fletcher","Samantha Pree-Stinson"
"MINNEAPOLIS W-3 P-06","Steve Fletcher","Ginger Jentzen","Samantha Pree-Stinson"
"MINNEAPOLIS W-3 P-06","Steve Fletcher","Tim Bildsoe","Ginger Jentzen"
"MINNEAPOLIS W-3 P-07","Steve Fletcher","Tim Bildsoe","skipped"
"MINNEAPOLIS W-3 P-09","Ginger Jentzen","skipped","skipped"
"MINNEAPOLIS W-3 P-08","Steve Fletcher","Tim Bildsoe","Samantha Pree-Stinson"
"MINNEAPOLIS W-3 P-11","Steve Fletcher","skipped","skipped"
"MINNEAPOLIS W-3 P-01","Samantha Pree-Stinson","Tim Bildsoe","Ginger Jentzen"
"MINNEAPOLIS W-3 P-06","Ginger Jentzen","Tim Bildsoe","Steve Fletcher"
"MINNEAPOLIS W-3 P-08","Steve Fletcher","Tim Bildsoe","Samantha Pree-Stinson"
"MINNEAPOLIS W-3 P-11","Ginger Jentzen","Samantha Pree-Stinson","skipped"
"MINNEAPOLIS W-3 P-07","Tim Bildsoe","skipped","skipped"
"MINNEAPOLIS W-3 P-04","Tim Bildsoe","Steve Fletcher","skipped"
"MINNEAPOLIS W-3 P-09","Tim Bildsoe","Steve Fletcher","Samantha Pree-Stinson"
"MINNEAPOLIS W-3 P-03","Tim Bildsoe","Samantha Pree-Stinson","Steve Fletcher"
"MINNEAPOLIS W-3 P-12","Samantha Pree-Stinson","Steve Fletcher","skipped"
"MINNEAPOLIS W-3 P-12","Ginger Jentzen","Ginger Jentzen","Ginger Jentzen"
"MINNEAPOLIS W-3 P-07","Tim Bildsoe","Steve Fletcher","Samantha Pree-Stinson"
"MINNEAPOLIS W-3 P-03","Ginger Jentzen","Steve Fletcher","Tim Bildsoe"
"MINNEAPOLIS W-3 P-06","Tim Bildsoe","Steve Fletcher","skipped"
"MINNEAPOLIS W-3 P-09","Steve Fletcher","Samantha Pree-Stinson","Tim Bildsoe"
"MINNEAPOLIS W-3 P-11","Tim Bildsoe","Steve Fletcher","Ginger Jentzen"
"MINNEAPOLIS W-3 P-03","Tim Bildsoe","Steve Fletcher","Samantha Pree-Stinson"
"MINNEAPOLIS W-3 P-05","Steve Fletcher","skipped","skipped"
"MINNEAPOLIS W-3 P-07","Ginger Jentzen","skipped","skipped"
"MINNEAPOLIS W-3 P-10","Ginger Jentzen","skipped","skipped"
"MINNEAPOLIS W-3 P-03","Steve Fletcher","Tim Bildsoe","Samantha Pree-Stinson"
"MINNEAPOLIS W-3 P-08","Tim Bildsoe","Steve Fletcher","Samantha Pree-Stinson"
"MINNEAPOLIS W-3 P-03","Tim Bildsoe","skipped","Ginger Jentzen"
"MINNEAPOLIS W-3 P-09","Steve Fletcher","Tim Bildsoe","skipped"
"MINNEAPOLIS W-3 P-08","Tim Bildsoe","Samantha Pree-Stinson","skipped"
"MINNEAPOLIS W-3 P-12","Ginger Jentzen","Tim Bildsoe","skipped"
"MINNEAPOLIS W-3 P-09","Steve Fletcher","Tim Bildsoe","skipped"
"MINNEAPOLIS W-3 P-05","Ginger Jentzen","Steve Fletcher","skipped"
"MINNEAPOLIS W-3 P-03","Tim Bildsoe","Steve Fletcher","Samantha Pree-Stinson"
"MINNEAPOLIS W-3 P-12","Tim Bildsoe","Steve Fletcher","skipped"
"MINNEAPOLIS W-3 P-07","Ginger Jentzen","Steve Fletcher","Tim Bildsoe"
"MINNEAPOLIS W-3 P-03","Tim Bildsoe","skipped","skipped"
"MINNEAPOLIS W-3 P-09","Steve Fletcher","Tim Bildsoe","skipped"
"MINNEAPOLIS W-3 P-07","Tim Bildsoe","skipped","skipped"
"MINNEAPOLIS W-3 P-02","Steve Fletcher","Tim Bildsoe","Samantha Pree-Stinson"
"MINNEAPOLIS W-3 P-11","Tim Bildsoe","Steve Fletcher","Samantha Pree-Stinson"
"MINNEAPOLIS W-3 P-02","Ginger Jentzen","Samantha Pree-Stinson","Steve Fletcher"
"MINNEAPOLIS W-3 P-09","Steve Fletcher","Ginger Jentzen","Samantha Pree-Stinson"
"MINNEAPOLIS W-3 P-03","Tim Bildsoe","Steve Fletcher","skipped"
"MINNEAPOLIS W-3 P-07","Steve Fletcher","Samantha Pree-Stinson","Ginger Jentzen"
"MINNEAPOLIS W-3 P-08","Tim Bildsoe","Samantha Pree-Stinson","Steve Fletcher"
"MINNEAPOLIS W-3 P-08","Tim Bildsoe","Steve Fletcher","Samantha Pree-Stinson"
"MINNEAPOLIS W-3 P-09","Ginger Jentzen","Samantha Pree-Stinson","Steve Fletcher"
"MINNEAPOLIS W-3 P-09","Tim Bildsoe","Samantha Pree-Stinson","skipped"
"MINNEAPOLIS W-3 P-09","Tim Bildsoe","skipped","skipped"
"MINNEAPOLIS W-3 P-09","Tim Bildsoe","Samantha Pree-Stinson","Steve Fletcher"
"MINNEAPOLIS W-3 P-01","Steve Fletcher","Samantha Pree-Stinson","Ginger Jentzen"
"MINNEAPOLIS W-3 P-09","Tim Bildsoe","Steve Fletcher","skipped"
"MINNEAPOLIS W-3 P-09","Steve Fletcher","Tim Bildsoe","Ginger Jentzen"
"MINNEAPOLIS W-3 P-02","Steve Fletcher","Ginger Jentzen","Tim Bildsoe"
"MINNEAPOLIS W-3 P-05","Steve Fletcher","Tim Bildsoe","skipped"
"MINNEAPOLIS W-3 P-09","Ginger Jentzen","Samantha Pree-Stinson","Tim Bildsoe"
"MINNEAPOLIS W-3 P-03","Tim Bildsoe","Steve Fletcher","Samantha Pree-Stinson"
"MINNEAPOLIS W-3 P-10","Tim Bildsoe","Steve Fletcher","Samantha Pree-Stinson"
"MINNEAPOLIS W-3 P-03","Tim Bildsoe","Samantha Pree-Stinson","Steve Fletcher"
"MINNEAPOLIS W-3 P-11","Steve Fletcher","skipped","skipped"
"MINNEAPOLIS W-3 P-08","Tim Bildsoe","Steve Fletcher","Samantha Pree-Stinson"
"MINNEAPOLIS W-3 P-03","Tim Bildsoe","Steve Fletcher","skipped"
"MINNEAPOLIS W-3 P-03","Steve Fletcher","Tim Bildsoe","skipped"
"MINNEAPOLIS W-3 P-03","Ginger Jentzen","skipped","skipped"
"MINNEAPOLIS W-3 P-03","Steve Fletcher","Ginger Jentzen","skipped"
"MINNEAPOLIS W-3 P-07","Steve Fletcher","Samantha Pree-Stinson","Ginger Jentzen"
"MINNEAPOLIS W-3 P-07","Ginger Jentzen","Tim Bildsoe","Steve Fletcher"
"MINNEAPOLIS W-3 P-03","Ginger Jentzen","Tim Bildsoe","Steve Fletcher"
"MINNEAPOLIS W-3 P-03","Tim Bildsoe","Steve Fletcher","skipped"
"MINNEAPOLIS W-3 P-06","Ginger Jentzen","writein","writein"
"MINNEAPOLIS W-3 P-05","Ginger Jentzen","Samantha Pree-Stinson","Steve Fletcher"
"MINNEAPOLIS W-3 P-09","Steve Fletcher","Tim Bildsoe","skipped"
"MINNEAPOLIS W-3 P-11","Ginger Jentzen","Tim Bildsoe","Steve Fletcher"
"MINNEAPOLIS W-3 P-03","Steve Fletcher","Tim Bildsoe","Samantha Pree-Stinson"
"MINNEAPOLIS W-3 P-12","Ginger Jentzen","skipped","skipped"
"MINNEAPOLIS W-3 P-08","Tim Bildsoe","skipped","skipped"
"MINNEAPOLIS W-3 P-09","Steve Fletcher","Samantha Pree-Stinson","Tim Bildsoe"
"MINNEAPOLIS W-3 P-01","Steve Fletcher","Samantha Pree-Stinson","Tim Bildsoe"
"MINNEAPOLIS W-3 P-05","Ginger Jentzen","skipped","skipped"
"MINNEAPOLIS W-3 P-07","Samantha Pree-Stinson","Steve Fletcher","skipped"
"MINNEAPOLIS W-3 P-10","Steve Fletcher","Ginger Jentzen","Tim Bildsoe"
"MINNEAPOLIS W-3 P-03","Steve Fletcher","Tim Bildsoe","Samantha Pree-Stinson"
"MINNEAPOLIS W-3 P-11","Steve Fletcher","Tim Bildsoe","skipped"
"MINNEAPOLIS W-3 P-03","Tim Bildsoe","Samantha Pree-Stinson","skipped"
"MINNEAPOLIS W-3 P-05","Tim Bildsoe","Steve Fletcher","skipped"
"MINNEAPOLIS W-3 P-04","Ginger Jentzen","skipped","skipped"
"MINNEAPOLIS W-3 P-04","Steve Fletcher","Samantha Pree-Stinson","Ginger Jentzen"
"MINNEAPOLIS W-3 P-09","Tim Bildsoe","Steve Fletcher","Samantha Pree-Stinson"
"MINNEAPOLIS W-3 P-05","Ginger Jentzen","Tim Bildsoe","Steve Fletcher"
"MINNEAPOLIS W-3 P-03","Samantha Pree-Stinson","Tim Bildsoe","Steve Fletcher"
"MINNEAPOLIS W-3 P-12","Ginger Jentzen","Samantha Pree-Stinson","Steve Fletcher"
"MINNEAPOLIS W-3 P-12","Steve Fletcher","Ginger Jentzen","skipped"
"MINNEAPOLIS W-3 P-06","Ginger Jentzen","Samantha Pree-Stinson","writein"
"MINNEAPOLIS W-3 P-06","Samantha Pree-Stinson","Tim Bildsoe","Steve Fletcher"
"MINNEAPOLIS W-3 P-12","Tim Bildsoe","Steve Fletcher","Ginger Jentzen"
"MINNEAPOLIS W-3 P-09","Tim Bildsoe","skipped","skipped"
"MINNEAPOLIS W-3 P-09","Steve Fletcher","Tim Bildsoe","Ginger Jentzen"
"MINNEAPOLIS W-3 P-12","Steve Fletcher","Tim Bildsoe","skipped"
"MINNEAPOLIS W-3 P-05","Tim Bildsoe","skipped","skipped"
"MINNEAPOLIS W-3 P-09","Tim Bildsoe","Steve Fletcher","Samantha Pree-Stinson"
"MINNEAPOLIS W-3 P-01","Ginger Jentzen","Steve Fletcher","Samantha Pree-Stinson"
"MINNEAPOLIS W-3 P-06","Ginger Jentzen","Samantha Pree-Stinson","Tim Bildsoe"
"MINNEAPOLIS W-3 P-12","Steve Fletcher","Samantha Pree-Stinson","Tim Bildsoe"
"MINNEAPOLIS W-3 P-12","Ginger Jentzen","Tim Bildsoe","skipped"
"MINNEAPOLIS W-3 P-08","Steve Fletcher","Tim Bildsoe","Ginger Jentzen"
"MINNEAPOLIS W-3 P-07","Tim Bildsoe","Samantha Pree-Stinson","Steve Fletcher"
"MINNEAPOLIS W-3 P-08","Tim Bildsoe","Ginger Jentzen","skipped"
"MINNEAPOLIS W-3 P-08","Steve Fletcher","Tim Bildsoe","Samantha Pree-Stinson"
"MINNEAPOLIS W-3 P-03","Ginger Jentzen","Samantha Pree-Stinson","Steve Fletcher"
"MINNEAPOLIS W-3 P-03","Steve Fletcher","Ginger Jentzen","Tim Bildsoe"
"MINNEAPOLIS W-3 P-03","Steve Fletcher","Tim Bildsoe","Ginger Jentzen"
"MINNEAPOLIS W-3 P-09","Steve Fletcher","skipped","skipped"
"MINNEAPOLIS W-3 P-11","Tim Bildsoe","Steve Fletcher","Samantha Pree-Stinson"
"MINNEAPOLIS W-3 P-02","Tim Bildsoe","skipped","skipped"
"MINNEAPOLIS W-3 P-08","Tim Bildsoe","Steve Fletcher","skipped"
"MINNEAPOLIS W-3 P-09","Tim Bildsoe","Steve Fletcher","skipped"
"MINNEAPOLIS W-3 P-07","Steve Fletcher","Samantha Pree-Stinson","Ginger Jentzen"
"MINNEAPOLIS W-3 P-02","Steve Fletcher","Samantha Pree-Stinson","Ginger Jentzen"
"MINNEAPOLIS W-3 P-09","Steve Fletcher","Tim Bildsoe","Samantha Pree-Stinson"
"MINNEAPOLIS W-3 P-08","Steve Fletcher","Samantha Pree-Stinson","Ginger Jentzen"
"MINNEAPOLIS W-3 P-08","Steve Fletcher","Tim Bildsoe","skipped"
"MINNEAPOLIS W-3 P-09","Steve Fletcher","Samantha Pree-Stinson","Ginger Jentzen"
"MINNEAPOLIS W-3 P-01","Tim Bildsoe","Steve Fletcher","Samantha Pree-Stinson"
"MINNEAPOLIS W-3 P-12","Tim Bildsoe","Steve Fletcher","Samantha Pree-Stinson"
"MINNEAPOLIS W-3 P-08","skipped","skipped","skipped"
"MINNEAPOLIS W-3 P-05","Tim Bildsoe","Steve Fletcher","Samantha Pree-Stinson"
"MINNEAPOLIS W-3 P-03","Tim Bildsoe","skipped","skipped"
"MINNEAPOLIS W-3 P-10","Ginger Jentzen","Samantha Pree-Stinson","Steve Fletcher"
"MINNEAPOLIS W-3 P-09","Steve Fletcher","Samantha Pree-Stinson","Tim Bildsoe"
"MINNEAPOLIS W-3 P-09","Tim Bildsoe","Ginger Jentzen","Steve Fletcher"
"MINNEAPOLIS W-3 P-07","skipped","skipped","skipped"
"MINNEAPOLIS W-3 P-03","Ginger Jentzen","Steve Fletcher","Samantha Pree-Stinson"
"MINNEAPOLIS W-3 P-03","Tim Bildsoe","Samantha Pree-Stinson","Steve Fletcher"
"MINNEAPOLIS W-3 P-09","Tim Bildsoe","Steve Fletcher","skipped"
"MINNEAPOLIS W-3 P-01","Steve Fletcher","skipped","skipped"
"MINNEAPOLIS W-3 P-02","Ginger Jentzen","skipped","skipped"
"MINNEAPOLIS W-3 P-09","Tim Bildsoe","Steve Fletcher","Samantha Pree-Stinson"
"MINNEAPOLIS W-3 P-12","Tim Bildsoe","Steve Fletcher","writein"
"MINNEAPOLIS W-3 P-08","Steve Fletcher","Tim Bildsoe","Samantha Pree-Stinson"
"MINNEAPOLIS W-3 P-12","Steve Fletcher","Tim Bildsoe","skipped"
"MINNEAPOLIS W-3 P-11","Tim Bildsoe","Steve Fletcher","Ginger Jentzen"
"MINNEAPOLIS W-3 P-05","Ginger Jentzen","Samantha Pree-Stinson","skipped"
"MINNEAPOLIS W-3 P-03","Tim Bildsoe","Samantha Pree-Stinson","Steve Fletcher"
"MINNEAPOLIS W-3 P-11","Steve Fletcher","Ginger Jentzen","Samantha Pree-Stinson"
"MINNEAPOLIS W-3 P-03","Samantha Pree-Stinson","Steve Fletcher","Tim Bildsoe"
"MINNEAPOLIS W-3 P-08","Steve Fletcher","Tim Bildsoe","Steve Fletcher"
"MINNEAPOLIS W-3 P-09","Samantha Pree-Stinson","Tim Bildsoe","Steve Fletcher"
"MINNEAPOLIS W-3 P-11","Steve Fletcher","Ginger Jentzen","Tim Bildsoe"
"MINNEAPOLIS W-3 P-04","Steve Fletcher","Tim Bildsoe","skipped"
"MINNEAPOLIS W-3 P-07","Tim Bildsoe","skipped","skipped"
"MINNEAPOLIS W-3 P-08","Tim Bildsoe","Steve Fletcher","Samantha Pree-Stinson"
"MINNEAPOLIS W-3 P-03","Steve Fletcher","Samantha Pree-Stinson","Tim Bildsoe"
"MINNEAPOLIS W-3 P-11","Steve Fletcher","Tim Bildsoe","Ginger Jentzen"
"MINNEAPOLIS W-3 P-07","Tim Bildsoe","skipped","skipped"
"MINNEAPOLIS W-3 P-05","Tim Bildsoe","Steve Fletcher","skipped"
"MINNEAPOLIS W-3 P-01","Steve Fletcher","Tim Bildsoe","Samantha Pree-Stinson"
"MINNEAPOLIS W-3 P-09","Steve Fletcher","Samantha Pree-Stinson","Tim Bildsoe"
"MINNEAPOLIS W-3 P-03","Samantha Pree-Stinson","Tim Bildsoe","Steve Fletcher"
"MINNEAPOLIS W-3 P-09","Ginger Jentzen","Tim Bildsoe","Steve Fletcher"
"MINNEAPOLIS W-3 P-07","Samantha Pree-Stinson","Tim Bildsoe","skipped"
"MINNEAPOLIS W-3 P-09","Steve Fletcher","Tim Bildsoe","skipped"
"MINNEAPOLIS W-3 P-12","Tim Bildsoe","Ginger Jentzen","Steve Fletcher"
"MINNEAPOLIS W-3 P-03","Steve Fletcher","Tim Bildsoe","skipped"
"MINNEAPOLIS W-3 P-03","Ginger Jentzen","Tim Bildsoe","Steve Fletcher"
"MINNEAPOLIS W-3 P-10","Steve Fletcher","Ginger Jentzen","Tim Bildsoe"
"MINNEAPOLIS W-3 P-02","Steve Fletcher","Samantha Pree-Stinson","Ginger Jentzen"
"MINNEAPOLIS W-3 P-09","Tim Bildsoe","Steve Fletcher","skipped"
"MINNEAPOLIS W-3 P-03","Steve Fletcher","Ginger Jentzen","Samantha Pree-Stinson"
"MINNEAPOLIS W-3 P-09","Steve Fletcher","Tim Bildsoe","skipped"
"MINNEAPOLIS W-3 P-12","Tim Bildsoe","skipped","skipped"
"MINNEAPOLIS W-3 P-03","Steve Fletcher","Tim Bildsoe","Samantha Pree-Stinson"
"MINNEAPOLIS W-3 P-11","Steve Fletcher","Samantha Pree-Stinson","Ginger Jentzen"
"MINNEAPOLIS W-3 P-03","Ginger Jentzen","Steve Fletcher","skipped"
"MINNEAPOLIS W-3 P-05","Ginger Jentzen","Steve Fletcher","Samantha Pree-Stinson"
"MINNEAPOLIS W-3 P-05","Steve Fletcher","Samantha Pree-Stinson","Ginger Jentzen"
"MINNEAPOLIS W-3 P-09","Steve Fletcher","skipped","skipped"
"MINNEAPOLIS W-3 P-09","Samantha Pree-Stinson","Ginger Jentzen","skipped"
"MINNEAPOLIS W-3 P-03","Steve Fletcher","Steve Fletcher","Steve Fletcher"
"MINNEAPOLIS W-3 P-09","Tim Bildsoe","Steve Fletcher","skipped"
"MINNEAPOLIS W-3 P-09","Tim Bildsoe","Samantha Pree-Stinson","skipped"
"MINNEAPOLIS W-3 P-03","Steve Fletcher","Ginger Jentzen","skipped"
"MINNEAPOLIS W-3 P-03","Steve Fletcher","Tim Bildsoe","skipped"
"MINNEAPOLIS W-3 P-01","Steve Fletcher","Samantha Pree-Stinson","Ginger Jentzen"
"MINNEAPOLIS W-3 P-05","Tim Bildsoe","Steve Fletcher","Samantha Pree-Stinson"
"MINNEAPOLIS W-3 P-05","Samantha Pree-Stinson","Ginger Jentzen","skipped"
"MINNEAPOLIS W-3 P-12","Tim Bildsoe","Steve Fletcher","Samantha Pree-Stinson"
"MINNEAPOLIS W-3 P-12","Ginger Jentzen","Steve Fletcher","Samantha Pree-Stinson"
"MINNEAPOLIS W-3 P-02","Steve Fletcher","Tim Bildsoe","Samantha Pree-Stinson"
"MINNEAPOLIS W-3 P-08","Tim Bildsoe","skipped","skipped"
"MINNEAPOLIS W-3 P-05","Steve Fletcher","Ginger Jentzen","skipped"
"MINNEAPOLIS W-3 P-07","Tim Bildsoe","Steve Fletcher","skipped"
"MINNEAPOLIS W-3 P-08","Ginger Jentzen","Samantha Pree-Stinson","skipped"
"MINNEAPOLIS W-3 P-01","Samantha Pree-Stinson","skipped","skipped"
"MINNEAPOLIS W-3 P-01","Steve Fletcher","Samantha Pree-Stinson","Ginger Jentzen"
"MINNEAPOLIS W-3 P-09","Steve Fletcher","Tim Bildsoe","skipped"
"MINNEAPOLIS W-3 P-12","Tim Bildsoe","Steve Fletcher","Samantha Pree-Stinson"
"MINNEAPOLIS W-3 P-04","Steve Fletcher","Ginger Jentzen","Tim Bildsoe"
"MINNEAPOLIS W-3 P-09","Tim Bildsoe","Steve Fletcher","Samantha Pree-Stinson"
"MINNEAPOLIS W-3 P-09","Steve Fletcher","Ginger Jentzen","Tim Bildsoe"
"MINNEAPOLIS W-3 P-02","Ginger Jentzen","Tim Bildsoe","Samantha Pree-Stinson"
"MINNEAPOLIS W-3 P-03","Tim Bildsoe","skipped","skipped"
"MINNEAPOLIS W-3 P-09","Tim Bildsoe","Steve Fletcher","skipped"
"MINNEAPOLIS W-3 P-11","Ginger Jentzen","Samantha Pree-Stinson","Steve Fletcher"
"MINNEAPOLIS W-3 P-05","Steve Fletcher","Tim Bildsoe","skipped"
"MINNEAPOLIS W-3 P-05","Steve Fletcher","Ginger Jentzen","Samantha Pree-Stinson"
"MINNEAPOLIS W-3 P-09","Tim Bildsoe","Steve Fletcher","Samantha Pree-Stinson"
"MINNEAPOLIS W-3 P-10","Ginger Jentzen","skipped","skipped"
"MINNEAPOLIS W-3 P-11","Samantha Pree-Stinson","Tim Bildsoe","skipped"
"MINNEAPOLIS W-3 P-11","Steve Fletcher","Tim Bildsoe","Samantha Pree-Stinson"
"MINNEAPOLIS W-3 P-03","Tim Bildsoe","Samantha Pree-Stinson","skipped"
"MINNEAPOLIS W-3 P-03","Samantha Pree-Stinson","Tim Bildsoe","skipped"
"MINNEAPOLIS W-3 P-08","Tim Bildsoe","Steve Fletcher","Samantha Pree-Stinson"
"MINNEAPOLIS W-3 P-06","Ginger Jentzen","Steve Fletcher","Samantha Pree-Stinson"
"MINNEAPOLIS W-3 P-03","Ginger Jentzen","Steve Fletcher","skipped"
"MINNEAPOLIS W-3 P-03","Ginger Jentzen","Tim Bildsoe","Steve Fletcher"
"MINNEAPOLIS W-3 P-09","Steve Fletcher","Tim Bildsoe","Samantha Pree-Stinson"
"MINNEAPOLIS W-3 P-03","Ginger Jentzen","skipped","skipped"
"MINNEAPOLIS W-3 P-12","Samantha Pree-Stinson","Steve Fletcher","Ginger Jentzen"
"MINNEAPOLIS W-3 P-09","Tim Bildsoe","Steve Fletcher","Samantha Pree-Stinson"
"MINNEAPOLIS W-3 P-03","Tim Bildsoe","skipped","skipped"
"MINNEAPOLIS W-3 P-02","Ginger Jentzen","Samantha Pree-Stinson","Steve Fletcher"
"MINNEAPOLIS W-3 P-04","Tim Bildsoe","Ginger Jentzen","Samantha Pree-Stinson"
"MINNEAPOLIS W-3 P-05","Tim Bildsoe","Ginger Jentzen","Steve Fletcher"
"MINNEAPOLIS W-3 P-03","Steve Fletcher","skipped","skipped"
"MINNEAPOLIS W-3 P-03","Ginger Jentzen","Steve Fletcher","Tim Bildsoe"
"MINNEAPOLIS W-3 P-09","Steve Fletcher","Tim Bildsoe","skipped"
"MINNEAPOLIS W-3 P-01","Steve Fletcher","Samantha Pree-Stinson","Tim Bildsoe"
"MINNEAPOLIS W-3 P-06","Ginger Jentzen","Samantha Pree-Stinson","Steve Fletcher"
"MINNEAPOLIS W-3 P-09","Ginger Jentzen","Tim Bildsoe","Steve Fletcher"
"MINNEAPOLIS W-3 P-11","Tim Bildsoe","skipped","skipped"
"MINNEAPOLIS W-3 P-08","Tim Bildsoe","Steve Fletcher","skipped"
"MINNEAPOLIS W-3 P-09","Samantha Pree-Stinson","skipped","skipped"
"MINNEAPOLIS W-3 P-07","Ginger Jentzen","Steve Fletcher","writein"
"MINNEAPOLIS W-3 P-03","Steve Fletcher","Ginger Jentzen","Tim Bildsoe"
"MINNEAPOLIS W-3 P-09","Steve Fletcher","Samantha Pree-Stinson","Tim Bildsoe"
"MINNEAPOLIS W-3 P-03","Tim Bildsoe","Steve Fletcher","Samantha Pree-Stinson"
"MINNEAPOLIS W-3 P-08","Tim Bildsoe","skipped","skipped"
"MINNEAPOLIS W-3 P-08","Ginger Jentzen","Samantha Pree-Stinson","Steve Fletcher"
"MINNEAPOLIS W-3 P-09","Tim Bildsoe","Steve Fletcher","skipped"
"MINNEAPOLIS W-3 P-09","Tim Bildsoe","Steve Fletcher","Samantha Pree-Stinson"
"MINNEAPOLIS W-3 P-09","Tim Bildsoe","Steve Fletcher","Samantha Pree-Stinson"
"MINNEAPOLIS W-3 P-08","Tim Bildsoe","Samantha Pree-Stinson","Ginger Jentzen"
"MINNEAPOLIS W-3 P-10","Ginger Jentzen","Samantha Pree-Stinson","Tim Bildsoe"
"MINNEAPOLIS W-3 P-09","Tim Bildsoe","Samantha Pree-Stinson","skipped"
"MINNEAPOLIS W-3 P-03","Samantha Pree-Stinson","Tim Bildsoe","Steve Fletcher"
"MINNEAPOLIS W-3 P-07","Tim Bildsoe","Samantha Pree-Stinson","Steve Fletcher"
"MINNEAPOLIS W-3 P-09","Steve Fletcher","Samantha Pree-Stinson","Tim Bildsoe"
"MINNEAPOLIS W-3 P-12","Steve Fletcher","Samantha Pree-Stinson","skipped"
"MINNEAPOLIS W-3 P-01","Samantha Pree-Stinson","Ginger Jentzen","Steve Fletcher"
"MINNEAPOLIS W-3 P-02","Tim Bildsoe","skipped","skipped"
"MINNEAPOLIS W-3 P-09","Steve Fletcher","skipped","skipped"
"MINNEAPOLIS W-3 P-03","Ginger Jentzen","Steve Fletcher","Tim Bildsoe"
"MINNEAPOLIS W-3 P-09","Ginger Jentzen","skipped","skipped"
"MINNEAPOLIS W-3 P-03","Tim Bildsoe","skipped","skipped"
"MINNEAPOLIS W-3 P-02","Ginger Jentzen","Samantha Pree-Stinson","Samantha Pree-Stinson"
"MINNEAPOLIS W-3 P-03","Samantha Pree-Stinson","Steve Fletcher","Tim Bildsoe"
"MINNEAPOLIS W-3 P-09","Steve Fletcher","skipped","skipped"
"MINNEAPOLIS W-3 P-08","Tim Bildsoe","Steve Fletcher","Samantha Pree-Stinson"
"MINNEAPOLIS W-3 P-10","Ginger Jentzen","Samantha Pree-Stinson","skipped"
"MINNEAPOLIS W-3 P-10","Samantha Pree-Stinson","Ginger Jentzen","Steve Fletcher"
"MINNEAPOLIS W-3 P-09","Samantha Pree-Stinson","skipped","skipped"
"MINNEAPOLIS W-3 P-11","Tim Bildsoe","Steve Fletcher","Samantha Pree-Stinson"
"MINNEAPOLIS W-3 P-12","Tim Bildsoe","Samantha Pree-Stinson","Ginger Jentzen"
"MINNEAPOLIS W-3 P-01","Tim Bildsoe","skipped","skipped"
"MINNEAPOLIS W-3 P-12","Steve Fletcher","Tim Bildsoe","skipped"
"MINNEAPOLIS W-3 P-07","Tim Bildsoe","Steve Fletcher","skipped"
"MINNEAPOLIS W-3 P-06","Steve Fletcher","Samantha Pree-Stinson","Tim Bildsoe"
"MINNEAPOLIS W-3 P-06","Ginger Jentzen","Ginger Jentzen","Ginger Jentzen"
"MINNEAPOLIS W-3 P-06","Steve Fletcher","Samantha Pree-Stinson","skipped"
"MINNEAPOLIS W-3 P-03","Tim Bildsoe","Steve Fletcher","skipped"
"MINNEAPOLIS W-3 P-11","Tim Bildsoe","Steve Fletcher","Samantha Pree-Stinson"
"MINNEAPOLIS W-3 P-03","Steve Fletcher","Tim Bildsoe","Samantha Pree-Stinson"
"MINNEAPOLIS W-3 P-11","Tim Bildsoe","Steve Fletcher","skipped"
"MINNEAPOLIS W-3 P-12","Tim Bildsoe","Steve Fletcher","skipped"
"MINNEAPOLIS W-3 P-09","Steve Fletcher","Ginger Jentzen","skipped"
"MINNEAPOLIS W-3 P-09","Steve Fletcher","Samantha Pree-Stinson","skipped"
"MINNEAPOLIS W-3 P-08","Ginger Jentzen","Steve Fletcher","skipped"
"MINNEAPOLIS W-3 P-03","Tim Bildsoe","Samantha Pree-Stinson","skipped"
"MINNEAPOLIS W-3 P-04","Ginger Jentzen","skipped","skipped"
"MINNEAPOLIS W-3 P-11","Tim Bildsoe","skipped","skipped"
"MINNEAPOLIS W-3 P-03","Tim Bildsoe","skipped","skipped"
"MINNEAPOLIS W-3 P-03","Tim Bildsoe","skipped","skipped"
"MINNEAPOLIS W-3 P-03","Tim Bildsoe","Steve Fletcher","skipped"
"MINNEAPOLIS W-3 P-08","Steve Fletcher","Tim Bildsoe","Ginger Jentzen"
"MINNEAPOLIS W-3 P-12","Samantha Pree-Stinson","Steve Fletcher","Ginger Jentzen"
"MINNEAPOLIS W-3 P-09","Ginger Jentzen","skipped","skipped"
"MINNEAPOLIS W-3 P-07","Samantha Pree-Stinson","Steve Fletcher","Ginger Jentzen"
"MINNEAPOLIS W-3 P-09","Samantha Pree-Stinson","Steve Fletcher","Tim Bildsoe"
"MINNEAPOLIS W-3 P-09","Tim Bildsoe","skipped","skipped"
"MINNEAPOLIS W-3 P-06","Ginger Jentzen","Samantha Pree-Stinson","skipped"
"MINNEAPOLIS W-3 P-03","Tim Bildsoe","Steve Fletcher","Samantha Pree-Stinson"
"MINNEAPOLIS W-3 P-07","Steve Fletcher","Ginger Jentzen","Samantha Pree-Stinson"
"MINNEAPOLIS W-3 P-07","Tim Bildsoe","Steve Fletcher","skipped"
"MINNEAPOLIS W-3 P-09","Tim Bildsoe","Steve Fletcher","skipped"
"MINNEAPOLIS W-3 P-09","Steve Fletcher","Samantha Pree-Stinson","Tim Bildsoe"
"MINNEAPOLIS W-3 P-03","Steve Fletcher","skipped","skipped"
"MINNEAPOLIS W-3 P-07","Tim Bildsoe","skipped","skipped"
"MINNEAPOLIS W-3 P-02","Tim Bildsoe","Steve Fletcher","Samantha Pree-Stinson"
"MINNEAPOLIS W-3 P-12","Tim Bildsoe","Steve Fletcher","skipped"
"MINNEAPOLIS W-3 P-03","Steve Fletcher","Samantha Pree-Stinson","skipped"
"MINNEAPOLIS W-3 P-09","Tim Bildsoe","Steve Fletcher","skipped"
"MINNEAPOLIS W-3 P-10","Ginger Jentzen","skipped","skipped"
"MINNEAPOLIS W-3 P-08","skipped","skipped","skipped"
"MINNEAPOLIS W-3 P-11","Samantha Pree-Stinson","Ginger Jentzen","Steve Fletcher"
"MINNEAPOLIS W-3 P-04","Ginger Jentzen","Samantha Pree-Stinson","Steve Fletcher"
"MINNEAPOLIS W-3 P-05","Ginger Jentzen","Tim Bildsoe","Steve Fletcher"
"MINNEAPOLIS W-3 P-02","Steve Fletcher","skipped","skipped"
"MINNEAPOLIS W-3 P-06","Samantha Pree-Stinson","Tim Bildsoe","Steve Fletcher"
"MINNEAPOLIS W-3 P-08","Tim Bildsoe","Steve Fletcher","skipped"
"MINNEAPOLIS W-3 P-02","Ginger Jentzen","skipped","skipped"
"MINNEAPOLIS W-3 P-07","Tim Bildsoe","Steve Fletcher","skipped"
"MINNEAPOLIS W-3 P-07","Steve Fletcher","skipped","skipped"
"MINNEAPOLIS W-3 P-09","Steve Fletcher","Tim Bildsoe","skipped"
"MINNEAPOLIS W-3 P-07","Tim Bildsoe","Steve Fletcher","Samantha Pree-Stinson"
"MINNEAPOLIS W-3 P-12","Tim Bildsoe","Steve Fletcher","skipped"
"MINNEAPOLIS W-3 P-09","Ginger Jentzen","skipped","skipped"
"MINNEAPOLIS W-3 P-09","Tim Bildsoe","Steve Fletcher","skipped"
"MINNEAPOLIS W-3 P-09","Steve Fletcher","Tim Bildsoe","skipped"
"MINNEAPOLIS W-3 P-09","Steve Fletcher","Tim Bildsoe","skipped"
"MINNEAPOLIS W-3 P-03","Steve Fletcher","skipped","skipped"
"MINNEAPOLIS W-3 P-11","Samantha Pree-Stinson","skipped","skipped"
"MINNEAPOLIS W-3 P-07","Tim Bildsoe","Steve Fletcher","skipped"
"MINNEAPOLIS W-3 P-06","Steve Fletcher","Samantha Pree-Stinson","skipped"
"MINNEAPOLIS W-3 P-08","Tim Bildsoe","Samantha Pree-Stinson","skipped"
"MINNEAPOLIS W-3 P-03","Tim Bildsoe","Steve Fletcher","skipped"
"MINNEAPOLIS W-3 P-02","Ginger Jentzen","Steve Fletcher","Samantha Pree-Stinson"
"MINNEAPOLIS W-3 P-11","Tim Bildsoe","Steve Fletcher","skipped"
"MINNEAPOLIS W-3 P-09","Steve Fletcher","Samantha Pree-Stinson","Tim Bildsoe"
"MINNEAPOLIS W-3 P-09","Steve Fletcher","skipped","skipped"
"MINNEAPOLIS W-3 P-02","Tim Bildsoe","Steve Fletcher","Ginger Jentzen"
"MINNEAPOLIS W-3 P-03","Tim Bildsoe","Steve Fletcher","Steve Fletcher"
"MINNEAPOLIS W-3 P-01","Tim Bildsoe","skipped","skipped"
"MINNEAPOLIS W-3 P-09","Steve Fletcher","Samantha Pree-Stinson","skipped"
"MINNEAPOLIS W-3 P-07","Ginger Jentzen","Samantha Pree-Stinson","Tim Bildsoe"
"MINNEAPOLIS W-3 P-09","Tim Bildsoe","Steve Fletcher","Samantha Pree-Stinson"
"MINNEAPOLIS W-3 P-08","Tim Bildsoe","Steve Fletcher","Samantha Pree-Stinson"
"MINNEAPOLIS W-3 P-02","Steve Fletcher","Samantha Pree-Stinson","skipped"
"MINNEAPOLIS W-3 P-11","Tim Bildsoe","Steve Fletcher","Samantha Pree-Stinson"
"MINNEAPOLIS W-3 P-03","Ginger Jentzen","Steve Fletcher","Samantha Pree-Stinson"
"MINNEAPOLIS W-3 P-06","Steve Fletcher","Ginger Jentzen","Samantha Pree-Stinson"
"MINNEAPOLIS W-3 P-09","Ginger Jentzen","Steve Fletcher","Samantha Pree-Stinson"
"MINNEAPOLIS W-3 P-07","Steve Fletcher","Tim Bildsoe","skipped"
"MINNEAPOLIS W-3 P-09","Steve Fletcher","Tim Bildsoe","Samantha Pree-Stinson"
"MINNEAPOLIS W-3 P-07","Steve Fletcher","Tim Bildsoe","skipped"
"MINNEAPOLIS W-3 P-10","Ginger Jentzen","Steve Fletcher","skipped"
"MINNEAPOLIS W-3 P-09","Tim Bildsoe","Steve Fletcher","Samantha Pree-Stinson"
"MINNEAPOLIS W-3 P-09","Samantha Pree-Stinson","Ginger Jentzen","Steve Fletcher"
"MINNEAPOLIS W-3 P-03","Tim Bildsoe","skipped","skipped"
"MINNEAPOLIS W-3 P-07","Tim Bildsoe","Steve Fletcher","skipped"
"MINNEAPOLIS W-3 P-09","Samantha Pree-Stinson","Ginger Jentzen","Tim Bildsoe"
"MINNEAPOLIS W-3 P-09","Steve Fletcher","Tim Bildsoe","Samantha Pree-Stinson"
"MINNEAPOLIS W-3 P-01","Ginger Jentzen","Steve Fletcher","Samantha Pree-Stinson"
"MINNEAPOLIS W-3 P-08","Tim Bildsoe","skipped","skipped"
"MINNEAPOLIS W-3 P-09","Tim Bildsoe","Steve Fletcher","skipped"
"MINNEAPOLIS W-3 P-09","Tim Bildsoe","Ginger Jentzen","Steve Fletcher"
"MINNEAPOLIS W-3 P-09","Tim Bildsoe","Steve Fletcher","skipped"
"MINNEAPOLIS W-3 P-04","Tim Bildsoe","skipped","skipped"
"MINNEAPOLIS W-3 P-12","Steve Fletcher","Tim Bildsoe","skipped"
"MINNEAPOLIS W-3 P-12","Samantha Pree-Stinson","Steve Fletcher","Ginger Jentzen"
"MINNEAPOLIS W-3 P-07","Steve Fletcher","Tim Bildsoe","writein"
"MINNEAPOLIS W-3 P-08","Steve Fletcher","Tim Bildsoe","skipped"
"MINNEAPOLIS W-3 P-01","Ginger Jentzen","Steve Fletcher","Tim Bildsoe"
"MINNEAPOLIS W-3 P-09","Tim Bildsoe","Steve Fletcher","Samantha Pree-Stinson"
"MINNEAPOLIS W-3 P-09","Tim Bildsoe","Steve Fletcher","skipped"
"MINNEAPOLIS W-3 P-08","Steve Fletcher","Samantha Pree-Stinson","skipped"
"MINNEAPOLIS W-3 P-05","Samantha Pree-Stinson","Ginger Jentzen","Steve Fletcher"
"MINNEAPOLIS W-3 P-09","Steve Fletcher","Tim Bildsoe","Samantha Pree-Stinson"
"MINNEAPOLIS W-3 P-03","Steve Fletcher","Samantha Pree-Stinson","writein"
"MINNEAPOLIS W-3 P-09","Steve Fletcher","Tim Bildsoe","skipped"
"MINNEAPOLIS W-3 P-09","Steve Fletcher","Samantha Pree-Stinson","Tim Bildsoe"
"MINNEAPOLIS W-3 P-03","Tim Bildsoe","Steve Fletcher","Ginger Jentzen"
"MINNEAPOLIS W-3 P-09","Steve Fletcher","Samantha Pree-Stinson","Tim Bildsoe"
"MINNEAPOLIS W-3 P-09","Tim Bildsoe","Steve Fletcher","skipped"
"MINNEAPOLIS W-3 P-03","Ginger Jentzen","Steve Fletcher","Samantha Pree-Stinson"
"MINNEAPOLIS W-3 P-09","Tim Bildsoe","Steve Fletcher","skipped"
"MINNEAPOLIS W-3 P-11","Steve Fletcher","Samantha Pree-Stinson","skipped"
"MINNEAPOLIS W-3 P-09","Steve Fletcher","Tim Bildsoe","Samantha Pree-Stinson"
"MINNEAPOLIS W-3 P-02","Tim Bildsoe","Steve Fletcher","Samantha Pree-Stinson"
"MINNEAPOLIS W-3 P-07","Steve Fletcher","Tim Bildsoe","skipped"
"MINNEAPOLIS W-3 P-04","Ginger Jentzen","skipped","skipped"
"MINNEAPOLIS W-3 P-02","Ginger Jentzen","Steve Fletcher","Samantha Pree-Stinson"
"MINNEAPOLIS W-3 P-03","Steve Fletcher","Tim Bildsoe","Samantha Pree-Stinson"
"MINNEAPOLIS W-3 P-03","Tim Bildsoe","Steve Fletcher","Samantha Pree-Stinson"
"MINNEAPOLIS W-3 P-01","Ginger Jentzen","skipped","skipped"
"MINNEAPOLIS W-3 P-09","Tim Bildsoe","skipped","skipped"
"MINNEAPOLIS W-3 P-03","Steve Fletcher","Ginger Jentzen","skipped"
"MINNEAPOLIS W-3 P-07","Tim Bildsoe","skipped","skipped"
"MINNEAPOLIS W-3 P-11","Tim Bildsoe","Samantha Pree-Stinson","Steve Fletcher"
"MINNEAPOLIS W-3 P-12","Tim Bildsoe","Steve Fletcher","Ginger Jentzen"
"MINNEAPOLIS W-3 P-06","Ginger Jentzen","Tim Bildsoe","Samantha Pree-Stinson"
"MINNEAPOLIS W-3 P-03","Steve Fletcher","skipped","skipped"
"MINNEAPOLIS W-3 P-12","Tim Bildsoe","Steve Fletcher","skipped"
"MINNEAPOLIS W-3 P-06","Tim Bildsoe","Steve Fletcher","Ginger Jentzen"
"MINNEAPOLIS W-3 P-03","Steve Fletcher","skipped","skipped"
"MINNEAPOLIS W-3 P-03","Samantha Pree-Stinson","Steve Fletcher","Tim Bildsoe"
"MINNEAPOLIS W-3 P-11","Tim Bildsoe","Steve Fletcher","Samantha Pree-Stinson"
"MINNEAPOLIS W-3 P-05","Ginger Jentzen","Samantha Pree-Stinson","Steve Fletcher"
"MINNEAPOLIS W-3 P-09","Steve Fletcher","Samantha Pree-Stinson","skipped"
"MINNEAPOLIS W-3 P-03","Steve Fletcher","Samantha Pree-Stinson","Tim Bildsoe"
"MINNEAPOLIS W-3 P-12","Tim Bildsoe","Ginger Jentzen","Samantha Pree-Stinson"
"MINNEAPOLIS W-3 P-09","Tim Bildsoe","Steve Fletcher","Samantha Pree-Stinson"
"MINNEAPOLIS W-3 P-09","Steve Fletcher","Tim Bildsoe","skipped"
"MINNEAPOLIS W-3 P-07","Tim Bildsoe","Steve Fletcher","skipped"
"MINNEAPOLIS W-3 P-08","Steve Fletcher","Tim Bildsoe","skipped"
"MINNEAPOLIS W-3 P-08","Steve Fletcher","Tim Bildsoe","Samantha Pree-Stinson"
"MINNEAPOLIS W-3 P-03","Tim Bildsoe","Steve Fletcher","skipped"
"MINNEAPOLIS W-3 P-11","Ginger Jentzen","Steve Fletcher","Samantha Pree-Stinson"
"MINNEAPOLIS W-3 P-03","Tim Bildsoe","skipped","skipped"
"MINNEAPOLIS W-3 P-06","Ginger Jentzen","Steve Fletcher","Samantha Pree-Stinson"
"MINNEAPOLIS W-3 P-12","skipped","skipped","skipped"
"MINNEAPOLIS W-3 P-07","Steve Fletcher","Ginger Jentzen","skipped"
"MINNEAPOLIS W-3 P-07","Tim Bildsoe","Steve Fletcher","skipped"
"MINNEAPOLIS W-3 P-09","Steve Fletcher","skipped","skipped"
"MINNEAPOLIS W-3 P-03","Steve Fletcher","Tim Bildsoe","Samantha Pree-Stinson"
"MINNEAPOLIS W-3 P-01","Steve Fletcher","Ginger Jentzen","Samantha Pree-Stinson"
"MINNEAPOLIS W-3 P-06","Tim Bildsoe","Steve Fletcher","skipped"
"MINNEAPOLIS W-3 P-03","Tim Bildsoe","Steve Fletcher","Ginger Jentzen"
"MINNEAPOLIS W-3 P-10","Steve Fletcher","Samantha Pree-Stinson","Ginger Jentzen"
"MINNEAPOLIS W-3 P-09","Tim Bildsoe","Samantha Pree-Stinson","Steve Fletcher"
"MINNEAPOLIS W-3 P-02","Steve Fletcher","Ginger Jentzen","Tim Bildsoe"
"MINNEAPOLIS W-3 P-12","Steve Fletcher","Tim Bildsoe","Samantha Pree-Stinson"
"MINNEAPOLIS W-3 P-12","Tim Bildsoe","Samantha Pree-Stinson","Steve Fletcher"
"MINNEAPOLIS W-3 P-12","Tim Bildsoe","Steve Fletcher","skipped"
"MINNEAPOLIS W-3 P-12","skipped","skipped","skipped"
"MINNEAPOLIS W-3 P-12","Steve Fletcher","Samantha Pree-Stinson","Ginger Jentzen"
"MINNEAPOLIS W-3 P-12","Tim Bildsoe","Steve Fletcher","skipped"
"MINNEAPOLIS W-3 P-12","Tim Bildsoe","Steve Fletcher","skipped"
"MINNEAPOLIS W-3 P-12","Tim Bildsoe","Steve Fletcher","Samantha Pree-Stinson"
"MINNEAPOLIS W-3 P-12","Tim Bildsoe","skipped","skipped"
"MINNEAPOLIS W-3 P-12","Tim Bildsoe","skipped","skipped"
"MINNEAPOLIS W-3 P-12","Tim Bildsoe","Steve Fletcher","skipped"
"MINNEAPOLIS W-3 P-12","Tim Bildsoe","Steve Fletcher","skipped"
"MINNEAPOLIS W-3 P-12","Ginger Jentzen","skipped","skipped"
"MINNEAPOLIS W-3 P-12","Tim Bildsoe","Steve Fletcher","Samantha Pree-Stinson"
"MINNEAPOLIS W-3 P-12","Tim Bildsoe","Steve Fletcher","Samantha Pree-Stinson"
"MINNEAPOLIS W-3 P-12","Steve Fletcher","Samantha Pree-Stinson","Tim Bildsoe"
"MINNEAPOLIS W-3 P-12","Tim Bildsoe","skipped","skipped"
"MINNEAPOLIS W-3 P-12","Tim Bildsoe","Steve Fletcher","Samantha Pree-Stinson"
"MINNEAPOLIS W-3 P-12","Steve Fletcher","Samantha Pree-Stinson","Ginger Jentzen"
"MINNEAPOLIS W-3 P-12","Steve Fletcher","Tim Bildsoe","skipped"
"MINNEAPOLIS W-3 P-12","skipped","skipped","skipped"
"MINNEAPOLIS W-3 P-12","Tim Bildsoe","Steve Fletcher","skipped"
"MINNEAPOLIS W-3 P-12","Tim Bildsoe","skipped","skipped"
"MINNEAPOLIS W-3 P-12","Samantha Pree-Stinson","Steve Fletcher","Tim Bildsoe"
"MINNEAPOLIS W-3 P-12","Steve Fletcher","Samantha Pree-Stinson","Tim Bildsoe"
"MINNEAPOLIS W-3 P-12","Steve Fletcher","Tim Bildsoe","skipped"
"MINNEAPOLIS W-3 P-12","Tim Bildsoe","Steve Fletcher","skipped"
"MINNEAPOLIS W-3 P-12","Ginger Jentzen","Steve Fletcher","Tim Bildsoe"
"MINNEAPOLIS W-3 P-12","Steve Fletcher","Ginger Jentzen","Samantha Pree-Stinson"
"MINNEAPOLIS W-3 P-12","Tim Bildsoe","Steve Fletcher","skipped"
"MINNEAPOLIS W-3 P-12","Steve Fletcher","Samantha Pree-Stinson","Ginger Jentzen"
"MINNEAPOLIS W-3 P-12","Tim Bildsoe","skipped","skipped"
"MINNEAPOLIS W-3 P-12","Tim Bildsoe","Ginger Jentzen","Steve Fletcher"
"MINNEAPOLIS W-3 P-12","Tim Bildsoe","Samantha Pree-Stinson","Ginger Jentzen"
"MINNEAPOLIS W-3 P-12","Steve Fletcher","Tim Bildsoe","skipped"
"MINNEAPOLIS W-3 P-12","Ginger Jentzen","Steve Fletcher","Tim Bildsoe"
"MINNEAPOLIS W-3 P-12","Tim Bildsoe","Steve Fletcher","skipped"
"MINNEAPOLIS W-3 P-12","Steve Fletcher","Tim Bildsoe","Samantha Pree-Stinson"
"MINNEAPOLIS W-3 P-12","Ginger Jentzen","skipped","skipped"
"MINNEAPOLIS W-3 P-12","Steve Fletcher","Tim Bildsoe","Samantha Pree-Stinson"
"MINNEAPOLIS W-3 P-01","Steve Fletcher","Tim Bildsoe","Ginger Jentzen"
"MINNEAPOLIS W-3 P-01","Ginger Jentzen","Steve Fletcher","Samantha Pree-Stinson"
"MINNEAPOLIS W-3 P-01","Ginger Jentzen","Steve Fletcher","Samantha Pree-Stinson"
"MINNEAPOLIS W-3 P-01","Ginger Jentzen","skipped","skipped"
"MINNEAPOLIS W-3 P-01","Tim Bildsoe","Steve Fletcher","Ginger Jentzen"
"MINNEAPOLIS W-3 P-01","Ginger Jentzen","skipped","skipped"
"MINNEAPOLIS W-3 P-01","Steve Fletcher","Tim Bildsoe","Ginger Jentzen"
"MINNEAPOLIS W-3 P-05","Tim Bildsoe","Steve Fletcher","Ginger Jentzen"
"MINNEAPOLIS W-3 P-05","Ginger Jentzen","skipped","skipped"
"MINNEAPOLIS W-3 P-05","Ginger Jentzen","skipped","skipped"
"MINNEAPOLIS W-3 P-05","Steve Fletcher","Tim Bildsoe","Samantha Pree-Stinson"
"MINNEAPOLIS W-3 P-05","Tim Bildsoe","skipped","skipped"
"MINNEAPOLIS W-3 P-05","Steve Fletcher","skipped","skipped"
"MINNEAPOLIS W-3 P-05","Ginger Jentzen","Steve Fletcher","skipped"
"MINNEAPOLIS W-3 P-05","Steve Fletcher","Tim Bildsoe","Samantha Pree-Stinson"
"MINNEAPOLIS W-3 P-05","Steve Fletcher","skipped","skipped"
"MINNEAPOLIS W-3 P-05","Tim Bildsoe","Steve Fletcher","Ginger Jentzen"
"MINNEAPOLIS W-3 P-05","Ginger Jentzen","Tim Bildsoe","Steve Fletcher"
"MINNEAPOLIS W-3 P-05","Tim Bildsoe","skipped","skipped"
"MINNEAPOLIS W-3 P-05","Samantha Pree-Stinson","Ginger Jentzen","Tim Bildsoe"
"MINNEAPOLIS W-3 P-05","Ginger Jentzen","Ginger Jentzen","skipped"
"MINNEAPOLIS W-3 P-05","Steve Fletcher","Tim Bildsoe","skipped"
"MINNEAPOLIS W-3 P-05","Tim Bildsoe","Steve Fletcher","skipped"
"MINNEAPOLIS W-3 P-05","Ginger Jentzen","skipped","skipped"
"MINNEAPOLIS W-3 P-05","Steve Fletcher","Tim Bildsoe","skipped"
"MINNEAPOLIS W-3 P-05","Tim Bildsoe","Steve Fletcher","Ginger Jentzen"
"MINNEAPOLIS W-3 P-05","writein","skipped","skipped"
"MINNEAPOLIS W-3 P-05","Samantha Pree-Stinson","Steve Fletcher","skipped"
"MINNEAPOLIS W-3 P-05","Tim Bildsoe","Steve Fletcher","Samantha Pree-Stinson"
"MINNEAPOLIS W-3 P-05","Steve Fletcher","Ginger Jentzen","skipped"
"MINNEAPOLIS W-3 P-05","Steve Fletcher","Tim Bildsoe","skipped"
"MINNEAPOLIS W-3 P-05","Steve Fletcher","Ginger Jentzen","Samantha Pree-Stinson"
"MINNEAPOLIS W-3 P-05","Steve Fletcher","Tim Bildsoe","Ginger Jentzen"
"MINNEAPOLIS W-3 P-05","Tim Bildsoe","Steve Fletcher","skipped"
"MINNEAPOLIS W-3 P-05","Steve Fletcher","Tim Bildsoe","skipped"
"MINNEAPOLIS W-3 P-05","Tim Bildsoe","Steve Fletcher","skipped"
"MINNEAPOLIS W-3 P-05","Steve Fletcher","Samantha Pree-Stinson","Ginger Jentzen"
"MINNEAPOLIS W-3 P-05","Samantha Pree-Stinson","Steve Fletcher","Tim Bildsoe"
"MINNEAPOLIS W-3 P-05","Ginger Jentzen","Samantha Pree-Stinson","Steve Fletcher"
"MINNEAPOLIS W-3 P-05","skipped","skipped","skipped"
"MINNEAPOLIS W-3 P-05","Steve Fletcher","skipped","skipped"
"MINNEAPOLIS W-3 P-05","Tim Bildsoe","Ginger Jentzen","Steve Fletcher"
"MINNEAPOLIS W-3 P-05","Tim Bildsoe","Steve Fletcher","Samantha Pree-Stinson"
"MINNEAPOLIS W-3 P-05","Steve Fletcher","Tim Bildsoe","skipped"
"MINNEAPOLIS W-3 P-05","Tim Bildsoe","Samantha Pree-Stinson","Ginger Jentzen"
"MINNEAPOLIS W-3 P-05","Ginger Jentzen","Steve Fletcher","Samantha Pree-Stinson"
"MINNEAPOLIS W-3 P-05","Tim Bildsoe","skipped","skipped"
"MINNEAPOLIS W-3 P-05","Samantha Pree-Stinson","Steve Fletcher","Tim Bildsoe"
"MINNEAPOLIS W-3 P-05","Tim Bildsoe","skipped","skipped"
"MINNEAPOLIS W-3 P-05","Ginger Jentzen","Steve Fletcher","Samantha Pree-Stinson"
"MINNEAPOLIS W-3 P-05","Tim Bildsoe","skipped","skipped"
"MINNEAPOLIS W-3 P-05","Ginger Jentzen","Samantha Pree-Stinson","skipped"
"MINNEAPOLIS W-3 P-05","Ginger Jentzen","Steve Fletcher","Tim Bildsoe"
"MINNEAPOLIS W-3 P-05","skipped","skipped","skipped"
"MINNEAPOLIS W-3 P-09","Samantha Pree-Stinson","Tim Bildsoe","Steve Fletcher"
"MINNEAPOLIS W-3 P-09","Steve Fletcher","Tim Bildsoe","Samantha Pree-Stinson"
"MINNEAPOLIS W-3 P-09","Tim Bildsoe","skipped","skipped"
"MINNEAPOLIS W-3 P-09","Tim Bildsoe","Steve Fletcher","skipped"
"MINNEAPOLIS W-3 P-09","Tim Bildsoe","Samantha Pree-Stinson","Ginger Jentzen"
"MINNEAPOLIS W-3 P-09","Tim Bildsoe","skipped","skipped"
"MINNEAPOLIS W-3 P-09","Tim Bildsoe","skipped","skipped"
"MINNEAPOLIS W-3 P-09","Tim Bildsoe","skipped","skipped"
"MINNEAPOLIS W-3 P-09","Samantha Pree-Stinson","Tim Bildsoe","Steve Fletcher"
"MINNEAPOLIS W-3 P-09","Tim Bildsoe","Steve Fletcher","skipped"
"MINNEAPOLIS W-3 P-09","Tim Bildsoe","Steve Fletcher","Samantha Pree-Stinson"
"MINNEAPOLIS W-3 P-09","Tim Bildsoe","Steve Fletcher","skipped"
"MINNEAPOLIS W-3 P-09","Steve Fletcher","Tim Bildsoe","Samantha Pree-Stinson"
"MINNEAPOLIS W-3 P-09","Tim Bildsoe","skipped","skipped"
"MINNEAPOLIS W-3 P-09","Tim Bildsoe","Steve Fletcher","Samantha Pree-Stinson"
"MINNEAPOLIS W-3 P-09","Steve Fletcher","Tim Bildsoe","Samantha Pree-Stinson"
"MINNEAPOLIS W-3 P-09","Tim Bildsoe","skipped","skipped"
"MINNEAPOLIS W-3 P-09","Tim Bildsoe","Steve Fletcher","Samantha Pree-Stinson"
"MINNEAPOLIS W-3 P-07","Tim Bildsoe","Steve Fletcher","skipped"
"MINNEAPOLIS W-3 P-07","Tim Bildsoe","Steve Fletcher","skipped"
"MINNEAPOLIS W-3 P-06","Steve Fletcher","Samantha Pree-Stinson","Tim Bildsoe"
"MINNEAPOLIS W-3 P-06","Steve Fletcher","Samantha Pree-Stinson","Ginger Jentzen"
"MINNEAPOLIS W-3 P-06","Samantha Pree-Stinson","Tim Bildsoe","skipped"
"MINNEAPOLIS W-3 P-06","Ginger Jentzen","Samantha Pree-Stinson","skipped"
"MINNEAPOLIS W-3 P-06","Tim Bildsoe","Steve Fletcher","Samantha Pree-Stinson"
"MINNEAPOLIS W-3 P-06","Steve Fletcher","Tim Bildsoe","skipped"
"MINNEAPOLIS W-3 P-06","Ginger Jentzen","Samantha Pree-Stinson","skipped"
"MINNEAPOLIS W-3 P-06","Samantha Pree-Stinson","Steve Fletcher","Tim Bildsoe"
"MINNEAPOLIS W-3 P-06","Tim Bildsoe","Samantha Pree-Stinson","skipped"
"MINNEAPOLIS W-3 P-06","Ginger Jentzen","Samantha Pree-Stinson","Steve Fletcher"
"MINNEAPOLIS W-3 P-06","Ginger Jentzen","Steve Fletcher","Samantha Pree-Stinson"
"MINNEAPOLIS W-3 P-06","Ginger Jentzen","Steve Fletcher","skipped"
"MINNEAPOLIS W-3 P-06","Ginger Jentzen","skipped","skipped"
"MINNEAPOLIS W-3 P-06","Steve Fletcher","Tim Bildsoe","skipped"
"MINNEAPOLIS W-3 P-06","Steve Fletcher","Ginger Jentzen","Samantha Pree-Stinson"
"MINNEAPOLIS W-3 P-06","Ginger Jentzen","Samantha Pree-Stinson","skipped"
"MINNEAPOLIS W-3 P-06","Steve Fletcher","Samantha Pree-Stinson","writein"
"MINNEAPOLIS W-3 P-06","Ginger Jentzen","skipped","skipped"
"MINNEAPOLIS W-3 P-06","Ginger Jentzen","Steve Fletcher","Tim Bildsoe"
"MINNEAPOLIS W-3 P-06","Ginger Jentzen","Steve Fletcher","Samantha Pree-Stinson"
"MINNEAPOLIS W-3 P-06","Ginger Jentzen","skipped","skipped"
"MINNEAPOLIS W-3 P-06","Samantha Pree-Stinson","skipped","skipped"
"MINNEAPOLIS W-3 P-06","Steve Fletcher","Samantha Pree-Stinson","Ginger Jentzen"
"MINNEAPOLIS W-3 P-06","Steve Fletcher","Samantha Pree-Stinson","Ginger Jentzen"
"MINNEAPOLIS W-3 P-06","Samantha Pree-Stinson","Steve Fletcher","Ginger Jentzen"
"MINNEAPOLIS W-3 P-06","Steve Fletcher","Tim Bildsoe","Samantha Pree-Stinson"
"MINNEAPOLIS W-3 P-06","Ginger Jentzen","Samantha Pree-Stinson","Steve Fletcher"
"MINNEAPOLIS W-3 P-06","Steve Fletcher","Tim Bildsoe","writein"
"MINNEAPOLIS W-3 P-06","Tim Bildsoe","Samantha Pree-Stinson","Steve Fletcher"
"MINNEAPOLIS W-3 P-06","Ginger Jentzen","Steve Fletcher","Samantha Pree-Stinson"
"MINNEAPOLIS W-3 P-06","Steve Fletcher","skipped","skipped"
"MINNEAPOLIS W-3 P-06","Steve Fletcher","Tim Bildsoe","skipped"
"MINNEAPOLIS W-3 P-06","Ginger Jentzen","Steve Fletcher","Samantha Pree-Stinson"
"MINNEAPOLIS W-3 P-06","Samantha Pree-Stinson","Steve Fletcher","Tim Bildsoe"
"MINNEAPOLIS W-3 P-06","Samantha Pree-Stinson","skipped","skipped"
"MINNEAPOLIS W-3 P-06","Samantha Pree-Stinson","Steve Fletcher","skipped"
"MINNEAPOLIS W-3 P-06","Ginger Jentzen","Samantha Pree-Stinson","Steve Fletcher"
"MINNEAPOLIS W-3 P-06","Ginger Jentzen","Steve Fletcher","Samantha Pree-Stinson"
"MINNEAPOLIS W-3 P-06","Samantha Pree-Stinson","Ginger Jentzen","Steve Fletcher"
"MINNEAPOLIS W-3 P-06","Steve Fletcher","skipped","skipped"
"MINNEAPOLIS W-3 P-06","Ginger Jentzen","Samantha Pree-Stinson","Tim Bildsoe"
"MINNEAPOLIS W-3 P-06","Tim Bildsoe","skipped","skipped"
"MINNEAPOLIS W-3 P-05","Steve Fletcher","Tim Bildsoe","skipped"
"MINNEAPOLIS W-3 P-05","Tim Bildsoe","Steve Fletcher","writein"
"MINNEAPOLIS W-3 P-05","Tim Bildsoe","Steve Fletcher","writein"
"MINNEAPOLIS W-3 P-08","skipped","skipped","skipped"
"MINNEAPOLIS W-3 P-08","Tim Bildsoe","Steve Fletcher","Samantha Pree-Stinson"
"MINNEAPOLIS W-3 P-08","Ginger Jentzen","Tim Bildsoe","Steve Fletcher"
"MINNEAPOLIS W-3 P-08","Tim Bildsoe","Steve Fletcher","Samantha Pree-Stinson"
"MINNEAPOLIS W-3 P-08","Tim Bildsoe","Steve Fletcher","Samantha Pree-Stinson"
"MINNEAPOLIS W-3 P-08","Steve Fletcher","skipped","skipped"
"MINNEAPOLIS W-3 P-08","Steve Fletcher","Tim Bildsoe","Ginger Jentzen"
"MINNEAPOLIS W-3 P-08","Tim Bildsoe","Steve Fletcher","Samantha Pree-Stinson"
"MINNEAPOLIS W-3 P-08","Tim Bildsoe","skipped","skipped"
"MINNEAPOLIS W-3 P-08","Samantha Pree-Stinson","skipped","skipped"
"MINNEAPOLIS W-3 P-08","Tim Bildsoe","Steve Fletcher","Samantha Pree-Stinson"
"MINNEAPOLIS W-3 P-08","Tim Bildsoe","Steve Fletcher","Samantha Pree-Stinson"
"MINNEAPOLIS W-3 P-08","Tim Bildsoe","Steve Fletcher","skipped"
"MINNEAPOLIS W-3 P-08","Tim Bildsoe","Steve Fletcher","skipped"
"MINNEAPOLIS W-3 P-08","Steve Fletcher","skipped","skipped"
"MINNEAPOLIS W-3 P-08","Tim Bildsoe","skipped","skipped"
"MINNEAPOLIS W-3 P-08","Tim Bildsoe","Steve Fletcher","Samantha Pree-Stinson"
"MINNEAPOLIS W-3 P-08","Steve Fletcher","skipped","skipped"
"MINNEAPOLIS W-3 P-08","Samantha Pree-Stinson","Steve Fletcher","Tim Bildsoe"
"MINNEAPOLIS W-3 P-08","Steve Fletcher","Tim Bildsoe","Samantha Pree-Stinson"
"MINNEAPOLIS W-3 P-08","Tim Bildsoe","Steve Fletcher","Samantha Pree-Stinson"
"MINNEAPOLIS W-3 P-08","Tim Bildsoe","Steve Fletcher","skipped"
"MINNEAPOLIS W-3 P-08","Steve Fletcher","skipped","skipped"
"MINNEAPOLIS W-3 P-08","Steve Fletcher","Tim Bildsoe","Samantha Pree-Stinson"
"MINNEAPOLIS W-3 P-08","Tim Bildsoe","skipped","skipped"
"MINNEAPOLIS W-3 P-08","Steve Fletcher","Tim Bildsoe","skipped"
"MINNEAPOLIS W-3 P-08","Steve Fletcher","Tim Bildsoe","skipped"
"MINNEAPOLIS W-3 P-08","Tim Bildsoe","Steve Fletcher","Samantha Pree-Stinson"
"MINNEAPOLIS W-3 P-08","Tim Bildsoe","Steve Fletcher","Samantha Pree-Stinson"
"MINNEAPOLIS W-3 P-08","Tim Bildsoe","Samantha Pree-Stinson","Ginger Jentzen"
"MINNEAPOLIS W-3 P-08","Steve Fletcher","Tim Bildsoe","Samantha Pree-Stinson"
"MINNEAPOLIS W-3 P-08","Tim Bildsoe","Steve Fletcher","Samantha Pree-Stinson"
"MINNEAPOLIS W-3 P-08","Steve Fletcher","Tim Bildsoe","Samantha Pree-Stinson"
"MINNEAPOLIS W-3 P-08","Tim Bildsoe","Samantha Pree-Stinson","skipped"
"MINNEAPOLIS W-3 P-08","Steve Fletcher","Tim Bildsoe","Samantha Pree-Stinson"
"MINNEAPOLIS W-3 P-08","Tim Bildsoe","Samantha Pree-Stinson","skipped"
"MINNEAPOLIS W-3 P-08","Steve Fletcher","Samantha Pree-Stinson","Ginger Jentzen"
"MINNEAPOLIS W-3 P-08","Tim Bildsoe","Samantha Pree-Stinson","skipped"
"MINNEAPOLIS W-3 P-08","Steve Fletcher","Samantha Pree-Stinson","Ginger Jentzen"
"MINNEAPOLIS W-3 P-08","Tim Bildsoe","Steve Fletcher","Ginger Jentzen"
"MINNEAPOLIS W-3 P-08","Steve Fletcher","Samantha Pree-Stinson","Tim Bildsoe"
"MINNEAPOLIS W-3 P-08","Tim Bildsoe","Steve Fletcher","Ginger Jentzen"
"MINNEAPOLIS W-3 P-08","Tim Bildsoe","Samantha Pree-Stinson","Ginger Jentzen"
"MINNEAPOLIS W-3 P-08","Tim Bildsoe","Steve Fletcher","skipped"
"MINNEAPOLIS W-3 P-08","Tim Bildsoe","Steve Fletcher","Ginger Jentzen"
"MINNEAPOLIS W-3 P-08","Samantha Pree-Stinson","Steve Fletcher","Tim Bildsoe"
"MINNEAPOLIS W-3 P-08","Steve Fletcher","Samantha Pree-Stinson","Tim Bildsoe"
"MINNEAPOLIS W-3 P-08","Samantha Pree-Stinson","Steve Fletcher","skipped"
"MINNEAPOLIS W-3 P-08","Tim Bildsoe","Steve Fletcher","skipped"
"MINNEAPOLIS W-3 P-08","Tim Bildsoe","skipped","skipped"
"MINNEAPOLIS W-3 P-08","Steve Fletcher","Tim Bildsoe","Ginger Jentzen"
"MINNEAPOLIS W-3 P-08","Tim Bildsoe","skipped","skipped"
"MINNEAPOLIS W-3 P-08","Samantha Pree-Stinson","Tim Bildsoe","skipped"
"MINNEAPOLIS W-3 P-08","Tim Bildsoe","Steve Fletcher","Samantha Pree-Stinson"
"MINNEAPOLIS W-3 P-08","Tim Bildsoe","Samantha Pree-Stinson","Steve Fletcher"
"MINNEAPOLIS W-3 P-08","Steve Fletcher","Samantha Pree-Stinson","Ginger Jentzen"
"MINNEAPOLIS W-3 P-08","Steve Fletcher","Samantha Pree-Stinson","Tim Bildsoe"
"MINNEAPOLIS W-3 P-08","Tim Bildsoe","Steve Fletcher","Samantha Pree-Stinson"
"MINNEAPOLIS W-3 P-08","Tim Bildsoe","Samantha Pree-Stinson","Steve Fletcher"
"MINNEAPOLIS W-3 P-08","Steve Fletcher","skipped","skipped"
"MINNEAPOLIS W-3 P-08","Samantha Pree-Stinson","skipped","skipped"
"MINNEAPOLIS W-3 P-08","Steve Fletcher","skipped","skipped"
"MINNEAPOLIS W-3 P-06","Steve Fletcher","Ginger Jentzen","Samantha Pree-Stinson"
"MINNEAPOLIS W-3 P-03","Ginger Jentzen","Samantha Pree-Stinson","Steve Fletcher"
"MINNEAPOLIS W-3 P-03","Tim Bildsoe","Steve Fletcher","Samantha Pree-Stinson"
"MINNEAPOLIS W-3 P-03","Tim Bildsoe","skipped","skipped"
"MINNEAPOLIS W-3 P-03","Steve Fletcher","Samantha Pree-Stinson","Tim Bildsoe"
"MINNEAPOLIS W-3 P-03","Tim Bildsoe","Samantha Pree-Stinson","Steve Fletcher"
"MINNEAPOLIS W-3 P-03","Steve Fletcher","Tim Bildsoe","skipped"
"MINNEAPOLIS W-3 P-03","Steve Fletcher","Ginger Jentzen","Tim Bildsoe"
"MINNEAPOLIS W-3 P-03","skipped","skipped","skipped"
"MINNEAPOLIS W-3 P-03","skipped","skipped","skipped"
"MINNEAPOLIS W-3 P-03","Steve Fletcher","Tim Bildsoe","skipped"
"MINNEAPOLIS W-3 P-03","Steve Fletcher","Samantha Pree-Stinson","Tim Bildsoe"
"MINNEAPOLIS W-3 P-03","Steve Fletcher","Tim Bildsoe","Samantha Pree-Stinson"
"MINNEAPOLIS W-3 P-03","Ginger Jentzen","Samantha Pree-Stinson","Steve Fletcher"
"MINNEAPOLIS W-3 P-03","Tim Bildsoe","Steve Fletcher","Samantha Pree-Stinson"
"MINNEAPOLIS W-3 P-03","Steve Fletcher","Tim Bildsoe","skipped"
"MINNEAPOLIS W-3 P-03","Ginger Jentzen","Steve Fletcher","Tim Bildsoe"
"MINNEAPOLIS W-3 P-03","Tim Bildsoe","skipped","skipped"
"MINNEAPOLIS W-3 P-03","Tim Bildsoe","Steve Fletcher","skipped"
"MINNEAPOLIS W-3 P-03","Tim Bildsoe","Steve Fletcher","Samantha Pree-Stinson"
"MINNEAPOLIS W-3 P-03","Samantha Pree-Stinson","skipped","skipped"
"MINNEAPOLIS W-3 P-03","Tim Bildsoe","Steve Fletcher","skipped"
"MINNEAPOLIS W-3 P-03","Samantha Pree-Stinson","Steve Fletcher","Tim Bildsoe"
"MINNEAPOLIS W-3 P-03","Tim Bildsoe","skipped","skipped"
"MINNEAPOLIS W-3 P-03","Ginger Jentzen","Steve Fletcher","Tim Bildsoe"
"MINNEAPOLIS W-3 P-03","Tim Bildsoe","skipped","skipped"
"MINNEAPOLIS W-3 P-03","Samantha Pree-Stinson","skipped","skipped"
"MINNEAPOLIS W-3 P-03","Tim Bildsoe","skipped","skipped"
"MINNEAPOLIS W-3 P-03","skipped","skipped","skipped"
"MINNEAPOLIS W-3 P-03","Ginger Jentzen","Steve Fletcher","Samantha Pree-Stinson"
"MINNEAPOLIS W-3 P-03","Steve Fletcher","Tim Bildsoe","skipped"
"MINNEAPOLIS W-3 P-03","Steve Fletcher","Tim Bildsoe","Ginger Jentzen"
"MINNEAPOLIS W-3 P-03","Steve Fletcher","Tim Bildsoe","Samantha Pree-Stinson"
"MINNEAPOLIS W-3 P-03","Steve Fletcher","Samantha Pree-Stinson","Tim Bildsoe"
"MINNEAPOLIS W-3 P-03","Steve Fletcher","Samantha Pree-Stinson","Tim Bildsoe"
"MINNEAPOLIS W-3 P-03","Tim Bildsoe","skipped","skipped"
"MINNEAPOLIS W-3 P-03","Samantha Pree-Stinson","Steve Fletcher","skipped"
"MINNEAPOLIS W-3 P-03","Steve Fletcher","Ginger Jentzen","Samantha Pree-Stinson"
"MINNEAPOLIS W-3 P-03","Steve Fletcher","Samantha Pree-Stinson","Ginger Jentzen"
"MINNEAPOLIS W-3 P-03","Steve Fletcher","Tim Bildsoe","skipped"
"MINNEAPOLIS W-3 P-03","Tim Bildsoe","Ginger Jentzen","Samantha Pree-Stinson"
"MINNEAPOLIS W-3 P-03","Steve Fletcher","skipped","skipped"
"MINNEAPOLIS W-3 P-03","Steve Fletcher","Samantha Pree-Stinson","skipped"
"MINNEAPOLIS W-3 P-03","Tim Bildsoe","skipped","skipped"
"MINNEAPOLIS W-3 P-03","Ginger Jentzen","Steve Fletcher","Samantha Pree-Stinson"
"MINNEAPOLIS W-3 P-03","Ginger Jentzen","Samantha Pree-Stinson","skipped"
"MINNEAPOLIS W-3 P-03","Tim Bildsoe","Steve Fletcher","Samantha Pree-Stinson"
"MINNEAPOLIS W-3 P-03","Steve Fletcher","Samantha Pree-Stinson","Tim Bildsoe"
"MINNEAPOLIS W-3 P-03","Tim Bildsoe","Steve Fletcher","skipped"
"MINNEAPOLIS W-3 P-03","Tim Bildsoe","Steve Fletcher","skipped"
"MINNEAPOLIS W-3 P-03","Tim Bildsoe","Steve Fletcher","skipped"
"MINNEAPOLIS W-3 P-03","skipped","skipped","skipped"
"MINNEAPOLIS W-3 P-03","Steve Fletcher","Tim Bildsoe","skipped"
"MINNEAPOLIS W-3 P-03","Tim Bildsoe","skipped","skipped"
"MINNEAPOLIS W-3 P-03","Steve Fletcher","Samantha Pree-Stinson","skipped"
"MINNEAPOLIS W-3 P-03","Ginger Jentzen","Samantha Pree-Stinson","Steve Fletcher"
"MINNEAPOLIS W-3 P-03","Steve Fletcher","Tim Bildsoe","Ginger Jentzen"
"MINNEAPOLIS W-3 P-03","Steve Fletcher","skipped","skipped"
"MINNEAPOLIS W-3 P-03","Samantha Pree-Stinson","Steve Fletcher","skipped"
"MINNEAPOLIS W-3 P-03","Steve Fletcher","Tim Bildsoe","skipped"
"MINNEAPOLIS W-3 P-03","skipped","skipped","skipped"
"MINNEAPOLIS W-3 P-03","Steve Fletcher","skipped","skipped"
"MINNEAPOLIS W-3 P-03","Tim Bildsoe","Steve Fletcher","skipped"
"MINNEAPOLIS W-3 P-03","Tim Bildsoe","Samantha Pree-Stinson","skipped"
"MINNEAPOLIS W-3 P-03","Steve Fletcher","Tim Bildsoe","Ginger Jentzen"
"MINNEAPOLIS W-3 P-03","Tim Bildsoe","Ginger Jentzen","Samantha Pree-Stinson"
"MINNEAPOLIS W-3 P-03","Steve Fletcher","skipped","skipped"
"MINNEAPOLIS W-3 P-03","Tim Bildsoe","Steve Fletcher","skipped"
"MINNEAPOLIS W-3 P-03","Tim Bildsoe","Steve Fletcher","skipped"
"MINNEAPOLIS W-3 P-03","Steve Fletcher","Tim Bildsoe","skipped"
"MINNEAPOLIS W-3 P-03","Tim Bildsoe","Steve Fletcher","skipped"
"MINNEAPOLIS W-3 P-03","Steve Fletcher","skipped","skipped"
"MINNEAPOLIS W-3 P-03","Tim Bildsoe","skipped","skipped"
"MINNEAPOLIS W-3 P-03","Tim Bildsoe","Steve Fletcher","skipped"
"MINNEAPOLIS W-3 P-03","skipped","skipped","skipped"
"MINNEAPOLIS W-3 P-03","Tim Bildsoe","Steve Fletcher","skipped"
"MINNEAPOLIS W-3 P-03","Steve Fletcher","Samantha Pree-Stinson","Samantha Pree-Stinson"
"MINNEAPOLIS W-3 P-03","Steve Fletcher","Ginger Jentzen","Tim Bildsoe"
"MINNEAPOLIS W-3 P-03","Steve Fletcher","Tim Bildsoe","skipped"
"MINNEAPOLIS W-3 P-03","Tim Bildsoe","Samantha Pree-Stinson","skipped"
"MINNEAPOLIS W-3 P-03","Tim Bildsoe","Steve Fletcher","Samantha Pree-Stinson"
"MINNEAPOLIS W-3 P-03","Samantha Pree-Stinson","Ginger Jentzen","Steve Fletcher"
"MINNEAPOLIS W-3 P-03","Steve Fletcher","skipped","skipped"
"MINNEAPOLIS W-3 P-03","Tim Bildsoe","Steve Fletcher","Samantha Pree-Stinson"
"MINNEAPOLIS W-3 P-03","Tim Bildsoe","Samantha Pree-Stinson","skipped"
"MINNEAPOLIS W-3 P-03","skipped","skipped","skipped"
"MINNEAPOLIS W-3 P-03","skipped","skipped","skipped"
"MINNEAPOLIS W-3 P-03","Samantha Pree-Stinson","Steve Fletcher","Ginger Jentzen"
"MINNEAPOLIS W-3 P-03","Steve Fletcher","Ginger Jentzen","Samantha Pree-Stinson"
"MINNEAPOLIS W-3 P-03","Steve Fletcher","Ginger Jentzen","skipped"
"MINNEAPOLIS W-3 P-03","Steve Fletcher","Samantha Pree-Stinson","Tim Bildsoe"
"MINNEAPOLIS W-3 P-03","Ginger Jentzen","skipped","skipped"
"MINNEAPOLIS W-3 P-03","Steve Fletcher","Tim Bildsoe","skipped"
"MINNEAPOLIS W-3 P-03","Tim Bildsoe","Ginger Jentzen","skipped"
"MINNEAPOLIS W-3 P-03","Ginger Jentzen","Steve Fletcher","skipped"
"MINNEAPOLIS W-3 P-03","Samantha Pree-Stinson","Steve Fletcher","Ginger Jentzen"
"MINNEAPOLIS W-3 P-03","Tim Bildsoe","Steve Fletcher","Samantha Pree-Stinson"
"MINNEAPOLIS W-3 P-03","Samantha Pree-Stinson","Ginger Jentzen","skipped"
"MINNEAPOLIS W-3 P-03","Tim Bildsoe","skipped","skipped"
"MINNEAPOLIS W-3 P-03","Steve Fletcher","Samantha Pree-Stinson","skipped"
"MINNEAPOLIS W-3 P-03","Tim Bildsoe","Steve Fletcher","Samantha Pree-Stinson"
"MINNEAPOLIS W-3 P-03","Tim Bildsoe","Steve Fletcher","Samantha Pree-Stinson"
"MINNEAPOLIS W-3 P-03","Steve Fletcher","skipped","skipped"
"MINNEAPOLIS W-3 P-03","Steve Fletcher","Tim Bildsoe","Samantha Pree-Stinson"
"MINNEAPOLIS W-3 P-03","Tim Bildsoe","Samantha Pree-Stinson","Ginger Jentzen"
"MINNEAPOLIS W-3 P-03","Steve Fletcher","Tim Bildsoe","Ginger Jentzen"
"MINNEAPOLIS W-3 P-03","Steve Fletcher","skipped","skipped"
"MINNEAPOLIS W-3 P-03","Steve Fletcher","Tim Bildsoe","Samantha Pree-Stinson"
"MINNEAPOLIS W-3 P-03","Steve Fletcher","Tim Bildsoe","Samantha Pree-Stinson"
"MINNEAPOLIS W-3 P-03","Tim Bildsoe","Steve Fletcher","skipped"
"MINNEAPOLIS W-3 P-03","Tim Bildsoe","Samantha Pree-Stinson","Steve Fletcher"
"MINNEAPOLIS W-3 P-03","Tim Bildsoe","skipped","skipped"
"MINNEAPOLIS W-3 P-03","Steve Fletcher","skipped","skipped"
"MINNEAPOLIS W-3 P-03","Steve Fletcher","Tim Bildsoe","Samantha Pree-Stinson"
"MINNEAPOLIS W-3 P-03","Ginger Jentzen","Tim Bildsoe","skipped"
"MINNEAPOLIS W-3 P-03","Tim Bildsoe","Ginger Jentzen","Samantha Pree-Stinson"
"MINNEAPOLIS W-3 P-03","Samantha Pree-Stinson","Tim Bildsoe","Steve Fletcher"
"MINNEAPOLIS W-3 P-03","Tim Bildsoe","Samantha Pree-Stinson","skipped"
"MINNEAPOLIS W-3 P-03","Samantha Pree-Stinson","Ginger Jentzen","Tim Bildsoe"
"MINNEAPOLIS W-3 P-03","Steve Fletcher","Tim Bildsoe","skipped"
"MINNEAPOLIS W-3 P-03","Steve Fletcher","skipped","skipped"
"MINNEAPOLIS W-3 P-03","Tim Bildsoe","Samantha Pree-Stinson","Steve Fletcher"
"MINNEAPOLIS W-3 P-03","Steve Fletcher","Samantha Pree-Stinson","skipped"
"MINNEAPOLIS W-3 P-03","Ginger Jentzen","Steve Fletcher","Samantha Pree-Stinson"
"MINNEAPOLIS W-3 P-03","Steve Fletcher","Tim Bildsoe","skipped"
"MINNEAPOLIS W-3 P-03","skipped","skipped","skipped"
"MINNEAPOLIS W-3 P-03","Samantha Pree-Stinson","Steve Fletcher","skipped"
"MINNEAPOLIS W-3 P-03","Tim Bildsoe","skipped","skipped"
"MINNEAPOLIS W-3 P-03","Steve Fletcher","skipped","skipped"
"MINNEAPOLIS W-3 P-03","Ginger Jentzen","Samantha Pree-Stinson","skipped"
"MINNEAPOLIS W-3 P-03","Steve Fletcher","Samantha Pree-Stinson","Tim Bildsoe"
"MINNEAPOLIS W-3 P-03","Steve Fletcher","Tim Bildsoe","skipped"
"MINNEAPOLIS W-3 P-03","Steve Fletcher","Ginger Jentzen","skipped"
"MINNEAPOLIS W-3 P-04","Tim Bildsoe","Steve Fletcher","writein"
"MINNEAPOLIS W-3 P-04","Steve Fletcher","Tim Bildsoe","skipped"
"MINNEAPOLIS W-3 P-02","Steve Fletcher","Samantha Pree-Stinson","Tim Bildsoe"
"MINNEAPOLIS W-3 P-02","Steve Fletcher","Tim Bildsoe","Ginger Jentzen"
"MINNEAPOLIS W-3 P-02","Tim Bildsoe","Samantha Pree-Stinson","Steve Fletcher"
"MINNEAPOLIS W-3 P-02","Tim Bildsoe","skipped","skipped"
"MINNEAPOLIS W-3 P-02","Ginger Jentzen","skipped","skipped"
"MINNEAPOLIS W-3 P-02","Ginger Jentzen","Steve Fletcher","Samantha Pree-Stinson"
"MINNEAPOLIS W-3 P-02","Ginger Jentzen","skipped","skipped"
"MINNEAPOLIS W-3 P-02","Steve Fletcher","skipped","skipped"
"MINNEAPOLIS W-3 P-02","Steve Fletcher","Ginger Jentzen","Tim Bildsoe"
"MINNEAPOLIS W-3 P-02","Ginger Jentzen","Steve Fletcher","Samantha Pree-Stinson"
"MINNEAPOLIS W-3 P-02","Ginger Jentzen","skipped","skipped"
"MINNEAPOLIS W-3 P-02","Steve Fletcher","skipped","skipped"
"MINNEAPOLIS W-3 P-02","Tim Bildsoe","Samantha Pree-Stinson","Steve Fletcher"
"MINNEAPOLIS W-3 P-02","Ginger Jentzen","Samantha Pree-Stinson","Steve Fletcher"
"MINNEAPOLIS W-3 P-02","Ginger Jentzen","Steve Fletcher","Tim Bildsoe"
"MINNEAPOLIS W-3 P-02","Steve Fletcher","Samantha Pree-Stinson","Tim Bildsoe"
"MINNEAPOLIS W-3 P-02","Steve Fletcher","Samantha Pree-Stinson","Ginger Jentzen"
"MINNEAPOLIS W-3 P-02","Steve Fletcher","Tim Bildsoe","Ginger Jentzen"
"MINNEAPOLIS W-3 P-02","Tim Bildsoe","Steve Fletcher","skipped"
"MINNEAPOLIS W-3 P-02","Tim Bildsoe","Steve Fletcher","Samantha Pree-Stinson"
"MINNEAPOLIS W-3 P-02","Ginger Jentzen","Samantha Pree-Stinson","Steve Fletcher"
"MINNEAPOLIS W-3 P-02","skipped","skipped","skipped"
"MINNEAPOLIS W-3 P-02","Ginger Jentzen","skipped","skipped"
"MINNEAPOLIS W-3 P-02","Tim Bildsoe","Ginger Jentzen","Steve Fletcher"
"MINNEAPOLIS W-3 P-02","Tim Bildsoe","Steve Fletcher","Ginger Jentzen"
"MINNEAPOLIS W-3 P-02","Ginger Jentzen","Steve Fletcher","Samantha Pree-Stinson"
"MINNEAPOLIS W-3 P-02","Samantha Pree-Stinson","Ginger Jentzen","skipped"
"MINNEAPOLIS W-3 P-02","Steve Fletcher","Tim Bildsoe","Samantha Pree-Stinson"
"MINNEAPOLIS W-3 P-02","Ginger Jentzen","Steve Fletcher","Tim Bildsoe"
"MINNEAPOLIS W-3 P-02","skipped","skipped","skipped"
"MINNEAPOLIS W-3 P-02","Steve Fletcher","Ginger Jentzen","Tim Bildsoe"
"MINNEAPOLIS W-3 P-08","Samantha Pree-Stinson","Steve Fletcher","Tim Bildsoe"
"MINNEAPOLIS W-3 P-08","Ginger Jentzen","Tim Bildsoe","Samantha Pree-Stinson"
"MINNEAPOLIS W-3 P-08","Steve Fletcher","Samantha Pree-Stinson","Ginger Jentzen"
"MINNEAPOLIS W-3 P-04","skipped","skipped","skipped"
"MINNEAPOLIS W-3 P-04","Tim Bildsoe","Ginger Jentzen","Steve Fletcher"
"MINNEAPOLIS W-3 P-04","Tim Bildsoe","Steve Fletcher","skipped"
"MINNEAPOLIS W-3 P-04","Ginger Jentzen","Steve Fletcher","skipped"
"MINNEAPOLIS W-3 P-04","Steve Fletcher","Ginger Jentzen","Tim Bildsoe"
"MINNEAPOLIS W-3 P-04","skipped","skipped","skipped"
"MINNEAPOLIS W-3 P-04","Ginger Jentzen","Steve Fletcher","skipped"
"MINNEAPOLIS W-3 P-04","skipped","skipped","skipped"
"MINNEAPOLIS W-3 P-04","Tim Bildsoe","Steve Fletcher","skipped"
"MINNEAPOLIS W-3 P-04","Steve Fletcher","skipped","skipped"
"MINNEAPOLIS W-3 P-04","Steve Fletcher","Samantha Pree-Stinson","Tim Bildsoe"
"MINNEAPOLIS W-3 P-04","Steve Fletcher","Tim Bildsoe","Samantha Pree-Stinson"
"MINNEAPOLIS W-3 P-04","Ginger Jentzen","Steve Fletcher","Samantha Pree-Stinson"
"MINNEAPOLIS W-3 P-04","skipped","skipped","skipped"
"MINNEAPOLIS W-3 P-04","Tim Bildsoe","Ginger Jentzen","Steve Fletcher"
"MINNEAPOLIS W-3 P-04","Tim Bildsoe","Samantha Pree-Stinson","skipped"
"MINNEAPOLIS W-3 P-04","Tim Bildsoe","Steve Fletcher","skipped"
"MINNEAPOLIS W-3 P-04","Tim Bildsoe","Steve Fletcher","skipped"
"MINNEAPOLIS W-3 P-04","Tim Bildsoe","Steve Fletcher","skipped"
"MINNEAPOLIS W-3 P-04","Tim Bildsoe","Ginger Jentzen","Steve Fletcher"
"MINNEAPOLIS W-3 P-04","Steve Fletcher","Samantha Pree-Stinson","Ginger Jentzen"
"MINNEAPOLIS W-3 P-04","Steve Fletcher","Ginger Jentzen","Samantha Pree-Stinson"
"MINNEAPOLIS W-3 P-03","Samantha Pree-Stinson","Ginger Jentzen","Tim Bildsoe"
"MINNEAPOLIS W-3 P-11","Samantha Pree-Stinson","Ginger Jentzen","Steve Fletcher"
"MINNEAPOLIS W-3 P-03","Tim Bildsoe","skipped","skipped"
"MINNEAPOLIS W-3 P-03","Ginger Jentzen","Samantha Pree-Stinson","Steve Fletcher"
"MINNEAPOLIS W-3 P-03","Tim Bildsoe","Steve Fletcher","skipped"
"MINNEAPOLIS W-3 P-03","Ginger Jentzen","Steve Fletcher","Samantha Pree-Stinson"
"MINNEAPOLIS W-3 P-03","Ginger Jentzen","Steve Fletcher","Samantha Pree-Stinson"
"MINNEAPOLIS W-3 P-03","Steve Fletcher","Ginger Jentzen","Tim Bildsoe"
"MINNEAPOLIS W-3 P-03","Tim Bildsoe","skipped","skipped"
"MINNEAPOLIS W-3 P-03","Steve Fletcher","Tim Bildsoe","skipped"
"MINNEAPOLIS W-3 P-03","Tim Bildsoe","Samantha Pree-Stinson","Steve Fletcher"
"MINNEAPOLIS W-3 P-03","Steve Fletcher","skipped","skipped"
"MINNEAPOLIS W-3 P-06","Samantha Pree-Stinson","Steve Fletcher","Tim Bildsoe"
"MINNEAPOLIS W-3 P-06","Tim Bildsoe","skipped","skipped"
"MINNEAPOLIS W-3 P-01","Ginger Jentzen","skipped","skipped"
"MINNEAPOLIS W-3 P-01","Ginger Jentzen","Steve Fletcher","skipped"
"MINNEAPOLIS W-3 P-01","Ginger Jentzen","skipped","skipped"
"MINNEAPOLIS W-3 P-02","Steve Fletcher","Tim Bildsoe","Samantha Pree-Stinson"
"MINNEAPOLIS W-3 P-02","Ginger Jentzen","Steve Fletcher","Samantha Pree-Stinson"
"MINNEAPOLIS W-3 P-02","Steve Fletcher","Tim Bildsoe","Ginger Jentzen"
"MINNEAPOLIS W-3 P-11","Tim Bildsoe","skipped","skipped"
"MINNEAPOLIS W-3 P-02","Tim Bildsoe","Steve Fletcher","Samantha Pree-Stinson"
"MINNEAPOLIS W-3 P-02","Ginger Jentzen","Samantha Pree-Stinson","Tim Bildsoe"
"MINNEAPOLIS W-3 P-02","Samantha Pree-Stinson","Tim Bildsoe","Ginger Jentzen"
"MINNEAPOLIS W-3 P-09","Tim Bildsoe","Steve Fletcher","Samantha Pree-Stinson"
"MINNEAPOLIS W-3 P-09","Steve Fletcher","Tim Bildsoe","Ginger Jentzen"
"MINNEAPOLIS W-3 P-09","Steve Fletcher","Samantha Pree-Stinson","skipped"
"MINNEAPOLIS W-3 P-09","Samantha Pree-Stinson","skipped","skipped"
"MINNEAPOLIS W-3 P-09","Tim Bildsoe","Steve Fletcher","skipped"
"MINNEAPOLIS W-3 P-09","Tim Bildsoe","Steve Fletcher","Samantha Pree-Stinson"
"MINNEAPOLIS W-3 P-09","Tim Bildsoe","Steve Fletcher","skipped"
"MINNEAPOLIS W-3 P-09","Steve Fletcher","Tim Bildsoe","skipped"
"MINNEAPOLIS W-3 P-09","Steve Fletcher","Tim Bildsoe","Samantha Pree-Stinson"
"MINNEAPOLIS W-3 P-09","Steve Fletcher","skipped","skipped"
"MINNEAPOLIS W-3 P-09","Samantha Pree-Stinson","Ginger Jentzen","skipped"
"MINNEAPOLIS W-3 P-09","Steve Fletcher","Tim Bildsoe","skipped"
"MINNEAPOLIS W-3 P-09","Tim Bildsoe","Steve Fletcher","Samantha Pree-Stinson"
"MINNEAPOLIS W-3 P-09","Steve Fletcher","Tim Bildsoe","skipped"
"MINNEAPOLIS W-3 P-09","Steve Fletcher","Tim Bildsoe","Samantha Pree-Stinson"
"MINNEAPOLIS W-3 P-09","Steve Fletcher","skipped","skipped"
"MINNEAPOLIS W-3 P-09","Steve Fletcher","Samantha Pree-Stinson","Ginger Jentzen"
"MINNEAPOLIS W-3 P-09","skipped","skipped","skipped"
"MINNEAPOLIS W-3 P-09","Steve Fletcher","Tim Bildsoe","Samantha Pree-Stinson"
"MINNEAPOLIS W-3 P-09","Tim Bildsoe","Steve Fletcher","skipped"
"MINNEAPOLIS W-3 P-09","Tim Bildsoe","Steve Fletcher","Ginger Jentzen"
"MINNEAPOLIS W-3 P-09","Samantha Pree-Stinson","Tim Bildsoe","Ginger Jentzen"
"MINNEAPOLIS W-3 P-09","Ginger Jentzen","skipped","skipped"
"MINNEAPOLIS W-3 P-09","Steve Fletcher","Tim Bildsoe","Samantha Pree-Stinson"
"MINNEAPOLIS W-3 P-09","Steve Fletcher","Samantha Pree-Stinson","skipped"
"MINNEAPOLIS W-3 P-09","Tim Bildsoe","Steve Fletcher","skipped"
"MINNEAPOLIS W-3 P-09","Tim Bildsoe","skipped","skipped"
"MINNEAPOLIS W-3 P-09","Tim Bildsoe","Samantha Pree-Stinson","Ginger Jentzen"
"MINNEAPOLIS W-3 P-09","Steve Fletcher","Tim Bildsoe","skipped"
"MINNEAPOLIS W-3 P-09","Tim Bildsoe","skipped","skipped"
"MINNEAPOLIS W-3 P-09","Tim Bildsoe","Samantha Pree-Stinson","Steve Fletcher"
"MINNEAPOLIS W-3 P-09","Steve Fletcher","Tim Bildsoe","skipped"
"MINNEAPOLIS W-3 P-09","Tim Bildsoe","Steve Fletcher","skipped"
"MINNEAPOLIS W-3 P-09","Tim Bildsoe","Ginger Jentzen","skipped"
"MINNEAPOLIS W-3 P-09","Tim Bildsoe","Steve Fletcher","skipped"
"MINNEAPOLIS W-3 P-09","Ginger Jentzen","Samantha Pree-Stinson","Tim Bildsoe"
"MINNEAPOLIS W-3 P-09","Samantha Pree-Stinson","Steve Fletcher","skipped"
"MINNEAPOLIS W-3 P-09","Steve Fletcher","Ginger Jentzen","Samantha Pree-Stinson"
"MINNEAPOLIS W-3 P-09","Tim Bildsoe","skipped","skipped"
"MINNEAPOLIS W-3 P-09","skipped","skipped","skipped"
"MINNEAPOLIS W-3 P-09","Steve Fletcher","Steve Fletcher","Tim Bildsoe"
"MINNEAPOLIS W-3 P-09","Tim Bildsoe","Steve Fletcher","skipped"
"MINNEAPOLIS W-3 P-09","Samantha Pree-Stinson","Steve Fletcher","Tim Bildsoe"
"MINNEAPOLIS W-3 P-09","Tim Bildsoe","Ginger Jentzen","Samantha Pree-Stinson"
"MINNEAPOLIS W-3 P-09","Steve Fletcher","Samantha Pree-Stinson","skipped"
"MINNEAPOLIS W-3 P-09","Tim Bildsoe","Steve Fletcher","Samantha Pree-Stinson"
"MINNEAPOLIS W-3 P-09","Steve Fletcher","skipped","skipped"
"MINNEAPOLIS W-3 P-09","Tim Bildsoe","Steve Fletcher","Samantha Pree-Stinson"
"MINNEAPOLIS W-3 P-09","skipped","skipped","skipped"
"MINNEAPOLIS W-3 P-09","Steve Fletcher","Samantha Pree-Stinson","Tim Bildsoe"
"MINNEAPOLIS W-3 P-09","Tim Bildsoe","Ginger Jentzen","Steve Fletcher"
"MINNEAPOLIS W-3 P-09","Ginger Jentzen","Samantha Pree-Stinson","Tim Bildsoe"
"MINNEAPOLIS W-3 P-09","Steve Fletcher","Samantha Pree-Stinson","skipped"
"MINNEAPOLIS W-3 P-09","Tim Bildsoe","Steve Fletcher","skipped"
"MINNEAPOLIS W-3 P-09","Tim Bildsoe","skipped","skipped"
"MINNEAPOLIS W-3 P-09","Tim Bildsoe","Steve Fletcher","skipped"
"MINNEAPOLIS W-3 P-09","Steve Fletcher","Tim Bildsoe","skipped"
"MINNEAPOLIS W-3 P-09","Steve Fletcher","Tim Bildsoe","overvote"
"MINNEAPOLIS W-3 P-09","Tim Bildsoe","Samantha Pree-Stinson","Steve Fletcher"
"MINNEAPOLIS W-3 P-09","Tim Bildsoe","Steve Fletcher","writein"
"MINNEAPOLIS W-3 P-09","Samantha Pree-Stinson","Ginger Jentzen","Steve Fletcher"
"MINNEAPOLIS W-3 P-09","Tim Bildsoe","Steve Fletcher","skipped"
"MINNEAPOLIS W-3 P-09","Steve Fletcher","Tim Bildsoe","skipped"
"MINNEAPOLIS W-3 P-09","Tim Bildsoe","Steve Fletcher","Samantha Pree-Stinson"
"MINNEAPOLIS W-3 P-09","Tim Bildsoe","skipped","skipped"
"MINNEAPOLIS W-3 P-09","Tim Bildsoe","skipped","skipped"
"MINNEAPOLIS W-3 P-09","Steve Fletcher","Ginger Jentzen","Tim Bildsoe"
"MINNEAPOLIS W-3 P-09","Steve Fletcher","Tim Bildsoe","skipped"
"MINNEAPOLIS W-3 P-09","Tim Bildsoe","Steve Fletcher","Samantha Pree-Stinson"
"MINNEAPOLIS W-3 P-09","Steve Fletcher","Tim Bildsoe","Samantha Pree-Stinson"
"MINNEAPOLIS W-3 P-09","skipped","skipped","skipped"
"MINNEAPOLIS W-3 P-09","Tim Bildsoe","Steve Fletcher","Ginger Jentzen"
"MINNEAPOLIS W-3 P-09","Tim Bildsoe","Steve Fletcher","skipped"
"MINNEAPOLIS W-3 P-09","Tim Bildsoe","skipped","skipped"
"MINNEAPOLIS W-3 P-09","Tim Bildsoe","Steve Fletcher","skipped"
"MINNEAPOLIS W-3 P-09","Tim Bildsoe","writein","writein"
"MINNEAPOLIS W-3 P-09","Tim Bildsoe","Ginger Jentzen","Samantha Pree-Stinson"
"MINNEAPOLIS W-3 P-09","Tim Bildsoe","Samantha Pree-Stinson","Steve Fletcher"
"MINNEAPOLIS W-3 P-09","Tim Bildsoe","skipped","skipped"
"MINNEAPOLIS W-3 P-09","Tim Bildsoe","skipped","skipped"
"MINNEAPOLIS W-3 P-09","Steve Fletcher","Tim Bildsoe","Samantha Pree-Stinson"
"MINNEAPOLIS W-3 P-09","Tim Bildsoe","Steve Fletcher","Samantha Pree-Stinson"
"MINNEAPOLIS W-3 P-09","Steve Fletcher","Tim Bildsoe","skipped"
"MINNEAPOLIS W-3 P-09","skipped","skipped","skipped"
"MINNEAPOLIS W-3 P-09","Steve Fletcher","Tim Bildsoe","skipped"
"MINNEAPOLIS W-3 P-09","Tim Bildsoe","skipped","skipped"
"MINNEAPOLIS W-3 P-09","Steve Fletcher","Tim Bildsoe","skipped"
"MINNEAPOLIS W-3 P-09","Tim Bildsoe","Steve Fletcher","skipped"
"MINNEAPOLIS W-3 P-09","Tim Bildsoe","skipped","skipped"
"MINNEAPOLIS W-3 P-09","Steve Fletcher","Ginger Jentzen","skipped"
"MINNEAPOLIS W-3 P-11","Tim Bildsoe","skipped","skipped"
"MINNEAPOLIS W-3 P-11","Steve Fletcher","Samantha Pree-Stinson","Tim Bildsoe"
"MINNEAPOLIS W-3 P-11","Tim Bildsoe","Steve Fletcher","Samantha Pree-Stinson"
"MINNEAPOLIS W-3 P-11","Tim Bildsoe","Steve Fletcher","Ginger Jentzen"
"MINNEAPOLIS W-3 P-11","Tim Bildsoe","skipped","skipped"
"MINNEAPOLIS W-3 P-11","Steve Fletcher","Tim Bildsoe","skipped"
"MINNEAPOLIS W-3 P-11","Steve Fletcher","Tim Bildsoe","skipped"
"MINNEAPOLIS W-3 P-11","skipped","skipped","skipped"
"MINNEAPOLIS W-3 P-11","Tim Bildsoe","Steve Fletcher","Samantha Pree-Stinson"
"MINNEAPOLIS W-3 P-11","Steve Fletcher","Samantha Pree-Stinson","skipped"
"MINNEAPOLIS W-3 P-11","Tim Bildsoe","Ginger Jentzen","Steve Fletcher"
"MINNEAPOLIS W-3 P-11","Steve Fletcher","Ginger Jentzen","Tim Bildsoe"
"MINNEAPOLIS W-3 P-11","Tim Bildsoe","Steve Fletcher","Ginger Jentzen"
"MINNEAPOLIS W-3 P-11","Tim Bildsoe","Samantha Pree-Stinson","skipped"
"MINNEAPOLIS W-3 P-11","Tim Bildsoe","Steve Fletcher","Samantha Pree-Stinson"
"MINNEAPOLIS W-3 P-11","Tim Bildsoe","skipped","skipped"
"MINNEAPOLIS W-3 P-11","Tim Bildsoe","Samantha Pree-Stinson","skipped"
"MINNEAPOLIS W-3 P-11","Steve Fletcher","Tim Bildsoe","Samantha Pree-Stinson"
"MINNEAPOLIS W-3 P-11","Steve Fletcher","Tim Bildsoe","skipped"
"MINNEAPOLIS W-3 P-11","Samantha Pree-Stinson","Tim Bildsoe","skipped"
"MINNEAPOLIS W-3 P-11","Steve Fletcher","Tim Bildsoe","Samantha Pree-Stinson"
"MINNEAPOLIS W-3 P-11","Samantha Pree-Stinson","Tim Bildsoe","Steve Fletcher"
"MINNEAPOLIS W-3 P-11","Steve Fletcher","Tim Bildsoe","skipped"
"MINNEAPOLIS W-3 P-11","Samantha Pree-Stinson","Ginger Jentzen","Tim Bildsoe"
"MINNEAPOLIS W-3 P-11","Samantha Pree-Stinson","Ginger Jentzen","Steve Fletcher"
"MINNEAPOLIS W-3 P-05","Steve Fletcher","Tim Bildsoe","skipped"
"MINNEAPOLIS W-3 P-10","Tim Bildsoe","Steve Fletcher","Samantha Pree-Stinson"
"MINNEAPOLIS W-3 P-10","Steve Fletcher","Tim Bildsoe","Ginger Jentzen"
"MINNEAPOLIS W-3 P-10","Samantha Pree-Stinson","Ginger Jentzen","Steve Fletcher"
"MINNEAPOLIS W-3 P-10","Tim Bildsoe","Steve Fletcher","skipped"
"MINNEAPOLIS W-3 P-10","Ginger Jentzen","Tim Bildsoe","Steve Fletcher"
"MINNEAPOLIS W-3 P-10","Ginger Jentzen","Samantha Pree-Stinson","skipped"
"MINNEAPOLIS W-3 P-10","Tim Bildsoe","Samantha Pree-Stinson","Steve Fletcher"
"MINNEAPOLIS W-3 P-05","Tim Bildsoe","Steve Fletcher","Samantha Pree-Stinson"
"MINNEAPOLIS W-3 P-05","Steve Fletcher","Tim Bildsoe","Ginger Jentzen"
"MINNEAPOLIS W-3 P-05","Tim Bildsoe","Steve Fletcher","skipped"
"MINNEAPOLIS W-3 P-05","Steve Fletcher","Tim Bildsoe","Samantha Pree-Stinson"
"MINNEAPOLIS W-3 P-05","Tim Bildsoe","Steve Fletcher","skipped"
"MINNEAPOLIS W-3 P-05","Steve Fletcher","Ginger Jentzen","Samantha Pree-Stinson"
"MINNEAPOLIS W-3 P-05","Steve Fletcher","Ginger Jentzen","Samantha Pree-Stinson"
"MINNEAPOLIS W-3 P-06","Tim Bildsoe","Steve Fletcher","skipped"
"MINNEAPOLIS W-3 P-06","Ginger Jentzen","Samantha Pree-Stinson","skipped"
"MINNEAPOLIS W-3 P-06","Ginger Jentzen","skipped","skipped"
"MINNEAPOLIS W-3 P-06","Ginger Jentzen","skipped","skipped"
"MINNEAPOLIS W-3 P-06","Ginger Jentzen","skipped","skipped"
"MINNEAPOLIS W-3 P-03","Steve Fletcher","skipped","skipped"
"MINNEAPOLIS W-3 P-03","skipped","skipped","skipped"
"MINNEAPOLIS W-3 P-03","skipped","skipped","skipped"
"MINNEAPOLIS W-3 P-03","Ginger Jentzen","Steve Fletcher","Samantha Pree-Stinson"
"MINNEAPOLIS W-3 P-07","Ginger Jentzen","skipped","skipped"
"MINNEAPOLIS W-3 P-07","Steve Fletcher","Tim Bildsoe","skipped"
"MINNEAPOLIS W-3 P-07","Samantha Pree-Stinson","Tim Bildsoe","Steve Fletcher"
"MINNEAPOLIS W-3 P-07","Tim Bildsoe","skipped","skipped"
"MINNEAPOLIS W-3 P-07","Tim Bildsoe","skipped","skipped"
"MINNEAPOLIS W-3 P-07","Ginger Jentzen","Samantha Pree-Stinson","Steve Fletcher"
"MINNEAPOLIS W-3 P-07","Tim Bildsoe","Steve Fletcher","skipped"
"MINNEAPOLIS W-3 P-07","Tim Bildsoe","Ginger Jentzen","skipped"
"MINNEAPOLIS W-3 P-07","Tim Bildsoe","Steve Fletcher","Ginger Jentzen"
"MINNEAPOLIS W-3 P-07","Tim Bildsoe","Steve Fletcher","skipped"
"MINNEAPOLIS W-3 P-07","Ginger Jentzen","Samantha Pree-Stinson","Steve Fletcher"
"MINNEAPOLIS W-3 P-07","Tim Bildsoe","Steve Fletcher","skipped"
"MINNEAPOLIS W-3 P-07","Ginger Jentzen","Samantha Pree-Stinson","Steve Fletcher"
"MINNEAPOLIS W-3 P-07","Samantha Pree-Stinson","Steve Fletcher","Ginger Jentzen"
"MINNEAPOLIS W-3 P-07","Steve Fletcher","Tim Bildsoe","skipped"
"MINNEAPOLIS W-3 P-07","Steve Fletcher","Tim Bildsoe","skipped"
"MINNEAPOLIS W-3 P-07","Tim Bildsoe","skipped","skipped"
"MINNEAPOLIS W-3 P-07","Tim Bildsoe","Steve Fletcher","Tim Bildsoe"
"MINNEAPOLIS W-3 P-07","Steve Fletcher","skipped","skipped"
"MINNEAPOLIS W-3 P-07","Tim Bildsoe","Steve Fletcher","skipped"
"MINNEAPOLIS W-3 P-07","Steve Fletcher","Tim Bildsoe","skipped"
"MINNEAPOLIS W-3 P-07","skipped","skipped","skipped"
"MINNEAPOLIS W-3 P-07","Steve Fletcher","Tim Bildsoe","skipped"
"MINNEAPOLIS W-3 P-07","Steve Fletcher","Tim Bildsoe","Samantha Pree-Stinson"
"MINNEAPOLIS W-3 P-07","Tim Bildsoe","Steve Fletcher","skipped"
"MINNEAPOLIS W-3 P-07","Tim Bildsoe","Steve Fletcher","Steve Fletcher"
"MINNEAPOLIS W-3 P-07","skipped","skipped","skipped"
"MINNEAPOLIS W-3 P-07","Samantha Pree-Stinson","Steve Fletcher","Tim Bildsoe"
"MINNEAPOLIS W-3 P-07","Samantha Pree-Stinson","Steve Fletcher","Tim Bildsoe"
"MINNEAPOLIS W-3 P-07","Ginger Jentzen","Steve Fletcher","Samantha Pree-Stinson"
"MINNEAPOLIS W-3 P-07","Tim Bildsoe","Steve Fletcher","Samantha Pree-Stinson"
"MINNEAPOLIS W-3 P-07","Steve Fletcher","skipped","skipped"
"MINNEAPOLIS W-3 P-07","Tim Bildsoe","skipped","skipped"
"MINNEAPOLIS W-3 P-07","Steve Fletcher","Tim Bildsoe","skipped"
"MINNEAPOLIS W-3 P-07","Tim Bildsoe","Steve Fletcher","Samantha Pree-Stinson"
"MINNEAPOLIS W-3 P-07","Steve Fletcher","Tim Bildsoe","skipped"
"MINNEAPOLIS W-3 P-07","Ginger Jentzen","Samantha Pree-Stinson","Steve Fletcher"
"MINNEAPOLIS W-3 P-07","Tim Bildsoe","Steve Fletcher","skipped"
"MINNEAPOLIS W-3 P-07","Steve Fletcher","Ginger Jentzen","Samantha Pree-Stinson"
"MINNEAPOLIS W-3 P-07","Tim Bildsoe","Ginger Jentzen","Steve Fletcher"
"MINNEAPOLIS W-3 P-07","skipped","skipped","skipped"
"MINNEAPOLIS W-3 P-07","Tim Bildsoe","skipped","skipped"
"MINNEAPOLIS W-3 P-07","Ginger Jentzen","Samantha Pree-Stinson","skipped"
"MINNEAPOLIS W-3 P-07","Tim Bildsoe","Steve Fletcher","Samantha Pree-Stinson"
"MINNEAPOLIS W-3 P-07","Tim Bildsoe","Steve Fletcher","skipped"
"MINNEAPOLIS W-3 P-07","Steve Fletcher","Tim Bildsoe","writein"
"MINNEAPOLIS W-3 P-07","Tim Bildsoe","Samantha Pree-Stinson","Ginger Jentzen"
"MINNEAPOLIS W-3 P-07","Steve Fletcher","Tim Bildsoe","skipped"
"MINNEAPOLIS W-3 P-07","Tim Bildsoe","Steve Fletcher","Ginger Jentzen"
"MINNEAPOLIS W-3 P-07","Tim Bildsoe","skipped","skipped"
"MINNEAPOLIS W-3 P-07","Tim Bildsoe","Steve Fletcher","skipped"
"MINNEAPOLIS W-3 P-07","Steve Fletcher","skipped","skipped"
"MINNEAPOLIS W-3 P-07","Tim Bildsoe","Steve Fletcher","skipped"
"MINNEAPOLIS W-3 P-03","Tim Bildsoe","skipped","skipped"
"MINNEAPOLIS W-3 P-02","Steve Fletcher","Ginger Jentzen","Samantha Pree-Stinson"
"MINNEAPOLIS W-3 P-04","Steve Fletcher","Tim Bildsoe","Ginger Jentzen"
"MINNEAPOLIS W-3 P-04","Tim Bildsoe","Steve Fletcher","skipped"
"MINNEAPOLIS W-3 P-04","Samantha Pree-Stinson","Steve Fletcher","Ginger Jentzen"
"MINNEAPOLIS W-3 P-04","Ginger Jentzen","Steve Fletcher","skipped"
"MINNEAPOLIS W-3 P-04","Ginger Jentzen","Steve Fletcher","Samantha Pree-Stinson"
"MINNEAPOLIS W-3 P-08","Tim Bildsoe","skipped","skipped"
"MINNEAPOLIS W-3 P-12","Tim Bildsoe","skipped","skipped"
"MINNEAPOLIS W-3 P-12","Ginger Jentzen","skipped","skipped"
"MINNEAPOLIS W-3 P-12","Steve Fletcher","Tim Bildsoe","skipped"
"MINNEAPOLIS W-3 P-12","Ginger Jentzen","writein","writein"
"MINNEAPOLIS W-3 P-12","Ginger Jentzen","Samantha Pree-Stinson","Steve Fletcher"
"MINNEAPOLIS W-3 P-12","Steve Fletcher","Ginger Jentzen","Samantha Pree-Stinson"
"MINNEAPOLIS W-3 P-12","Steve Fletcher","skipped","skipped"
"MINNEAPOLIS W-3 P-12","Tim Bildsoe","skipped","skipped"
"MINNEAPOLIS W-3 P-12","skipped","skipped","skipped"
"MINNEAPOLIS W-3 P-12","Ginger Jentzen","Steve Fletcher","skipped"
"MINNEAPOLIS W-3 P-12","Samantha Pree-Stinson","Steve Fletcher","Ginger Jentzen"
"MINNEAPOLIS W-3 P-12","Steve Fletcher","Tim Bildsoe","Ginger Jentzen"
"MINNEAPOLIS W-3 P-12","Steve Fletcher","Samantha Pree-Stinson","Ginger Jentzen"
"MINNEAPOLIS W-3 P-12","Samantha Pree-Stinson","Samantha Pree-Stinson","Samantha Pree-Stinson"
"MINNEAPOLIS W-3 P-12","Steve Fletcher","Tim Bildsoe","Samantha Pree-Stinson"
"MINNEAPOLIS W-3 P-12","Ginger Jentzen","Steve Fletcher","Tim Bildsoe"
"MINNEAPOLIS W-3 P-12","skipped","skipped","skipped"
"MINNEAPOLIS W-3 P-12","Ginger Jentzen","Tim Bildsoe","Steve Fletcher"
"MINNEAPOLIS W-3 P-12","Ginger Jentzen","skipped","skipped"
"MINNEAPOLIS W-3 P-12","Ginger Jentzen","skipped","skipped"
"MINNEAPOLIS W-3 P-12","Ginger Jentzen","Steve Fletcher","Tim Bildsoe"
"MINNEAPOLIS W-3 P-12","Steve Fletcher","Ginger Jentzen","Samantha Pree-Stinson"
"MINNEAPOLIS W-3 P-12","Steve Fletcher","skipped","skipped"
"MINNEAPOLIS W-3 P-12","Tim Bildsoe","skipped","skipped"
"MINNEAPOLIS W-3 P-12","Tim Bildsoe","Ginger Jentzen","Samantha Pree-Stinson"
"MINNEAPOLIS W-3 P-12","Tim Bildsoe","Steve Fletcher","Ginger Jentzen"
"MINNEAPOLIS W-3 P-12","Ginger Jentzen","Tim Bildsoe","skipped"
"MINNEAPOLIS W-3 P-12","Steve Fletcher","Tim Bildsoe","skipped"
"MINNEAPOLIS W-3 P-12","Steve Fletcher","Ginger Jentzen","Samantha Pree-Stinson"
"MINNEAPOLIS W-3 P-12","Tim Bildsoe","Steve Fletcher","skipped"
"MINNEAPOLIS W-3 P-12","Tim Bildsoe","Ginger Jentzen","Steve Fletcher"
"MINNEAPOLIS W-3 P-12","Steve Fletcher","Tim Bildsoe","Ginger Jentzen"
"MINNEAPOLIS W-3 P-12","Ginger Jentzen","Samantha Pree-Stinson","Tim Bildsoe"
"MINNEAPOLIS W-3 P-12","Ginger Jentzen","Samantha Pree-Stinson","Tim Bildsoe"
"MINNEAPOLIS W-3 P-12","Steve Fletcher","skipped","skipped"
"MINNEAPOLIS W-3 P-12","Steve Fletcher","skipped","skipped"
"MINNEAPOLIS W-3 P-12","Ginger Jentzen","Tim Bildsoe","Steve Fletcher"
"MINNEAPOLIS W-3 P-12","Ginger Jentzen","Tim Bildsoe","Steve Fletcher"
"MINNEAPOLIS W-3 P-12","Steve Fletcher","Tim Bildsoe","Ginger Jentzen"
"MINNEAPOLIS W-3 P-12","skipped","skipped","skipped"
"MINNEAPOLIS W-3 P-12","Steve Fletcher","Tim Bildsoe","Ginger Jentzen"
"MINNEAPOLIS W-3 P-12","Tim Bildsoe","skipped","skipped"
"MINNEAPOLIS W-3 P-12","Samantha Pree-Stinson","Steve Fletcher","Tim Bildsoe"
"MINNEAPOLIS W-3 P-12","Steve Fletcher","Ginger Jentzen","Samantha Pree-Stinson"
"MINNEAPOLIS W-3 P-12","Steve Fletcher","Samantha Pree-Stinson","Tim Bildsoe"
"MINNEAPOLIS W-3 P-12","Ginger Jentzen","skipped","skipped"
"MINNEAPOLIS W-3 P-12","Steve Fletcher","Tim Bildsoe","Samantha Pree-Stinson"
"MINNEAPOLIS W-3 P-12","Ginger Jentzen","Tim Bildsoe","Steve Fletcher"
"MINNEAPOLIS W-3 P-12","Steve Fletcher","Samantha Pree-Stinson","Tim Bildsoe"
"MINNEAPOLIS W-3 P-12","Steve Fletcher","Tim Bildsoe","Samantha Pree-Stinson"
"MINNEAPOLIS W-3 P-12","Steve Fletcher","Ginger Jentzen","Samantha Pree-Stinson"
"MINNEAPOLIS W-3 P-12","Tim Bildsoe","Steve Fletcher","Ginger Jentzen"
"MINNEAPOLIS W-3 P-12","Ginger Jentzen","Ginger Jentzen","Ginger Jentzen"
"MINNEAPOLIS W-3 P-12","Tim Bildsoe","Samantha Pree-Stinson","skipped"
"MINNEAPOLIS W-3 P-12","Tim Bildsoe","Samantha Pree-Stinson","Ginger Jentzen"
"MINNEAPOLIS W-3 P-12","Tim Bildsoe","Steve Fletcher","skipped"
"MINNEAPOLIS W-3 P-12","Tim Bildsoe","Samantha Pree-Stinson","Steve Fletcher"
"MINNEAPOLIS W-3 P-12","Tim Bildsoe","Steve Fletcher","skipped"
"MINNEAPOLIS W-3 P-12","Ginger Jentzen","Tim Bildsoe","Steve Fletcher"
"MINNEAPOLIS W-3 P-12","Tim Bildsoe","skipped","skipped"
"MINNEAPOLIS W-3 P-12","skipped","skipped","skipped"
"MINNEAPOLIS W-3 P-12","Steve Fletcher","Samantha Pree-Stinson","Tim Bildsoe"
"MINNEAPOLIS W-3 P-12","Steve Fletcher","Tim Bildsoe","Samantha Pree-Stinson"
"MINNEAPOLIS W-3 P-12","Steve Fletcher","Ginger Jentzen","Samantha Pree-Stinson"
"MINNEAPOLIS W-3 P-12","Ginger Jentzen","Samantha Pree-Stinson","Tim Bildsoe"
"MINNEAPOLIS W-3 P-12","Steve Fletcher","skipped","skipped"
"MINNEAPOLIS W-3 P-12","skipped","skipped","skipped"
"MINNEAPOLIS W-3 P-12","Ginger Jentzen","Samantha Pree-Stinson","Steve Fletcher"
"MINNEAPOLIS W-3 P-12","Steve Fletcher","Tim Bildsoe","skipped"
"MINNEAPOLIS W-3 P-12","Ginger Jentzen","Steve Fletcher","Tim Bildsoe"
"MINNEAPOLIS W-3 P-12","Ginger Jentzen","skipped","skipped"
"MINNEAPOLIS W-3 P-12","Tim Bildsoe","Steve Fletcher","skipped"
"MINNEAPOLIS W-3 P-12","Steve Fletcher","skipped","skipped"
"MINNEAPOLIS W-3 P-12","Steve Fletcher","Tim Bildsoe","skipped"
"MINNEAPOLIS W-3 P-12","Steve Fletcher","Tim Bildsoe","skipped"
"MINNEAPOLIS W-3 P-12","Tim Bildsoe","Ginger Jentzen","Steve Fletcher"
"MINNEAPOLIS W-3 P-12","Ginger Jentzen","skipped","skipped"
"MINNEAPOLIS W-3 P-12","Tim Bildsoe","Samantha Pree-Stinson","Steve Fletcher"
"MINNEAPOLIS W-3 P-12","Samantha Pree-Stinson","Ginger Jentzen","Steve Fletcher"
"MINNEAPOLIS W-3 P-12","Steve Fletcher","Samantha Pree-Stinson","Ginger Jentzen"
"MINNEAPOLIS W-3 P-12","Ginger Jentzen","Samantha Pree-Stinson","Tim Bildsoe"
"MINNEAPOLIS W-3 P-12","Tim Bildsoe","Steve Fletcher","skipped"
"MINNEAPOLIS W-3 P-12","Steve Fletcher","Tim Bildsoe","Ginger Jentzen"
"MINNEAPOLIS W-3 P-12","Ginger Jentzen","Samantha Pree-Stinson","Steve Fletcher"
"MINNEAPOLIS W-3 P-12","Samantha Pree-Stinson","Tim Bildsoe","Ginger Jentzen"
"MINNEAPOLIS W-3 P-12","Samantha Pree-Stinson","Steve Fletcher","Tim Bildsoe"
"MINNEAPOLIS W-3 P-12","Steve Fletcher","Tim Bildsoe","Samantha Pree-Stinson"
"MINNEAPOLIS W-3 P-12","skipped","skipped","skipped"
"MINNEAPOLIS W-3 P-12","Tim Bildsoe","Steve Fletcher","skipped"
"MINNEAPOLIS W-3 P-12","Ginger Jentzen","Samantha Pree-Stinson","Steve Fletcher"
"MINNEAPOLIS W-3 P-12","Steve Fletcher","Tim Bildsoe","Ginger Jentzen"
"MINNEAPOLIS W-3 P-12","Tim Bildsoe","Steve Fletcher","skipped"
"MINNEAPOLIS W-3 P-12","Steve Fletcher","skipped","skipped"
"MINNEAPOLIS W-3 P-12","skipped","skipped","skipped"
"MINNEAPOLIS W-3 P-12","Tim Bildsoe","Steve Fletcher","skipped"
"MINNEAPOLIS W-3 P-12","Ginger Jentzen","Samantha Pree-Stinson","Steve Fletcher"
"MINNEAPOLIS W-3 P-12","skipped","skipped","skipped"
"MINNEAPOLIS W-3 P-12","Steve Fletcher","Tim Bildsoe","skipped"
"MINNEAPOLIS W-3 P-12","Ginger Jentzen","skipped","skipped"
"MINNEAPOLIS W-3 P-12","Samantha Pree-Stinson","Ginger Jentzen","Steve Fletcher"
"MINNEAPOLIS W-3 P-12","Tim Bildsoe","Steve Fletcher","Ginger Jentzen"
"MINNEAPOLIS W-3 P-12","Samantha Pree-Stinson","skipped","skipped"
"MINNEAPOLIS W-3 P-12","Steve Fletcher","Tim Bildsoe","skipped"
"MINNEAPOLIS W-3 P-12","Tim Bildsoe","Steve Fletcher","Samantha Pree-Stinson"
"MINNEAPOLIS W-3 P-12","Tim Bildsoe","Steve Fletcher","Ginger Jentzen"
"MINNEAPOLIS W-3 P-12","Steve Fletcher","Tim Bildsoe","skipped"
"MINNEAPOLIS W-3 P-12","Ginger Jentzen","skipped","skipped"
"MINNEAPOLIS W-3 P-12","Steve Fletcher","Ginger Jentzen","Samantha Pree-Stinson"
"MINNEAPOLIS W-3 P-12","Ginger Jentzen","Samantha Pree-Stinson","Tim Bildsoe"
"MINNEAPOLIS W-3 P-12","Ginger Jentzen","Steve Fletcher","Tim Bildsoe"
"MINNEAPOLIS W-3 P-12","Steve Fletcher","skipped","skipped"
"MINNEAPOLIS W-3 P-12","skipped","skipped","skipped"
"MINNEAPOLIS W-3 P-12","Ginger Jentzen","Steve Fletcher","Tim Bildsoe"
"MINNEAPOLIS W-3 P-12","Ginger Jentzen","Samantha Pree-Stinson","Steve Fletcher"
"MINNEAPOLIS W-3 P-12","Ginger Jentzen","Samantha Pree-Stinson","Steve Fletcher"
"MINNEAPOLIS W-3 P-12","Steve Fletcher","Tim Bildsoe","skipped"
"MINNEAPOLIS W-3 P-12","Ginger Jentzen","Steve Fletcher","Tim Bildsoe"
"MINNEAPOLIS W-3 P-12","Steve Fletcher","Tim Bildsoe","Ginger Jentzen"
"MINNEAPOLIS W-3 P-12","Steve Fletcher","skipped","skipped"
"MINNEAPOLIS W-3 P-12","Steve Fletcher","Tim Bildsoe","skipped"
"MINNEAPOLIS W-3 P-12","Tim Bildsoe","Ginger Jentzen","Samantha Pree-Stinson"
"MINNEAPOLIS W-3 P-12","Ginger Jentzen","skipped","skipped"
"MINNEAPOLIS W-3 P-12","Ginger Jentzen","Ginger Jentzen","Ginger Jentzen"
"MINNEAPOLIS W-3 P-12","Tim Bildsoe","Steve Fletcher","skipped"
"MINNEAPOLIS W-3 P-12","skipped","skipped","skipped"
"MINNEAPOLIS W-3 P-12","Steve Fletcher","skipped","skipped"
"MINNEAPOLIS W-3 P-12","Steve Fletcher","Tim Bildsoe","skipped"
"MINNEAPOLIS W-3 P-12","Tim Bildsoe","Steve Fletcher","writein"
"MINNEAPOLIS W-3 P-12","Tim Bildsoe","Steve Fletcher","Samantha Pree-Stinson"
"MINNEAPOLIS W-3 P-12","Ginger Jentzen","skipped","skipped"
"MINNEAPOLIS W-3 P-12","Ginger Jentzen","Steve Fletcher","Tim Bildsoe"
"MINNEAPOLIS W-3 P-12","Tim Bildsoe","Ginger Jentzen","Steve Fletcher"
"MINNEAPOLIS W-3 P-12","Ginger Jentzen","Samantha Pree-Stinson","Steve Fletcher"
"MINNEAPOLIS W-3 P-12","Tim Bildsoe","skipped","skipped"
"MINNEAPOLIS W-3 P-12","Samantha Pree-Stinson","Ginger Jentzen","Steve Fletcher"
"MINNEAPOLIS W-3 P-12","Tim Bildsoe","Steve Fletcher","Samantha Pree-Stinson"
"MINNEAPOLIS W-3 P-12","Ginger Jentzen","Steve Fletcher","skipped"
"MINNEAPOLIS W-3 P-12","Steve Fletcher","Tim Bildsoe","Samantha Pree-Stinson"
"MINNEAPOLIS W-3 P-12","Steve Fletcher","Tim Bildsoe","Samantha Pree-Stinson"
"MINNEAPOLIS W-3 P-12","Steve Fletcher","Samantha Pree-Stinson","Ginger Jentzen"
"MINNEAPOLIS W-3 P-12","Tim Bildsoe","Steve Fletcher","skipped"
"MINNEAPOLIS W-3 P-12","Tim Bildsoe","Steve Fletcher","skipped"
"MINNEAPOLIS W-3 P-12","skipped","skipped","skipped"
"MINNEAPOLIS W-3 P-12","Steve Fletcher","skipped","skipped"
"MINNEAPOLIS W-3 P-12","Steve Fletcher","Steve Fletcher","Tim Bildsoe"
"MINNEAPOLIS W-3 P-12","Samantha Pree-Stinson","Steve Fletcher","Tim Bildsoe"
"MINNEAPOLIS W-3 P-12","Steve Fletcher","skipped","skipped"
"MINNEAPOLIS W-3 P-12","Steve Fletcher","Ginger Jentzen","Samantha Pree-Stinson"
"MINNEAPOLIS W-3 P-12","Tim Bildsoe","Steve Fletcher","Samantha Pree-Stinson"
"MINNEAPOLIS W-3 P-12","Ginger Jentzen","Samantha Pree-Stinson","Steve Fletcher"
"MINNEAPOLIS W-3 P-12","Steve Fletcher","Tim Bildsoe","skipped"
"MINNEAPOLIS W-3 P-12","Tim Bildsoe","Tim Bildsoe","Tim Bildsoe"
"MINNEAPOLIS W-3 P-12","skipped","skipped","skipped"
"MINNEAPOLIS W-3 P-12","Tim Bildsoe","Samantha Pree-Stinson","Tim Bildsoe"
"MINNEAPOLIS W-3 P-12","Ginger Jentzen","Samantha Pree-Stinson","skipped"
"MINNEAPOLIS W-3 P-12","Ginger Jentzen","Steve Fletcher","Tim Bildsoe"
"MINNEAPOLIS W-3 P-12","Steve Fletcher","Tim Bildsoe","Ginger Jentzen"
"MINNEAPOLIS W-3 P-12","Tim Bildsoe","Steve Fletcher","skipped"
"MINNEAPOLIS W-3 P-12","Steve Fletcher","Tim Bildsoe","Samantha Pree-Stinson"
"MINNEAPOLIS W-3 P-12","Tim Bildsoe","Steve Fletcher","skipped"
"MINNEAPOLIS W-3 P-12","Tim Bildsoe","Steve Fletcher","skipped"
"MINNEAPOLIS W-3 P-12","Steve Fletcher","Tim Bildsoe","skipped"
"MINNEAPOLIS W-3 P-12","Steve Fletcher","skipped","skipped"
"MINNEAPOLIS W-3 P-12","Steve Fletcher","Samantha Pree-Stinson","Tim Bildsoe"
"MINNEAPOLIS W-3 P-12","Ginger Jentzen","Samantha Pree-Stinson","Steve Fletcher"
"MINNEAPOLIS W-3 P-12","Steve Fletcher","Ginger Jentzen","Tim Bildsoe"
"MINNEAPOLIS W-3 P-12","Ginger Jentzen","skipped","skipped"
"MINNEAPOLIS W-3 P-12","Ginger Jentzen","skipped","skipped"
"MINNEAPOLIS W-3 P-12","Steve Fletcher","Samantha Pree-Stinson","Ginger Jentzen"
"MINNEAPOLIS W-3 P-12","Tim Bildsoe","Steve Fletcher","skipped"
"MINNEAPOLIS W-3 P-12","Ginger Jentzen","Tim Bildsoe","Steve Fletcher"
"MINNEAPOLIS W-3 P-12","Tim Bildsoe","Steve Fletcher","Samantha Pree-Stinson"
"MINNEAPOLIS W-3 P-12","Tim Bildsoe","skipped","skipped"
"MINNEAPOLIS W-3 P-12","Tim Bildsoe","Steve Fletcher","Ginger Jentzen"
"MINNEAPOLIS W-3 P-12","Tim Bildsoe","Steve Fletcher","Ginger Jentzen"
"MINNEAPOLIS W-3 P-12","Tim Bildsoe","skipped","skipped"
"MINNEAPOLIS W-3 P-12","Steve Fletcher","Tim Bildsoe","Samantha Pree-Stinson"
"MINNEAPOLIS W-3 P-12","Steve Fletcher","skipped","skipped"
"MINNEAPOLIS W-3 P-12","Ginger Jentzen","Ginger Jentzen","Ginger Jentzen"
"MINNEAPOLIS W-3 P-12","Steve Fletcher","skipped","skipped"
"MINNEAPOLIS W-3 P-12","Steve Fletcher","Ginger Jentzen","Tim Bildsoe"
"MINNEAPOLIS W-3 P-12","Ginger Jentzen","skipped","skipped"
"MINNEAPOLIS W-3 P-12","Steve Fletcher","Tim Bildsoe","skipped"
"MINNEAPOLIS W-3 P-12","Tim Bildsoe","Steve Fletcher","Samantha Pree-Stinson"
"MINNEAPOLIS W-3 P-12","Tim Bildsoe","Steve Fletcher","Tim Bildsoe"
"MINNEAPOLIS W-3 P-12","Samantha Pree-Stinson","Ginger Jentzen","skipped"
"MINNEAPOLIS W-3 P-12","Steve Fletcher","Ginger Jentzen","Tim Bildsoe"
"MINNEAPOLIS W-3 P-12","Steve Fletcher","Samantha Pree-Stinson","Ginger Jentzen"
"MINNEAPOLIS W-3 P-12","Steve Fletcher","Tim Bildsoe","skipped"
"MINNEAPOLIS W-3 P-12","Steve Fletcher","Samantha Pree-Stinson","Ginger Jentzen"
"MINNEAPOLIS W-3 P-12","Ginger Jentzen","Ginger Jentzen","Tim Bildsoe"
"MINNEAPOLIS W-3 P-12","Steve Fletcher","Ginger Jentzen","Tim Bildsoe"
"MINNEAPOLIS W-3 P-12","Ginger Jentzen","Samantha Pree-Stinson","Tim Bildsoe"
"MINNEAPOLIS W-3 P-12","Steve Fletcher","Tim Bildsoe","skipped"
"MINNEAPOLIS W-3 P-12","Samantha Pree-Stinson","Samantha Pree-Stinson","Samantha Pree-Stinson"
"MINNEAPOLIS W-3 P-12","skipped","skipped","skipped"
"MINNEAPOLIS W-3 P-12","skipped","skipped","skipped"
"MINNEAPOLIS W-3 P-12","Ginger Jentzen","Tim Bildsoe","skipped"
"MINNEAPOLIS W-3 P-12","Ginger Jentzen","skipped","skipped"
"MINNEAPOLIS W-3 P-12","Ginger Jentzen","skipped","skipped"
"MINNEAPOLIS W-3 P-12","Steve Fletcher","Tim Bildsoe","skipped"
"MINNEAPOLIS W-3 P-12","Steve Fletcher","Tim Bildsoe","skipped"
"MINNEAPOLIS W-3 P-12","Samantha Pree-Stinson","skipped","skipped"
"MINNEAPOLIS W-3 P-12","Tim Bildsoe","Samantha Pree-Stinson","Steve Fletcher"
"MINNEAPOLIS W-3 P-12","Steve Fletcher","Ginger Jentzen","skipped"
"MINNEAPOLIS W-3 P-12","skipped","skipped","skipped"
"MINNEAPOLIS W-3 P-12","Tim Bildsoe","Steve Fletcher","Ginger Jentzen"
"MINNEAPOLIS W-3 P-12","Steve Fletcher","Tim Bildsoe","Tim Bildsoe"
"MINNEAPOLIS W-3 P-12","Steve Fletcher","skipped","skipped"
"MINNEAPOLIS W-3 P-12","Ginger Jentzen","Steve Fletcher","Tim Bildsoe"
"MINNEAPOLIS W-3 P-12","Steve Fletcher","Samantha Pree-Stinson","skipped"
"MINNEAPOLIS W-3 P-12","Steve Fletcher","Ginger Jentzen","Samantha Pree-Stinson"
"MINNEAPOLIS W-3 P-12","Steve Fletcher","Steve Fletcher","Steve Fletcher"
"MINNEAPOLIS W-3 P-12","Ginger Jentzen","skipped","skipped"
"MINNEAPOLIS W-3 P-12","skipped","skipped","skipped"
"MINNEAPOLIS W-3 P-12","Ginger Jentzen","Steve Fletcher","Samantha Pree-Stinson"
"MINNEAPOLIS W-3 P-12","Steve Fletcher","Ginger Jentzen","Samantha Pree-Stinson"
"MINNEAPOLIS W-3 P-12","Steve Fletcher","skipped","skipped"
"MINNEAPOLIS W-3 P-12","Ginger Jentzen","skipped","skipped"
"MINNEAPOLIS W-3 P-12","Steve Fletcher","Tim Bildsoe","Ginger Jentzen"
"MINNEAPOLIS W-3 P-12","Samantha Pree-Stinson","Ginger Jentzen","Tim Bildsoe"
"MINNEAPOLIS W-3 P-12","skipped","Ginger Jentzen","skipped"
"MINNEAPOLIS W-3 P-12","Tim Bildsoe","Steve Fletcher","Samantha Pree-Stinson"
"MINNEAPOLIS W-3 P-12","Samantha Pree-Stinson","Ginger Jentzen","Steve Fletcher"
"MINNEAPOLIS W-3 P-12","Ginger Jentzen","Steve Fletcher","Tim Bildsoe"
"MINNEAPOLIS W-3 P-12","Samantha Pree-Stinson","Steve Fletcher","Ginger Jentzen"
"MINNEAPOLIS W-3 P-12","Ginger Jentzen","Tim Bildsoe","Steve Fletcher"
"MINNEAPOLIS W-3 P-12","Ginger Jentzen","skipped","skipped"
"MINNEAPOLIS W-3 P-12","Tim Bildsoe","skipped","skipped"
"MINNEAPOLIS W-3 P-12","Samantha Pree-Stinson","Ginger Jentzen","Steve Fletcher"
"MINNEAPOLIS W-3 P-12","Steve Fletcher","Tim Bildsoe","Samantha Pree-Stinson"
"MINNEAPOLIS W-3 P-12","Steve Fletcher","Ginger Jentzen","skipped"
"MINNEAPOLIS W-3 P-11","Tim Bildsoe","Steve Fletcher","skipped"
"MINNEAPOLIS W-3 P-11","writein","skipped","skipped"
"MINNEAPOLIS W-3 P-11","Tim Bildsoe","Steve Fletcher","Tim Bildsoe"
"MINNEAPOLIS W-3 P-11","Steve Fletcher","skipped","skipped"
"MINNEAPOLIS W-3 P-11","Tim Bildsoe","Steve Fletcher","Samantha Pree-Stinson"
"MINNEAPOLIS W-3 P-11","Tim Bildsoe","Steve Fletcher","skipped"
"MINNEAPOLIS W-3 P-11","Tim Bildsoe","Steve Fletcher","Ginger Jentzen"
"MINNEAPOLIS W-3 P-11","Tim Bildsoe","Tim Bildsoe","Tim Bildsoe"
"MINNEAPOLIS W-3 P-11","Steve Fletcher","Tim Bildsoe","Ginger Jentzen"
"MINNEAPOLIS W-3 P-11","Tim Bildsoe","skipped","skipped"
"MINNEAPOLIS W-3 P-11","Steve Fletcher","Tim Bildsoe","Samantha Pree-Stinson"
"MINNEAPOLIS W-3 P-11","Steve Fletcher","skipped","skipped"
"MINNEAPOLIS W-3 P-11","Steve Fletcher","skipped","skipped"
"MINNEAPOLIS W-3 P-11","Tim Bildsoe","skipped","skipped"
"MINNEAPOLIS W-3 P-11","Tim Bildsoe","Samantha Pree-Stinson","Steve Fletcher"
"MINNEAPOLIS W-3 P-11","Steve Fletcher","Tim Bildsoe","skipped"
"MINNEAPOLIS W-3 P-11","Tim Bildsoe","Steve Fletcher","skipped"
"MINNEAPOLIS W-3 P-11","Tim Bildsoe","Steve Fletcher","Samantha Pree-Stinson"
"MINNEAPOLIS W-3 P-11","Tim Bildsoe","Ginger Jentzen","Samantha Pree-Stinson"
"MINNEAPOLIS W-3 P-11","Tim Bildsoe","Steve Fletcher","Samantha Pree-Stinson"
"MINNEAPOLIS W-3 P-11","Steve Fletcher","Tim Bildsoe","Samantha Pree-Stinson"
"MINNEAPOLIS W-3 P-11","Tim Bildsoe","skipped","skipped"
"MINNEAPOLIS W-3 P-11","Steve Fletcher","Ginger Jentzen","skipped"
"MINNEAPOLIS W-3 P-11","Tim Bildsoe","skipped","skipped"
"MINNEAPOLIS W-3 P-11","Tim Bildsoe","Steve Fletcher","Ginger Jentzen"
"MINNEAPOLIS W-3 P-11","Steve Fletcher","Ginger Jentzen","Tim Bildsoe"
"MINNEAPOLIS W-3 P-11","Tim Bildsoe","Samantha Pree-Stinson","Steve Fletcher"
"MINNEAPOLIS W-3 P-11","Steve Fletcher","Tim Bildsoe","skipped"
"MINNEAPOLIS W-3 P-11","Tim Bildsoe","Steve Fletcher","skipped"
"MINNEAPOLIS W-3 P-11","Tim Bildsoe","Steve Fletcher","skipped"
"MINNEAPOLIS W-3 P-11","Tim Bildsoe","Samantha Pree-Stinson","Steve Fletcher"
"MINNEAPOLIS W-3 P-11","Steve Fletcher","Ginger Jentzen","Samantha Pree-Stinson"
"MINNEAPOLIS W-3 P-11","Steve Fletcher","Samantha Pree-Stinson","skipped"
"MINNEAPOLIS W-3 P-11","Tim Bildsoe","Steve Fletcher","Samantha Pree-Stinson"
"MINNEAPOLIS W-3 P-11","Tim Bildsoe","Ginger Jentzen","Samantha Pree-Stinson"
"MINNEAPOLIS W-3 P-11","Tim Bildsoe","Steve Fletcher","skipped"
"MINNEAPOLIS W-3 P-11","skipped","skipped","skipped"
"MINNEAPOLIS W-3 P-11","Ginger Jentzen","skipped","skipped"
"MINNEAPOLIS W-3 P-11","skipped","skipped","skipped"
"MINNEAPOLIS W-3 P-11","Tim Bildsoe","Steve Fletcher","Samantha Pree-Stinson"
"MINNEAPOLIS W-3 P-11","Tim Bildsoe","Samantha Pree-Stinson","Ginger Jentzen"
"MINNEAPOLIS W-3 P-11","Steve Fletcher","Tim Bildsoe","skipped"
"MINNEAPOLIS W-3 P-11","Steve Fletcher","Tim Bildsoe","Ginger Jentzen"
"MINNEAPOLIS W-3 P-11","Tim Bildsoe","Steve Fletcher","skipped"
"MINNEAPOLIS W-3 P-11","Tim Bildsoe","skipped","skipped"
"MINNEAPOLIS W-3 P-11","Tim Bildsoe","Ginger Jentzen","Steve Fletcher"
"MINNEAPOLIS W-3 P-11","Tim Bildsoe","skipped","skipped"
"MINNEAPOLIS W-3 P-11","Tim Bildsoe","Steve Fletcher","skipped"
"MINNEAPOLIS W-3 P-11","Tim Bildsoe","Steve Fletcher","skipped"
"MINNEAPOLIS W-3 P-11","Samantha Pree-Stinson","Ginger Jentzen","Tim Bildsoe"
"MINNEAPOLIS W-3 P-11","Ginger Jentzen","Samantha Pree-Stinson","Steve Fletcher"
"MINNEAPOLIS W-3 P-11","Tim Bildsoe","Samantha Pree-Stinson","Steve Fletcher"
"MINNEAPOLIS W-3 P-11","Ginger Jentzen","Samantha Pree-Stinson","Tim Bildsoe"
"MINNEAPOLIS W-3 P-11","Steve Fletcher","Tim Bildsoe","skipped"
"MINNEAPOLIS W-3 P-11","Steve Fletcher","Tim Bildsoe","skipped"
"MINNEAPOLIS W-3 P-11","Ginger Jentzen","skipped","skipped"
"MINNEAPOLIS W-3 P-11","Tim Bildsoe","Samantha Pree-Stinson","Steve Fletcher"
"MINNEAPOLIS W-3 P-11","Tim Bildsoe","Steve Fletcher","Ginger Jentzen"
"MINNEAPOLIS W-3 P-11","Samantha Pree-Stinson","Steve Fletcher","skipped"
"MINNEAPOLIS W-3 P-11","Tim Bildsoe","Steve Fletcher","Samantha Pree-Stinson"
"MINNEAPOLIS W-3 P-11","Tim Bildsoe","skipped","skipped"
"MINNEAPOLIS W-3 P-11","Tim Bildsoe","Samantha Pree-Stinson","Steve Fletcher"
"MINNEAPOLIS W-3 P-11","Steve Fletcher","skipped","skipped"
"MINNEAPOLIS W-3 P-11","Tim Bildsoe","skipped","skipped"
"MINNEAPOLIS W-3 P-11","Steve Fletcher","Ginger Jentzen","Samantha Pree-Stinson"
"MINNEAPOLIS W-3 P-11","Ginger Jentzen","Steve Fletcher","Tim Bildsoe"
"MINNEAPOLIS W-3 P-11","Tim Bildsoe","skipped","skipped"
"MINNEAPOLIS W-3 P-11","Tim Bildsoe","Steve Fletcher","skipped"
"MINNEAPOLIS W-3 P-11","Steve Fletcher","Tim Bildsoe","skipped"
"MINNEAPOLIS W-3 P-11","Tim Bildsoe","Samantha Pree-Stinson","skipped"
"MINNEAPOLIS W-3 P-11","Tim Bildsoe","Samantha Pree-Stinson","Steve Fletcher"
"MINNEAPOLIS W-3 P-11","Tim Bildsoe","Steve Fletcher","Ginger Jentzen"
"MINNEAPOLIS W-3 P-11","Samantha Pree-Stinson","Tim Bildsoe","skipped"
"MINNEAPOLIS W-3 P-11","Tim Bildsoe","skipped","skipped"
"MINNEAPOLIS W-3 P-11","Steve Fletcher","Samantha Pree-Stinson","Tim Bildsoe"
"MINNEAPOLIS W-3 P-11","Tim Bildsoe","Steve Fletcher","Ginger Jentzen"
"MINNEAPOLIS W-3 P-11","Steve Fletcher","Tim Bildsoe","skipped"
"MINNEAPOLIS W-3 P-11","skipped","skipped","skipped"
"MINNEAPOLIS W-3 P-11","Steve Fletcher","Tim Bildsoe","Samantha Pree-Stinson"
"MINNEAPOLIS W-3 P-11","Tim Bildsoe","Steve Fletcher","skipped"
"MINNEAPOLIS W-3 P-11","Steve Fletcher","skipped","skipped"
"MINNEAPOLIS W-3 P-11","Ginger Jentzen","Tim Bildsoe","Steve Fletcher"
"MINNEAPOLIS W-3 P-11","Tim Bildsoe","Steve Fletcher","Ginger Jentzen"
"MINNEAPOLIS W-3 P-11","Tim Bildsoe","Steve Fletcher","Samantha Pree-Stinson"
"MINNEAPOLIS W-3 P-11","Steve Fletcher","Tim Bildsoe","skipped"
"MINNEAPOLIS W-3 P-11","Steve Fletcher","Tim Bildsoe","skipped"
"MINNEAPOLIS W-3 P-11","Tim Bildsoe","writein","writein"
"MINNEAPOLIS W-3 P-11","Tim Bildsoe","skipped","skipped"
"MINNEAPOLIS W-3 P-11","Tim Bildsoe","skipped","skipped"
"MINNEAPOLIS W-3 P-11","Samantha Pree-Stinson","Steve Fletcher","Ginger Jentzen"
"MINNEAPOLIS W-3 P-11","Samantha Pree-Stinson","Steve Fletcher","Tim Bildsoe"
"MINNEAPOLIS W-3 P-11","skipped","skipped","skipped"
"MINNEAPOLIS W-3 P-11","Ginger Jentzen","Tim Bildsoe","Steve Fletcher"
"MINNEAPOLIS W-3 P-11","Tim Bildsoe","Steve Fletcher","skipped"
"MINNEAPOLIS W-3 P-11","Tim Bildsoe","Samantha Pree-Stinson","Steve Fletcher"
"MINNEAPOLIS W-3 P-11","Steve Fletcher","Tim Bildsoe","Samantha Pree-Stinson"
"MINNEAPOLIS W-3 P-11","Steve Fletcher","Tim Bildsoe","Samantha Pree-Stinson"
"MINNEAPOLIS W-3 P-11","Ginger Jentzen","skipped","skipped"
"MINNEAPOLIS W-3 P-11","Samantha Pree-Stinson","Tim Bildsoe","Ginger Jentzen"
"MINNEAPOLIS W-3 P-11","Tim Bildsoe","skipped","skipped"
"MINNEAPOLIS W-3 P-11","Steve Fletcher","Tim Bildsoe","Samantha Pree-Stinson"
"MINNEAPOLIS W-3 P-11","Tim Bildsoe","Steve Fletcher","skipped"
"MINNEAPOLIS W-3 P-11","Tim Bildsoe","Steve Fletcher","Ginger Jentzen"
"MINNEAPOLIS W-3 P-11","Steve Fletcher","Tim Bildsoe","skipped"
"MINNEAPOLIS W-3 P-11","Ginger Jentzen","Samantha Pree-Stinson","Steve Fletcher"
"MINNEAPOLIS W-3 P-11","skipped","skipped","skipped"
"MINNEAPOLIS W-3 P-11","Samantha Pree-Stinson","Ginger Jentzen","Tim Bildsoe"
"MINNEAPOLIS W-3 P-11","Tim Bildsoe","Ginger Jentzen","Steve Fletcher"
"MINNEAPOLIS W-3 P-11","Steve Fletcher","Tim Bildsoe","Ginger Jentzen"
"MINNEAPOLIS W-3 P-11","Ginger Jentzen","Steve Fletcher","Samantha Pree-Stinson"
"MINNEAPOLIS W-3 P-11","skipped","skipped","skipped"
"MINNEAPOLIS W-3 P-11","Steve Fletcher","Samantha Pree-Stinson","Ginger Jentzen"
"MINNEAPOLIS W-3 P-11","Ginger Jentzen","Steve Fletcher","Tim Bildsoe"
"MINNEAPOLIS W-3 P-11","Tim Bildsoe","Steve Fletcher","Ginger Jentzen"
"MINNEAPOLIS W-3 P-11","Tim Bildsoe","Steve Fletcher","Samantha Pree-Stinson"
"MINNEAPOLIS W-3 P-11","Tim Bildsoe","Ginger Jentzen","skipped"
"MINNEAPOLIS W-3 P-11","Steve Fletcher","Samantha Pree-Stinson","Ginger Jentzen"
"MINNEAPOLIS W-3 P-11","Steve Fletcher","Samantha Pree-Stinson","skipped"
"MINNEAPOLIS W-3 P-11","Samantha Pree-Stinson","Tim Bildsoe","Steve Fletcher"
"MINNEAPOLIS W-3 P-11","Steve Fletcher","Samantha Pree-Stinson","Tim Bildsoe"
"MINNEAPOLIS W-3 P-11","Tim Bildsoe","skipped","skipped"
"MINNEAPOLIS W-3 P-11","Tim Bildsoe","Tim Bildsoe","Steve Fletcher"
"MINNEAPOLIS W-3 P-11","Steve Fletcher","Samantha Pree-Stinson","skipped"
"MINNEAPOLIS W-3 P-11","Steve Fletcher","Samantha Pree-Stinson","writein"
"MINNEAPOLIS W-3 P-11","skipped","skipped","skipped"
"MINNEAPOLIS W-3 P-11","Ginger Jentzen","skipped","skipped"
"MINNEAPOLIS W-3 P-11","Ginger Jentzen","Samantha Pree-Stinson","Steve Fletcher"
"MINNEAPOLIS W-3 P-11","Samantha Pree-Stinson","Ginger Jentzen","Steve Fletcher"
"MINNEAPOLIS W-3 P-11","Tim Bildsoe","Steve Fletcher","Samantha Pree-Stinson"
"MINNEAPOLIS W-3 P-11","Tim Bildsoe","skipped","skipped"
"MINNEAPOLIS W-3 P-11","Tim Bildsoe","skipped","skipped"
"MINNEAPOLIS W-3 P-11","Steve Fletcher","Tim Bildsoe","skipped"
"MINNEAPOLIS W-3 P-11","Steve Fletcher","Ginger Jentzen","Samantha Pree-Stinson"
"MINNEAPOLIS W-3 P-11","Steve Fletcher","Tim Bildsoe","Samantha Pree-Stinson"
"MINNEAPOLIS W-3 P-11","Steve Fletcher","skipped","skipped"
"MINNEAPOLIS W-3 P-11","Tim Bildsoe","Samantha Pree-Stinson","Steve Fletcher"
"MINNEAPOLIS W-3 P-11","Tim Bildsoe","Steve Fletcher","skipped"
"MINNEAPOLIS W-3 P-11","Steve Fletcher","Samantha Pree-Stinson","Tim Bildsoe"
"MINNEAPOLIS W-3 P-11","Steve Fletcher","Samantha Pree-Stinson","Tim Bildsoe"
"MINNEAPOLIS W-3 P-11","Tim Bildsoe","Steve Fletcher","writein"
"MINNEAPOLIS W-3 P-11","Ginger Jentzen","Samantha Pree-Stinson","Steve Fletcher"
"MINNEAPOLIS W-3 P-11","Tim Bildsoe","Ginger Jentzen","Steve Fletcher"
"MINNEAPOLIS W-3 P-11","Steve Fletcher","Tim Bildsoe","skipped"
"MINNEAPOLIS W-3 P-11","Tim Bildsoe","Steve Fletcher","skipped"
"MINNEAPOLIS W-3 P-11","Tim Bildsoe","Samantha Pree-Stinson","Steve Fletcher"
"MINNEAPOLIS W-3 P-11","skipped","skipped","skipped"
"MINNEAPOLIS W-3 P-11","Tim Bildsoe","Steve Fletcher","skipped"
"MINNEAPOLIS W-3 P-11","Tim Bildsoe","Steve Fletcher","skipped"
"MINNEAPOLIS W-3 P-11","Tim Bildsoe","skipped","skipped"
"MINNEAPOLIS W-3 P-11","Ginger Jentzen","Steve Fletcher","Tim Bildsoe"
"MINNEAPOLIS W-3 P-11","Tim Bildsoe","skipped","skipped"
"MINNEAPOLIS W-3 P-11","Tim Bildsoe","Samantha Pree-Stinson","Ginger Jentzen"
"MINNEAPOLIS W-3 P-11","Tim Bildsoe","skipped","skipped"
"MINNEAPOLIS W-3 P-11","Tim Bildsoe","Steve Fletcher","Samantha Pree-Stinson"
"MINNEAPOLIS W-3 P-11","Samantha Pree-Stinson","Steve Fletcher","Tim Bildsoe"
"MINNEAPOLIS W-3 P-11","Ginger Jentzen","Steve Fletcher","skipped"
"MINNEAPOLIS W-3 P-11","Ginger Jentzen","Steve Fletcher","Samantha Pree-Stinson"
"MINNEAPOLIS W-3 P-11","Tim Bildsoe","Steve Fletcher","skipped"
"MINNEAPOLIS W-3 P-11","Tim Bildsoe","Steve Fletcher","skipped"
"MINNEAPOLIS W-3 P-11","Tim Bildsoe","Steve Fletcher","Ginger Jentzen"
"MINNEAPOLIS W-3 P-11","Steve Fletcher","Ginger Jentzen","Tim Bildsoe"
"MINNEAPOLIS W-3 P-11","Steve Fletcher","Tim Bildsoe","Samantha Pree-Stinson"
"MINNEAPOLIS W-3 P-11","Tim Bildsoe","Steve Fletcher","writein"
"MINNEAPOLIS W-3 P-11","Tim Bildsoe","Steve Fletcher","Samantha Pree-Stinson"
"MINNEAPOLIS W-3 P-11","Tim Bildsoe","skipped","skipped"
"MINNEAPOLIS W-3 P-11","Steve Fletcher","Tim Bildsoe","skipped"
"MINNEAPOLIS W-3 P-11","Steve Fletcher","Tim Bildsoe","Samantha Pree-Stinson"
"MINNEAPOLIS W-3 P-11","Ginger Jentzen","Samantha Pree-Stinson","Steve Fletcher"
"MINNEAPOLIS W-3 P-11","Tim Bildsoe","skipped","skipped"
"MINNEAPOLIS W-3 P-11","Tim Bildsoe","Steve Fletcher","skipped"
"MINNEAPOLIS W-3 P-11","Steve Fletcher","Samantha Pree-Stinson","Tim Bildsoe"
"MINNEAPOLIS W-3 P-11","Tim Bildsoe","Ginger Jentzen","skipped"
"MINNEAPOLIS W-3 P-11","Steve Fletcher","Samantha Pree-Stinson","Tim Bildsoe"
"MINNEAPOLIS W-3 P-11","Samantha Pree-Stinson","Ginger Jentzen","writein"
"MINNEAPOLIS W-3 P-11","Samantha Pree-Stinson","skipped","skipped"
"MINNEAPOLIS W-3 P-11","Tim Bildsoe","skipped","skipped"
"MINNEAPOLIS W-3 P-11","Tim Bildsoe","Ginger Jentzen","Steve Fletcher"
"MINNEAPOLIS W-3 P-11","Tim Bildsoe","Steve Fletcher","Ginger Jentzen"
"MINNEAPOLIS W-3 P-11","Steve Fletcher","skipped","skipped"
"MINNEAPOLIS W-3 P-11","Ginger Jentzen","Steve Fletcher","skipped"
"MINNEAPOLIS W-3 P-11","Ginger Jentzen","Samantha Pree-Stinson","Steve Fletcher"
"MINNEAPOLIS W-3 P-11","Tim Bildsoe","Steve Fletcher","Ginger Jentzen"
"MINNEAPOLIS W-3 P-11","Tim Bildsoe","skipped","skipped"
"MINNEAPOLIS W-3 P-11","Tim Bildsoe","Steve Fletcher","Samantha Pree-Stinson"
"MINNEAPOLIS W-3 P-11","Steve Fletcher","skipped","skipped"
"MINNEAPOLIS W-3 P-11","Tim Bildsoe","Steve Fletcher","skipped"
"MINNEAPOLIS W-3 P-11","Steve Fletcher","Tim Bildsoe","skipped"
"MINNEAPOLIS W-3 P-11","Tim Bildsoe","Steve Fletcher","Samantha Pree-Stinson"
"MINNEAPOLIS W-3 P-11","Tim Bildsoe","Steve Fletcher","skipped"
"MINNEAPOLIS W-3 P-11","Tim Bildsoe","Steve Fletcher","skipped"
"MINNEAPOLIS W-3 P-11","Tim Bildsoe","Steve Fletcher","Samantha Pree-Stinson"
"MINNEAPOLIS W-3 P-11","Tim Bildsoe","Steve Fletcher","Samantha Pree-Stinson"
"MINNEAPOLIS W-3 P-11","Tim Bildsoe","Ginger Jentzen","skipped"
"MINNEAPOLIS W-3 P-11","Tim Bildsoe","Steve Fletcher","Samantha Pree-Stinson"
"MINNEAPOLIS W-3 P-11","Tim Bildsoe","Steve Fletcher","Samantha Pree-Stinson"
"MINNEAPOLIS W-3 P-11","Steve Fletcher","Tim Bildsoe","Ginger Jentzen"
"MINNEAPOLIS W-3 P-11","Steve Fletcher","Tim Bildsoe","Samantha Pree-Stinson"
"MINNEAPOLIS W-3 P-11","Samantha Pree-Stinson","Ginger Jentzen","Steve Fletcher"
"MINNEAPOLIS W-3 P-11","Steve Fletcher","Tim Bildsoe","Samantha Pree-Stinson"
"MINNEAPOLIS W-3 P-11","Steve Fletcher","Tim Bildsoe","Samantha Pree-Stinson"
"MINNEAPOLIS W-3 P-11","Steve Fletcher","Ginger Jentzen","Samantha Pree-Stinson"
"MINNEAPOLIS W-3 P-11","Tim Bildsoe","Steve Fletcher","skipped"
"MINNEAPOLIS W-3 P-11","Tim Bildsoe","Steve Fletcher","Samantha Pree-Stinson"
"MINNEAPOLIS W-3 P-11","Steve Fletcher","Samantha Pree-Stinson","Ginger Jentzen"
"MINNEAPOLIS W-3 P-11","Ginger Jentzen","Steve Fletcher","Tim Bildsoe"
"MINNEAPOLIS W-3 P-11","Steve Fletcher","Tim Bildsoe","skipped"
"MINNEAPOLIS W-3 P-11","Ginger Jentzen","skipped","skipped"
"MINNEAPOLIS W-3 P-11","Steve Fletcher","Tim Bildsoe","Samantha Pree-Stinson"
"MINNEAPOLIS W-3 P-11","Tim Bildsoe","Steve Fletcher","skipped"
"MINNEAPOLIS W-3 P-11","Ginger Jentzen","Steve Fletcher","Tim Bildsoe"
"MINNEAPOLIS W-3 P-11","Tim Bildsoe","Steve Fletcher","skipped"
"MINNEAPOLIS W-3 P-11","Steve Fletcher","Tim Bildsoe","Samantha Pree-Stinson"
"MINNEAPOLIS W-3 P-11","skipped","skipped","skipped"
"MINNEAPOLIS W-3 P-11","Steve Fletcher","Tim Bildsoe","Ginger Jentzen"
"MINNEAPOLIS W-3 P-11","Ginger Jentzen","Samantha Pree-Stinson","Steve Fletcher"
"MINNEAPOLIS W-3 P-11","Tim Bildsoe","skipped","skipped"
"MINNEAPOLIS W-3 P-11","Steve Fletcher","Samantha Pree-Stinson","Ginger Jentzen"
"MINNEAPOLIS W-3 P-11","Tim Bildsoe","Steve Fletcher","Samantha Pree-Stinson"
"MINNEAPOLIS W-3 P-11","Tim Bildsoe","Steve Fletcher","Samantha Pree-Stinson"
"MINNEAPOLIS W-3 P-11","Ginger Jentzen","skipped","skipped"
"MINNEAPOLIS W-3 P-11","Tim Bildsoe","Samantha Pree-Stinson","Steve Fletcher"
"MINNEAPOLIS W-3 P-11","Tim Bildsoe","skipped","skipped"
"MINNEAPOLIS W-3 P-11","Tim Bildsoe","skipped","skipped"
"MINNEAPOLIS W-3 P-11","Samantha Pree-Stinson","Steve Fletcher","Ginger Jentzen"
"MINNEAPOLIS W-3 P-11","Tim Bildsoe","skipped","skipped"
"MINNEAPOLIS W-3 P-11","Tim Bildsoe","Steve Fletcher","Samantha Pree-Stinson"
"MINNEAPOLIS W-3 P-11","Samantha Pree-Stinson","Steve Fletcher","Tim Bildsoe"
"MINNEAPOLIS W-3 P-11","Tim Bildsoe","skipped","skipped"
"MINNEAPOLIS W-3 P-11","Tim Bildsoe","skipped","skipped"
"MINNEAPOLIS W-3 P-11","Ginger Jentzen","skipped","skipped"
"MINNEAPOLIS W-3 P-11","Steve Fletcher","Tim Bildsoe","Ginger Jentzen"
"MINNEAPOLIS W-3 P-11","Ginger Jentzen","skipped","skipped"
"MINNEAPOLIS W-3 P-11","Tim Bildsoe","Steve Fletcher","skipped"
"MINNEAPOLIS W-3 P-11","Tim Bildsoe","Steve Fletcher","skipped"
"MINNEAPOLIS W-3 P-11","Ginger Jentzen","Samantha Pree-Stinson","Tim Bildsoe"
"MINNEAPOLIS W-3 P-11","skipped","skipped","skipped"
"MINNEAPOLIS W-3 P-11","Tim Bildsoe","Steve Fletcher","Samantha Pree-Stinson"
"MINNEAPOLIS W-3 P-11","Steve Fletcher","Tim Bildsoe","skipped"
"MINNEAPOLIS W-3 P-11","Samantha Pree-Stinson","Ginger Jentzen","Steve Fletcher"
"MINNEAPOLIS W-3 P-11","Steve Fletcher","Tim Bildsoe","skipped"
"MINNEAPOLIS W-3 P-11","Steve Fletcher","Tim Bildsoe","Ginger Jentzen"
"MINNEAPOLIS W-3 P-11","Tim Bildsoe","skipped","skipped"
"MINNEAPOLIS W-3 P-11","Steve Fletcher","Tim Bildsoe","skipped"
"MINNEAPOLIS W-3 P-11","Tim Bildsoe","skipped","skipped"
"MINNEAPOLIS W-3 P-11","skipped","skipped","skipped"
"MINNEAPOLIS W-3 P-11","Steve Fletcher","Samantha Pree-Stinson","skipped"
"MINNEAPOLIS W-3 P-11","Tim Bildsoe","Samantha Pree-Stinson","Ginger Jentzen"
"MINNEAPOLIS W-3 P-11","Ginger Jentzen","Steve Fletcher","Tim Bildsoe"
"MINNEAPOLIS W-3 P-11","Samantha Pree-Stinson","Steve Fletcher","Ginger Jentzen"
"MINNEAPOLIS W-3 P-11","Tim Bildsoe","Steve Fletcher","skipped"
"MINNEAPOLIS W-3 P-11","Tim Bildsoe","Steve Fletcher","skipped"
"MINNEAPOLIS W-3 P-11","Tim Bildsoe","Ginger Jentzen","Samantha Pree-Stinson"
"MINNEAPOLIS W-3 P-11","Tim Bildsoe","Ginger Jentzen","Steve Fletcher"
"MINNEAPOLIS W-3 P-11","Samantha Pree-Stinson","Ginger Jentzen","Steve Fletcher"
"MINNEAPOLIS W-3 P-11","Tim Bildsoe","Ginger Jentzen","skipped"
"MINNEAPOLIS W-3 P-11","Tim Bildsoe","Steve Fletcher","Samantha Pree-Stinson"
"MINNEAPOLIS W-3 P-11","Tim Bildsoe","Steve Fletcher","skipped"
"MINNEAPOLIS W-3 P-11","Tim Bildsoe","skipped","skipped"
"MINNEAPOLIS W-3 P-11","Tim Bildsoe","skipped","skipped"
"MINNEAPOLIS W-3 P-11","Steve Fletcher","Tim Bildsoe","skipped"
"MINNEAPOLIS W-3 P-11","Tim Bildsoe","Steve Fletcher","Samantha Pree-Stinson"
"MINNEAPOLIS W-3 P-11","Tim Bildsoe","Samantha Pree-Stinson","Steve Fletcher"
"MINNEAPOLIS W-3 P-11","Steve Fletcher","skipped","skipped"
"MINNEAPOLIS W-3 P-11","Tim Bildsoe","Steve Fletcher","Samantha Pree-Stinson"
"MINNEAPOLIS W-3 P-11","Steve Fletcher","Tim Bildsoe","Samantha Pree-Stinson"
"MINNEAPOLIS W-3 P-11","Steve Fletcher","Tim Bildsoe","writein"
"MINNEAPOLIS W-3 P-11","Ginger Jentzen","Steve Fletcher","Tim Bildsoe"
"MINNEAPOLIS W-3 P-11","Tim Bildsoe","skipped","skipped"
"MINNEAPOLIS W-3 P-11","Ginger Jentzen","Tim Bildsoe","Steve Fletcher"
"MINNEAPOLIS W-3 P-11","Tim Bildsoe","Steve Fletcher","Ginger Jentzen"
"MINNEAPOLIS W-3 P-11","Steve Fletcher","skipped","skipped"
"MINNEAPOLIS W-3 P-11","Tim Bildsoe","Steve Fletcher","skipped"
"MINNEAPOLIS W-3 P-11","Ginger Jentzen","Steve Fletcher","Samantha Pree-Stinson"
"MINNEAPOLIS W-3 P-11","Tim Bildsoe","skipped","skipped"
"MINNEAPOLIS W-3 P-11","Tim Bildsoe","Steve Fletcher","skipped"
"MINNEAPOLIS W-3 P-11","Steve Fletcher","Tim Bildsoe","skipped"
"MINNEAPOLIS W-3 P-11","Tim Bildsoe","Ginger Jentzen","Steve Fletcher"
"MINNEAPOLIS W-3 P-11","Tim Bildsoe","Steve Fletcher","skipped"
"MINNEAPOLIS W-3 P-11","Tim Bildsoe","skipped","skipped"
"MINNEAPOLIS W-3 P-11","Tim Bildsoe","Steve Fletcher","skipped"
"MINNEAPOLIS W-3 P-11","Steve Fletcher","Steve Fletcher","skipped"
"MINNEAPOLIS W-3 P-11","Ginger Jentzen","Steve Fletcher","Tim Bildsoe"
"MINNEAPOLIS W-3 P-11","Tim Bildsoe","skipped","skipped"
"MINNEAPOLIS W-3 P-11","Ginger Jentzen","Steve Fletcher","Samantha Pree-Stinson"
"MINNEAPOLIS W-3 P-11","Tim Bildsoe","Ginger Jentzen","skipped"
"MINNEAPOLIS W-3 P-11","Tim Bildsoe","skipped","skipped"
"MINNEAPOLIS W-3 P-11","Steve Fletcher","Tim Bildsoe","Ginger Jentzen"
"MINNEAPOLIS W-3 P-11","Tim Bildsoe","Steve Fletcher","skipped"
"MINNEAPOLIS W-3 P-11","Steve Fletcher","Tim Bildsoe","skipped"
"MINNEAPOLIS W-3 P-11","Steve Fletcher","Ginger Jentzen","Samantha Pree-Stinson"
"MINNEAPOLIS W-3 P-11","Tim Bildsoe","Samantha Pree-Stinson","Steve Fletcher"
"MINNEAPOLIS W-3 P-11","Tim Bildsoe","Steve Fletcher","skipped"
"MINNEAPOLIS W-3 P-11","Tim Bildsoe","Steve Fletcher","skipped"
"MINNEAPOLIS W-3 P-11","Tim Bildsoe","skipped","skipped"
"MINNEAPOLIS W-3 P-11","Steve Fletcher","Tim Bildsoe","Ginger Jentzen"
"MINNEAPOLIS W-3 P-11","Ginger Jentzen","Samantha Pree-Stinson","skipped"
"MINNEAPOLIS W-3 P-11","Tim Bildsoe","Steve Fletcher","writein"
"MINNEAPOLIS W-3 P-11","Tim Bildsoe","Steve Fletcher","Ginger Jentzen"
"MINNEAPOLIS W-3 P-11","Tim Bildsoe","skipped","skipped"
"MINNEAPOLIS W-3 P-11","skipped","skipped","skipped"
"MINNEAPOLIS W-3 P-11","skipped","skipped","skipped"
"MINNEAPOLIS W-3 P-11","Steve Fletcher","Tim Bildsoe","writein"
"MINNEAPOLIS W-3 P-11","Steve Fletcher","Tim Bildsoe","Ginger Jentzen"
"MINNEAPOLIS W-3 P-11","Steve Fletcher","Tim Bildsoe","Ginger Jentzen"
"MINNEAPOLIS W-3 P-11","Ginger Jentzen","Tim Bildsoe","Steve Fletcher"
"MINNEAPOLIS W-3 P-11","Tim Bildsoe","Steve Fletcher","Samantha Pree-Stinson"
"MINNEAPOLIS W-3 P-11","Steve Fletcher","Tim Bildsoe","skipped"
"MINNEAPOLIS W-3 P-11","Tim Bildsoe","Steve Fletcher","skipped"
"MINNEAPOLIS W-3 P-11","Ginger Jentzen","Steve Fletcher","skipped"
"MINNEAPOLIS W-3 P-11","Steve Fletcher","Tim Bildsoe","Ginger Jentzen"
"MINNEAPOLIS W-3 P-11","Tim Bildsoe","skipped","skipped"
"MINNEAPOLIS W-3 P-11","Tim Bildsoe","Steve Fletcher","Samantha Pree-Stinson"
"MINNEAPOLIS W-3 P-11","Tim Bildsoe","Steve Fletcher","Samantha Pree-Stinson"
"MINNEAPOLIS W-3 P-11","Tim Bildsoe","skipped","skipped"
"MINNEAPOLIS W-3 P-11","Steve Fletcher","Tim Bildsoe","skipped"
"MINNEAPOLIS W-3 P-11","Tim Bildsoe","Steve Fletcher","Tim Bildsoe"
"MINNEAPOLIS W-3 P-11","Tim Bildsoe","skipped","skipped"
"MINNEAPOLIS W-3 P-11","Tim Bildsoe","skipped","skipped"
"MINNEAPOLIS W-3 P-11","Tim Bildsoe","Samantha Pree-Stinson","Steve Fletcher"
"MINNEAPOLIS W-3 P-11","Samantha Pree-Stinson","Steve Fletcher","Tim Bildsoe"
"MINNEAPOLIS W-3 P-11","Tim Bildsoe","Steve Fletcher","Samantha Pree-Stinson"
"MINNEAPOLIS W-3 P-11","Tim Bildsoe","Steve Fletcher","skipped"
"MINNEAPOLIS W-3 P-11","skipped","skipped","skipped"
"MINNEAPOLIS W-3 P-11","Steve Fletcher","Ginger Jentzen","Tim Bildsoe"
"MINNEAPOLIS W-3 P-11","Steve Fletcher","Tim Bildsoe","skipped"
"MINNEAPOLIS W-3 P-11","Steve Fletcher","Tim Bildsoe","Samantha Pree-Stinson"
"MINNEAPOLIS W-3 P-11","Tim Bildsoe","Steve Fletcher","skipped"
"MINNEAPOLIS W-3 P-11","Steve Fletcher","Tim Bildsoe","Samantha Pree-Stinson"
"MINNEAPOLIS W-3 P-11","Tim Bildsoe","Steve Fletcher","skipped"
"MINNEAPOLIS W-3 P-11","Tim Bildsoe","Steve Fletcher","Samantha Pree-Stinson"
"MINNEAPOLIS W-3 P-11","Tim Bildsoe","skipped","skipped"
"MINNEAPOLIS W-3 P-11","Tim Bildsoe","Steve Fletcher","Samantha Pree-Stinson"
"MINNEAPOLIS W-3 P-11","Ginger Jentzen","Samantha Pree-Stinson","Tim Bildsoe"
"MINNEAPOLIS W-3 P-11","Steve Fletcher","Tim Bildsoe","Ginger Jentzen"
"MINNEAPOLIS W-3 P-11","Steve Fletcher","skipped","skipped"
"MINNEAPOLIS W-3 P-11","Tim Bildsoe","Steve Fletcher","Ginger Jentzen"
"MINNEAPOLIS W-3 P-11","Tim Bildsoe","Steve Fletcher","skipped"
"MINNEAPOLIS W-3 P-11","Ginger Jentzen","Tim Bildsoe","Samantha Pree-Stinson"
"MINNEAPOLIS W-3 P-11","skipped","skipped","skipped"
"MINNEAPOLIS W-3 P-11","Tim Bildsoe","skipped","skipped"
"MINNEAPOLIS W-3 P-11","Tim Bildsoe","Steve Fletcher","Samantha Pree-Stinson"
"MINNEAPOLIS W-3 P-11","Steve Fletcher","Samantha Pree-Stinson","skipped"
"MINNEAPOLIS W-3 P-11","skipped","skipped","skipped"
"MINNEAPOLIS W-3 P-11","Steve Fletcher","Tim Bildsoe","skipped"
"MINNEAPOLIS W-3 P-11","writein","skipped","skipped"
"MINNEAPOLIS W-3 P-11","Samantha Pree-Stinson","Steve Fletcher","Tim Bildsoe"
"MINNEAPOLIS W-3 P-11","Tim Bildsoe","Steve Fletcher","skipped"
"MINNEAPOLIS W-3 P-11","Steve Fletcher","Tim Bildsoe","Ginger Jentzen"
"MINNEAPOLIS W-3 P-11","Steve Fletcher","Samantha Pree-Stinson","skipped"
"MINNEAPOLIS W-3 P-11","Ginger Jentzen","Steve Fletcher","Samantha Pree-Stinson"
"MINNEAPOLIS W-3 P-11","Steve Fletcher","Tim Bildsoe","skipped"
"MINNEAPOLIS W-3 P-11","Tim Bildsoe","skipped","skipped"
"MINNEAPOLIS W-3 P-11","Tim Bildsoe","Ginger Jentzen","skipped"
"MINNEAPOLIS W-3 P-11","Tim Bildsoe","skipped","skipped"
"MINNEAPOLIS W-3 P-11","Samantha Pree-Stinson","Tim Bildsoe","skipped"
"MINNEAPOLIS W-3 P-11","skipped","skipped","skipped"
"MINNEAPOLIS W-3 P-11","Tim Bildsoe","Steve Fletcher","Samantha Pree-Stinson"
"MINNEAPOLIS W-3 P-11","Samantha Pree-Stinson","Ginger Jentzen","Tim Bildsoe"
"MINNEAPOLIS W-3 P-11","Ginger Jentzen","skipped","skipped"
"MINNEAPOLIS W-3 P-11","Steve Fletcher","Tim Bildsoe","Ginger Jentzen"
"MINNEAPOLIS W-3 P-11","Tim Bildsoe","Steve Fletcher","Samantha Pree-Stinson"
"MINNEAPOLIS W-3 P-11","Tim Bildsoe","Steve Fletcher","Samantha Pree-Stinson"
"MINNEAPOLIS W-3 P-11","Tim Bildsoe","Steve Fletcher","Samantha Pree-Stinson"
"MINNEAPOLIS W-3 P-11","Tim Bildsoe","Steve Fletcher","Samantha Pree-Stinson"
"MINNEAPOLIS W-3 P-11","Tim Bildsoe","Steve Fletcher","skipped"
"MINNEAPOLIS W-3 P-11","Steve Fletcher","Steve Fletcher","Ginger Jentzen"
"MINNEAPOLIS W-3 P-11","Tim Bildsoe","Steve Fletcher","Samantha Pree-Stinson"
"MINNEAPOLIS W-3 P-11","Steve Fletcher","Tim Bildsoe","Ginger Jentzen"
"MINNEAPOLIS W-3 P-11","Tim Bildsoe","Steve Fletcher","skipped"
"MINNEAPOLIS W-3 P-11","Tim Bildsoe","Steve Fletcher","Samantha Pree-Stinson"
"MINNEAPOLIS W-3 P-11","Samantha Pree-Stinson","Steve Fletcher","skipped"
"MINNEAPOLIS W-3 P-11","Ginger Jentzen","Tim Bildsoe","Samantha Pree-Stinson"
"MINNEAPOLIS W-3 P-11","Tim Bildsoe","Steve Fletcher","skipped"
"MINNEAPOLIS W-3 P-11","Tim Bildsoe","Steve Fletcher","Ginger Jentzen"
"MINNEAPOLIS W-3 P-11","Tim Bildsoe","skipped","skipped"
"MINNEAPOLIS W-3 P-11","Steve Fletcher","Samantha Pree-Stinson","Tim Bildsoe"
"MINNEAPOLIS W-3 P-11","Steve Fletcher","skipped","skipped"
"MINNEAPOLIS W-3 P-11","Tim Bildsoe","skipped","skipped"
"MINNEAPOLIS W-3 P-11","Ginger Jentzen","Tim Bildsoe","Steve Fletcher"
"MINNEAPOLIS W-3 P-11","Tim Bildsoe","Steve Fletcher","skipped"
"MINNEAPOLIS W-3 P-11","Tim Bildsoe","Steve Fletcher","skipped"
"MINNEAPOLIS W-3 P-11","Tim Bildsoe","Steve Fletcher","Samantha Pree-Stinson"
"MINNEAPOLIS W-3 P-11","Tim Bildsoe","Steve Fletcher","Samantha Pree-Stinson"
"MINNEAPOLIS W-3 P-11","Samantha Pree-Stinson","Steve Fletcher","Tim Bildsoe"
"MINNEAPOLIS W-3 P-11","Tim Bildsoe","Steve Fletcher","Samantha Pree-Stinson"
"MINNEAPOLIS W-3 P-11","Ginger Jentzen","Samantha Pree-Stinson","Tim Bildsoe"
"MINNEAPOLIS W-3 P-11","Tim Bildsoe","Samantha Pree-Stinson","Steve Fletcher"
"MINNEAPOLIS W-3 P-11","Tim Bildsoe","skipped","skipped"
"MINNEAPOLIS W-3 P-11","skipped","skipped","skipped"
"MINNEAPOLIS W-3 P-11","Samantha Pree-Stinson","Steve Fletcher","skipped"
"MINNEAPOLIS W-3 P-11","Tim Bildsoe","Steve Fletcher","skipped"
"MINNEAPOLIS W-3 P-11","Tim Bildsoe","Steve Fletcher","skipped"
"MINNEAPOLIS W-3 P-11","Steve Fletcher","Samantha Pree-Stinson","skipped"
"MINNEAPOLIS W-3 P-11","Tim Bildsoe","Steve Fletcher","Ginger Jentzen"
"MINNEAPOLIS W-3 P-11","Steve Fletcher","Tim Bildsoe","Samantha Pree-Stinson"
"MINNEAPOLIS W-3 P-11","Tim Bildsoe","Steve Fletcher","Samantha Pree-Stinson"
"MINNEAPOLIS W-3 P-11","Tim Bildsoe","Steve Fletcher","Samantha Pree-Stinson"
"MINNEAPOLIS W-3 P-11","Samantha Pree-Stinson","Steve Fletcher","Tim Bildsoe"
"MINNEAPOLIS W-3 P-11","Steve Fletcher","Tim Bildsoe","skipped"
"MINNEAPOLIS W-3 P-11","Steve Fletcher","Tim Bildsoe","writein"
"MINNEAPOLIS W-3 P-11","Steve Fletcher","skipped","skipped"
"MINNEAPOLIS W-3 P-11","Tim Bildsoe","Steve Fletcher","Ginger Jentzen"
"MINNEAPOLIS W-3 P-11","Tim Bildsoe","Steve Fletcher","skipped"
"MINNEAPOLIS W-3 P-11","Tim Bildsoe","skipped","skipped"
"MINNEAPOLIS W-3 P-11","Tim Bildsoe","Steve Fletcher","Samantha Pree-Stinson"
"MINNEAPOLIS W-3 P-11","Ginger Jentzen","Steve Fletcher","Tim Bildsoe"
"MINNEAPOLIS W-3 P-11","Steve Fletcher","Tim Bildsoe","Samantha Pree-Stinson"
"MINNEAPOLIS W-3 P-11","Tim Bildsoe","Steve Fletcher","skipped"
"MINNEAPOLIS W-3 P-11","Tim Bildsoe","skipped","skipped"
"MINNEAPOLIS W-3 P-11","Steve Fletcher","Samantha Pree-Stinson","Tim Bildsoe"
"MINNEAPOLIS W-3 P-11","Steve Fletcher","Tim Bildsoe","skipped"
"MINNEAPOLIS W-3 P-11","Tim Bildsoe","Steve Fletcher","Samantha Pree-Stinson"
"MINNEAPOLIS W-3 P-11","Tim Bildsoe","Steve Fletcher","skipped"
"MINNEAPOLIS W-3 P-11","Steve Fletcher","Tim Bildsoe","skipped"
"MINNEAPOLIS W-3 P-11","Ginger Jentzen","Steve Fletcher","Tim Bildsoe"
"MINNEAPOLIS W-3 P-11","Steve Fletcher","Tim Bildsoe","Samantha Pree-Stinson"
"MINNEAPOLIS W-3 P-11","Tim Bildsoe","Ginger Jentzen","Steve Fletcher"
"MINNEAPOLIS W-3 P-11","Tim Bildsoe","Steve Fletcher","Samantha Pree-Stinson"
"MINNEAPOLIS W-3 P-11","Tim Bildsoe","Steve Fletcher","Samantha Pree-Stinson"
"MINNEAPOLIS W-3 P-11","Tim Bildsoe","Steve Fletcher","skipped"
"MINNEAPOLIS W-3 P-11","Steve Fletcher","Tim Bildsoe","skipped"
"MINNEAPOLIS W-3 P-11","Samantha Pree-Stinson","Steve Fletcher","skipped"
"MINNEAPOLIS W-3 P-11","Tim Bildsoe","Steve Fletcher","Samantha Pree-Stinson"
"MINNEAPOLIS W-3 P-11","Tim Bildsoe","Samantha Pree-Stinson","Steve Fletcher"
"MINNEAPOLIS W-3 P-11","Steve Fletcher","Tim Bildsoe","Ginger Jentzen"
"MINNEAPOLIS W-3 P-11","Steve Fletcher","Ginger Jentzen","Samantha Pree-Stinson"
"MINNEAPOLIS W-3 P-11","Tim Bildsoe","Ginger Jentzen","Samantha Pree-Stinson"
"MINNEAPOLIS W-3 P-11","Tim Bildsoe","Steve Fletcher","Samantha Pree-Stinson"
"MINNEAPOLIS W-3 P-11","Tim Bildsoe","skipped","skipped"
"MINNEAPOLIS W-3 P-11","Samantha Pree-Stinson","Ginger Jentzen","Steve Fletcher"
"MINNEAPOLIS W-3 P-11","skipped","skipped","skipped"
"MINNEAPOLIS W-3 P-11","skipped","skipped","skipped"
"MINNEAPOLIS W-3 P-11","Steve Fletcher","Tim Bildsoe","skipped"
"MINNEAPOLIS W-3 P-11","Steve Fletcher","Ginger Jentzen","Tim Bildsoe"
"MINNEAPOLIS W-3 P-11","Steve Fletcher","Samantha Pree-Stinson","Tim Bildsoe"
"MINNEAPOLIS W-3 P-11","Samantha Pree-Stinson","Steve Fletcher","Tim Bildsoe"
"MINNEAPOLIS W-3 P-11","Samantha Pree-Stinson","Steve Fletcher","Tim Bildsoe"
"MINNEAPOLIS W-3 P-11","Samantha Pree-Stinson","Tim Bildsoe","Steve Fletcher"
"MINNEAPOLIS W-3 P-11","Ginger Jentzen","Steve Fletcher","skipped"
"MINNEAPOLIS W-3 P-11","Tim Bildsoe","Steve Fletcher","Ginger Jentzen"
"MINNEAPOLIS W-3 P-11","Tim Bildsoe","Steve Fletcher","Samantha Pree-Stinson"
"MINNEAPOLIS W-3 P-11","Ginger Jentzen","Samantha Pree-Stinson","Steve Fletcher"
"MINNEAPOLIS W-3 P-11","Steve Fletcher","Ginger Jentzen","Tim Bildsoe"
"MINNEAPOLIS W-3 P-11","Samantha Pree-Stinson","Ginger Jentzen","Steve Fletcher"
"MINNEAPOLIS W-3 P-11","Tim Bildsoe","Steve Fletcher","writein"
"MINNEAPOLIS W-3 P-11","Tim Bildsoe","skipped","skipped"
"MINNEAPOLIS W-3 P-11","Samantha Pree-Stinson","Tim Bildsoe","Ginger Jentzen"
"MINNEAPOLIS W-3 P-11","Steve Fletcher","Ginger Jentzen","Tim Bildsoe"
"MINNEAPOLIS W-3 P-11","Tim Bildsoe","Steve Fletcher","Samantha Pree-Stinson"
"MINNEAPOLIS W-3 P-11","Steve Fletcher","Tim Bildsoe","skipped"
"MINNEAPOLIS W-3 P-11","Steve Fletcher","Samantha Pree-Stinson","Ginger Jentzen"
"MINNEAPOLIS W-3 P-11","Ginger Jentzen","skipped","skipped"
"MINNEAPOLIS W-3 P-11","Ginger Jentzen","Steve Fletcher","Tim Bildsoe"
"MINNEAPOLIS W-3 P-11","Ginger Jentzen","Steve Fletcher","skipped"
"MINNEAPOLIS W-3 P-11","Tim Bildsoe","Steve Fletcher","Samantha Pree-Stinson"
"MINNEAPOLIS W-3 P-11","Steve Fletcher","Tim Bildsoe","skipped"
"MINNEAPOLIS W-3 P-11","Steve Fletcher","Ginger Jentzen","Samantha Pree-Stinson"
"MINNEAPOLIS W-3 P-11","Steve Fletcher","Tim Bildsoe","Samantha Pree-Stinson"
"MINNEAPOLIS W-3 P-11","Tim Bildsoe","skipped","skipped"
"MINNEAPOLIS W-3 P-11","Ginger Jentzen","Tim Bildsoe","Steve Fletcher"
"MINNEAPOLIS W-3 P-11","Tim Bildsoe","Steve Fletcher","Samantha Pree-Stinson"
"MINNEAPOLIS W-3 P-11","Tim Bildsoe","Steve Fletcher","skipped"
"MINNEAPOLIS W-3 P-11","skipped","skipped","skipped"
"MINNEAPOLIS W-3 P-11","Tim Bildsoe","Steve Fletcher","Samantha Pree-Stinson"
"MINNEAPOLIS W-3 P-11","Steve Fletcher","Tim Bildsoe","skipped"
"MINNEAPOLIS W-3 P-11","Tim Bildsoe","Steve Fletcher","Samantha Pree-Stinson"
"MINNEAPOLIS W-3 P-11","Tim Bildsoe","Steve Fletcher","skipped"
"MINNEAPOLIS W-3 P-11","Steve Fletcher","Tim Bildsoe","skipped"
"MINNEAPOLIS W-3 P-11","Ginger Jentzen","skipped","skipped"
"MINNEAPOLIS W-3 P-11","Tim Bildsoe","Steve Fletcher","skipped"
"MINNEAPOLIS W-3 P-11","Tim Bildsoe","Steve Fletcher","writein"
"MINNEAPOLIS W-3 P-11","Tim Bildsoe","Steve Fletcher","skipped"
"MINNEAPOLIS W-3 P-11","Ginger Jentzen","Tim Bildsoe","Steve Fletcher"
"MINNEAPOLIS W-3 P-11","Ginger Jentzen","Steve Fletcher","Tim Bildsoe"
"MINNEAPOLIS W-3 P-11","Tim Bildsoe","Steve Fletcher","Ginger Jentzen"
"MINNEAPOLIS W-3 P-11","Tim Bildsoe","Steve Fletcher","Samantha Pree-Stinson"
"MINNEAPOLIS W-3 P-11","Steve Fletcher","Tim Bildsoe","skipped"
"MINNEAPOLIS W-3 P-11","Ginger Jentzen","Samantha Pree-Stinson","Steve Fletcher"
"MINNEAPOLIS W-3 P-11","Tim Bildsoe","skipped","skipped"
"MINNEAPOLIS W-3 P-11","Steve Fletcher","skipped","skipped"
"MINNEAPOLIS W-3 P-11","Tim Bildsoe","Steve Fletcher","Samantha Pree-Stinson"
"MINNEAPOLIS W-3 P-11","Tim Bildsoe","Steve Fletcher","skipped"
"MINNEAPOLIS W-3 P-11","Steve Fletcher","Tim Bildsoe","skipped"
"MINNEAPOLIS W-3 P-11","Steve Fletcher","Tim Bildsoe","Samantha Pree-Stinson"
"MINNEAPOLIS W-3 P-11","Tim Bildsoe","Steve Fletcher","Samantha Pree-Stinson"
"MINNEAPOLIS W-3 P-11","Tim Bildsoe","Steve Fletcher","Samantha Pree-Stinson"
"MINNEAPOLIS W-3 P-11","Tim Bildsoe","Steve Fletcher","skipped"
"MINNEAPOLIS W-3 P-11","Tim Bildsoe","Steve Fletcher","skipped"
"MINNEAPOLIS W-3 P-11","Ginger Jentzen","Tim Bildsoe","Steve Fletcher"
"MINNEAPOLIS W-3 P-11","Ginger Jentzen","Samantha Pree-Stinson","Steve Fletcher"
"MINNEAPOLIS W-3 P-11","Ginger Jentzen","Tim Bildsoe","Steve Fletcher"
"MINNEAPOLIS W-3 P-11","Steve Fletcher","Tim Bildsoe","Samantha Pree-Stinson"
"MINNEAPOLIS W-3 P-11","Tim Bildsoe","skipped","skipped"
"MINNEAPOLIS W-3 P-11","Samantha Pree-Stinson","skipped","skipped"
"MINNEAPOLIS W-3 P-11","Ginger Jentzen","Steve Fletcher","Samantha Pree-Stinson"
"MINNEAPOLIS W-3 P-11","Steve Fletcher","Samantha Pree-Stinson","Tim Bildsoe"
"MINNEAPOLIS W-3 P-11","Tim Bildsoe","Steve Fletcher","skipped"
"MINNEAPOLIS W-3 P-11","Tim Bildsoe","Steve Fletcher","Samantha Pree-Stinson"
"MINNEAPOLIS W-3 P-11","Tim Bildsoe","Steve Fletcher","Samantha Pree-Stinson"
"MINNEAPOLIS W-3 P-11","Steve Fletcher","Tim Bildsoe","skipped"
"MINNEAPOLIS W-3 P-11","Samantha Pree-Stinson","skipped","skipped"
"MINNEAPOLIS W-3 P-11","Steve Fletcher","Tim Bildsoe","Samantha Pree-Stinson"
"MINNEAPOLIS W-3 P-11","Tim Bildsoe","Steve Fletcher","skipped"
"MINNEAPOLIS W-3 P-11","Tim Bildsoe","Steve Fletcher","Samantha Pree-Stinson"
"MINNEAPOLIS W-3 P-11","Steve Fletcher","Tim Bildsoe","Ginger Jentzen"
"MINNEAPOLIS W-3 P-11","Tim Bildsoe","Steve Fletcher","skipped"
"MINNEAPOLIS W-3 P-11","Steve Fletcher","Tim Bildsoe","Ginger Jentzen"
"MINNEAPOLIS W-3 P-11","Tim Bildsoe","Steve Fletcher","skipped"
"MINNEAPOLIS W-3 P-11","Tim Bildsoe","Samantha Pree-Stinson","Steve Fletcher"
"MINNEAPOLIS W-3 P-11","Tim Bildsoe","skipped","skipped"
"MINNEAPOLIS W-3 P-11","Tim Bildsoe","Steve Fletcher","Samantha Pree-Stinson"
"MINNEAPOLIS W-3 P-11","Tim Bildsoe","Steve Fletcher","Ginger Jentzen"
"MINNEAPOLIS W-3 P-11","Tim Bildsoe","skipped","skipped"
"MINNEAPOLIS W-3 P-11","Tim Bildsoe","skipped","skipped"
"MINNEAPOLIS W-3 P-11","Tim Bildsoe","skipped","skipped"
"MINNEAPOLIS W-3 P-11","Steve Fletcher","Ginger Jentzen","Samantha Pree-Stinson"
"MINNEAPOLIS W-3 P-11","Steve Fletcher","Tim Bildsoe","skipped"
"MINNEAPOLIS W-3 P-11","Steve Fletcher","Samantha Pree-Stinson","Ginger Jentzen"
"MINNEAPOLIS W-3 P-11","Steve Fletcher","skipped","skipped"
"MINNEAPOLIS W-3 P-11","Tim Bildsoe","Steve Fletcher","Samantha Pree-Stinson"
"MINNEAPOLIS W-3 P-11","Steve Fletcher","Tim Bildsoe","skipped"
"MINNEAPOLIS W-3 P-11","Steve Fletcher","Tim Bildsoe","Samantha Pree-Stinson"
"MINNEAPOLIS W-3 P-11","Tim Bildsoe","Steve Fletcher","skipped"
"MINNEAPOLIS W-3 P-11","Tim Bildsoe","Steve Fletcher","skipped"
"MINNEAPOLIS W-3 P-10","Tim Bildsoe","skipped","skipped"
"MINNEAPOLIS W-3 P-10","Ginger Jentzen","Steve Fletcher","Samantha Pree-Stinson"
"MINNEAPOLIS W-3 P-10","Samantha Pree-Stinson","Ginger Jentzen","skipped"
"MINNEAPOLIS W-3 P-10","Steve Fletcher","skipped","skipped"
"MINNEAPOLIS W-3 P-10","Ginger Jentzen","Steve Fletcher","Tim Bildsoe"
"MINNEAPOLIS W-3 P-10","Tim Bildsoe","skipped","skipped"
"MINNEAPOLIS W-3 P-10","Steve Fletcher","Tim Bildsoe","skipped"
"MINNEAPOLIS W-3 P-10","Ginger Jentzen","Steve Fletcher","Samantha Pree-Stinson"
"MINNEAPOLIS W-3 P-10","Steve Fletcher","Samantha Pree-Stinson","skipped"
"MINNEAPOLIS W-3 P-10","Steve Fletcher","Steve Fletcher","Steve Fletcher"
"MINNEAPOLIS W-3 P-10","Ginger Jentzen","Tim Bildsoe","Steve Fletcher"
"MINNEAPOLIS W-3 P-10","Ginger Jentzen","Tim Bildsoe","Steve Fletcher"
"MINNEAPOLIS W-3 P-10","Ginger Jentzen","skipped","skipped"
"MINNEAPOLIS W-3 P-10","Ginger Jentzen","Samantha Pree-Stinson","Tim Bildsoe"
"MINNEAPOLIS W-3 P-10","Ginger Jentzen","Steve Fletcher","Tim Bildsoe"
"MINNEAPOLIS W-3 P-10","skipped","skipped","skipped"
"MINNEAPOLIS W-3 P-10","Ginger Jentzen","Ginger Jentzen","skipped"
"MINNEAPOLIS W-3 P-10","Samantha Pree-Stinson","Ginger Jentzen","Tim Bildsoe"
"MINNEAPOLIS W-3 P-10","Steve Fletcher","Samantha Pree-Stinson","Ginger Jentzen"
"MINNEAPOLIS W-3 P-10","Ginger Jentzen","skipped","skipped"
"MINNEAPOLIS W-3 P-10","Ginger Jentzen","Steve Fletcher","Samantha Pree-Stinson"
"MINNEAPOLIS W-3 P-10","Steve Fletcher","skipped","skipped"
"MINNEAPOLIS W-3 P-10","Ginger Jentzen","Samantha Pree-Stinson","Steve Fletcher"
"MINNEAPOLIS W-3 P-10","Ginger Jentzen","Samantha Pree-Stinson","skipped"
"MINNEAPOLIS W-3 P-10","Ginger Jentzen","Samantha Pree-Stinson","Steve Fletcher"
"MINNEAPOLIS W-3 P-10","Ginger Jentzen","Steve Fletcher","Samantha Pree-Stinson"
"MINNEAPOLIS W-3 P-10","Ginger Jentzen","Steve Fletcher","skipped"
"MINNEAPOLIS W-3 P-10","Steve Fletcher","Samantha Pree-Stinson","Ginger Jentzen"
"MINNEAPOLIS W-3 P-10","Ginger Jentzen","skipped","skipped"
"MINNEAPOLIS W-3 P-10","Steve Fletcher","Samantha Pree-Stinson","skipped"
"MINNEAPOLIS W-3 P-10","Ginger Jentzen","Samantha Pree-Stinson","skipped"
"MINNEAPOLIS W-3 P-10","Samantha Pree-Stinson","Ginger Jentzen","skipped"
"MINNEAPOLIS W-3 P-10","Steve Fletcher","Samantha Pree-Stinson","skipped"
"MINNEAPOLIS W-3 P-10","Ginger Jentzen","Steve Fletcher","Tim Bildsoe"
"MINNEAPOLIS W-3 P-10","Tim Bildsoe","skipped","skipped"
"MINNEAPOLIS W-3 P-10","Ginger Jentzen","Steve Fletcher","skipped"
"MINNEAPOLIS W-3 P-10","Steve Fletcher","skipped","skipped"
"MINNEAPOLIS W-3 P-10","Steve Fletcher","Ginger Jentzen","Tim Bildsoe"
"MINNEAPOLIS W-3 P-10","Ginger Jentzen","Samantha Pree-Stinson","Steve Fletcher"
"MINNEAPOLIS W-3 P-10","Ginger Jentzen","Samantha Pree-Stinson","Steve Fletcher"
"MINNEAPOLIS W-3 P-10","Ginger Jentzen","skipped","skipped"
"MINNEAPOLIS W-3 P-10","Ginger Jentzen","Samantha Pree-Stinson","skipped"
"MINNEAPOLIS W-3 P-10","Tim Bildsoe","Steve Fletcher","Samantha Pree-Stinson"
"MINNEAPOLIS W-3 P-10","Ginger Jentzen","Samantha Pree-Stinson","Steve Fletcher"
"MINNEAPOLIS W-3 P-10","Ginger Jentzen","Samantha Pree-Stinson","Steve Fletcher"
"MINNEAPOLIS W-3 P-10","Ginger Jentzen","Tim Bildsoe","Steve Fletcher"
"MINNEAPOLIS W-3 P-10","Ginger Jentzen","Steve Fletcher","Samantha Pree-Stinson"
"MINNEAPOLIS W-3 P-10","Steve Fletcher","Ginger Jentzen","Samantha Pree-Stinson"
"MINNEAPOLIS W-3 P-10","Ginger Jentzen","skipped","skipped"
"MINNEAPOLIS W-3 P-10","Ginger Jentzen","Samantha Pree-Stinson","Ginger Jentzen"
"MINNEAPOLIS W-3 P-10","Samantha Pree-Stinson","Steve Fletcher","Ginger Jentzen"
"MINNEAPOLIS W-3 P-10","Steve Fletcher","Tim Bildsoe","Samantha Pree-Stinson"
"MINNEAPOLIS W-3 P-10","Tim Bildsoe","skipped","skipped"
"MINNEAPOLIS W-3 P-10","Steve Fletcher","Ginger Jentzen","Samantha Pree-Stinson"
"MINNEAPOLIS W-3 P-10","Ginger Jentzen","Samantha Pree-Stinson","Tim Bildsoe"
"MINNEAPOLIS W-3 P-10","Ginger Jentzen","skipped","skipped"
"MINNEAPOLIS W-3 P-10","Ginger Jentzen","Samantha Pree-Stinson","Steve Fletcher"
"MINNEAPOLIS W-3 P-10","Ginger Jentzen","Steve Fletcher","skipped"
"MINNEAPOLIS W-3 P-10","Ginger Jentzen","Tim Bildsoe","Samantha Pree-Stinson"
"MINNEAPOLIS W-3 P-10","Tim Bildsoe","Ginger Jentzen","Steve Fletcher"
"MINNEAPOLIS W-3 P-10","Ginger Jentzen","Steve Fletcher","Samantha Pree-Stinson"
"MINNEAPOLIS W-3 P-10","Ginger Jentzen","skipped","skipped"
"MINNEAPOLIS W-3 P-10","Ginger Jentzen","Samantha Pree-Stinson","Steve Fletcher"
"MINNEAPOLIS W-3 P-10","Ginger Jentzen","skipped","skipped"
"MINNEAPOLIS W-3 P-10","Steve Fletcher","Samantha Pree-Stinson","Ginger Jentzen"
"MINNEAPOLIS W-3 P-10","Samantha Pree-Stinson","Ginger Jentzen","Steve Fletcher"
"MINNEAPOLIS W-3 P-10","Ginger Jentzen","skipped","skipped"
"MINNEAPOLIS W-3 P-10","skipped","skipped","skipped"
"MINNEAPOLIS W-3 P-10","Samantha Pree-Stinson","skipped","skipped"
"MINNEAPOLIS W-3 P-10","Tim Bildsoe","skipped","skipped"
"MINNEAPOLIS W-3 P-10","Ginger Jentzen","skipped","skipped"
"MINNEAPOLIS W-3 P-10","Ginger Jentzen","Samantha Pree-Stinson","Steve Fletcher"
"MINNEAPOLIS W-3 P-10","Steve Fletcher","skipped","skipped"
"MINNEAPOLIS W-3 P-10","Ginger Jentzen","Steve Fletcher","skipped"
"MINNEAPOLIS W-3 P-10","Ginger Jentzen","Steve Fletcher","Tim Bildsoe"
"MINNEAPOLIS W-3 P-10","Steve Fletcher","Ginger Jentzen","skipped"
"MINNEAPOLIS W-3 P-10","Ginger Jentzen","Samantha Pree-Stinson","Tim Bildsoe"
"MINNEAPOLIS W-3 P-10","Ginger Jentzen","Samantha Pree-Stinson","Steve Fletcher"
"MINNEAPOLIS W-3 P-10","Samantha Pree-Stinson","Steve Fletcher","skipped"
"MINNEAPOLIS W-3 P-10","Steve Fletcher","Samantha Pree-Stinson","Tim Bildsoe"
"MINNEAPOLIS W-3 P-10","Tim Bildsoe","skipped","skipped"
"MINNEAPOLIS W-3 P-10","Samantha Pree-Stinson","Steve Fletcher","Tim Bildsoe"
"MINNEAPOLIS W-3 P-10","Steve Fletcher","Ginger Jentzen","Samantha Pree-Stinson"
"MINNEAPOLIS W-3 P-10","Tim Bildsoe","Steve Fletcher","skipped"
"MINNEAPOLIS W-3 P-10","Samantha Pree-Stinson","Ginger Jentzen","Tim Bildsoe"
"MINNEAPOLIS W-3 P-10","Ginger Jentzen","Tim Bildsoe","Steve Fletcher"
"MINNEAPOLIS W-3 P-10","Samantha Pree-Stinson","Ginger Jentzen","skipped"
"MINNEAPOLIS W-3 P-10","Ginger Jentzen","Steve Fletcher","Tim Bildsoe"
"MINNEAPOLIS W-3 P-10","Ginger Jentzen","skipped","skipped"
"MINNEAPOLIS W-3 P-10","Ginger Jentzen","Tim Bildsoe","Steve Fletcher"
"MINNEAPOLIS W-3 P-10","Tim Bildsoe","Steve Fletcher","Samantha Pree-Stinson"
"MINNEAPOLIS W-3 P-10","Ginger Jentzen","Tim Bildsoe","Samantha Pree-Stinson"
"MINNEAPOLIS W-3 P-10","Steve Fletcher","Ginger Jentzen","Samantha Pree-Stinson"
"MINNEAPOLIS W-3 P-10","Ginger Jentzen","skipped","skipped"
"MINNEAPOLIS W-3 P-10","Tim Bildsoe","Steve Fletcher","skipped"
"MINNEAPOLIS W-3 P-10","Ginger Jentzen","Steve Fletcher","Tim Bildsoe"
"MINNEAPOLIS W-3 P-10","Ginger Jentzen","Tim Bildsoe","Steve Fletcher"
"MINNEAPOLIS W-3 P-10","Steve Fletcher","Tim Bildsoe","Samantha Pree-Stinson"
"MINNEAPOLIS W-3 P-10","Ginger Jentzen","skipped","skipped"
"MINNEAPOLIS W-3 P-10","Ginger Jentzen","writein","Samantha Pree-Stinson"
"MINNEAPOLIS W-3 P-10","Steve Fletcher","Samantha Pree-Stinson","Tim Bildsoe"
"MINNEAPOLIS W-3 P-10","Ginger Jentzen","Samantha Pree-Stinson","skipped"
"MINNEAPOLIS W-3 P-10","Steve Fletcher","Ginger Jentzen","Tim Bildsoe"
"MINNEAPOLIS W-3 P-10","Ginger Jentzen","Steve Fletcher","Tim Bildsoe"
"MINNEAPOLIS W-3 P-10","Ginger Jentzen","skipped","skipped"
"MINNEAPOLIS W-3 P-10","Ginger Jentzen","Steve Fletcher","Tim Bildsoe"
"MINNEAPOLIS W-3 P-10","Ginger Jentzen","Steve Fletcher","Tim Bildsoe"
"MINNEAPOLIS W-3 P-10","Ginger Jentzen","Steve Fletcher","skipped"
"MINNEAPOLIS W-3 P-10","Steve Fletcher","Tim Bildsoe","Samantha Pree-Stinson"
"MINNEAPOLIS W-3 P-10","Ginger Jentzen","Steve Fletcher","skipped"
"MINNEAPOLIS W-3 P-10","Ginger Jentzen","Steve Fletcher","skipped"
"MINNEAPOLIS W-3 P-10","Ginger Jentzen","Steve Fletcher","Tim Bildsoe"
"MINNEAPOLIS W-3 P-10","Ginger Jentzen","Steve Fletcher","Tim Bildsoe"
"MINNEAPOLIS W-3 P-10","Steve Fletcher","Samantha Pree-Stinson","Tim Bildsoe"
"MINNEAPOLIS W-3 P-10","Ginger Jentzen","Steve Fletcher","Samantha Pree-Stinson"
"MINNEAPOLIS W-3 P-10","Ginger Jentzen","Samantha Pree-Stinson","Tim Bildsoe"
"MINNEAPOLIS W-3 P-10","Steve Fletcher","Tim Bildsoe","Ginger Jentzen"
"MINNEAPOLIS W-3 P-10","Steve Fletcher","skipped","skipped"
"MINNEAPOLIS W-3 P-10","Tim Bildsoe","skipped","skipped"
"MINNEAPOLIS W-3 P-10","Ginger Jentzen","Steve Fletcher","Samantha Pree-Stinson"
"MINNEAPOLIS W-3 P-10","Ginger Jentzen","Samantha Pree-Stinson","skipped"
"MINNEAPOLIS W-3 P-10","Samantha Pree-Stinson","Tim Bildsoe","Steve Fletcher"
"MINNEAPOLIS W-3 P-10","Ginger Jentzen","Steve Fletcher","Tim Bildsoe"
"MINNEAPOLIS W-3 P-10","Steve Fletcher","Ginger Jentzen","Samantha Pree-Stinson"
"MINNEAPOLIS W-3 P-10","Steve Fletcher","Tim Bildsoe","skipped"
"MINNEAPOLIS W-3 P-10","Ginger Jentzen","Steve Fletcher","Samantha Pree-Stinson"
"MINNEAPOLIS W-3 P-10","Steve Fletcher","Ginger Jentzen","Samantha Pree-Stinson"
"MINNEAPOLIS W-3 P-10","Samantha Pree-Stinson","Steve Fletcher","Tim Bildsoe"
"MINNEAPOLIS W-3 P-10","Steve Fletcher","Samantha Pree-Stinson","Ginger Jentzen"
"MINNEAPOLIS W-3 P-10","Tim Bildsoe","Steve Fletcher","skipped"
"MINNEAPOLIS W-3 P-10","Tim Bildsoe","Steve Fletcher","Samantha Pree-Stinson"
"MINNEAPOLIS W-3 P-10","Steve Fletcher","Tim Bildsoe","skipped"
"MINNEAPOLIS W-3 P-10","Ginger Jentzen","Samantha Pree-Stinson","Steve Fletcher"
"MINNEAPOLIS W-3 P-10","Ginger Jentzen","Steve Fletcher","Samantha Pree-Stinson"
"MINNEAPOLIS W-3 P-10","Ginger Jentzen","Samantha Pree-Stinson","Tim Bildsoe"
"MINNEAPOLIS W-3 P-10","Samantha Pree-Stinson","skipped","skipped"
"MINNEAPOLIS W-3 P-10","Ginger Jentzen","Samantha Pree-Stinson","Steve Fletcher"
"MINNEAPOLIS W-3 P-10","Tim Bildsoe","Steve Fletcher","Ginger Jentzen"
"MINNEAPOLIS W-3 P-10","Tim Bildsoe","Steve Fletcher","Samantha Pree-Stinson"
"MINNEAPOLIS W-3 P-10","Ginger Jentzen","skipped","skipped"
"MINNEAPOLIS W-3 P-10","Ginger Jentzen","Steve Fletcher","Tim Bildsoe"
"MINNEAPOLIS W-3 P-10","Steve Fletcher","Samantha Pree-Stinson","Ginger Jentzen"
"MINNEAPOLIS W-3 P-10","Steve Fletcher","Samantha Pree-Stinson","skipped"
"MINNEAPOLIS W-3 P-10","Ginger Jentzen","Samantha Pree-Stinson","Steve Fletcher"
"MINNEAPOLIS W-3 P-10","Steve Fletcher","Ginger Jentzen","Samantha Pree-Stinson"
"MINNEAPOLIS W-3 P-10","skipped","skipped","skipped"
"MINNEAPOLIS W-3 P-10","Steve Fletcher","skipped","skipped"
"MINNEAPOLIS W-3 P-10","Steve Fletcher","Tim Bildsoe","Samantha Pree-Stinson"
"MINNEAPOLIS W-3 P-10","Ginger Jentzen","Samantha Pree-Stinson","Steve Fletcher"
"MINNEAPOLIS W-3 P-10","skipped","skipped","skipped"
"MINNEAPOLIS W-3 P-10","Tim Bildsoe","skipped","skipped"
"MINNEAPOLIS W-3 P-10","Samantha Pree-Stinson","Steve Fletcher","Ginger Jentzen"
"MINNEAPOLIS W-3 P-10","Ginger Jentzen","skipped","skipped"
"MINNEAPOLIS W-3 P-10","Ginger Jentzen","Samantha Pree-Stinson","skipped"
"MINNEAPOLIS W-3 P-10","Steve Fletcher","skipped","skipped"
"MINNEAPOLIS W-3 P-10","Ginger Jentzen","skipped","skipped"
"MINNEAPOLIS W-3 P-10","Samantha Pree-Stinson","Steve Fletcher","Tim Bildsoe"
"MINNEAPOLIS W-3 P-10","Ginger Jentzen","Steve Fletcher","skipped"
"MINNEAPOLIS W-3 P-10","Samantha Pree-Stinson","Steve Fletcher","Tim Bildsoe"
"MINNEAPOLIS W-3 P-10","Ginger Jentzen","Samantha Pree-Stinson","Steve Fletcher"
"MINNEAPOLIS W-3 P-10","Ginger Jentzen","Samantha Pree-Stinson","Steve Fletcher"
"MINNEAPOLIS W-3 P-10","Ginger Jentzen","skipped","skipped"
"MINNEAPOLIS W-3 P-10","Ginger Jentzen","Samantha Pree-Stinson","Steve Fletcher"
"MINNEAPOLIS W-3 P-10","Ginger Jentzen","Samantha Pree-Stinson","Tim Bildsoe"
"MINNEAPOLIS W-3 P-10","Ginger Jentzen","Steve Fletcher","skipped"
"MINNEAPOLIS W-3 P-10","Ginger Jentzen","Steve Fletcher","Samantha Pree-Stinson"
"MINNEAPOLIS W-3 P-10","Steve Fletcher","skipped","skipped"
"MINNEAPOLIS W-3 P-10","Ginger Jentzen","Tim Bildsoe","Steve Fletcher"
"MINNEAPOLIS W-3 P-10","Ginger Jentzen","Steve Fletcher","Samantha Pree-Stinson"
"MINNEAPOLIS W-3 P-10","Samantha Pree-Stinson","Tim Bildsoe","Steve Fletcher"
"MINNEAPOLIS W-3 P-10","Ginger Jentzen","Steve Fletcher","Samantha Pree-Stinson"
"MINNEAPOLIS W-3 P-10","Tim Bildsoe","Ginger Jentzen","skipped"
"MINNEAPOLIS W-3 P-10","Ginger Jentzen","Samantha Pree-Stinson","Steve Fletcher"
"MINNEAPOLIS W-3 P-10","Steve Fletcher","skipped","skipped"
"MINNEAPOLIS W-3 P-10","Ginger Jentzen","Tim Bildsoe","Steve Fletcher"
"MINNEAPOLIS W-3 P-10","Steve Fletcher","Tim Bildsoe","Ginger Jentzen"
"MINNEAPOLIS W-3 P-10","Steve Fletcher","Samantha Pree-Stinson","Ginger Jentzen"
"MINNEAPOLIS W-3 P-10","Ginger Jentzen","skipped","skipped"
"MINNEAPOLIS W-3 P-10","skipped","skipped","skipped"
"MINNEAPOLIS W-3 P-10","Steve Fletcher","Ginger Jentzen","skipped"
"MINNEAPOLIS W-3 P-10","Ginger Jentzen","Samantha Pree-Stinson","writein"
"MINNEAPOLIS W-3 P-10","Steve Fletcher","Tim Bildsoe","Samantha Pree-Stinson"
"MINNEAPOLIS W-3 P-10","Ginger Jentzen","Samantha Pree-Stinson","Steve Fletcher"
"MINNEAPOLIS W-3 P-10","Samantha Pree-Stinson","Steve Fletcher","Tim Bildsoe"
"MINNEAPOLIS W-3 P-10","skipped","skipped","skipped"
"MINNEAPOLIS W-3 P-10","Ginger Jentzen","Steve Fletcher","Samantha Pree-Stinson"
"MINNEAPOLIS W-3 P-10","Ginger Jentzen","Samantha Pree-Stinson","Steve Fletcher"
"MINNEAPOLIS W-3 P-10","skipped","skipped","skipped"
"MINNEAPOLIS W-3 P-10","Ginger Jentzen","Samantha Pree-Stinson","Steve Fletcher"
"MINNEAPOLIS W-3 P-10","Samantha Pree-Stinson","Steve Fletcher","skipped"
"MINNEAPOLIS W-3 P-10","Ginger Jentzen","skipped","skipped"
"MINNEAPOLIS W-3 P-10","Steve Fletcher","Tim Bildsoe","skipped"
"MINNEAPOLIS W-3 P-10","Ginger Jentzen","Samantha Pree-Stinson","Steve Fletcher"
"MINNEAPOLIS W-3 P-10","Ginger Jentzen","skipped","skipped"
"MINNEAPOLIS W-3 P-10","Steve Fletcher","Steve Fletcher","Steve Fletcher"
"MINNEAPOLIS W-3 P-10","Samantha Pree-Stinson","Steve Fletcher","Tim Bildsoe"
"MINNEAPOLIS W-3 P-10","Tim Bildsoe","Steve Fletcher","Ginger Jentzen"
"MINNEAPOLIS W-3 P-10","Steve Fletcher","Ginger Jentzen","skipped"
"MINNEAPOLIS W-3 P-10","Steve Fletcher","Tim Bildsoe","Ginger Jentzen"
"MINNEAPOLIS W-3 P-10","Samantha Pree-Stinson","Steve Fletcher","Ginger Jentzen"
"MINNEAPOLIS W-3 P-10","Ginger Jentzen","skipped","skipped"
"MINNEAPOLIS W-3 P-10","Steve Fletcher","Ginger Jentzen","skipped"
"MINNEAPOLIS W-3 P-10","Steve Fletcher","Ginger Jentzen","Tim Bildsoe"
"MINNEAPOLIS W-3 P-10","Steve Fletcher","skipped","skipped"
"MINNEAPOLIS W-3 P-10","Steve Fletcher","Samantha Pree-Stinson","Ginger Jentzen"
"MINNEAPOLIS W-3 P-10","Tim Bildsoe","Samantha Pree-Stinson","Ginger Jentzen"
"MINNEAPOLIS W-3 P-10","Ginger Jentzen","Steve Fletcher","Samantha Pree-Stinson"
"MINNEAPOLIS W-3 P-10","Ginger Jentzen","Samantha Pree-Stinson","Steve Fletcher"
"MINNEAPOLIS W-3 P-10","Steve Fletcher","Samantha Pree-Stinson","Ginger Jentzen"
"MINNEAPOLIS W-3 P-10","Samantha Pree-Stinson","skipped","skipped"
"MINNEAPOLIS W-3 P-10","Samantha Pree-Stinson","Ginger Jentzen","Steve Fletcher"
"MINNEAPOLIS W-3 P-10","skipped","skipped","skipped"
"MINNEAPOLIS W-3 P-10","Ginger Jentzen","Samantha Pree-Stinson","Steve Fletcher"
"MINNEAPOLIS W-3 P-10","Steve Fletcher","Tim Bildsoe","Ginger Jentzen"
"MINNEAPOLIS W-3 P-10","Ginger Jentzen","Steve Fletcher","skipped"
"MINNEAPOLIS W-3 P-10","Ginger Jentzen","Steve Fletcher","skipped"
"MINNEAPOLIS W-3 P-10","Steve Fletcher","Samantha Pree-Stinson","Ginger Jentzen"
"MINNEAPOLIS W-3 P-10","Steve Fletcher","Samantha Pree-Stinson","Ginger Jentzen"
"MINNEAPOLIS W-3 P-10","Ginger Jentzen","skipped","skipped"
"MINNEAPOLIS W-3 P-10","Steve Fletcher","Ginger Jentzen","skipped"
"MINNEAPOLIS W-3 P-10","skipped","skipped","skipped"
"MINNEAPOLIS W-3 P-10","Steve Fletcher","Tim Bildsoe","Samantha Pree-Stinson"
"MINNEAPOLIS W-3 P-10","Samantha Pree-Stinson","skipped","skipped"
"MINNEAPOLIS W-3 P-10","Ginger Jentzen","Steve Fletcher","Samantha Pree-Stinson"
"MINNEAPOLIS W-3 P-10","Ginger Jentzen","Steve Fletcher","Samantha Pree-Stinson"
"MINNEAPOLIS W-3 P-10","Ginger Jentzen","Steve Fletcher","skipped"
"MINNEAPOLIS W-3 P-10","Ginger Jentzen","Samantha Pree-Stinson","Steve Fletcher"
"MINNEAPOLIS W-3 P-10","Steve Fletcher","Ginger Jentzen","Samantha Pree-Stinson"
"MINNEAPOLIS W-3 P-10","Ginger Jentzen","Samantha Pree-Stinson","Steve Fletcher"
"MINNEAPOLIS W-3 P-10","Steve Fletcher","Ginger Jentzen","skipped"
"MINNEAPOLIS W-3 P-10","Samantha Pree-Stinson","Ginger Jentzen","Steve Fletcher"
"MINNEAPOLIS W-3 P-10","Tim Bildsoe","skipped","skipped"
"MINNEAPOLIS W-3 P-10","Steve Fletcher","Tim Bildsoe","Samantha Pree-Stinson"
"MINNEAPOLIS W-3 P-10","Ginger Jentzen","Steve Fletcher","skipped"
"MINNEAPOLIS W-3 P-10","Ginger Jentzen","Tim Bildsoe","Steve Fletcher"
"MINNEAPOLIS W-3 P-10","Ginger Jentzen","Samantha Pree-Stinson","Steve Fletcher"
"MINNEAPOLIS W-3 P-10","Ginger Jentzen","Steve Fletcher","Tim Bildsoe"
"MINNEAPOLIS W-3 P-10","Tim Bildsoe","Steve Fletcher","Samantha Pree-Stinson"
"MINNEAPOLIS W-3 P-10","Steve Fletcher","skipped","skipped"
"MINNEAPOLIS W-3 P-10","Ginger Jentzen","skipped","skipped"
"MINNEAPOLIS W-3 P-10","Ginger Jentzen","Steve Fletcher","Tim Bildsoe"
"MINNEAPOLIS W-3 P-10","Ginger Jentzen","Samantha Pree-Stinson","Steve Fletcher"
"MINNEAPOLIS W-3 P-10","Tim Bildsoe","skipped","skipped"
"MINNEAPOLIS W-3 P-10","Ginger Jentzen","Tim Bildsoe","Steve Fletcher"
"MINNEAPOLIS W-3 P-10","Ginger Jentzen","skipped","skipped"
"MINNEAPOLIS W-3 P-10","writein","writein","writein"
"MINNEAPOLIS W-3 P-10","Steve Fletcher","skipped","skipped"
"MINNEAPOLIS W-3 P-10","Ginger Jentzen","Steve Fletcher","Samantha Pree-Stinson"
"MINNEAPOLIS W-3 P-10","Ginger Jentzen","Samantha Pree-Stinson","Steve Fletcher"
"MINNEAPOLIS W-3 P-10","Samantha Pree-Stinson","Tim Bildsoe","Steve Fletcher"
"MINNEAPOLIS W-3 P-10","Ginger Jentzen","Steve Fletcher","skipped"
"MINNEAPOLIS W-3 P-10","Ginger Jentzen","Steve Fletcher","Samantha Pree-Stinson"
"MINNEAPOLIS W-3 P-10","Samantha Pree-Stinson","Ginger Jentzen","Steve Fletcher"
"MINNEAPOLIS W-3 P-10","Ginger Jentzen","Steve Fletcher","Samantha Pree-Stinson"
"MINNEAPOLIS W-3 P-10","Steve Fletcher","Ginger Jentzen","Samantha Pree-Stinson"
"MINNEAPOLIS W-3 P-10","Steve Fletcher","Samantha Pree-Stinson","Ginger Jentzen"
"MINNEAPOLIS W-3 P-10","Steve Fletcher","Ginger Jentzen","Tim Bildsoe"
"MINNEAPOLIS W-3 P-10","Tim Bildsoe","Steve Fletcher","Samantha Pree-Stinson"
"MINNEAPOLIS W-3 P-10","Steve Fletcher","Ginger Jentzen","Tim Bildsoe"
"MINNEAPOLIS W-3 P-10","Steve Fletcher","Tim Bildsoe","Samantha Pree-Stinson"
"MINNEAPOLIS W-3 P-10","Ginger Jentzen","Samantha Pree-Stinson","Steve Fletcher"
"MINNEAPOLIS W-3 P-10","Ginger Jentzen","Steve Fletcher","Samantha Pree-Stinson"
"MINNEAPOLIS W-3 P-10","Steve Fletcher","Tim Bildsoe","Samantha Pree-Stinson"
"MINNEAPOLIS W-3 P-10","Steve Fletcher","Samantha Pree-Stinson","Ginger Jentzen"
"MINNEAPOLIS W-3 P-10","Ginger Jentzen","Steve Fletcher","Samantha Pree-Stinson"
"MINNEAPOLIS W-3 P-10","Tim Bildsoe","Steve Fletcher","Ginger Jentzen"
"MINNEAPOLIS W-3 P-10","Ginger Jentzen","skipped","skipped"
"MINNEAPOLIS W-3 P-10","Steve Fletcher","Samantha Pree-Stinson","Ginger Jentzen"
"MINNEAPOLIS W-3 P-10","Ginger Jentzen","skipped","skipped"
"MINNEAPOLIS W-3 P-10","Ginger Jentzen","skipped","skipped"
"MINNEAPOLIS W-3 P-10","Samantha Pree-Stinson","Steve Fletcher","Tim Bildsoe"
"MINNEAPOLIS W-3 P-10","Ginger Jentzen","Ginger Jentzen","skipped"
"MINNEAPOLIS W-3 P-10","Ginger Jentzen","Tim Bildsoe","Samantha Pree-Stinson"
"MINNEAPOLIS W-3 P-10","Ginger Jentzen","skipped","skipped"
"MINNEAPOLIS W-3 P-10","Ginger Jentzen","skipped","skipped"
"MINNEAPOLIS W-3 P-10","skipped","skipped","skipped"
"MINNEAPOLIS W-3 P-10","Ginger Jentzen","Samantha Pree-Stinson","Steve Fletcher"
"MINNEAPOLIS W-3 P-10","Tim Bildsoe","Steve Fletcher","skipped"
"MINNEAPOLIS W-3 P-10","Samantha Pree-Stinson","Steve Fletcher","Tim Bildsoe"
"MINNEAPOLIS W-3 P-10","Steve Fletcher","Samantha Pree-Stinson","Ginger Jentzen"
"MINNEAPOLIS W-3 P-10","Tim Bildsoe","Steve Fletcher","skipped"
"MINNEAPOLIS W-3 P-10","Ginger Jentzen","Steve Fletcher","Tim Bildsoe"
"MINNEAPOLIS W-3 P-10","Steve Fletcher","Ginger Jentzen","skipped"
"MINNEAPOLIS W-3 P-10","Ginger Jentzen","skipped","skipped"
"MINNEAPOLIS W-3 P-10","Steve Fletcher","Ginger Jentzen","Tim Bildsoe"
"MINNEAPOLIS W-3 P-10","Samantha Pree-Stinson","Steve Fletcher","Ginger Jentzen"
"MINNEAPOLIS W-3 P-10","Ginger Jentzen","Samantha Pree-Stinson","writein"
"MINNEAPOLIS W-3 P-10","Tim Bildsoe","Samantha Pree-Stinson","Steve Fletcher"
"MINNEAPOLIS W-3 P-10","Ginger Jentzen","skipped","skipped"
"MINNEAPOLIS W-3 P-10","Steve Fletcher","Samantha Pree-Stinson","skipped"
"MINNEAPOLIS W-3 P-10","Steve Fletcher","Ginger Jentzen","skipped"
"MINNEAPOLIS W-3 P-10","Tim Bildsoe","Steve Fletcher","Samantha Pree-Stinson"
"MINNEAPOLIS W-3 P-10","Samantha Pree-Stinson","Ginger Jentzen","Steve Fletcher"
"MINNEAPOLIS W-3 P-10","Ginger Jentzen","skipped","skipped"
"MINNEAPOLIS W-3 P-10","Ginger Jentzen","Samantha Pree-Stinson","Steve Fletcher"
"MINNEAPOLIS W-3 P-10","Ginger Jentzen","Samantha Pree-Stinson","Steve Fletcher"
"MINNEAPOLIS W-3 P-10","Steve Fletcher","skipped","skipped"
"MINNEAPOLIS W-3 P-10","Ginger Jentzen","Steve Fletcher","Tim Bildsoe"
"MINNEAPOLIS W-3 P-10","Steve Fletcher","Tim Bildsoe","skipped"
"MINNEAPOLIS W-3 P-10","Ginger Jentzen","Samantha Pree-Stinson","skipped"
"MINNEAPOLIS W-3 P-10","Steve Fletcher","Ginger Jentzen","Samantha Pree-Stinson"
"MINNEAPOLIS W-3 P-10","Ginger Jentzen","Steve Fletcher","Samantha Pree-Stinson"
"MINNEAPOLIS W-3 P-10","Ginger Jentzen","Samantha Pree-Stinson","Steve Fletcher"
"MINNEAPOLIS W-3 P-10","Tim Bildsoe","Steve Fletcher","Samantha Pree-Stinson"
"MINNEAPOLIS W-3 P-10","Steve Fletcher","Tim Bildsoe","Samantha Pree-Stinson"
"MINNEAPOLIS W-3 P-10","Ginger Jentzen","Samantha Pree-Stinson","Steve Fletcher"
"MINNEAPOLIS W-3 P-10","Steve Fletcher","skipped","skipped"
"MINNEAPOLIS W-3 P-10","Steve Fletcher","Samantha Pree-Stinson","Ginger Jentzen"
"MINNEAPOLIS W-3 P-10","Ginger Jentzen","skipped","skipped"
"MINNEAPOLIS W-3 P-10","Steve Fletcher","Tim Bildsoe","skipped"
"MINNEAPOLIS W-3 P-10","Samantha Pree-Stinson","Steve Fletcher","Ginger Jentzen"
"MINNEAPOLIS W-3 P-10","Samantha Pree-Stinson","Steve Fletcher","Tim Bildsoe"
"MINNEAPOLIS W-3 P-10","Steve Fletcher","Samantha Pree-Stinson","Tim Bildsoe"
"MINNEAPOLIS W-3 P-10","Samantha Pree-Stinson","Steve Fletcher","Tim Bildsoe"
"MINNEAPOLIS W-3 P-10","Tim Bildsoe","Steve Fletcher","skipped"
"MINNEAPOLIS W-3 P-10","Ginger Jentzen","Samantha Pree-Stinson","skipped"
"MINNEAPOLIS W-3 P-10","Ginger Jentzen","Tim Bildsoe","Samantha Pree-Stinson"
"MINNEAPOLIS W-3 P-10","Ginger Jentzen","Steve Fletcher","Tim Bildsoe"
"MINNEAPOLIS W-3 P-10","Ginger Jentzen","Samantha Pree-Stinson","skipped"
"MINNEAPOLIS W-3 P-10","Tim Bildsoe","Samantha Pree-Stinson","Steve Fletcher"
"MINNEAPOLIS W-3 P-10","skipped","skipped","skipped"
"MINNEAPOLIS W-3 P-10","skipped","skipped","skipped"
"MINNEAPOLIS W-3 P-10","Samantha Pree-Stinson","Steve Fletcher","Tim Bildsoe"
"MINNEAPOLIS W-3 P-10","Ginger Jentzen","skipped","skipped"
"MINNEAPOLIS W-3 P-10","Ginger Jentzen","skipped","skipped"
"MINNEAPOLIS W-3 P-10","Ginger Jentzen","Tim Bildsoe","Steve Fletcher"
"MINNEAPOLIS W-3 P-10","Steve Fletcher","Samantha Pree-Stinson","skipped"
"MINNEAPOLIS W-3 P-10","Ginger Jentzen","skipped","skipped"
"MINNEAPOLIS W-3 P-10","Ginger Jentzen","Ginger Jentzen","Ginger Jentzen"
"MINNEAPOLIS W-3 P-10","Samantha Pree-Stinson","Ginger Jentzen","skipped"
"MINNEAPOLIS W-3 P-10","Ginger Jentzen","Samantha Pree-Stinson","Steve Fletcher"
"MINNEAPOLIS W-3 P-10","Ginger Jentzen","skipped","skipped"
"MINNEAPOLIS W-3 P-10","Ginger Jentzen","Steve Fletcher","Samantha Pree-Stinson"
"MINNEAPOLIS W-3 P-10","Samantha Pree-Stinson","skipped","skipped"
"MINNEAPOLIS W-3 P-10","Ginger Jentzen","Ginger Jentzen","Ginger Jentzen"
"MINNEAPOLIS W-3 P-10","Ginger Jentzen","Steve Fletcher","skipped"
"MINNEAPOLIS W-3 P-10","Steve Fletcher","Samantha Pree-Stinson","Tim Bildsoe"
"MINNEAPOLIS W-3 P-10","Ginger Jentzen","Steve Fletcher","Tim Bildsoe"
"MINNEAPOLIS W-3 P-10","Steve Fletcher","Ginger Jentzen","Samantha Pree-Stinson"
"MINNEAPOLIS W-3 P-10","Samantha Pree-Stinson","Ginger Jentzen","Tim Bildsoe"
"MINNEAPOLIS W-3 P-10","Steve Fletcher","Tim Bildsoe","skipped"
"MINNEAPOLIS W-3 P-10","Ginger Jentzen","Samantha Pree-Stinson","skipped"
"MINNEAPOLIS W-3 P-10","Steve Fletcher","Samantha Pree-Stinson","Ginger Jentzen"
"MINNEAPOLIS W-3 P-10","Ginger Jentzen","Samantha Pree-Stinson","skipped"
"MINNEAPOLIS W-3 P-10","Ginger Jentzen","Samantha Pree-Stinson","Steve Fletcher"
"MINNEAPOLIS W-3 P-10","Steve Fletcher","Ginger Jentzen","skipped"
"MINNEAPOLIS W-3 P-10","Ginger Jentzen","Steve Fletcher","Samantha Pree-Stinson"
"MINNEAPOLIS W-3 P-10","Ginger Jentzen","Samantha Pree-Stinson","Tim Bildsoe"
"MINNEAPOLIS W-3 P-10","Steve Fletcher","Tim Bildsoe","Samantha Pree-Stinson"
"MINNEAPOLIS W-3 P-10","Ginger Jentzen","Steve Fletcher","Samantha Pree-Stinson"
"MINNEAPOLIS W-3 P-10","Ginger Jentzen","Steve Fletcher","Samantha Pree-Stinson"
"MINNEAPOLIS W-3 P-10","Ginger Jentzen","Tim Bildsoe","Steve Fletcher"
"MINNEAPOLIS W-3 P-10","Ginger Jentzen","Samantha Pree-Stinson","Steve Fletcher"
"MINNEAPOLIS W-3 P-10","Ginger Jentzen","skipped","skipped"
"MINNEAPOLIS W-3 P-10","Steve Fletcher","Ginger Jentzen","Samantha Pree-Stinson"
"MINNEAPOLIS W-3 P-10","Steve Fletcher","Samantha Pree-Stinson","Tim Bildsoe"
"MINNEAPOLIS W-3 P-10","Tim Bildsoe","Tim Bildsoe","Tim Bildsoe"
"MINNEAPOLIS W-3 P-10","Tim Bildsoe","skipped","skipped"
"MINNEAPOLIS W-3 P-10","Ginger Jentzen","skipped","skipped"
"MINNEAPOLIS W-3 P-10","Ginger Jentzen","Steve Fletcher","Tim Bildsoe"
"MINNEAPOLIS W-3 P-10","Ginger Jentzen","Steve Fletcher","Samantha Pree-Stinson"
"MINNEAPOLIS W-3 P-10","Samantha Pree-Stinson","Steve Fletcher","Tim Bildsoe"
"MINNEAPOLIS W-3 P-10","Steve Fletcher","Tim Bildsoe","Samantha Pree-Stinson"
"MINNEAPOLIS W-3 P-10","Ginger Jentzen","Tim Bildsoe","Steve Fletcher"
"MINNEAPOLIS W-3 P-10","Samantha Pree-Stinson","Steve Fletcher","Tim Bildsoe"
"MINNEAPOLIS W-3 P-10","Ginger Jentzen","writein","writein"
"MINNEAPOLIS W-3 P-10","Tim Bildsoe","Steve Fletcher","Ginger Jentzen"
"MINNEAPOLIS W-3 P-10","Steve Fletcher","Tim Bildsoe","skipped"
"MINNEAPOLIS W-3 P-10","Ginger Jentzen","Tim Bildsoe","Samantha Pree-Stinson"
"MINNEAPOLIS W-3 P-10","Tim Bildsoe","Steve Fletcher","Ginger Jentzen"
"MINNEAPOLIS W-3 P-10","Steve Fletcher","skipped","skipped"
"MINNEAPOLIS W-3 P-10","Samantha Pree-Stinson","Tim Bildsoe","Steve Fletcher"
"MINNEAPOLIS W-3 P-10","Ginger Jentzen","Samantha Pree-Stinson","Tim Bildsoe"
"MINNEAPOLIS W-3 P-10","Ginger Jentzen","Samantha Pree-Stinson","Tim Bildsoe"
"MINNEAPOLIS W-3 P-10","Steve Fletcher","Tim Bildsoe","Ginger Jentzen"
"MINNEAPOLIS W-3 P-10","Samantha Pree-Stinson","Ginger Jentzen","Steve Fletcher"
"MINNEAPOLIS W-3 P-10","Ginger Jentzen","Tim Bildsoe","Steve Fletcher"
"MINNEAPOLIS W-3 P-10","Ginger Jentzen","Steve Fletcher","skipped"
"MINNEAPOLIS W-3 P-10","Ginger Jentzen","Samantha Pree-Stinson","Steve Fletcher"
"MINNEAPOLIS W-3 P-10","Ginger Jentzen","Steve Fletcher","Tim Bildsoe"
"MINNEAPOLIS W-3 P-10","Steve Fletcher","Tim Bildsoe","Samantha Pree-Stinson"
"MINNEAPOLIS W-3 P-10","Tim Bildsoe","Steve Fletcher","skipped"
"MINNEAPOLIS W-3 P-10","Ginger Jentzen","Tim Bildsoe","Steve Fletcher"
"MINNEAPOLIS W-3 P-10","Ginger Jentzen","skipped","skipped"
"MINNEAPOLIS W-3 P-10","Ginger Jentzen","Ginger Jentzen","Ginger Jentzen"
"MINNEAPOLIS W-3 P-10","Steve Fletcher","Samantha Pree-Stinson","skipped"
"MINNEAPOLIS W-3 P-10","Ginger Jentzen","Samantha Pree-Stinson","Steve Fletcher"
"MINNEAPOLIS W-3 P-10","Steve Fletcher","Ginger Jentzen","Tim Bildsoe"
"MINNEAPOLIS W-3 P-10","Ginger Jentzen","writein","writein"
"MINNEAPOLIS W-3 P-10","Ginger Jentzen","skipped","skipped"
"MINNEAPOLIS W-3 P-10","Ginger Jentzen","Steve Fletcher","skipped"
"MINNEAPOLIS W-3 P-10","Samantha Pree-Stinson","Tim Bildsoe","Steve Fletcher"
"MINNEAPOLIS W-3 P-10","Ginger Jentzen","Tim Bildsoe","Steve Fletcher"
"MINNEAPOLIS W-3 P-10","Ginger Jentzen","Samantha Pree-Stinson","skipped"
"MINNEAPOLIS W-3 P-10","Ginger Jentzen","Steve Fletcher","Samantha Pree-Stinson"
"MINNEAPOLIS W-3 P-10","Ginger Jentzen","Steve Fletcher","Tim Bildsoe"
"MINNEAPOLIS W-3 P-10","Ginger Jentzen","Samantha Pree-Stinson","skipped"
"MINNEAPOLIS W-3 P-10","Tim Bildsoe","skipped","skipped"
"MINNEAPOLIS W-3 P-10","Tim Bildsoe","Steve Fletcher","Ginger Jentzen"
"MINNEAPOLIS W-3 P-10","Ginger Jentzen","skipped","skipped"
"MINNEAPOLIS W-3 P-10","Steve Fletcher","Samantha Pree-Stinson","Steve Fletcher"
"MINNEAPOLIS W-3 P-10","Ginger Jentzen","skipped","skipped"
"MINNEAPOLIS W-3 P-09","Samantha Pree-Stinson","Steve Fletcher","Tim Bildsoe"
"MINNEAPOLIS W-3 P-09","Steve Fletcher","skipped","skipped"
"MINNEAPOLIS W-3 P-09","Steve Fletcher","Tim Bildsoe","skipped"
"MINNEAPOLIS W-3 P-09","Steve Fletcher","Samantha Pree-Stinson","Ginger Jentzen"
"MINNEAPOLIS W-3 P-09","Steve Fletcher","Tim Bildsoe","skipped"
"MINNEAPOLIS W-3 P-09","Samantha Pree-Stinson","Ginger Jentzen","Steve Fletcher"
"MINNEAPOLIS W-3 P-09","Steve Fletcher","Tim Bildsoe","Samantha Pree-Stinson"
"MINNEAPOLIS W-3 P-09","Tim Bildsoe","Steve Fletcher","skipped"
"MINNEAPOLIS W-3 P-09","Steve Fletcher","Tim Bildsoe","Samantha Pree-Stinson"
"MINNEAPOLIS W-3 P-09","Tim Bildsoe","Steve Fletcher","skipped"
"MINNEAPOLIS W-3 P-09","Tim Bildsoe","Samantha Pree-Stinson","Ginger Jentzen"
"MINNEAPOLIS W-3 P-09","Tim Bildsoe","Steve Fletcher","skipped"
"MINNEAPOLIS W-3 P-09","Steve Fletcher","Tim Bildsoe","skipped"
"MINNEAPOLIS W-3 P-09","Tim Bildsoe","Steve Fletcher","Ginger Jentzen"
"MINNEAPOLIS W-3 P-09","Ginger Jentzen","Tim Bildsoe","skipped"
"MINNEAPOLIS W-3 P-09","Tim Bildsoe","Steve Fletcher","Ginger Jentzen"
"MINNEAPOLIS W-3 P-09","Samantha Pree-Stinson","skipped","skipped"
"MINNEAPOLIS W-3 P-09","Tim Bildsoe","Steve Fletcher","Ginger Jentzen"
"MINNEAPOLIS W-3 P-09","Steve Fletcher","Ginger Jentzen","Samantha Pree-Stinson"
"MINNEAPOLIS W-3 P-09","Tim Bildsoe","skipped","skipped"
"MINNEAPOLIS W-3 P-09","Ginger Jentzen","Tim Bildsoe","Samantha Pree-Stinson"
"MINNEAPOLIS W-3 P-09","Steve Fletcher","Ginger Jentzen","Tim Bildsoe"
"MINNEAPOLIS W-3 P-09","Tim Bildsoe","Steve Fletcher","Ginger Jentzen"
"MINNEAPOLIS W-3 P-09","skipped","skipped","skipped"
"MINNEAPOLIS W-3 P-09","Samantha Pree-Stinson","Tim Bildsoe","skipped"
"MINNEAPOLIS W-3 P-09","Tim Bildsoe","skipped","skipped"
"MINNEAPOLIS W-3 P-09","Steve Fletcher","Tim Bildsoe","skipped"
"MINNEAPOLIS W-3 P-09","Steve Fletcher","Tim Bildsoe","Samantha Pree-Stinson"
"MINNEAPOLIS W-3 P-09","Steve Fletcher","Samantha Pree-Stinson","Ginger Jentzen"
"MINNEAPOLIS W-3 P-09","Tim Bildsoe","Samantha Pree-Stinson","skipped"
"MINNEAPOLIS W-3 P-09","Tim Bildsoe","Steve Fletcher","skipped"
"MINNEAPOLIS W-3 P-09","Tim Bildsoe","Steve Fletcher","Samantha Pree-Stinson"
"MINNEAPOLIS W-3 P-09","Steve Fletcher","Tim Bildsoe","Samantha Pree-Stinson"
"MINNEAPOLIS W-3 P-09","Steve Fletcher","Tim Bildsoe","skipped"
"MINNEAPOLIS W-3 P-09","Tim Bildsoe","Ginger Jentzen","Steve Fletcher"
"MINNEAPOLIS W-3 P-09","writein","skipped","skipped"
"MINNEAPOLIS W-3 P-09","Tim Bildsoe","Steve Fletcher","Samantha Pree-Stinson"
"MINNEAPOLIS W-3 P-09","Steve Fletcher","Samantha Pree-Stinson","Tim Bildsoe"
"MINNEAPOLIS W-3 P-09","Ginger Jentzen","Steve Fletcher","skipped"
"MINNEAPOLIS W-3 P-09","Steve Fletcher","Tim Bildsoe","skipped"
"MINNEAPOLIS W-3 P-09","Tim Bildsoe","Steve Fletcher","skipped"
"MINNEAPOLIS W-3 P-09","Steve Fletcher","Tim Bildsoe","skipped"
"MINNEAPOLIS W-3 P-09","Steve Fletcher","Tim Bildsoe","Ginger Jentzen"
"MINNEAPOLIS W-3 P-09","Tim Bildsoe","Tim Bildsoe","Tim Bildsoe"
"MINNEAPOLIS W-3 P-09","Steve Fletcher","Samantha Pree-Stinson","Ginger Jentzen"
"MINNEAPOLIS W-3 P-09","Steve Fletcher","Tim Bildsoe","Ginger Jentzen"
"MINNEAPOLIS W-3 P-09","Ginger Jentzen","Samantha Pree-Stinson","Tim Bildsoe"
"MINNEAPOLIS W-3 P-09","Steve Fletcher","Tim Bildsoe","Ginger Jentzen"
"MINNEAPOLIS W-3 P-09","Steve Fletcher","Samantha Pree-Stinson","skipped"
"MINNEAPOLIS W-3 P-09","Tim Bildsoe","Steve Fletcher","Samantha Pree-Stinson"
"MINNEAPOLIS W-3 P-09","Tim Bildsoe","Steve Fletcher","skipped"
"MINNEAPOLIS W-3 P-09","Steve Fletcher","Tim Bildsoe","skipped"
"MINNEAPOLIS W-3 P-09","skipped","Ginger Jentzen","skipped"
"MINNEAPOLIS W-3 P-09","Tim Bildsoe","Samantha Pree-Stinson","Steve Fletcher"
"MINNEAPOLIS W-3 P-09","Samantha Pree-Stinson","Tim Bildsoe","Steve Fletcher"
"MINNEAPOLIS W-3 P-09","Ginger Jentzen","Steve Fletcher","Tim Bildsoe"
"MINNEAPOLIS W-3 P-09","skipped","skipped","skipped"
"MINNEAPOLIS W-3 P-09","Tim Bildsoe","Steve Fletcher","skipped"
"MINNEAPOLIS W-3 P-09","Tim Bildsoe","Steve Fletcher","Samantha Pree-Stinson"
"MINNEAPOLIS W-3 P-09","Samantha Pree-Stinson","Steve Fletcher","Tim Bildsoe"
"MINNEAPOLIS W-3 P-09","Tim Bildsoe","Ginger Jentzen","skipped"
"MINNEAPOLIS W-3 P-09","Tim Bildsoe","skipped","skipped"
"MINNEAPOLIS W-3 P-09","Tim Bildsoe","Steve Fletcher","Samantha Pree-Stinson"
"MINNEAPOLIS W-3 P-09","Steve Fletcher","Tim Bildsoe","skipped"
"MINNEAPOLIS W-3 P-09","Steve Fletcher","Tim Bildsoe","skipped"
"MINNEAPOLIS W-3 P-09","skipped","skipped","skipped"
"MINNEAPOLIS W-3 P-09","Steve Fletcher","Ginger Jentzen","skipped"
"MINNEAPOLIS W-3 P-09","Tim Bildsoe","Steve Fletcher","Samantha Pree-Stinson"
"MINNEAPOLIS W-3 P-09","Tim Bildsoe","skipped","skipped"
"MINNEAPOLIS W-3 P-09","Tim Bildsoe","Steve Fletcher","skipped"
"MINNEAPOLIS W-3 P-09","Tim Bildsoe","Steve Fletcher","Samantha Pree-Stinson"
"MINNEAPOLIS W-3 P-09","Steve Fletcher","Tim Bildsoe","Samantha Pree-Stinson"
"MINNEAPOLIS W-3 P-09","Steve Fletcher","Samantha Pree-Stinson","skipped"
"MINNEAPOLIS W-3 P-09","Tim Bildsoe","Steve Fletcher","Samantha Pree-Stinson"
"MINNEAPOLIS W-3 P-09","Tim Bildsoe","Samantha Pree-Stinson","skipped"
"MINNEAPOLIS W-3 P-09","Tim Bildsoe","Steve Fletcher","skipped"
"MINNEAPOLIS W-3 P-09","Steve Fletcher","Ginger Jentzen","skipped"
"MINNEAPOLIS W-3 P-09","Tim Bildsoe","Steve Fletcher","Samantha Pree-Stinson"
"MINNEAPOLIS W-3 P-09","Samantha Pree-Stinson","Tim Bildsoe","Ginger Jentzen"
"MINNEAPOLIS W-3 P-09","Samantha Pree-Stinson","skipped","skipped"
"MINNEAPOLIS W-3 P-09","Tim Bildsoe","Steve Fletcher","skipped"
"MINNEAPOLIS W-3 P-09","Tim Bildsoe","skipped","skipped"
"MINNEAPOLIS W-3 P-09","Tim Bildsoe","Steve Fletcher","Samantha Pree-Stinson"
"MINNEAPOLIS W-3 P-09","Tim Bildsoe","Steve Fletcher","Samantha Pree-Stinson"
"MINNEAPOLIS W-3 P-09","Samantha Pree-Stinson","Tim Bildsoe","Steve Fletcher"
"MINNEAPOLIS W-3 P-09","Tim Bildsoe","Steve Fletcher","skipped"
"MINNEAPOLIS W-3 P-09","Steve Fletcher","Tim Bildsoe","Ginger Jentzen"
"MINNEAPOLIS W-3 P-09","Tim Bildsoe","Steve Fletcher","skipped"
"MINNEAPOLIS W-3 P-09","Tim Bildsoe","Steve Fletcher","skipped"
"MINNEAPOLIS W-3 P-09","Samantha Pree-Stinson","Steve Fletcher","Ginger Jentzen"
"MINNEAPOLIS W-3 P-09","Steve Fletcher","Tim Bildsoe","skipped"
"MINNEAPOLIS W-3 P-09","Tim Bildsoe","skipped","skipped"
"MINNEAPOLIS W-3 P-09","Tim Bildsoe","Steve Fletcher","skipped"
"MINNEAPOLIS W-3 P-09","Tim Bildsoe","Steve Fletcher","Samantha Pree-Stinson"
"MINNEAPOLIS W-3 P-09","Ginger Jentzen","Steve Fletcher","Tim Bildsoe"
"MINNEAPOLIS W-3 P-09","Tim Bildsoe","Steve Fletcher","Samantha Pree-Stinson"
"MINNEAPOLIS W-3 P-09","Tim Bildsoe","Steve Fletcher","Samantha Pree-Stinson"
"MINNEAPOLIS W-3 P-09","Tim Bildsoe","Steve Fletcher","Samantha Pree-Stinson"
"MINNEAPOLIS W-3 P-09","Tim Bildsoe","skipped","skipped"
"MINNEAPOLIS W-3 P-09","Steve Fletcher","Ginger Jentzen","skipped"
"MINNEAPOLIS W-3 P-09","Tim Bildsoe","skipped","skipped"
"MINNEAPOLIS W-3 P-09","Ginger Jentzen","Tim Bildsoe","Samantha Pree-Stinson"
"MINNEAPOLIS W-3 P-09","Tim Bildsoe","skipped","skipped"
"MINNEAPOLIS W-3 P-09","Samantha Pree-Stinson","Steve Fletcher","Tim Bildsoe"
"MINNEAPOLIS W-3 P-09","Steve Fletcher","Tim Bildsoe","Ginger Jentzen"
"MINNEAPOLIS W-3 P-09","Samantha Pree-Stinson","Tim Bildsoe","Ginger Jentzen"
"MINNEAPOLIS W-3 P-09","skipped","skipped","skipped"
"MINNEAPOLIS W-3 P-09","Ginger Jentzen","Steve Fletcher","Samantha Pree-Stinson"
"MINNEAPOLIS W-3 P-09","Tim Bildsoe","Steve Fletcher","skipped"
"MINNEAPOLIS W-3 P-09","overvote","Tim Bildsoe","Steve Fletcher"
"MINNEAPOLIS W-3 P-09","Tim Bildsoe","Steve Fletcher","skipped"
"MINNEAPOLIS W-3 P-09","Ginger Jentzen","Steve Fletcher","Tim Bildsoe"
"MINNEAPOLIS W-3 P-09","Steve Fletcher","Tim Bildsoe","Samantha Pree-Stinson"
"MINNEAPOLIS W-3 P-09","Tim Bildsoe","Steve Fletcher","Ginger Jentzen"
"MINNEAPOLIS W-3 P-09","Samantha Pree-Stinson","Steve Fletcher","Tim Bildsoe"
"MINNEAPOLIS W-3 P-09","Tim Bildsoe","Steve Fletcher","Samantha Pree-Stinson"
"MINNEAPOLIS W-3 P-09","Steve Fletcher","Tim Bildsoe","Samantha Pree-Stinson"
"MINNEAPOLIS W-3 P-09","Tim Bildsoe","skipped","skipped"
"MINNEAPOLIS W-3 P-09","Samantha Pree-Stinson","Tim Bildsoe","Steve Fletcher"
"MINNEAPOLIS W-3 P-09","Samantha Pree-Stinson","Steve Fletcher","Ginger Jentzen"
"MINNEAPOLIS W-3 P-09","Samantha Pree-Stinson","Steve Fletcher","Ginger Jentzen"
"MINNEAPOLIS W-3 P-09","skipped","skipped","skipped"
"MINNEAPOLIS W-3 P-09","Tim Bildsoe","Steve Fletcher","skipped"
"MINNEAPOLIS W-3 P-09","Samantha Pree-Stinson","Tim Bildsoe","Ginger Jentzen"
"MINNEAPOLIS W-3 P-09","skipped","skipped","skipped"
"MINNEAPOLIS W-3 P-09","Samantha Pree-Stinson","Steve Fletcher","Tim Bildsoe"
"MINNEAPOLIS W-3 P-09","Tim Bildsoe","Samantha Pree-Stinson","skipped"
"MINNEAPOLIS W-3 P-09","Steve Fletcher","Ginger Jentzen","Tim Bildsoe"
"MINNEAPOLIS W-3 P-09","Samantha Pree-Stinson","skipped","skipped"
"MINNEAPOLIS W-3 P-09","Steve Fletcher","Tim Bildsoe","writein"
"MINNEAPOLIS W-3 P-09","Steve Fletcher","Tim Bildsoe","Ginger Jentzen"
"MINNEAPOLIS W-3 P-09","Samantha Pree-Stinson","skipped","skipped"
"MINNEAPOLIS W-3 P-09","Steve Fletcher","Tim Bildsoe","skipped"
"MINNEAPOLIS W-3 P-09","Steve Fletcher","Ginger Jentzen","Samantha Pree-Stinson"
"MINNEAPOLIS W-3 P-09","Tim Bildsoe","Samantha Pree-Stinson","Steve Fletcher"
"MINNEAPOLIS W-3 P-09","Steve Fletcher","Tim Bildsoe","Samantha Pree-Stinson"
"MINNEAPOLIS W-3 P-09","Tim Bildsoe","Steve Fletcher","Samantha Pree-Stinson"
"MINNEAPOLIS W-3 P-09","Tim Bildsoe","Steve Fletcher","Ginger Jentzen"
"MINNEAPOLIS W-3 P-09","Steve Fletcher","Steve Fletcher","Steve Fletcher"
"MINNEAPOLIS W-3 P-09","Tim Bildsoe","Steve Fletcher","skipped"
"MINNEAPOLIS W-3 P-09","Tim Bildsoe","Ginger Jentzen","Steve Fletcher"
"MINNEAPOLIS W-3 P-09","Tim Bildsoe","Steve Fletcher","skipped"
"MINNEAPOLIS W-3 P-09","Steve Fletcher","Tim Bildsoe","skipped"
"MINNEAPOLIS W-3 P-09","Samantha Pree-Stinson","Ginger Jentzen","Steve Fletcher"
"MINNEAPOLIS W-3 P-09","skipped","skipped","skipped"
"MINNEAPOLIS W-3 P-09","Tim Bildsoe","Steve Fletcher","skipped"
"MINNEAPOLIS W-3 P-09","Tim Bildsoe","skipped","skipped"
"MINNEAPOLIS W-3 P-09","Tim Bildsoe","skipped","skipped"
"MINNEAPOLIS W-3 P-09","Steve Fletcher","Tim Bildsoe","Ginger Jentzen"
"MINNEAPOLIS W-3 P-09","Tim Bildsoe","Steve Fletcher","Samantha Pree-Stinson"
"MINNEAPOLIS W-3 P-09","Tim Bildsoe","skipped","skipped"
"MINNEAPOLIS W-3 P-09","Steve Fletcher","skipped","skipped"
"MINNEAPOLIS W-3 P-09","Ginger Jentzen","Samantha Pree-Stinson","Steve Fletcher"
"MINNEAPOLIS W-3 P-09","Tim Bildsoe","skipped","skipped"
"MINNEAPOLIS W-3 P-09","Tim Bildsoe","Steve Fletcher","skipped"
"MINNEAPOLIS W-3 P-09","Tim Bildsoe","Steve Fletcher","skipped"
"MINNEAPOLIS W-3 P-09","Tim Bildsoe","Steve Fletcher","Ginger Jentzen"
"MINNEAPOLIS W-3 P-09","Tim Bildsoe","skipped","skipped"
"MINNEAPOLIS W-3 P-09","Tim Bildsoe","Ginger Jentzen","Samantha Pree-Stinson"
"MINNEAPOLIS W-3 P-09","Ginger Jentzen","Steve Fletcher","Tim Bildsoe"
"MINNEAPOLIS W-3 P-09","Samantha Pree-Stinson","Steve Fletcher","Tim Bildsoe"
"MINNEAPOLIS W-3 P-09","Tim Bildsoe","skipped","skipped"
"MINNEAPOLIS W-3 P-09","Steve Fletcher","Tim Bildsoe","Ginger Jentzen"
"MINNEAPOLIS W-3 P-09","Tim Bildsoe","Steve Fletcher","Samantha Pree-Stinson"
"MINNEAPOLIS W-3 P-09","Tim Bildsoe","Steve Fletcher","skipped"
"MINNEAPOLIS W-3 P-09","Steve Fletcher","Samantha Pree-Stinson","Ginger Jentzen"
"MINNEAPOLIS W-3 P-09","Tim Bildsoe","Steve Fletcher","skipped"
"MINNEAPOLIS W-3 P-09","Tim Bildsoe","writein","Steve Fletcher"
"MINNEAPOLIS W-3 P-09","Steve Fletcher","Tim Bildsoe","writein"
"MINNEAPOLIS W-3 P-09","Tim Bildsoe","Steve Fletcher","skipped"
"MINNEAPOLIS W-3 P-09","Samantha Pree-Stinson","skipped","skipped"
"MINNEAPOLIS W-3 P-09","Tim Bildsoe","Samantha Pree-Stinson","skipped"
"MINNEAPOLIS W-3 P-09","Ginger Jentzen","Steve Fletcher","Samantha Pree-Stinson"
"MINNEAPOLIS W-3 P-09","Ginger Jentzen","skipped","skipped"
"MINNEAPOLIS W-3 P-09","Tim Bildsoe","Samantha Pree-Stinson","Steve Fletcher"
"MINNEAPOLIS W-3 P-09","Steve Fletcher","Tim Bildsoe","skipped"
"MINNEAPOLIS W-3 P-09","Tim Bildsoe","Steve Fletcher","skipped"
"MINNEAPOLIS W-3 P-09","Tim Bildsoe","Tim Bildsoe","Tim Bildsoe"
"MINNEAPOLIS W-3 P-09","Tim Bildsoe","Steve Fletcher","skipped"
"MINNEAPOLIS W-3 P-09","Tim Bildsoe","Steve Fletcher","Samantha Pree-Stinson"
"MINNEAPOLIS W-3 P-09","skipped","skipped","skipped"
"MINNEAPOLIS W-3 P-09","Samantha Pree-Stinson","Ginger Jentzen","skipped"
"MINNEAPOLIS W-3 P-09","Tim Bildsoe","skipped","skipped"
"MINNEAPOLIS W-3 P-09","Tim Bildsoe","Steve Fletcher","skipped"
"MINNEAPOLIS W-3 P-09","Tim Bildsoe","Steve Fletcher","writein"
"MINNEAPOLIS W-3 P-09","Tim Bildsoe","Steve Fletcher","skipped"
"MINNEAPOLIS W-3 P-09","Tim Bildsoe","Ginger Jentzen","Samantha Pree-Stinson"
"MINNEAPOLIS W-3 P-09","Steve Fletcher","Ginger Jentzen","Tim Bildsoe"
"MINNEAPOLIS W-3 P-09","Steve Fletcher","skipped","skipped"
"MINNEAPOLIS W-3 P-09","Ginger Jentzen","skipped","skipped"
"MINNEAPOLIS W-3 P-09","Tim Bildsoe","Steve Fletcher","Samantha Pree-Stinson"
"MINNEAPOLIS W-3 P-09","Tim Bildsoe","Steve Fletcher","Samantha Pree-Stinson"
"MINNEAPOLIS W-3 P-09","Tim Bildsoe","Steve Fletcher","Samantha Pree-Stinson"
"MINNEAPOLIS W-3 P-09","Steve Fletcher","Samantha Pree-Stinson","Tim Bildsoe"
"MINNEAPOLIS W-3 P-09","Steve Fletcher","skipped","skipped"
"MINNEAPOLIS W-3 P-09","Tim Bildsoe","Steve Fletcher","Samantha Pree-Stinson"
"MINNEAPOLIS W-3 P-09","Tim Bildsoe","Steve Fletcher","skipped"
"MINNEAPOLIS W-3 P-09","Ginger Jentzen","Samantha Pree-Stinson","Steve Fletcher"
"MINNEAPOLIS W-3 P-09","Tim Bildsoe","Steve Fletcher","Ginger Jentzen"
"MINNEAPOLIS W-3 P-09","Steve Fletcher","Tim Bildsoe","Samantha Pree-Stinson"
"MINNEAPOLIS W-3 P-09","Samantha Pree-Stinson","Tim Bildsoe","skipped"
"MINNEAPOLIS W-3 P-09","Steve Fletcher","Tim Bildsoe","Ginger Jentzen"
"MINNEAPOLIS W-3 P-09","Tim Bildsoe","Steve Fletcher","Ginger Jentzen"
"MINNEAPOLIS W-3 P-09","Ginger Jentzen","Tim Bildsoe","Steve Fletcher"
"MINNEAPOLIS W-3 P-09","Samantha Pree-Stinson","skipped","skipped"
"MINNEAPOLIS W-3 P-09","Steve Fletcher","Tim Bildsoe","Samantha Pree-Stinson"
"MINNEAPOLIS W-3 P-09","Tim Bildsoe","skipped","skipped"
"MINNEAPOLIS W-3 P-09","Ginger Jentzen","Samantha Pree-Stinson","Tim Bildsoe"
"MINNEAPOLIS W-3 P-09","Tim Bildsoe","skipped","skipped"
"MINNEAPOLIS W-3 P-09","Steve Fletcher","Tim Bildsoe","skipped"
"MINNEAPOLIS W-3 P-09","Tim Bildsoe","skipped","skipped"
"MINNEAPOLIS W-3 P-09","Steve Fletcher","Tim Bildsoe","Samantha Pree-Stinson"
"MINNEAPOLIS W-3 P-09","Samantha Pree-Stinson","skipped","skipped"
"MINNEAPOLIS W-3 P-09","Tim Bildsoe","Steve Fletcher","skipped"
"MINNEAPOLIS W-3 P-09","Tim Bildsoe","Steve Fletcher","skipped"
"MINNEAPOLIS W-3 P-09","Tim Bildsoe","Steve Fletcher","skipped"
"MINNEAPOLIS W-3 P-09","Tim Bildsoe","Samantha Pree-Stinson","skipped"
"MINNEAPOLIS W-3 P-09","Samantha Pree-Stinson","skipped","skipped"
"MINNEAPOLIS W-3 P-09","Tim Bildsoe","Steve Fletcher","Samantha Pree-Stinson"
"MINNEAPOLIS W-3 P-09","Steve Fletcher","Ginger Jentzen","skipped"
"MINNEAPOLIS W-3 P-09","Tim Bildsoe","Steve Fletcher","Ginger Jentzen"
"MINNEAPOLIS W-3 P-09","Tim Bildsoe","Steve Fletcher","skipped"
"MINNEAPOLIS W-3 P-09","Steve Fletcher","skipped","skipped"
"MINNEAPOLIS W-3 P-09","Steve Fletcher","Tim Bildsoe","Ginger Jentzen"
"MINNEAPOLIS W-3 P-09","Tim Bildsoe","skipped","skipped"
"MINNEAPOLIS W-3 P-09","Tim Bildsoe","Steve Fletcher","Samantha Pree-Stinson"
"MINNEAPOLIS W-3 P-09","Tim Bildsoe","Samantha Pree-Stinson","Steve Fletcher"
"MINNEAPOLIS W-3 P-09","Steve Fletcher","Tim Bildsoe","Samantha Pree-Stinson"
"MINNEAPOLIS W-3 P-09","Samantha Pree-Stinson","Tim Bildsoe","skipped"
"MINNEAPOLIS W-3 P-09","Tim Bildsoe","Steve Fletcher","Samantha Pree-Stinson"
"MINNEAPOLIS W-3 P-09","Tim Bildsoe","Steve Fletcher","skipped"
"MINNEAPOLIS W-3 P-09","Samantha Pree-Stinson","Ginger Jentzen","Steve Fletcher"
"MINNEAPOLIS W-3 P-09","Tim Bildsoe","skipped","skipped"
"MINNEAPOLIS W-3 P-09","Tim Bildsoe","Steve Fletcher","Samantha Pree-Stinson"
"MINNEAPOLIS W-3 P-09","Tim Bildsoe","Steve Fletcher","skipped"
"MINNEAPOLIS W-3 P-09","skipped","skipped","skipped"
"MINNEAPOLIS W-3 P-09","Steve Fletcher","Tim Bildsoe","skipped"
"MINNEAPOLIS W-3 P-09","Tim Bildsoe","Samantha Pree-Stinson","Steve Fletcher"
"MINNEAPOLIS W-3 P-09","Samantha Pree-Stinson","Ginger Jentzen","Steve Fletcher"
"MINNEAPOLIS W-3 P-09","Ginger Jentzen","Samantha Pree-Stinson","Tim Bildsoe"
"MINNEAPOLIS W-3 P-09","Tim Bildsoe","Steve Fletcher","skipped"
"MINNEAPOLIS W-3 P-09","Ginger Jentzen","Ginger Jentzen","Ginger Jentzen"
"MINNEAPOLIS W-3 P-09","Tim Bildsoe","Steve Fletcher","skipped"
"MINNEAPOLIS W-3 P-09","Tim Bildsoe","Ginger Jentzen","Steve Fletcher"
"MINNEAPOLIS W-3 P-09","Steve Fletcher","Tim Bildsoe","overvote"
"MINNEAPOLIS W-3 P-09","Tim Bildsoe","Steve Fletcher","Ginger Jentzen"
"MINNEAPOLIS W-3 P-09","Ginger Jentzen","Steve Fletcher","Samantha Pree-Stinson"
"MINNEAPOLIS W-3 P-09","Tim Bildsoe","skipped","skipped"
"MINNEAPOLIS W-3 P-09","Steve Fletcher","skipped","skipped"
"MINNEAPOLIS W-3 P-09","Tim Bildsoe","Samantha Pree-Stinson","skipped"
"MINNEAPOLIS W-3 P-09","Tim Bildsoe","Steve Fletcher","Samantha Pree-Stinson"
"MINNEAPOLIS W-3 P-09","Tim Bildsoe","Steve Fletcher","skipped"
"MINNEAPOLIS W-3 P-09","Tim Bildsoe","skipped","skipped"
"MINNEAPOLIS W-3 P-09","Steve Fletcher","Tim Bildsoe","Ginger Jentzen"
"MINNEAPOLIS W-3 P-09","Samantha Pree-Stinson","Tim Bildsoe","Steve Fletcher"
"MINNEAPOLIS W-3 P-09","skipped","skipped","skipped"
"MINNEAPOLIS W-3 P-09","Steve Fletcher","Tim Bildsoe","skipped"
"MINNEAPOLIS W-3 P-09","Tim Bildsoe","Steve Fletcher","Samantha Pree-Stinson"
"MINNEAPOLIS W-3 P-09","Tim Bildsoe","Steve Fletcher","Ginger Jentzen"
"MINNEAPOLIS W-3 P-09","Tim Bildsoe","Tim Bildsoe","Tim Bildsoe"
"MINNEAPOLIS W-3 P-09","Steve Fletcher","skipped","skipped"
"MINNEAPOLIS W-3 P-09","Ginger Jentzen","skipped","skipped"
"MINNEAPOLIS W-3 P-09","Samantha Pree-Stinson","Ginger Jentzen","Steve Fletcher"
"MINNEAPOLIS W-3 P-09","skipped","skipped","skipped"
"MINNEAPOLIS W-3 P-09","Steve Fletcher","Tim Bildsoe","skipped"
"MINNEAPOLIS W-3 P-09","Steve Fletcher","Tim Bildsoe","Samantha Pree-Stinson"
"MINNEAPOLIS W-3 P-09","Samantha Pree-Stinson","Ginger Jentzen","Steve Fletcher"
"MINNEAPOLIS W-3 P-09","Tim Bildsoe","Steve Fletcher","skipped"
"MINNEAPOLIS W-3 P-09","Ginger Jentzen","Steve Fletcher","Samantha Pree-Stinson"
"MINNEAPOLIS W-3 P-09","Steve Fletcher","Tim Bildsoe","skipped"
"MINNEAPOLIS W-3 P-09","Tim Bildsoe","Steve Fletcher","skipped"
"MINNEAPOLIS W-3 P-09","Tim Bildsoe","Steve Fletcher","skipped"
"MINNEAPOLIS W-3 P-09","Tim Bildsoe","skipped","skipped"
"MINNEAPOLIS W-3 P-09","Samantha Pree-Stinson","Steve Fletcher","Tim Bildsoe"
"MINNEAPOLIS W-3 P-09","Tim Bildsoe","skipped","skipped"
"MINNEAPOLIS W-3 P-09","Samantha Pree-Stinson","Ginger Jentzen","skipped"
"MINNEAPOLIS W-3 P-09","Ginger Jentzen","skipped","skipped"
"MINNEAPOLIS W-3 P-09","Tim Bildsoe","Steve Fletcher","Samantha Pree-Stinson"
"MINNEAPOLIS W-3 P-09","Tim Bildsoe","Steve Fletcher","skipped"
"MINNEAPOLIS W-3 P-09","Tim Bildsoe","Steve Fletcher","skipped"
"MINNEAPOLIS W-3 P-09","Tim Bildsoe","Steve Fletcher","skipped"
"MINNEAPOLIS W-3 P-09","Steve Fletcher","Steve Fletcher","Steve Fletcher"
"MINNEAPOLIS W-3 P-09","Steve Fletcher","Tim Bildsoe","Samantha Pree-Stinson"
"MINNEAPOLIS W-3 P-09","Steve Fletcher","Tim Bildsoe","Ginger Jentzen"
"MINNEAPOLIS W-3 P-09","Samantha Pree-Stinson","Tim Bildsoe","skipped"
"MINNEAPOLIS W-3 P-09","Tim Bildsoe","Steve Fletcher","skipped"
"MINNEAPOLIS W-3 P-09","Tim Bildsoe","Steve Fletcher","Samantha Pree-Stinson"
"MINNEAPOLIS W-3 P-09","Steve Fletcher","Tim Bildsoe","skipped"
"MINNEAPOLIS W-3 P-09","Tim Bildsoe","skipped","skipped"
"MINNEAPOLIS W-3 P-09","Tim Bildsoe","Steve Fletcher","skipped"
"MINNEAPOLIS W-3 P-09","skipped","skipped","skipped"
"MINNEAPOLIS W-3 P-09","skipped","skipped","skipped"
"MINNEAPOLIS W-3 P-09","Tim Bildsoe","Steve Fletcher","skipped"
"MINNEAPOLIS W-3 P-09","Tim Bildsoe","Steve Fletcher","skipped"
"MINNEAPOLIS W-3 P-09","Tim Bildsoe","skipped","skipped"
"MINNEAPOLIS W-3 P-09","Ginger Jentzen","Tim Bildsoe","Samantha Pree-Stinson"
"MINNEAPOLIS W-3 P-09","Tim Bildsoe","Samantha Pree-Stinson","Steve Fletcher"
"MINNEAPOLIS W-3 P-09","Steve Fletcher","skipped","skipped"
"MINNEAPOLIS W-3 P-09","Ginger Jentzen","Samantha Pree-Stinson","Steve Fletcher"
"MINNEAPOLIS W-3 P-09","Tim Bildsoe","skipped","skipped"
"MINNEAPOLIS W-3 P-09","Ginger Jentzen","Steve Fletcher","Tim Bildsoe"
"MINNEAPOLIS W-3 P-09","Ginger Jentzen","Tim Bildsoe","Steve Fletcher"
"MINNEAPOLIS W-3 P-09","Samantha Pree-Stinson","Tim Bildsoe","Steve Fletcher"
"MINNEAPOLIS W-3 P-09","Steve Fletcher","skipped","skipped"
"MINNEAPOLIS W-3 P-09","Steve Fletcher","skipped","skipped"
"MINNEAPOLIS W-3 P-09","Samantha Pree-Stinson","Tim Bildsoe","skipped"
"MINNEAPOLIS W-3 P-09","Steve Fletcher","Tim Bildsoe","skipped"
"MINNEAPOLIS W-3 P-09","Tim Bildsoe","Samantha Pree-Stinson","Steve Fletcher"
"MINNEAPOLIS W-3 P-09","skipped","skipped","skipped"
"MINNEAPOLIS W-3 P-09","Tim Bildsoe","Steve Fletcher","skipped"
"MINNEAPOLIS W-3 P-09","Steve Fletcher","Tim Bildsoe","Ginger Jentzen"
"MINNEAPOLIS W-3 P-09","Tim Bildsoe","Steve Fletcher","Ginger Jentzen"
"MINNEAPOLIS W-3 P-09","Ginger Jentzen","Steve Fletcher","Samantha Pree-Stinson"
"MINNEAPOLIS W-3 P-09","Steve Fletcher","Samantha Pree-Stinson","Ginger Jentzen"
"MINNEAPOLIS W-3 P-09","Tim Bildsoe","skipped","skipped"
"MINNEAPOLIS W-3 P-09","Tim Bildsoe","skipped","skipped"
"MINNEAPOLIS W-3 P-09","Samantha Pree-Stinson","Ginger Jentzen","Steve Fletcher"
"MINNEAPOLIS W-3 P-09","Steve Fletcher","Tim Bildsoe","Samantha Pree-Stinson"
"MINNEAPOLIS W-3 P-09","Tim Bildsoe","Steve Fletcher","Samantha Pree-Stinson"
"MINNEAPOLIS W-3 P-09","skipped","skipped","skipped"
"MINNEAPOLIS W-3 P-09","Tim Bildsoe","Steve Fletcher","Samantha Pree-Stinson"
"MINNEAPOLIS W-3 P-09","Ginger Jentzen","Samantha Pree-Stinson","Steve Fletcher"
"MINNEAPOLIS W-3 P-09","Steve Fletcher","skipped","skipped"
"MINNEAPOLIS W-3 P-09","Tim Bildsoe","Ginger Jentzen","skipped"
"MINNEAPOLIS W-3 P-09","Ginger Jentzen","writein","skipped"
"MINNEAPOLIS W-3 P-09","Ginger Jentzen","skipped","skipped"
"MINNEAPOLIS W-3 P-09","Tim Bildsoe","Ginger Jentzen","skipped"
"MINNEAPOLIS W-3 P-09","Ginger Jentzen","skipped","skipped"
"MINNEAPOLIS W-3 P-09","Steve Fletcher","Tim Bildsoe","skipped"
"MINNEAPOLIS W-3 P-09","Ginger Jentzen","Steve Fletcher","Samantha Pree-Stinson"
"MINNEAPOLIS W-3 P-09","Steve Fletcher","Tim Bildsoe","Samantha Pree-Stinson"
"MINNEAPOLIS W-3 P-09","Steve Fletcher","Tim Bildsoe","skipped"
"MINNEAPOLIS W-3 P-09","Tim Bildsoe","skipped","skipped"
"MINNEAPOLIS W-3 P-09","Steve Fletcher","Ginger Jentzen","Samantha Pree-Stinson"
"MINNEAPOLIS W-3 P-09","Steve Fletcher","skipped","skipped"
"MINNEAPOLIS W-3 P-09","Tim Bildsoe","skipped","skipped"
"MINNEAPOLIS W-3 P-09","Tim Bildsoe","Steve Fletcher","skipped"
"MINNEAPOLIS W-3 P-09","Steve Fletcher","Tim Bildsoe","Ginger Jentzen"
"MINNEAPOLIS W-3 P-09","Tim Bildsoe","Steve Fletcher","Ginger Jentzen"
"MINNEAPOLIS W-3 P-09","Samantha Pree-Stinson","skipped","skipped"
"MINNEAPOLIS W-3 P-09","Steve Fletcher","Tim Bildsoe","skipped"
"MINNEAPOLIS W-3 P-09","Steve Fletcher","Tim Bildsoe","skipped"
"MINNEAPOLIS W-3 P-09","Tim Bildsoe","skipped","skipped"
"MINNEAPOLIS W-3 P-09","Steve Fletcher","Tim Bildsoe","skipped"
"MINNEAPOLIS W-3 P-09","Tim Bildsoe","Steve Fletcher","Samantha Pree-Stinson"
"MINNEAPOLIS W-3 P-09","Samantha Pree-Stinson","Ginger Jentzen","Steve Fletcher"
"MINNEAPOLIS W-3 P-09","Steve Fletcher","Steve Fletcher","Steve Fletcher"
"MINNEAPOLIS W-3 P-09","Tim Bildsoe","Ginger Jentzen","Steve Fletcher"
"MINNEAPOLIS W-3 P-09","Tim Bildsoe","skipped","skipped"
"MINNEAPOLIS W-3 P-09","Tim Bildsoe","Steve Fletcher","Samantha Pree-Stinson"
"MINNEAPOLIS W-3 P-09","Steve Fletcher","Tim Bildsoe","Samantha Pree-Stinson"
"MINNEAPOLIS W-3 P-09","Ginger Jentzen","Samantha Pree-Stinson","Tim Bildsoe"
"MINNEAPOLIS W-3 P-09","Samantha Pree-Stinson","Steve Fletcher","Ginger Jentzen"
"MINNEAPOLIS W-3 P-09","Steve Fletcher","Ginger Jentzen","Samantha Pree-Stinson"
"MINNEAPOLIS W-3 P-09","Tim Bildsoe","Steve Fletcher","skipped"
"MINNEAPOLIS W-3 P-09","Samantha Pree-Stinson","Steve Fletcher","Ginger Jentzen"
"MINNEAPOLIS W-3 P-09","Tim Bildsoe","Steve Fletcher","Samantha Pree-Stinson"
"MINNEAPOLIS W-3 P-09","Ginger Jentzen","Steve Fletcher","Tim Bildsoe"
"MINNEAPOLIS W-3 P-09","Ginger Jentzen","Tim Bildsoe","skipped"
"MINNEAPOLIS W-3 P-09","Tim Bildsoe","Steve Fletcher","skipped"
"MINNEAPOLIS W-3 P-09","Steve Fletcher","Tim Bildsoe","Samantha Pree-Stinson"
"MINNEAPOLIS W-3 P-09","Samantha Pree-Stinson","Tim Bildsoe","Steve Fletcher"
"MINNEAPOLIS W-3 P-09","Tim Bildsoe","Steve Fletcher","skipped"
"MINNEAPOLIS W-3 P-09","Tim Bildsoe","Steve Fletcher","skipped"
"MINNEAPOLIS W-3 P-09","Samantha Pree-Stinson","Steve Fletcher","skipped"
"MINNEAPOLIS W-3 P-09","Steve Fletcher","skipped","skipped"
"MINNEAPOLIS W-3 P-09","Steve Fletcher","Tim Bildsoe","Ginger Jentzen"
"MINNEAPOLIS W-3 P-09","Tim Bildsoe","Steve Fletcher","Samantha Pree-Stinson"
"MINNEAPOLIS W-3 P-09","Steve Fletcher","Tim Bildsoe","skipped"
"MINNEAPOLIS W-3 P-09","Steve Fletcher","Tim Bildsoe","Samantha Pree-Stinson"
"MINNEAPOLIS W-3 P-09","Steve Fletcher","Ginger Jentzen","Tim Bildsoe"
"MINNEAPOLIS W-3 P-09","Tim Bildsoe","skipped","skipped"
"MINNEAPOLIS W-3 P-09","Tim Bildsoe","Steve Fletcher","skipped"
"MINNEAPOLIS W-3 P-09","Tim Bildsoe","Steve Fletcher","skipped"
"MINNEAPOLIS W-3 P-09","Ginger Jentzen","skipped","skipped"
"MINNEAPOLIS W-3 P-09","Steve Fletcher","Tim Bildsoe","skipped"
"MINNEAPOLIS W-3 P-09","Steve Fletcher","Tim Bildsoe","Samantha Pree-Stinson"
"MINNEAPOLIS W-3 P-09","Tim Bildsoe","Steve Fletcher","skipped"
"MINNEAPOLIS W-3 P-09","Tim Bildsoe","Ginger Jentzen","Steve Fletcher"
"MINNEAPOLIS W-3 P-09","Tim Bildsoe","Steve Fletcher","Samantha Pree-Stinson"
"MINNEAPOLIS W-3 P-09","Steve Fletcher","skipped","skipped"
"MINNEAPOLIS W-3 P-09","Ginger Jentzen","Steve Fletcher","Samantha Pree-Stinson"
"MINNEAPOLIS W-3 P-09","Steve Fletcher","Samantha Pree-Stinson","Ginger Jentzen"
"MINNEAPOLIS W-3 P-09","Samantha Pree-Stinson","Steve Fletcher","skipped"
"MINNEAPOLIS W-3 P-09","Steve Fletcher","Tim Bildsoe","writein"
"MINNEAPOLIS W-3 P-09","Ginger Jentzen","Steve Fletcher","Samantha Pree-Stinson"
"MINNEAPOLIS W-3 P-09","Ginger Jentzen","Samantha Pree-Stinson","Steve Fletcher"
"MINNEAPOLIS W-3 P-09","Tim Bildsoe","skipped","skipped"
"MINNEAPOLIS W-3 P-09","Tim Bildsoe","Steve Fletcher","Samantha Pree-Stinson"
"MINNEAPOLIS W-3 P-09","Tim Bildsoe","Steve Fletcher","Samantha Pree-Stinson"
"MINNEAPOLIS W-3 P-09","Tim Bildsoe","Samantha Pree-Stinson","skipped"
"MINNEAPOLIS W-3 P-09","Tim Bildsoe","Steve Fletcher","Samantha Pree-Stinson"
"MINNEAPOLIS W-3 P-09","Steve Fletcher","Tim Bildsoe","Samantha Pree-Stinson"
"MINNEAPOLIS W-3 P-09","Tim Bildsoe","Steve Fletcher","skipped"
"MINNEAPOLIS W-3 P-09","Tim Bildsoe","Steve Fletcher","skipped"
"MINNEAPOLIS W-3 P-09","Tim Bildsoe","skipped","skipped"
"MINNEAPOLIS W-3 P-09","Ginger Jentzen","Samantha Pree-Stinson","Steve Fletcher"
"MINNEAPOLIS W-3 P-09","Tim Bildsoe","skipped","skipped"
"MINNEAPOLIS W-3 P-09","Tim Bildsoe","Steve Fletcher","writein"
"MINNEAPOLIS W-3 P-09","Ginger Jentzen","Steve Fletcher","skipped"
"MINNEAPOLIS W-3 P-09","Steve Fletcher","Tim Bildsoe","skipped"
"MINNEAPOLIS W-3 P-09","Steve Fletcher","Tim Bildsoe","Samantha Pree-Stinson"
"MINNEAPOLIS W-3 P-09","skipped","skipped","skipped"
"MINNEAPOLIS W-3 P-09","Steve Fletcher","Tim Bildsoe","Samantha Pree-Stinson"
"MINNEAPOLIS W-3 P-09","Tim Bildsoe","Steve Fletcher","skipped"
"MINNEAPOLIS W-3 P-09","Tim Bildsoe","Steve Fletcher","Samantha Pree-Stinson"
"MINNEAPOLIS W-3 P-09","Ginger Jentzen","Steve Fletcher","Samantha Pree-Stinson"
"MINNEAPOLIS W-3 P-09","Tim Bildsoe","Steve Fletcher","skipped"
"MINNEAPOLIS W-3 P-09","Ginger Jentzen","Samantha Pree-Stinson","Steve Fletcher"
"MINNEAPOLIS W-3 P-09","Ginger Jentzen","Steve Fletcher","writein"
"MINNEAPOLIS W-3 P-09","Steve Fletcher","skipped","skipped"
"MINNEAPOLIS W-3 P-09","skipped","skipped","skipped"
"MINNEAPOLIS W-3 P-09","Ginger Jentzen","skipped","skipped"
"MINNEAPOLIS W-3 P-09","Tim Bildsoe","Steve Fletcher","Samantha Pree-Stinson"
"MINNEAPOLIS W-3 P-09","Tim Bildsoe","skipped","skipped"
"MINNEAPOLIS W-3 P-09","Steve Fletcher","Ginger Jentzen","Samantha Pree-Stinson"
"MINNEAPOLIS W-3 P-09","Steve Fletcher","Tim Bildsoe","Samantha Pree-Stinson"
"MINNEAPOLIS W-3 P-09","Steve Fletcher","Tim Bildsoe","Ginger Jentzen"
"MINNEAPOLIS W-3 P-09","Steve Fletcher","skipped","skipped"
"MINNEAPOLIS W-3 P-09","Tim Bildsoe","Steve Fletcher","Samantha Pree-Stinson"
"MINNEAPOLIS W-3 P-09","Ginger Jentzen","Steve Fletcher","Samantha Pree-Stinson"
"MINNEAPOLIS W-3 P-09","Ginger Jentzen","Steve Fletcher","skipped"
"MINNEAPOLIS W-3 P-09","Steve Fletcher","Ginger Jentzen","Tim Bildsoe"
"MINNEAPOLIS W-3 P-09","Tim Bildsoe","skipped","skipped"
"MINNEAPOLIS W-3 P-09","Steve Fletcher","Ginger Jentzen","Samantha Pree-Stinson"
"MINNEAPOLIS W-3 P-09","Steve Fletcher","Tim Bildsoe","skipped"
"MINNEAPOLIS W-3 P-09","Steve Fletcher","Samantha Pree-Stinson","Tim Bildsoe"
"MINNEAPOLIS W-3 P-09","Tim Bildsoe","Steve Fletcher","skipped"
"MINNEAPOLIS W-3 P-09","Ginger Jentzen","skipped","skipped"
"MINNEAPOLIS W-3 P-09","Steve Fletcher","Tim Bildsoe","Samantha Pree-Stinson"
"MINNEAPOLIS W-3 P-09","Tim Bildsoe","Steve Fletcher","skipped"
"MINNEAPOLIS W-3 P-09","Ginger Jentzen","Samantha Pree-Stinson","Tim Bildsoe"
"MINNEAPOLIS W-3 P-09","Steve Fletcher","Tim Bildsoe","Samantha Pree-Stinson"
"MINNEAPOLIS W-3 P-09","Tim Bildsoe","Steve Fletcher","Ginger Jentzen"
"MINNEAPOLIS W-3 P-09","Tim Bildsoe","skipped","skipped"
"MINNEAPOLIS W-3 P-09","Tim Bildsoe","Steve Fletcher","skipped"
"MINNEAPOLIS W-3 P-09","Steve Fletcher","Steve Fletcher","skipped"
"MINNEAPOLIS W-3 P-09","Tim Bildsoe","Steve Fletcher","Samantha Pree-Stinson"
"MINNEAPOLIS W-3 P-09","Tim Bildsoe","Steve Fletcher","Ginger Jentzen"
"MINNEAPOLIS W-3 P-09","Tim Bildsoe","Steve Fletcher","Samantha Pree-Stinson"
"MINNEAPOLIS W-3 P-09","Samantha Pree-Stinson","Steve Fletcher","Ginger Jentzen"
"MINNEAPOLIS W-3 P-09","Steve Fletcher","Tim Bildsoe","Samantha Pree-Stinson"
"MINNEAPOLIS W-3 P-09","Tim Bildsoe","skipped","skipped"
"MINNEAPOLIS W-3 P-09","Steve Fletcher","Ginger Jentzen","Tim Bildsoe"
"MINNEAPOLIS W-3 P-09","Tim Bildsoe","Steve Fletcher","Samantha Pree-Stinson"
"MINNEAPOLIS W-3 P-09","Ginger Jentzen","Steve Fletcher","Samantha Pree-Stinson"
"MINNEAPOLIS W-3 P-09","Tim Bildsoe","skipped","skipped"
"MINNEAPOLIS W-3 P-09","Tim Bildsoe","Steve Fletcher","skipped"
"MINNEAPOLIS W-3 P-09","Steve Fletcher","skipped","skipped"
"MINNEAPOLIS W-3 P-09","Tim Bildsoe","Steve Fletcher","Samantha Pree-Stinson"
"MINNEAPOLIS W-3 P-09","Samantha Pree-Stinson","Ginger Jentzen","Steve Fletcher"
"MINNEAPOLIS W-3 P-09","Tim Bildsoe","Steve Fletcher","Samantha Pree-Stinson"
"MINNEAPOLIS W-3 P-09","Ginger Jentzen","Samantha Pree-Stinson","skipped"
"MINNEAPOLIS W-3 P-09","Steve Fletcher","Tim Bildsoe","Samantha Pree-Stinson"
"MINNEAPOLIS W-3 P-09","Steve Fletcher","Tim Bildsoe","Samantha Pree-Stinson"
"MINNEAPOLIS W-3 P-09","Tim Bildsoe","Steve Fletcher","skipped"
"MINNEAPOLIS W-3 P-09","Tim Bildsoe","Steve Fletcher","Samantha Pree-Stinson"
"MINNEAPOLIS W-3 P-09","Tim Bildsoe","Steve Fletcher","Samantha Pree-Stinson"
"MINNEAPOLIS W-3 P-09","Tim Bildsoe","skipped","skipped"
"MINNEAPOLIS W-3 P-09","Tim Bildsoe","skipped","skipped"
"MINNEAPOLIS W-3 P-09","skipped","skipped","skipped"
"MINNEAPOLIS W-3 P-09","Steve Fletcher","Tim Bildsoe","skipped"
"MINNEAPOLIS W-3 P-09","Steve Fletcher","Samantha Pree-Stinson","Tim Bildsoe"
"MINNEAPOLIS W-3 P-09","Tim Bildsoe","skipped","skipped"
"MINNEAPOLIS W-3 P-09","Tim Bildsoe","Samantha Pree-Stinson","Steve Fletcher"
"MINNEAPOLIS W-3 P-09","Steve Fletcher","Tim Bildsoe","Samantha Pree-Stinson"
"MINNEAPOLIS W-3 P-09","Ginger Jentzen","Tim Bildsoe","Steve Fletcher"
"MINNEAPOLIS W-3 P-09","Tim Bildsoe","Steve Fletcher","skipped"
"MINNEAPOLIS W-3 P-09","Tim Bildsoe","Steve Fletcher","skipped"
"MINNEAPOLIS W-3 P-09","Samantha Pree-Stinson","Ginger Jentzen","Tim Bildsoe"
"MINNEAPOLIS W-3 P-09","Tim Bildsoe","skipped","skipped"
"MINNEAPOLIS W-3 P-09","Tim Bildsoe","skipped","skipped"
"MINNEAPOLIS W-3 P-09","Steve Fletcher","Tim Bildsoe","Samantha Pree-Stinson"
"MINNEAPOLIS W-3 P-09","Tim Bildsoe","Steve Fletcher","Samantha Pree-Stinson"
"MINNEAPOLIS W-3 P-09","Tim Bildsoe","Steve Fletcher","Samantha Pree-Stinson"
"MINNEAPOLIS W-3 P-09","Tim Bildsoe","Steve Fletcher","skipped"
"MINNEAPOLIS W-3 P-09","Steve Fletcher","Tim Bildsoe","Ginger Jentzen"
"MINNEAPOLIS W-3 P-09","Samantha Pree-Stinson","Steve Fletcher","Steve Fletcher"
"MINNEAPOLIS W-3 P-09","Tim Bildsoe","Steve Fletcher","Samantha Pree-Stinson"
"MINNEAPOLIS W-3 P-09","Steve Fletcher","Samantha Pree-Stinson","Tim Bildsoe"
"MINNEAPOLIS W-3 P-09","skipped","skipped","skipped"
"MINNEAPOLIS W-3 P-09","skipped","skipped","skipped"
"MINNEAPOLIS W-3 P-09","Tim Bildsoe","skipped","skipped"
"MINNEAPOLIS W-3 P-09","Tim Bildsoe","Steve Fletcher","Ginger Jentzen"
"MINNEAPOLIS W-3 P-09","Tim Bildsoe","skipped","skipped"
"MINNEAPOLIS W-3 P-09","Steve Fletcher","Tim Bildsoe","skipped"
"MINNEAPOLIS W-3 P-09","skipped","skipped","skipped"
"MINNEAPOLIS W-3 P-09","writein","Steve Fletcher","Tim Bildsoe"
"MINNEAPOLIS W-3 P-09","Samantha Pree-Stinson","Tim Bildsoe","Ginger Jentzen"
"MINNEAPOLIS W-3 P-09","Steve Fletcher","Tim Bildsoe","Samantha Pree-Stinson"
"MINNEAPOLIS W-3 P-09","Samantha Pree-Stinson","Ginger Jentzen","Steve Fletcher"
"MINNEAPOLIS W-3 P-09","Steve Fletcher","Tim Bildsoe","Ginger Jentzen"
"MINNEAPOLIS W-3 P-09","Samantha Pree-Stinson","Tim Bildsoe","Steve Fletcher"
"MINNEAPOLIS W-3 P-09","Tim Bildsoe","Steve Fletcher","Samantha Pree-Stinson"
"MINNEAPOLIS W-3 P-09","Tim Bildsoe","Steve Fletcher","skipped"
"MINNEAPOLIS W-3 P-09","Tim Bildsoe","skipped","skipped"
"MINNEAPOLIS W-3 P-09","Tim Bildsoe","Steve Fletcher","skipped"
"MINNEAPOLIS W-3 P-09","Steve Fletcher","Ginger Jentzen","Samantha Pree-Stinson"
"MINNEAPOLIS W-3 P-09","Steve Fletcher","Tim Bildsoe","skipped"
"MINNEAPOLIS W-3 P-09","Steve Fletcher","Tim Bildsoe","skipped"
"MINNEAPOLIS W-3 P-09","Ginger Jentzen","Samantha Pree-Stinson","skipped"
"MINNEAPOLIS W-3 P-09","Ginger Jentzen","Ginger Jentzen","Steve Fletcher"
"MINNEAPOLIS W-3 P-09","Ginger Jentzen","skipped","skipped"
"MINNEAPOLIS W-3 P-09","Steve Fletcher","Tim Bildsoe","Samantha Pree-Stinson"
"MINNEAPOLIS W-3 P-09","Tim Bildsoe","Ginger Jentzen","skipped"
"MINNEAPOLIS W-3 P-09","Tim Bildsoe","Steve Fletcher","Ginger Jentzen"
"MINNEAPOLIS W-3 P-09","Steve Fletcher","Tim Bildsoe","Samantha Pree-Stinson"
"MINNEAPOLIS W-3 P-09","Steve Fletcher","Tim Bildsoe","skipped"
"MINNEAPOLIS W-3 P-09","Samantha Pree-Stinson","Tim Bildsoe","skipped"
"MINNEAPOLIS W-3 P-09","Tim Bildsoe","skipped","skipped"
"MINNEAPOLIS W-3 P-09","Samantha Pree-Stinson","Ginger Jentzen","skipped"
"MINNEAPOLIS W-3 P-09","Steve Fletcher","Samantha Pree-Stinson","Tim Bildsoe"
"MINNEAPOLIS W-3 P-09","Samantha Pree-Stinson","Tim Bildsoe","skipped"
"MINNEAPOLIS W-3 P-09","Tim Bildsoe","skipped","skipped"
"MINNEAPOLIS W-3 P-09","Steve Fletcher","skipped","skipped"
"MINNEAPOLIS W-3 P-09","Ginger Jentzen","Samantha Pree-Stinson","Steve Fletcher"
"MINNEAPOLIS W-3 P-09","Tim Bildsoe","Steve Fletcher","skipped"
"MINNEAPOLIS W-3 P-09","Steve Fletcher","Tim Bildsoe","Samantha Pree-Stinson"
"MINNEAPOLIS W-3 P-09","Ginger Jentzen","Tim Bildsoe","Steve Fletcher"
"MINNEAPOLIS W-3 P-09","Samantha Pree-Stinson","skipped","skipped"
"MINNEAPOLIS W-3 P-09","Steve Fletcher","Tim Bildsoe","skipped"
"MINNEAPOLIS W-3 P-09","Steve Fletcher","Tim Bildsoe","Samantha Pree-Stinson"
"MINNEAPOLIS W-3 P-09","Tim Bildsoe","Samantha Pree-Stinson","Steve Fletcher"
"MINNEAPOLIS W-3 P-09","Steve Fletcher","Tim Bildsoe","Samantha Pree-Stinson"
"MINNEAPOLIS W-3 P-09","skipped","skipped","skipped"
"MINNEAPOLIS W-3 P-09","Tim Bildsoe","skipped","skipped"
"MINNEAPOLIS W-3 P-09","Tim Bildsoe","Steve Fletcher","skipped"
"MINNEAPOLIS W-3 P-09","Tim Bildsoe","skipped","skipped"
"MINNEAPOLIS W-3 P-09","Tim Bildsoe","Steve Fletcher","Samantha Pree-Stinson"
"MINNEAPOLIS W-3 P-09","Tim Bildsoe","skipped","skipped"
"MINNEAPOLIS W-3 P-09","Tim Bildsoe","Tim Bildsoe","Tim Bildsoe"
"MINNEAPOLIS W-3 P-09","Tim Bildsoe","Steve Fletcher","skipped"
"MINNEAPOLIS W-3 P-09","Steve Fletcher","Tim Bildsoe","Samantha Pree-Stinson"
"MINNEAPOLIS W-3 P-09","Tim Bildsoe","Steve Fletcher","skipped"
"MINNEAPOLIS W-3 P-09","Tim Bildsoe","Steve Fletcher","skipped"
"MINNEAPOLIS W-3 P-09","Tim Bildsoe","skipped","skipped"
"MINNEAPOLIS W-3 P-09","Steve Fletcher","Samantha Pree-Stinson","Ginger Jentzen"
"MINNEAPOLIS W-3 P-09","skipped","skipped","skipped"
"MINNEAPOLIS W-3 P-09","Tim Bildsoe","Samantha Pree-Stinson","Steve Fletcher"
"MINNEAPOLIS W-3 P-09","Steve Fletcher","skipped","skipped"
"MINNEAPOLIS W-3 P-09","Tim Bildsoe","Samantha Pree-Stinson","Steve Fletcher"
"MINNEAPOLIS W-3 P-09","Tim Bildsoe","Steve Fletcher","skipped"
"MINNEAPOLIS W-3 P-09","Steve Fletcher","skipped","skipped"
"MINNEAPOLIS W-3 P-09","Tim Bildsoe","skipped","skipped"
"MINNEAPOLIS W-3 P-09","Tim Bildsoe","Ginger Jentzen","Steve Fletcher"
"MINNEAPOLIS W-3 P-09","Ginger Jentzen","Tim Bildsoe","Samantha Pree-Stinson"
"MINNEAPOLIS W-3 P-09","Tim Bildsoe","Steve Fletcher","Samantha Pree-Stinson"
"MINNEAPOLIS W-3 P-09","skipped","skipped","skipped"
"MINNEAPOLIS W-3 P-09","Ginger Jentzen","Steve Fletcher","Tim Bildsoe"
"MINNEAPOLIS W-3 P-09","Steve Fletcher","skipped","skipped"
"MINNEAPOLIS W-3 P-09","Tim Bildsoe","Tim Bildsoe","skipped"
"MINNEAPOLIS W-3 P-09","Tim Bildsoe","skipped","skipped"
"MINNEAPOLIS W-3 P-09","Ginger Jentzen","skipped","skipped"
"MINNEAPOLIS W-3 P-09","Steve Fletcher","skipped","skipped"
"MINNEAPOLIS W-3 P-09","Ginger Jentzen","skipped","skipped"
"MINNEAPOLIS W-3 P-09","Steve Fletcher","Tim Bildsoe","Ginger Jentzen"
"MINNEAPOLIS W-3 P-09","skipped","skipped","skipped"
"MINNEAPOLIS W-3 P-09","Tim Bildsoe","Steve Fletcher","skipped"
"MINNEAPOLIS W-3 P-09","Tim Bildsoe","Steve Fletcher","skipped"
"MINNEAPOLIS W-3 P-09","Tim Bildsoe","Steve Fletcher","Samantha Pree-Stinson"
"MINNEAPOLIS W-3 P-09","Steve Fletcher","Samantha Pree-Stinson","Tim Bildsoe"
"MINNEAPOLIS W-3 P-09","Steve Fletcher","Samantha Pree-Stinson","skipped"
"MINNEAPOLIS W-3 P-09","Samantha Pree-Stinson","Steve Fletcher","skipped"
"MINNEAPOLIS W-3 P-09","Tim Bildsoe","skipped","skipped"
"MINNEAPOLIS W-3 P-09","Steve Fletcher","Tim Bildsoe","skipped"
"MINNEAPOLIS W-3 P-09","Steve Fletcher","Tim Bildsoe","skipped"
"MINNEAPOLIS W-3 P-09","Steve Fletcher","Samantha Pree-Stinson","Tim Bildsoe"
"MINNEAPOLIS W-3 P-09","Steve Fletcher","Samantha Pree-Stinson","Ginger Jentzen"
"MINNEAPOLIS W-3 P-09","Steve Fletcher","Tim Bildsoe","writein"
"MINNEAPOLIS W-3 P-09","Ginger Jentzen","Samantha Pree-Stinson","skipped"
"MINNEAPOLIS W-3 P-09","Tim Bildsoe","Steve Fletcher","skipped"
"MINNEAPOLIS W-3 P-09","Ginger Jentzen","Samantha Pree-Stinson","writein"
"MINNEAPOLIS W-3 P-09","Tim Bildsoe","Steve Fletcher","skipped"
"MINNEAPOLIS W-3 P-09","Tim Bildsoe","Steve Fletcher","Samantha Pree-Stinson"
"MINNEAPOLIS W-3 P-09","Tim Bildsoe","skipped","skipped"
"MINNEAPOLIS W-3 P-09","Steve Fletcher","Tim Bildsoe","skipped"
"MINNEAPOLIS W-3 P-09","Tim Bildsoe","Steve Fletcher","skipped"
"MINNEAPOLIS W-3 P-09","Tim Bildsoe","Steve Fletcher","skipped"
"MINNEAPOLIS W-3 P-09","Samantha Pree-Stinson","Tim Bildsoe","Steve Fletcher"
"MINNEAPOLIS W-3 P-09","Ginger Jentzen","skipped","skipped"
"MINNEAPOLIS W-3 P-09","Steve Fletcher","Tim Bildsoe","skipped"
"MINNEAPOLIS W-3 P-09","Tim Bildsoe","Steve Fletcher","Samantha Pree-Stinson"
"MINNEAPOLIS W-3 P-09","Tim Bildsoe","Steve Fletcher","skipped"
"MINNEAPOLIS W-3 P-09","Tim Bildsoe","Steve Fletcher","skipped"
"MINNEAPOLIS W-3 P-09","Tim Bildsoe","Steve Fletcher","skipped"
"MINNEAPOLIS W-3 P-09","Steve Fletcher","Tim Bildsoe","Samantha Pree-Stinson"
"MINNEAPOLIS W-3 P-09","Samantha Pree-Stinson","Steve Fletcher","Tim Bildsoe"
"MINNEAPOLIS W-3 P-09","Steve Fletcher","Ginger Jentzen","Tim Bildsoe"
"MINNEAPOLIS W-3 P-09","Tim Bildsoe","Steve Fletcher","writein"
"MINNEAPOLIS W-3 P-09","Tim Bildsoe","skipped","skipped"
"MINNEAPOLIS W-3 P-09","Ginger Jentzen","Steve Fletcher","Samantha Pree-Stinson"
"MINNEAPOLIS W-3 P-09","Tim Bildsoe","skipped","skipped"
"MINNEAPOLIS W-3 P-09","Steve Fletcher","Tim Bildsoe","skipped"
"MINNEAPOLIS W-3 P-09","Ginger Jentzen","Samantha Pree-Stinson","skipped"
"MINNEAPOLIS W-3 P-09","Tim Bildsoe","Steve Fletcher","skipped"
"MINNEAPOLIS W-3 P-09","Steve Fletcher","Tim Bildsoe","skipped"
"MINNEAPOLIS W-3 P-09","Tim Bildsoe","Steve Fletcher","Samantha Pree-Stinson"
"MINNEAPOLIS W-3 P-09","Ginger Jentzen","Steve Fletcher","skipped"
"MINNEAPOLIS W-3 P-09","Steve Fletcher","Ginger Jentzen","Samantha Pree-Stinson"
"MINNEAPOLIS W-3 P-09","Steve Fletcher","Tim Bildsoe","Samantha Pree-Stinson"
"MINNEAPOLIS W-3 P-09","Samantha Pree-Stinson","skipped","skipped"
"MINNEAPOLIS W-3 P-09","Steve Fletcher","skipped","skipped"
"MINNEAPOLIS W-3 P-09","skipped","skipped","skipped"
"MINNEAPOLIS W-3 P-09","Ginger Jentzen","Samantha Pree-Stinson","Tim Bildsoe"
"MINNEAPOLIS W-3 P-09","Samantha Pree-Stinson","Steve Fletcher","Tim Bildsoe"
"MINNEAPOLIS W-3 P-09","Steve Fletcher","Tim Bildsoe","Samantha Pree-Stinson"
"MINNEAPOLIS W-3 P-09","Steve Fletcher","Tim Bildsoe","skipped"
"MINNEAPOLIS W-3 P-09","Steve Fletcher","skipped","skipped"
"MINNEAPOLIS W-3 P-09","Samantha Pree-Stinson","Tim Bildsoe","Steve Fletcher"
"MINNEAPOLIS W-3 P-09","Tim Bildsoe","skipped","skipped"
"MINNEAPOLIS W-3 P-09","Ginger Jentzen","Tim Bildsoe","Steve Fletcher"
"MINNEAPOLIS W-3 P-09","Steve Fletcher","Tim Bildsoe","skipped"
"MINNEAPOLIS W-3 P-09","Tim Bildsoe","skipped","skipped"
"MINNEAPOLIS W-3 P-09","Ginger Jentzen","Tim Bildsoe","Samantha Pree-Stinson"
"MINNEAPOLIS W-3 P-09","Tim Bildsoe","Steve Fletcher","Samantha Pree-Stinson"
"MINNEAPOLIS W-3 P-09","Tim Bildsoe","skipped","skipped"
"MINNEAPOLIS W-3 P-09","Tim Bildsoe","Steve Fletcher","Ginger Jentzen"
"MINNEAPOLIS W-3 P-09","Tim Bildsoe","skipped","skipped"
"MINNEAPOLIS W-3 P-09","Tim Bildsoe","skipped","skipped"
"MINNEAPOLIS W-3 P-09","Steve Fletcher","Tim Bildsoe","Ginger Jentzen"
"MINNEAPOLIS W-3 P-09","Steve Fletcher","Ginger Jentzen","Samantha Pree-Stinson"
"MINNEAPOLIS W-3 P-09","Tim Bildsoe","Steve Fletcher","Samantha Pree-Stinson"
"MINNEAPOLIS W-3 P-09","Tim Bildsoe","Steve Fletcher","Ginger Jentzen"
"MINNEAPOLIS W-3 P-09","Steve Fletcher","Tim Bildsoe","Ginger Jentzen"
"MINNEAPOLIS W-3 P-09","Samantha Pree-Stinson","Ginger Jentzen","skipped"
"MINNEAPOLIS W-3 P-09","Steve Fletcher","Tim Bildsoe","Samantha Pree-Stinson"
"MINNEAPOLIS W-3 P-09","Tim Bildsoe","Steve Fletcher","skipped"
"MINNEAPOLIS W-3 P-09","Tim Bildsoe","Steve Fletcher","skipped"
"MINNEAPOLIS W-3 P-09","Ginger Jentzen","skipped","skipped"
"MINNEAPOLIS W-3 P-09","Tim Bildsoe","skipped","skipped"
"MINNEAPOLIS W-3 P-09","Steve Fletcher","Tim Bildsoe","Samantha Pree-Stinson"
"MINNEAPOLIS W-3 P-09","Tim Bildsoe","Steve Fletcher","Samantha Pree-Stinson"
"MINNEAPOLIS W-3 P-09","Tim Bildsoe","Steve Fletcher","skipped"
"MINNEAPOLIS W-3 P-09","Tim Bildsoe","Steve Fletcher","writein"
"MINNEAPOLIS W-3 P-09","Tim Bildsoe","Steve Fletcher","skipped"
"MINNEAPOLIS W-3 P-09","Steve Fletcher","skipped","skipped"
"MINNEAPOLIS W-3 P-09","Samantha Pree-Stinson","Tim Bildsoe","Steve Fletcher"
"MINNEAPOLIS W-3 P-09","Steve Fletcher","Tim Bildsoe","Samantha Pree-Stinson"
"MINNEAPOLIS W-3 P-09","Ginger Jentzen","Steve Fletcher","Tim Bildsoe"
"MINNEAPOLIS W-3 P-09","Steve Fletcher","skipped","skipped"
"MINNEAPOLIS W-3 P-09","Tim Bildsoe","Steve Fletcher","Samantha Pree-Stinson"
"MINNEAPOLIS W-3 P-09","Steve Fletcher","Tim Bildsoe","Ginger Jentzen"
"MINNEAPOLIS W-3 P-09","Tim Bildsoe","Steve Fletcher","skipped"
"MINNEAPOLIS W-3 P-09","Tim Bildsoe","skipped","skipped"
"MINNEAPOLIS W-3 P-09","Tim Bildsoe","Steve Fletcher","skipped"
"MINNEAPOLIS W-3 P-09","skipped","skipped","skipped"
"MINNEAPOLIS W-3 P-09","Tim Bildsoe","Steve Fletcher","skipped"
"MINNEAPOLIS W-3 P-09","Steve Fletcher","skipped","skipped"
"MINNEAPOLIS W-3 P-09","Steve Fletcher","Tim Bildsoe","skipped"
"MINNEAPOLIS W-3 P-09","Tim Bildsoe","skipped","skipped"
"MINNEAPOLIS W-3 P-09","Ginger Jentzen","skipped","skipped"
"MINNEAPOLIS W-3 P-09","Tim Bildsoe","Ginger Jentzen","skipped"
"MINNEAPOLIS W-3 P-09","Tim Bildsoe","Steve Fletcher","skipped"
"MINNEAPOLIS W-3 P-09","Tim Bildsoe","Samantha Pree-Stinson","Steve Fletcher"
"MINNEAPOLIS W-3 P-09","Ginger Jentzen","Steve Fletcher","Tim Bildsoe"
"MINNEAPOLIS W-3 P-09","Steve Fletcher","Ginger Jentzen","Samantha Pree-Stinson"
"MINNEAPOLIS W-3 P-09","Samantha Pree-Stinson","Tim Bildsoe","skipped"
"MINNEAPOLIS W-3 P-09","Tim Bildsoe","Steve Fletcher","skipped"
"MINNEAPOLIS W-3 P-09","Tim Bildsoe","Steve Fletcher","skipped"
"MINNEAPOLIS W-3 P-09","Tim Bildsoe","Steve Fletcher","skipped"
"MINNEAPOLIS W-3 P-09","Tim Bildsoe","writein","skipped"
"MINNEAPOLIS W-3 P-09","Tim Bildsoe","Steve Fletcher","Samantha Pree-Stinson"
"MINNEAPOLIS W-3 P-09","Tim Bildsoe","Steve Fletcher","skipped"
"MINNEAPOLIS W-3 P-09","Tim Bildsoe","Steve Fletcher","skipped"
"MINNEAPOLIS W-3 P-09","Steve Fletcher","Samantha Pree-Stinson","skipped"
"MINNEAPOLIS W-3 P-09","Samantha Pree-Stinson","Steve Fletcher","Tim Bildsoe"
"MINNEAPOLIS W-3 P-09","Ginger Jentzen","skipped","skipped"
"MINNEAPOLIS W-3 P-09","Steve Fletcher","Tim Bildsoe","Samantha Pree-Stinson"
"MINNEAPOLIS W-3 P-09","Ginger Jentzen","skipped","skipped"
"MINNEAPOLIS W-3 P-09","Ginger Jentzen","Steve Fletcher","Tim Bildsoe"
"MINNEAPOLIS W-3 P-09","Ginger Jentzen","Tim Bildsoe","Steve Fletcher"
"MINNEAPOLIS W-3 P-09","skipped","skipped","skipped"
"MINNEAPOLIS W-3 P-09","Samantha Pree-Stinson","skipped","skipped"
"MINNEAPOLIS W-3 P-09","Samantha Pree-Stinson","Steve Fletcher","Tim Bildsoe"
"MINNEAPOLIS W-3 P-09","Tim Bildsoe","Steve Fletcher","skipped"
"MINNEAPOLIS W-3 P-09","Steve Fletcher","Tim Bildsoe","Ginger Jentzen"
"MINNEAPOLIS W-3 P-09","Tim Bildsoe","Steve Fletcher","Samantha Pree-Stinson"
"MINNEAPOLIS W-3 P-09","Steve Fletcher","Tim Bildsoe","skipped"
"MINNEAPOLIS W-3 P-09","Steve Fletcher","Tim Bildsoe","skipped"
"MINNEAPOLIS W-3 P-09","Ginger Jentzen","Steve Fletcher","Tim Bildsoe"
"MINNEAPOLIS W-3 P-09","Tim Bildsoe","Steve Fletcher","skipped"
"MINNEAPOLIS W-3 P-09","Steve Fletcher","Tim Bildsoe","Samantha Pree-Stinson"
"MINNEAPOLIS W-3 P-09","Steve Fletcher","Ginger Jentzen","Tim Bildsoe"
"MINNEAPOLIS W-3 P-09","Steve Fletcher","Tim Bildsoe","skipped"
"MINNEAPOLIS W-3 P-09","Ginger Jentzen","Ginger Jentzen","Ginger Jentzen"
"MINNEAPOLIS W-3 P-09","Ginger Jentzen","Tim Bildsoe","Steve Fletcher"
"MINNEAPOLIS W-3 P-09","Ginger Jentzen","skipped","skipped"
"MINNEAPOLIS W-3 P-09","Tim Bildsoe","Ginger Jentzen","Steve Fletcher"
"MINNEAPOLIS W-3 P-09","Steve Fletcher","Tim Bildsoe","skipped"
"MINNEAPOLIS W-3 P-09","Steve Fletcher","skipped","skipped"
"MINNEAPOLIS W-3 P-09","Samantha Pree-Stinson","Steve Fletcher","Ginger Jentzen"
"MINNEAPOLIS W-3 P-09","Tim Bildsoe","skipped","skipped"
"MINNEAPOLIS W-3 P-09","Steve Fletcher","Tim Bildsoe","skipped"
"MINNEAPOLIS W-3 P-09","Ginger Jentzen","Tim Bildsoe","Steve Fletcher"
"MINNEAPOLIS W-3 P-09","Tim Bildsoe","Steve Fletcher","Samantha Pree-Stinson"
"MINNEAPOLIS W-3 P-09","Tim Bildsoe","Steve Fletcher","skipped"
"MINNEAPOLIS W-3 P-09","Steve Fletcher","writein","writein"
"MINNEAPOLIS W-3 P-09","Tim Bildsoe","Steve Fletcher","skipped"
"MINNEAPOLIS W-3 P-09","Tim Bildsoe","Samantha Pree-Stinson","Steve Fletcher"
"MINNEAPOLIS W-3 P-09","skipped","skipped","skipped"
"MINNEAPOLIS W-3 P-09","Samantha Pree-Stinson","Ginger Jentzen","skipped"
"MINNEAPOLIS W-3 P-09","Tim Bildsoe","Steve Fletcher","Ginger Jentzen"
"MINNEAPOLIS W-3 P-09","Ginger Jentzen","Tim Bildsoe","skipped"
"MINNEAPOLIS W-3 P-09","Steve Fletcher","skipped","skipped"
"MINNEAPOLIS W-3 P-09","Tim Bildsoe","skipped","skipped"
"MINNEAPOLIS W-3 P-09","Steve Fletcher","Tim Bildsoe","Samantha Pree-Stinson"
"MINNEAPOLIS W-3 P-09","Steve Fletcher","Tim Bildsoe","skipped"
"MINNEAPOLIS W-3 P-09","Steve Fletcher","skipped","skipped"
"MINNEAPOLIS W-3 P-09","Tim Bildsoe","Steve Fletcher","skipped"
"MINNEAPOLIS W-3 P-09","Steve Fletcher","Tim Bildsoe","Samantha Pree-Stinson"
"MINNEAPOLIS W-3 P-09","Tim Bildsoe","skipped","skipped"
"MINNEAPOLIS W-3 P-09","Tim Bildsoe","Steve Fletcher","writein"
"MINNEAPOLIS W-3 P-09","Tim Bildsoe","Steve Fletcher","skipped"
"MINNEAPOLIS W-3 P-09","Steve Fletcher","Samantha Pree-Stinson","Tim Bildsoe"
"MINNEAPOLIS W-3 P-09","Steve Fletcher","Tim Bildsoe","Ginger Jentzen"
"MINNEAPOLIS W-3 P-09","Tim Bildsoe","skipped","skipped"
"MINNEAPOLIS W-3 P-09","Steve Fletcher","skipped","skipped"
"MINNEAPOLIS W-3 P-09","Steve Fletcher","Tim Bildsoe","Samantha Pree-Stinson"
"MINNEAPOLIS W-3 P-09","Samantha Pree-Stinson","Tim Bildsoe","Steve Fletcher"
"MINNEAPOLIS W-3 P-09","Steve Fletcher","Tim Bildsoe","skipped"
"MINNEAPOLIS W-3 P-09","Steve Fletcher","skipped","skipped"
"MINNEAPOLIS W-3 P-09","Tim Bildsoe","writein","writein"
"MINNEAPOLIS W-3 P-09","Tim Bildsoe","skipped","skipped"
"MINNEAPOLIS W-3 P-09","Samantha Pree-Stinson","Steve Fletcher","Tim Bildsoe"
"MINNEAPOLIS W-3 P-09","Tim Bildsoe","Steve Fletcher","Ginger Jentzen"
"MINNEAPOLIS W-3 P-09","Tim Bildsoe","Steve Fletcher","skipped"
"MINNEAPOLIS W-3 P-09","Tim Bildsoe","Steve Fletcher","Samantha Pree-Stinson"
"MINNEAPOLIS W-3 P-08","Steve Fletcher","Ginger Jentzen","Tim Bildsoe"
"MINNEAPOLIS W-3 P-08","Steve Fletcher","Samantha Pree-Stinson","Ginger Jentzen"
"MINNEAPOLIS W-3 P-08","Tim Bildsoe","Steve Fletcher","Ginger Jentzen"
"MINNEAPOLIS W-3 P-08","skipped","skipped","skipped"
"MINNEAPOLIS W-3 P-08","Steve Fletcher","Tim Bildsoe","Samantha Pree-Stinson"
"MINNEAPOLIS W-3 P-08","Tim Bildsoe","Steve Fletcher","Samantha Pree-Stinson"
"MINNEAPOLIS W-3 P-08","Tim Bildsoe","skipped","skipped"
"MINNEAPOLIS W-3 P-08","Steve Fletcher","skipped","skipped"
"MINNEAPOLIS W-3 P-08","Ginger Jentzen","Tim Bildsoe","Samantha Pree-Stinson"
"MINNEAPOLIS W-3 P-08","Steve Fletcher","Tim Bildsoe","skipped"
"MINNEAPOLIS W-3 P-08","Ginger Jentzen","Steve Fletcher","skipped"
"MINNEAPOLIS W-3 P-08","Ginger Jentzen","Samantha Pree-Stinson","Tim Bildsoe"
"MINNEAPOLIS W-3 P-08","Samantha Pree-Stinson","Tim Bildsoe","Ginger Jentzen"
"MINNEAPOLIS W-3 P-08","Tim Bildsoe","Steve Fletcher","Samantha Pree-Stinson"
"MINNEAPOLIS W-3 P-08","Tim Bildsoe","skipped","skipped"
"MINNEAPOLIS W-3 P-08","Steve Fletcher","Tim Bildsoe","skipped"
"MINNEAPOLIS W-3 P-08","Tim Bildsoe","skipped","skipped"
"MINNEAPOLIS W-3 P-08","Tim Bildsoe","skipped","skipped"
"MINNEAPOLIS W-3 P-08","Steve Fletcher","Tim Bildsoe","skipped"
"MINNEAPOLIS W-3 P-08","Ginger Jentzen","Samantha Pree-Stinson","Steve Fletcher"
"MINNEAPOLIS W-3 P-08","Ginger Jentzen","Steve Fletcher","skipped"
"MINNEAPOLIS W-3 P-08","Tim Bildsoe","Steve Fletcher","skipped"
"MINNEAPOLIS W-3 P-08","Tim Bildsoe","Steve Fletcher","skipped"
"MINNEAPOLIS W-3 P-08","Tim Bildsoe","skipped","skipped"
"MINNEAPOLIS W-3 P-08","Steve Fletcher","Tim Bildsoe","Samantha Pree-Stinson"
"MINNEAPOLIS W-3 P-08","Ginger Jentzen","Tim Bildsoe","Steve Fletcher"
"MINNEAPOLIS W-3 P-08","skipped","skipped","skipped"
"MINNEAPOLIS W-3 P-08","Steve Fletcher","Tim Bildsoe","Samantha Pree-Stinson"
"MINNEAPOLIS W-3 P-08","Ginger Jentzen","Samantha Pree-Stinson","Samantha Pree-Stinson"
"MINNEAPOLIS W-3 P-08","Steve Fletcher","Tim Bildsoe","skipped"
"MINNEAPOLIS W-3 P-08","Steve Fletcher","Ginger Jentzen","Samantha Pree-Stinson"
"MINNEAPOLIS W-3 P-08","Steve Fletcher","Ginger Jentzen","skipped"
"MINNEAPOLIS W-3 P-08","Ginger Jentzen","Steve Fletcher","Tim Bildsoe"
"MINNEAPOLIS W-3 P-08","Ginger Jentzen","skipped","skipped"
"MINNEAPOLIS W-3 P-08","Steve Fletcher","Samantha Pree-Stinson","Ginger Jentzen"
"MINNEAPOLIS W-3 P-08","Ginger Jentzen","Samantha Pree-Stinson","Steve Fletcher"
"MINNEAPOLIS W-3 P-08","Tim Bildsoe","Steve Fletcher","skipped"
"MINNEAPOLIS W-3 P-08","Steve Fletcher","Tim Bildsoe","skipped"
"MINNEAPOLIS W-3 P-08","Samantha Pree-Stinson","Steve Fletcher","skipped"
"MINNEAPOLIS W-3 P-08","Tim Bildsoe","Steve Fletcher","skipped"
"MINNEAPOLIS W-3 P-08","Samantha Pree-Stinson","Steve Fletcher","skipped"
"MINNEAPOLIS W-3 P-08","Steve Fletcher","Tim Bildsoe","Samantha Pree-Stinson"
"MINNEAPOLIS W-3 P-08","Tim Bildsoe","Samantha Pree-Stinson","skipped"
"MINNEAPOLIS W-3 P-08","Samantha Pree-Stinson","skipped","skipped"
"MINNEAPOLIS W-3 P-08","Tim Bildsoe","skipped","skipped"
"MINNEAPOLIS W-3 P-08","Steve Fletcher","Tim Bildsoe","Samantha Pree-Stinson"
"MINNEAPOLIS W-3 P-08","Tim Bildsoe","Steve Fletcher","skipped"
"MINNEAPOLIS W-3 P-08","Ginger Jentzen","Steve Fletcher","Samantha Pree-Stinson"
"MINNEAPOLIS W-3 P-08","Tim Bildsoe","Steve Fletcher","Ginger Jentzen"
"MINNEAPOLIS W-3 P-08","Steve Fletcher","Ginger Jentzen","Samantha Pree-Stinson"
"MINNEAPOLIS W-3 P-08","Tim Bildsoe","skipped","skipped"
"MINNEAPOLIS W-3 P-08","Steve Fletcher","Tim Bildsoe","skipped"
"MINNEAPOLIS W-3 P-08","Ginger Jentzen","Steve Fletcher","Tim Bildsoe"
"MINNEAPOLIS W-3 P-08","skipped","skipped","skipped"
"MINNEAPOLIS W-3 P-08","Tim Bildsoe","Steve Fletcher","skipped"
"MINNEAPOLIS W-3 P-08","Steve Fletcher","Tim Bildsoe","Ginger Jentzen"
"MINNEAPOLIS W-3 P-08","Ginger Jentzen","Samantha Pree-Stinson","Steve Fletcher"
"MINNEAPOLIS W-3 P-08","Ginger Jentzen","Steve Fletcher","skipped"
"MINNEAPOLIS W-3 P-08","skipped","skipped","skipped"
"MINNEAPOLIS W-3 P-08","Steve Fletcher","skipped","skipped"
"MINNEAPOLIS W-3 P-08","Steve Fletcher","Ginger Jentzen","Samantha Pree-Stinson"
"MINNEAPOLIS W-3 P-08","Steve Fletcher","Tim Bildsoe","skipped"
"MINNEAPOLIS W-3 P-08","Tim Bildsoe","Steve Fletcher","writein"
"MINNEAPOLIS W-3 P-08","Steve Fletcher","Tim Bildsoe","skipped"
"MINNEAPOLIS W-3 P-08","Tim Bildsoe","Steve Fletcher","Samantha Pree-Stinson"
"MINNEAPOLIS W-3 P-08","Steve Fletcher","Tim Bildsoe","Ginger Jentzen"
"MINNEAPOLIS W-3 P-08","Ginger Jentzen","Steve Fletcher","Tim Bildsoe"
"MINNEAPOLIS W-3 P-08","Tim Bildsoe","skipped","skipped"
"MINNEAPOLIS W-3 P-08","Steve Fletcher","skipped","skipped"
"MINNEAPOLIS W-3 P-08","Steve Fletcher","skipped","skipped"
"MINNEAPOLIS W-3 P-08","Steve Fletcher","skipped","skipped"
"MINNEAPOLIS W-3 P-08","Ginger Jentzen","Samantha Pree-Stinson","Tim Bildsoe"
"MINNEAPOLIS W-3 P-08","Tim Bildsoe","Steve Fletcher","Samantha Pree-Stinson"
"MINNEAPOLIS W-3 P-08","Tim Bildsoe","Samantha Pree-Stinson","Steve Fletcher"
"MINNEAPOLIS W-3 P-08","Tim Bildsoe","skipped","skipped"
"MINNEAPOLIS W-3 P-08","Samantha Pree-Stinson","Samantha Pree-Stinson","Samantha Pree-Stinson"
"MINNEAPOLIS W-3 P-08","Tim Bildsoe","Steve Fletcher","skipped"
"MINNEAPOLIS W-3 P-08","Steve Fletcher","Samantha Pree-Stinson","Ginger Jentzen"
"MINNEAPOLIS W-3 P-08","Tim Bildsoe","Steve Fletcher","skipped"
"MINNEAPOLIS W-3 P-08","Tim Bildsoe","Steve Fletcher","skipped"
"MINNEAPOLIS W-3 P-08","Ginger Jentzen","Tim Bildsoe","skipped"
"MINNEAPOLIS W-3 P-08","Steve Fletcher","Steve Fletcher","Steve Fletcher"
"MINNEAPOLIS W-3 P-08","Ginger Jentzen","Steve Fletcher","Tim Bildsoe"
"MINNEAPOLIS W-3 P-08","Tim Bildsoe","Steve Fletcher","Ginger Jentzen"
"MINNEAPOLIS W-3 P-08","Ginger Jentzen","skipped","skipped"
"MINNEAPOLIS W-3 P-08","Tim Bildsoe","skipped","skipped"
"MINNEAPOLIS W-3 P-08","Steve Fletcher","Tim Bildsoe","Samantha Pree-Stinson"
"MINNEAPOLIS W-3 P-08","Steve Fletcher","Tim Bildsoe","skipped"
"MINNEAPOLIS W-3 P-08","Samantha Pree-Stinson","Steve Fletcher","Ginger Jentzen"
"MINNEAPOLIS W-3 P-08","Tim Bildsoe","Samantha Pree-Stinson","Ginger Jentzen"
"MINNEAPOLIS W-3 P-08","Ginger Jentzen","Tim Bildsoe","Samantha Pree-Stinson"
"MINNEAPOLIS W-3 P-08","Steve Fletcher","Tim Bildsoe","Ginger Jentzen"
"MINNEAPOLIS W-3 P-08","Steve Fletcher","Tim Bildsoe","Samantha Pree-Stinson"
"MINNEAPOLIS W-3 P-08","Steve Fletcher","Samantha Pree-Stinson","writein"
"MINNEAPOLIS W-3 P-08","Steve Fletcher","Tim Bildsoe","Ginger Jentzen"
"MINNEAPOLIS W-3 P-08","Ginger Jentzen","Samantha Pree-Stinson","skipped"
"MINNEAPOLIS W-3 P-08","Samantha Pree-Stinson","Steve Fletcher","Ginger Jentzen"
"MINNEAPOLIS W-3 P-08","Tim Bildsoe","Steve Fletcher","skipped"
"MINNEAPOLIS W-3 P-08","Tim Bildsoe","Steve Fletcher","Samantha Pree-Stinson"
"MINNEAPOLIS W-3 P-08","Ginger Jentzen","Samantha Pree-Stinson","Steve Fletcher"
"MINNEAPOLIS W-3 P-08","Samantha Pree-Stinson","Ginger Jentzen","skipped"
"MINNEAPOLIS W-3 P-08","Steve Fletcher","Ginger Jentzen","skipped"
"MINNEAPOLIS W-3 P-08","Steve Fletcher","Tim Bildsoe","Ginger Jentzen"
"MINNEAPOLIS W-3 P-08","Steve Fletcher","Ginger Jentzen","skipped"
"MINNEAPOLIS W-3 P-08","Steve Fletcher","Tim Bildsoe","Samantha Pree-Stinson"
"MINNEAPOLIS W-3 P-08","Tim Bildsoe","Steve Fletcher","Samantha Pree-Stinson"
"MINNEAPOLIS W-3 P-08","Ginger Jentzen","Steve Fletcher","Tim Bildsoe"
"MINNEAPOLIS W-3 P-08","skipped","skipped","skipped"
"MINNEAPOLIS W-3 P-08","Steve Fletcher","Tim Bildsoe","skipped"
"MINNEAPOLIS W-3 P-08","Steve Fletcher","Tim Bildsoe","Samantha Pree-Stinson"
"MINNEAPOLIS W-3 P-08","Tim Bildsoe","Steve Fletcher","skipped"
"MINNEAPOLIS W-3 P-08","Tim Bildsoe","Steve Fletcher","skipped"
"MINNEAPOLIS W-3 P-08","Steve Fletcher","Tim Bildsoe","skipped"
"MINNEAPOLIS W-3 P-08","Steve Fletcher","Tim Bildsoe","skipped"
"MINNEAPOLIS W-3 P-08","Steve Fletcher","Tim Bildsoe","Ginger Jentzen"
"MINNEAPOLIS W-3 P-08","Tim Bildsoe","Steve Fletcher","skipped"
"MINNEAPOLIS W-3 P-08","Samantha Pree-Stinson","Steve Fletcher","Ginger Jentzen"
"MINNEAPOLIS W-3 P-08","Tim Bildsoe","Steve Fletcher","Samantha Pree-Stinson"
"MINNEAPOLIS W-3 P-08","Steve Fletcher","Tim Bildsoe","Samantha Pree-Stinson"
"MINNEAPOLIS W-3 P-08","Samantha Pree-Stinson","Steve Fletcher","Ginger Jentzen"
"MINNEAPOLIS W-3 P-08","Samantha Pree-Stinson","Steve Fletcher","Tim Bildsoe"
"MINNEAPOLIS W-3 P-08","Ginger Jentzen","Samantha Pree-Stinson","Steve Fletcher"
"MINNEAPOLIS W-3 P-08","Steve Fletcher","skipped","skipped"
"MINNEAPOLIS W-3 P-08","skipped","skipped","skipped"
"MINNEAPOLIS W-3 P-08","Steve Fletcher","skipped","skipped"
"MINNEAPOLIS W-3 P-08","Ginger Jentzen","skipped","skipped"
"MINNEAPOLIS W-3 P-08","Samantha Pree-Stinson","Steve Fletcher","Ginger Jentzen"
"MINNEAPOLIS W-3 P-08","Tim Bildsoe","Steve Fletcher","Samantha Pree-Stinson"
"MINNEAPOLIS W-3 P-08","Tim Bildsoe","skipped","skipped"
"MINNEAPOLIS W-3 P-08","Ginger Jentzen","Samantha Pree-Stinson","Steve Fletcher"
"MINNEAPOLIS W-3 P-08","Tim Bildsoe","skipped","skipped"
"MINNEAPOLIS W-3 P-08","Tim Bildsoe","Steve Fletcher","skipped"
"MINNEAPOLIS W-3 P-08","Steve Fletcher","Tim Bildsoe","skipped"
"MINNEAPOLIS W-3 P-08","Steve Fletcher","Samantha Pree-Stinson","skipped"
"MINNEAPOLIS W-3 P-08","Steve Fletcher","Tim Bildsoe","skipped"
"MINNEAPOLIS W-3 P-08","Steve Fletcher","Tim Bildsoe","Samantha Pree-Stinson"
"MINNEAPOLIS W-3 P-08","Steve Fletcher","Tim Bildsoe","skipped"
"MINNEAPOLIS W-3 P-08","Tim Bildsoe","Samantha Pree-Stinson","Steve Fletcher"
"MINNEAPOLIS W-3 P-08","Tim Bildsoe","Samantha Pree-Stinson","skipped"
"MINNEAPOLIS W-3 P-08","Ginger Jentzen","Samantha Pree-Stinson","Tim Bildsoe"
"MINNEAPOLIS W-3 P-08","Steve Fletcher","Tim Bildsoe","skipped"
"MINNEAPOLIS W-3 P-08","Steve Fletcher","Tim Bildsoe","Ginger Jentzen"
"MINNEAPOLIS W-3 P-08","Steve Fletcher","Tim Bildsoe","skipped"
"MINNEAPOLIS W-3 P-08","Steve Fletcher","Tim Bildsoe","skipped"
"MINNEAPOLIS W-3 P-08","Tim Bildsoe","Steve Fletcher","skipped"
"MINNEAPOLIS W-3 P-08","Steve Fletcher","Tim Bildsoe","Samantha Pree-Stinson"
"MINNEAPOLIS W-3 P-08","Ginger Jentzen","Samantha Pree-Stinson","Steve Fletcher"
"MINNEAPOLIS W-3 P-08","Ginger Jentzen","Steve Fletcher","Tim Bildsoe"
"MINNEAPOLIS W-3 P-08","Ginger Jentzen","Samantha Pree-Stinson","Tim Bildsoe"
"MINNEAPOLIS W-3 P-08","Tim Bildsoe","Steve Fletcher","Samantha Pree-Stinson"
"MINNEAPOLIS W-3 P-08","Tim Bildsoe","Ginger Jentzen","skipped"
"MINNEAPOLIS W-3 P-08","Steve Fletcher","Tim Bildsoe","Ginger Jentzen"
"MINNEAPOLIS W-3 P-08","Steve Fletcher","Tim Bildsoe","skipped"
"MINNEAPOLIS W-3 P-08","Tim Bildsoe","Steve Fletcher","skipped"
"MINNEAPOLIS W-3 P-08","Tim Bildsoe","Steve Fletcher","skipped"
"MINNEAPOLIS W-3 P-08","Steve Fletcher","Tim Bildsoe","skipped"
"MINNEAPOLIS W-3 P-08","Tim Bildsoe","Steve Fletcher","skipped"
"MINNEAPOLIS W-3 P-08","Steve Fletcher","Tim Bildsoe","skipped"
"MINNEAPOLIS W-3 P-08","Tim Bildsoe","skipped","skipped"
"MINNEAPOLIS W-3 P-08","writein","writein","writein"
"MINNEAPOLIS W-3 P-08","Tim Bildsoe","skipped","skipped"
"MINNEAPOLIS W-3 P-08","Tim Bildsoe","Steve Fletcher","Samantha Pree-Stinson"
"MINNEAPOLIS W-3 P-08","skipped","skipped","skipped"
"MINNEAPOLIS W-3 P-08","Ginger Jentzen","skipped","skipped"
"MINNEAPOLIS W-3 P-08","writein","skipped","skipped"
"MINNEAPOLIS W-3 P-08","skipped","skipped","skipped"
"MINNEAPOLIS W-3 P-08","Steve Fletcher","Tim Bildsoe","Tim Bildsoe"
"MINNEAPOLIS W-3 P-08","Ginger Jentzen","skipped","skipped"
"MINNEAPOLIS W-3 P-08","Steve Fletcher","Samantha Pree-Stinson","Ginger Jentzen"
"MINNEAPOLIS W-3 P-08","Tim Bildsoe","Steve Fletcher","skipped"
"MINNEAPOLIS W-3 P-08","skipped","skipped","skipped"
"MINNEAPOLIS W-3 P-08","Steve Fletcher","Ginger Jentzen","Tim Bildsoe"
"MINNEAPOLIS W-3 P-08","Ginger Jentzen","skipped","skipped"
"MINNEAPOLIS W-3 P-08","Ginger Jentzen","skipped","skipped"
"MINNEAPOLIS W-3 P-08","Tim Bildsoe","Steve Fletcher","skipped"
"MINNEAPOLIS W-3 P-08","Steve Fletcher","Tim Bildsoe","Samantha Pree-Stinson"
"MINNEAPOLIS W-3 P-08","Steve Fletcher","Samantha Pree-Stinson","Ginger Jentzen"
"MINNEAPOLIS W-3 P-08","Steve Fletcher","Ginger Jentzen","Tim Bildsoe"
"MINNEAPOLIS W-3 P-08","Steve Fletcher","skipped","skipped"
"MINNEAPOLIS W-3 P-08","Ginger Jentzen","skipped","skipped"
"MINNEAPOLIS W-3 P-08","Steve Fletcher","Ginger Jentzen","Tim Bildsoe"
"MINNEAPOLIS W-3 P-08","Tim Bildsoe","Steve Fletcher","skipped"
"MINNEAPOLIS W-3 P-08","Steve Fletcher","skipped","skipped"
"MINNEAPOLIS W-3 P-08","Tim Bildsoe","skipped","skipped"
"MINNEAPOLIS W-3 P-08","Ginger Jentzen","Samantha Pree-Stinson","Steve Fletcher"
"MINNEAPOLIS W-3 P-08","Steve Fletcher","skipped","skipped"
"MINNEAPOLIS W-3 P-08","Steve Fletcher","Ginger Jentzen","skipped"
"MINNEAPOLIS W-3 P-08","Steve Fletcher","Tim Bildsoe","Samantha Pree-Stinson"
"MINNEAPOLIS W-3 P-08","Samantha Pree-Stinson","Ginger Jentzen","skipped"
"MINNEAPOLIS W-3 P-08","skipped","skipped","skipped"
"MINNEAPOLIS W-3 P-08","Samantha Pree-Stinson","skipped","Steve Fletcher"
"MINNEAPOLIS W-3 P-08","Samantha Pree-Stinson","Steve Fletcher","Ginger Jentzen"
"MINNEAPOLIS W-3 P-08","Ginger Jentzen","Tim Bildsoe","Samantha Pree-Stinson"
"MINNEAPOLIS W-3 P-08","Steve Fletcher","Samantha Pree-Stinson","Ginger Jentzen"
"MINNEAPOLIS W-3 P-08","Steve Fletcher","Tim Bildsoe","Ginger Jentzen"
"MINNEAPOLIS W-3 P-08","Tim Bildsoe","Steve Fletcher","skipped"
"MINNEAPOLIS W-3 P-08","Tim Bildsoe","Ginger Jentzen","skipped"
"MINNEAPOLIS W-3 P-08","Steve Fletcher","skipped","skipped"
"MINNEAPOLIS W-3 P-08","Steve Fletcher","Tim Bildsoe","skipped"
"MINNEAPOLIS W-3 P-08","Steve Fletcher","Samantha Pree-Stinson","Tim Bildsoe"
"MINNEAPOLIS W-3 P-08","Samantha Pree-Stinson","Ginger Jentzen","skipped"
"MINNEAPOLIS W-3 P-08","Steve Fletcher","skipped","skipped"
"MINNEAPOLIS W-3 P-08","Samantha Pree-Stinson","Ginger Jentzen","Steve Fletcher"
"MINNEAPOLIS W-3 P-08","Tim Bildsoe","Steve Fletcher","skipped"
"MINNEAPOLIS W-3 P-08","Tim Bildsoe","Ginger Jentzen","Steve Fletcher"
"MINNEAPOLIS W-3 P-08","Ginger Jentzen","Steve Fletcher","Tim Bildsoe"
"MINNEAPOLIS W-3 P-08","Steve Fletcher","Tim Bildsoe","skipped"
"MINNEAPOLIS W-3 P-08","Tim Bildsoe","skipped","skipped"
"MINNEAPOLIS W-3 P-08","Tim Bildsoe","Steve Fletcher","Samantha Pree-Stinson"
"MINNEAPOLIS W-3 P-08","Samantha Pree-Stinson","skipped","skipped"
"MINNEAPOLIS W-3 P-08","Tim Bildsoe","skipped","skipped"
"MINNEAPOLIS W-3 P-08","Steve Fletcher","skipped","skipped"
"MINNEAPOLIS W-3 P-08","Tim Bildsoe","Steve Fletcher","skipped"
"MINNEAPOLIS W-3 P-08","Steve Fletcher","skipped","skipped"
"MINNEAPOLIS W-3 P-08","Tim Bildsoe","skipped","skipped"
"MINNEAPOLIS W-3 P-08","Tim Bildsoe","Steve Fletcher","skipped"
"MINNEAPOLIS W-3 P-08","Tim Bildsoe","skipped","skipped"
"MINNEAPOLIS W-3 P-08","Ginger Jentzen","Tim Bildsoe","Steve Fletcher"
"MINNEAPOLIS W-3 P-08","Steve Fletcher","Ginger Jentzen","skipped"
"MINNEAPOLIS W-3 P-08","Steve Fletcher","Samantha Pree-Stinson","Ginger Jentzen"
"MINNEAPOLIS W-3 P-08","Ginger Jentzen","Tim Bildsoe","Steve Fletcher"
"MINNEAPOLIS W-3 P-08","Ginger Jentzen","Samantha Pree-Stinson","Steve Fletcher"
"MINNEAPOLIS W-3 P-08","Tim Bildsoe","Ginger Jentzen","skipped"
"MINNEAPOLIS W-3 P-08","Ginger Jentzen","Steve Fletcher","Tim Bildsoe"
"MINNEAPOLIS W-3 P-08","Tim Bildsoe","Steve Fletcher","Samantha Pree-Stinson"
"MINNEAPOLIS W-3 P-08","Steve Fletcher","Ginger Jentzen","Samantha Pree-Stinson"
"MINNEAPOLIS W-3 P-08","Steve Fletcher","Ginger Jentzen","Samantha Pree-Stinson"
"MINNEAPOLIS W-3 P-08","Tim Bildsoe","Steve Fletcher","Ginger Jentzen"
"MINNEAPOLIS W-3 P-08","Tim Bildsoe","Steve Fletcher","skipped"
"MINNEAPOLIS W-3 P-08","Tim Bildsoe","Steve Fletcher","Ginger Jentzen"
"MINNEAPOLIS W-3 P-08","Samantha Pree-Stinson","Steve Fletcher","Ginger Jentzen"
"MINNEAPOLIS W-3 P-08","Tim Bildsoe","Steve Fletcher","Samantha Pree-Stinson"
"MINNEAPOLIS W-3 P-08","Steve Fletcher","Ginger Jentzen","skipped"
"MINNEAPOLIS W-3 P-08","Steve Fletcher","Tim Bildsoe","skipped"
"MINNEAPOLIS W-3 P-08","Samantha Pree-Stinson","Ginger Jentzen","Steve Fletcher"
"MINNEAPOLIS W-3 P-08","Steve Fletcher","Samantha Pree-Stinson","skipped"
"MINNEAPOLIS W-3 P-08","Ginger Jentzen","skipped","skipped"
"MINNEAPOLIS W-3 P-08","Tim Bildsoe","Steve Fletcher","skipped"
"MINNEAPOLIS W-3 P-08","Tim Bildsoe","skipped","skipped"
"MINNEAPOLIS W-3 P-08","Steve Fletcher","Tim Bildsoe","Samantha Pree-Stinson"
"MINNEAPOLIS W-3 P-08","Steve Fletcher","Samantha Pree-Stinson","skipped"
"MINNEAPOLIS W-3 P-08","Ginger Jentzen","skipped","skipped"
"MINNEAPOLIS W-3 P-08","Tim Bildsoe","Samantha Pree-Stinson","skipped"
"MINNEAPOLIS W-3 P-08","Steve Fletcher","Tim Bildsoe","Ginger Jentzen"
"MINNEAPOLIS W-3 P-08","Tim Bildsoe","Steve Fletcher","Ginger Jentzen"
"MINNEAPOLIS W-3 P-08","Steve Fletcher","skipped","skipped"
"MINNEAPOLIS W-3 P-08","Tim Bildsoe","skipped","skipped"
"MINNEAPOLIS W-3 P-08","skipped","skipped","skipped"
"MINNEAPOLIS W-3 P-08","Steve Fletcher","Samantha Pree-Stinson","Ginger Jentzen"
"MINNEAPOLIS W-3 P-08","Tim Bildsoe","Tim Bildsoe","Tim Bildsoe"
"MINNEAPOLIS W-3 P-08","Ginger Jentzen","Samantha Pree-Stinson","Tim Bildsoe"
"MINNEAPOLIS W-3 P-08","Steve Fletcher","Tim Bildsoe","Samantha Pree-Stinson"
"MINNEAPOLIS W-3 P-08","Steve Fletcher","Tim Bildsoe","skipped"
"MINNEAPOLIS W-3 P-08","Tim Bildsoe","Steve Fletcher","skipped"
"MINNEAPOLIS W-3 P-08","Steve Fletcher","Tim Bildsoe","Ginger Jentzen"
"MINNEAPOLIS W-3 P-08","Ginger Jentzen","Steve Fletcher","Samantha Pree-Stinson"
"MINNEAPOLIS W-3 P-08","Tim Bildsoe","skipped","skipped"
"MINNEAPOLIS W-3 P-08","Steve Fletcher","skipped","skipped"
"MINNEAPOLIS W-3 P-08","Samantha Pree-Stinson","Ginger Jentzen","Tim Bildsoe"
"MINNEAPOLIS W-3 P-08","Steve Fletcher","Tim Bildsoe","skipped"
"MINNEAPOLIS W-3 P-08","Tim Bildsoe","skipped","skipped"
"MINNEAPOLIS W-3 P-08","Tim Bildsoe","Steve Fletcher","Samantha Pree-Stinson"
"MINNEAPOLIS W-3 P-08","Ginger Jentzen","Tim Bildsoe","Steve Fletcher"
"MINNEAPOLIS W-3 P-08","Ginger Jentzen","Steve Fletcher","Tim Bildsoe"
"MINNEAPOLIS W-3 P-08","Steve Fletcher","Samantha Pree-Stinson","skipped"
"MINNEAPOLIS W-3 P-08","Tim Bildsoe","skipped","skipped"
"MINNEAPOLIS W-3 P-08","Samantha Pree-Stinson","Ginger Jentzen","Tim Bildsoe"
"MINNEAPOLIS W-3 P-08","Samantha Pree-Stinson","Ginger Jentzen","Steve Fletcher"
"MINNEAPOLIS W-3 P-08","Steve Fletcher","Tim Bildsoe","Ginger Jentzen"
"MINNEAPOLIS W-3 P-08","Tim Bildsoe","skipped","skipped"
"MINNEAPOLIS W-3 P-08","Steve Fletcher","Tim Bildsoe","skipped"
"MINNEAPOLIS W-3 P-08","Tim Bildsoe","Steve Fletcher","Ginger Jentzen"
"MINNEAPOLIS W-3 P-08","Tim Bildsoe","Steve Fletcher","skipped"
"MINNEAPOLIS W-3 P-08","Tim Bildsoe","Steve Fletcher","Samantha Pree-Stinson"
"MINNEAPOLIS W-3 P-08","Ginger Jentzen","Samantha Pree-Stinson","skipped"
"MINNEAPOLIS W-3 P-08","Tim Bildsoe","skipped","skipped"
"MINNEAPOLIS W-3 P-08","Samantha Pree-Stinson","Steve Fletcher","Tim Bildsoe"
"MINNEAPOLIS W-3 P-08","Tim Bildsoe","Steve Fletcher","Samantha Pree-Stinson"
"MINNEAPOLIS W-3 P-08","Tim Bildsoe","Steve Fletcher","Samantha Pree-Stinson"
"MINNEAPOLIS W-3 P-08","Tim Bildsoe","Steve Fletcher","Samantha Pree-Stinson"
"MINNEAPOLIS W-3 P-08","Steve Fletcher","Ginger Jentzen","Tim Bildsoe"
"MINNEAPOLIS W-3 P-08","Steve Fletcher","skipped","skipped"
"MINNEAPOLIS W-3 P-08","Ginger Jentzen","Tim Bildsoe","skipped"
"MINNEAPOLIS W-3 P-08","Ginger Jentzen","skipped","skipped"
"MINNEAPOLIS W-3 P-08","Steve Fletcher","Tim Bildsoe","skipped"
"MINNEAPOLIS W-3 P-08","Samantha Pree-Stinson","skipped","skipped"
"MINNEAPOLIS W-3 P-08","Steve Fletcher","Tim Bildsoe","skipped"
"MINNEAPOLIS W-3 P-08","Tim Bildsoe","skipped","skipped"
"MINNEAPOLIS W-3 P-08","Tim Bildsoe","Steve Fletcher","skipped"
"MINNEAPOLIS W-3 P-08","Samantha Pree-Stinson","Ginger Jentzen","Steve Fletcher"
"MINNEAPOLIS W-3 P-08","Tim Bildsoe","Steve Fletcher","Samantha Pree-Stinson"
"MINNEAPOLIS W-3 P-08","Steve Fletcher","Tim Bildsoe","skipped"
"MINNEAPOLIS W-3 P-08","Tim Bildsoe","Samantha Pree-Stinson","Ginger Jentzen"
"MINNEAPOLIS W-3 P-08","Steve Fletcher","Tim Bildsoe","Samantha Pree-Stinson"
"MINNEAPOLIS W-3 P-08","Tim Bildsoe","Steve Fletcher","skipped"
"MINNEAPOLIS W-3 P-08","Tim Bildsoe","Samantha Pree-Stinson","writein"
"MINNEAPOLIS W-3 P-08","Ginger Jentzen","Steve Fletcher","Samantha Pree-Stinson"
"MINNEAPOLIS W-3 P-08","Samantha Pree-Stinson","Steve Fletcher","Ginger Jentzen"
"MINNEAPOLIS W-3 P-08","Ginger Jentzen","Samantha Pree-Stinson","Steve Fletcher"
"MINNEAPOLIS W-3 P-08","Steve Fletcher","Samantha Pree-Stinson","Ginger Jentzen"
"MINNEAPOLIS W-3 P-08","Tim Bildsoe","Steve Fletcher","Samantha Pree-Stinson"
"MINNEAPOLIS W-3 P-08","Steve Fletcher","Tim Bildsoe","Samantha Pree-Stinson"
"MINNEAPOLIS W-3 P-08","Steve Fletcher","Tim Bildsoe","Samantha Pree-Stinson"
"MINNEAPOLIS W-3 P-08","Ginger Jentzen","Samantha Pree-Stinson","Steve Fletcher"
"MINNEAPOLIS W-3 P-08","Tim Bildsoe","Steve Fletcher","skipped"
"MINNEAPOLIS W-3 P-08","Ginger Jentzen","Steve Fletcher","Samantha Pree-Stinson"
"MINNEAPOLIS W-3 P-08","Tim Bildsoe","Steve Fletcher","skipped"
"MINNEAPOLIS W-3 P-08","Steve Fletcher","Tim Bildsoe","skipped"
"MINNEAPOLIS W-3 P-08","Steve Fletcher","Tim Bildsoe","skipped"
"MINNEAPOLIS W-3 P-08","skipped","skipped","skipped"
"MINNEAPOLIS W-3 P-08","Samantha Pree-Stinson","Steve Fletcher","Tim Bildsoe"
"MINNEAPOLIS W-3 P-08","Ginger Jentzen","Steve Fletcher","skipped"
"MINNEAPOLIS W-3 P-08","Steve Fletcher","Tim Bildsoe","Ginger Jentzen"
"MINNEAPOLIS W-3 P-08","Ginger Jentzen","Tim Bildsoe","skipped"
"MINNEAPOLIS W-3 P-08","Samantha Pree-Stinson","Tim Bildsoe","Steve Fletcher"
"MINNEAPOLIS W-3 P-08","Ginger Jentzen","Tim Bildsoe","Steve Fletcher"
"MINNEAPOLIS W-3 P-08","Steve Fletcher","skipped","skipped"
"MINNEAPOLIS W-3 P-08","Tim Bildsoe","Steve Fletcher","Samantha Pree-Stinson"
"MINNEAPOLIS W-3 P-08","Tim Bildsoe","skipped","skipped"
"MINNEAPOLIS W-3 P-08","Steve Fletcher","Tim Bildsoe","skipped"
"MINNEAPOLIS W-3 P-08","Tim Bildsoe","skipped","skipped"
"MINNEAPOLIS W-3 P-08","Ginger Jentzen","Steve Fletcher","Samantha Pree-Stinson"
"MINNEAPOLIS W-3 P-08","skipped","skipped","skipped"
"MINNEAPOLIS W-3 P-08","Steve Fletcher","Tim Bildsoe","skipped"
"MINNEAPOLIS W-3 P-08","Steve Fletcher","skipped","skipped"
"MINNEAPOLIS W-3 P-08","Steve Fletcher","Ginger Jentzen","skipped"
"MINNEAPOLIS W-3 P-08","Steve Fletcher","skipped","skipped"
"MINNEAPOLIS W-3 P-08","Ginger Jentzen","skipped","skipped"
"MINNEAPOLIS W-3 P-08","Steve Fletcher","Ginger Jentzen","Tim Bildsoe"
"MINNEAPOLIS W-3 P-08","Ginger Jentzen","Samantha Pree-Stinson","Tim Bildsoe"
"MINNEAPOLIS W-3 P-08","Ginger Jentzen","skipped","skipped"
"MINNEAPOLIS W-3 P-08","Steve Fletcher","skipped","skipped"
"MINNEAPOLIS W-3 P-08","Ginger Jentzen","Samantha Pree-Stinson","Steve Fletcher"
"MINNEAPOLIS W-3 P-08","Ginger Jentzen","Steve Fletcher","Tim Bildsoe"
"MINNEAPOLIS W-3 P-08","Tim Bildsoe","Steve Fletcher","Samantha Pree-Stinson"
"MINNEAPOLIS W-3 P-08","Tim Bildsoe","Steve Fletcher","skipped"
"MINNEAPOLIS W-3 P-08","Tim Bildsoe","Steve Fletcher","Samantha Pree-Stinson"
"MINNEAPOLIS W-3 P-08","Ginger Jentzen","Tim Bildsoe","skipped"
"MINNEAPOLIS W-3 P-08","Samantha Pree-Stinson","Samantha Pree-Stinson","Samantha Pree-Stinson"
"MINNEAPOLIS W-3 P-08","Tim Bildsoe","skipped","skipped"
"MINNEAPOLIS W-3 P-08","Steve Fletcher","Tim Bildsoe","skipped"
"MINNEAPOLIS W-3 P-08","Steve Fletcher","Tim Bildsoe","Samantha Pree-Stinson"
"MINNEAPOLIS W-3 P-08","Tim Bildsoe","skipped","skipped"
"MINNEAPOLIS W-3 P-08","skipped","skipped","skipped"
"MINNEAPOLIS W-3 P-08","Steve Fletcher","Ginger Jentzen","Tim Bildsoe"
"MINNEAPOLIS W-3 P-08","Tim Bildsoe","skipped","skipped"
"MINNEAPOLIS W-3 P-08","Ginger Jentzen","Steve Fletcher","Tim Bildsoe"
"MINNEAPOLIS W-3 P-08","Tim Bildsoe","skipped","skipped"
"MINNEAPOLIS W-3 P-08","Samantha Pree-Stinson","Tim Bildsoe","skipped"
"MINNEAPOLIS W-3 P-08","Tim Bildsoe","Steve Fletcher","skipped"
"MINNEAPOLIS W-3 P-08","Tim Bildsoe","Steve Fletcher","skipped"
"MINNEAPOLIS W-3 P-08","Samantha Pree-Stinson","Ginger Jentzen","Tim Bildsoe"
"MINNEAPOLIS W-3 P-08","Tim Bildsoe","Steve Fletcher","Samantha Pree-Stinson"
"MINNEAPOLIS W-3 P-08","Ginger Jentzen","Steve Fletcher","Tim Bildsoe"
"MINNEAPOLIS W-3 P-08","Steve Fletcher","Tim Bildsoe","Samantha Pree-Stinson"
"MINNEAPOLIS W-3 P-08","Samantha Pree-Stinson","Ginger Jentzen","skipped"
"MINNEAPOLIS W-3 P-08","Steve Fletcher","Ginger Jentzen","Tim Bildsoe"
"MINNEAPOLIS W-3 P-08","Tim Bildsoe","skipped","skipped"
"MINNEAPOLIS W-3 P-08","Samantha Pree-Stinson","Ginger Jentzen","Tim Bildsoe"
"MINNEAPOLIS W-3 P-08","Tim Bildsoe","Steve Fletcher","skipped"
"MINNEAPOLIS W-3 P-08","Tim Bildsoe","Tim Bildsoe","Tim Bildsoe"
"MINNEAPOLIS W-3 P-08","Ginger Jentzen","Samantha Pree-Stinson","Tim Bildsoe"
"MINNEAPOLIS W-3 P-08","Tim Bildsoe","Steve Fletcher","Samantha Pree-Stinson"
"MINNEAPOLIS W-3 P-08","Tim Bildsoe","skipped","skipped"
"MINNEAPOLIS W-3 P-08","Steve Fletcher","Samantha Pree-Stinson","Tim Bildsoe"
"MINNEAPOLIS W-3 P-08","Tim Bildsoe","skipped","skipped"
"MINNEAPOLIS W-3 P-08","Tim Bildsoe","Steve Fletcher","Samantha Pree-Stinson"
"MINNEAPOLIS W-3 P-08","Ginger Jentzen","Steve Fletcher","skipped"
"MINNEAPOLIS W-3 P-08","Steve Fletcher","skipped","skipped"
"MINNEAPOLIS W-3 P-08","skipped","skipped","skipped"
"MINNEAPOLIS W-3 P-08","Steve Fletcher","Tim Bildsoe","skipped"
"MINNEAPOLIS W-3 P-08","Tim Bildsoe","Steve Fletcher","Samantha Pree-Stinson"
"MINNEAPOLIS W-3 P-08","Tim Bildsoe","Samantha Pree-Stinson","Steve Fletcher"
"MINNEAPOLIS W-3 P-08","Steve Fletcher","Tim Bildsoe","skipped"
"MINNEAPOLIS W-3 P-08","Tim Bildsoe","Steve Fletcher","Tim Bildsoe"
"MINNEAPOLIS W-3 P-08","Ginger Jentzen","Tim Bildsoe","Steve Fletcher"
"MINNEAPOLIS W-3 P-08","Tim Bildsoe","Steve Fletcher","skipped"
"MINNEAPOLIS W-3 P-08","Ginger Jentzen","Steve Fletcher","Samantha Pree-Stinson"
"MINNEAPOLIS W-3 P-08","Steve Fletcher","skipped","skipped"
"MINNEAPOLIS W-3 P-08","Steve Fletcher","skipped","skipped"
"MINNEAPOLIS W-3 P-08","Tim Bildsoe","Steve Fletcher","Tim Bildsoe"
"MINNEAPOLIS W-3 P-08","Steve Fletcher","skipped","skipped"
"MINNEAPOLIS W-3 P-08","Tim Bildsoe","Steve Fletcher","Samantha Pree-Stinson"
"MINNEAPOLIS W-3 P-08","Steve Fletcher","skipped","skipped"
"MINNEAPOLIS W-3 P-08","Steve Fletcher","Tim Bildsoe","skipped"
"MINNEAPOLIS W-3 P-08","Ginger Jentzen","Steve Fletcher","Tim Bildsoe"
"MINNEAPOLIS W-3 P-08","Steve Fletcher","Tim Bildsoe","Samantha Pree-Stinson"
"MINNEAPOLIS W-3 P-08","Tim Bildsoe","skipped","skipped"
"MINNEAPOLIS W-3 P-08","Ginger Jentzen","skipped","skipped"
"MINNEAPOLIS W-3 P-08","Tim Bildsoe","Steve Fletcher","Samantha Pree-Stinson"
"MINNEAPOLIS W-3 P-08","Tim Bildsoe","Ginger Jentzen","Steve Fletcher"
"MINNEAPOLIS W-3 P-08","Tim Bildsoe","Tim Bildsoe","skipped"
"MINNEAPOLIS W-3 P-08","Tim Bildsoe","Steve Fletcher","Samantha Pree-Stinson"
"MINNEAPOLIS W-3 P-08","Steve Fletcher","Tim Bildsoe","Ginger Jentzen"
"MINNEAPOLIS W-3 P-08","Ginger Jentzen","Steve Fletcher","Tim Bildsoe"
"MINNEAPOLIS W-3 P-08","Steve Fletcher","Tim Bildsoe","skipped"
"MINNEAPOLIS W-3 P-08","Steve Fletcher","Ginger Jentzen","Tim Bildsoe"
"MINNEAPOLIS W-3 P-08","Tim Bildsoe","Steve Fletcher","skipped"
"MINNEAPOLIS W-3 P-08","Steve Fletcher","Tim Bildsoe","skipped"
"MINNEAPOLIS W-3 P-08","Ginger Jentzen","Steve Fletcher","Samantha Pree-Stinson"
"MINNEAPOLIS W-3 P-08","Tim Bildsoe","Steve Fletcher","Samantha Pree-Stinson"
"MINNEAPOLIS W-3 P-08","Ginger Jentzen","Steve Fletcher","Tim Bildsoe"
"MINNEAPOLIS W-3 P-08","Tim Bildsoe","skipped","skipped"
"MINNEAPOLIS W-3 P-08","Samantha Pree-Stinson","Ginger Jentzen","Steve Fletcher"
"MINNEAPOLIS W-3 P-08","Ginger Jentzen","skipped","skipped"
"MINNEAPOLIS W-3 P-08","Steve Fletcher","skipped","skipped"
"MINNEAPOLIS W-3 P-08","Tim Bildsoe","skipped","skipped"
"MINNEAPOLIS W-3 P-08","Steve Fletcher","Tim Bildsoe","Samantha Pree-Stinson"
"MINNEAPOLIS W-3 P-08","Tim Bildsoe","Steve Fletcher","skipped"
"MINNEAPOLIS W-3 P-08","Steve Fletcher","Tim Bildsoe","skipped"
"MINNEAPOLIS W-3 P-08","Steve Fletcher","Tim Bildsoe","writein"
"MINNEAPOLIS W-3 P-08","Samantha Pree-Stinson","Tim Bildsoe","Ginger Jentzen"
"MINNEAPOLIS W-3 P-08","Ginger Jentzen","skipped","skipped"
"MINNEAPOLIS W-3 P-08","Steve Fletcher","Samantha Pree-Stinson","Tim Bildsoe"
"MINNEAPOLIS W-3 P-08","Tim Bildsoe","Steve Fletcher","skipped"
"MINNEAPOLIS W-3 P-08","Tim Bildsoe","Steve Fletcher","skipped"
"MINNEAPOLIS W-3 P-08","Steve Fletcher","Tim Bildsoe","skipped"
"MINNEAPOLIS W-3 P-08","Steve Fletcher","Tim Bildsoe","Samantha Pree-Stinson"
"MINNEAPOLIS W-3 P-08","Steve Fletcher","Tim Bildsoe","skipped"
"MINNEAPOLIS W-3 P-08","Samantha Pree-Stinson","Ginger Jentzen","skipped"
"MINNEAPOLIS W-3 P-08","Steve Fletcher","skipped","skipped"
"MINNEAPOLIS W-3 P-08","Steve Fletcher","Tim Bildsoe","skipped"
"MINNEAPOLIS W-3 P-08","Tim Bildsoe","Steve Fletcher","Samantha Pree-Stinson"
"MINNEAPOLIS W-3 P-08","Steve Fletcher","Samantha Pree-Stinson","Tim Bildsoe"
"MINNEAPOLIS W-3 P-08","Tim Bildsoe","skipped","skipped"
"MINNEAPOLIS W-3 P-08","Steve Fletcher","Samantha Pree-Stinson","Tim Bildsoe"
"MINNEAPOLIS W-3 P-08","Samantha Pree-Stinson","skipped","skipped"
"MINNEAPOLIS W-3 P-08","Steve Fletcher","Tim Bildsoe","skipped"
"MINNEAPOLIS W-3 P-08","Tim Bildsoe","skipped","skipped"
"MINNEAPOLIS W-3 P-08","Tim Bildsoe","Steve Fletcher","Samantha Pree-Stinson"
"MINNEAPOLIS W-3 P-08","Tim Bildsoe","Steve Fletcher","Samantha Pree-Stinson"
"MINNEAPOLIS W-3 P-08","Steve Fletcher","Tim Bildsoe","skipped"
"MINNEAPOLIS W-3 P-08","Ginger Jentzen","Tim Bildsoe","Steve Fletcher"
"MINNEAPOLIS W-3 P-08","Tim Bildsoe","Steve Fletcher","Samantha Pree-Stinson"
"MINNEAPOLIS W-3 P-08","Steve Fletcher","Tim Bildsoe","skipped"
"MINNEAPOLIS W-3 P-08","Ginger Jentzen","Steve Fletcher","Samantha Pree-Stinson"
"MINNEAPOLIS W-3 P-08","Steve Fletcher","Tim Bildsoe","Samantha Pree-Stinson"
"MINNEAPOLIS W-3 P-08","Steve Fletcher","skipped","skipped"
"MINNEAPOLIS W-3 P-08","Samantha Pree-Stinson","Ginger Jentzen","Steve Fletcher"
"MINNEAPOLIS W-3 P-08","Ginger Jentzen","Tim Bildsoe","Samantha Pree-Stinson"
"MINNEAPOLIS W-3 P-08","skipped","skipped","skipped"
"MINNEAPOLIS W-3 P-08","Tim Bildsoe","Steve Fletcher","Samantha Pree-Stinson"
"MINNEAPOLIS W-3 P-08","Steve Fletcher","Samantha Pree-Stinson","Ginger Jentzen"
"MINNEAPOLIS W-3 P-08","Tim Bildsoe","skipped","skipped"
"MINNEAPOLIS W-3 P-08","Steve Fletcher","Tim Bildsoe","Samantha Pree-Stinson"
"MINNEAPOLIS W-3 P-08","Tim Bildsoe","Steve Fletcher","Samantha Pree-Stinson"
"MINNEAPOLIS W-3 P-08","Steve Fletcher","Tim Bildsoe","skipped"
"MINNEAPOLIS W-3 P-08","Steve Fletcher","Samantha Pree-Stinson","Ginger Jentzen"
"MINNEAPOLIS W-3 P-08","Samantha Pree-Stinson","Steve Fletcher","Tim Bildsoe"
"MINNEAPOLIS W-3 P-08","Tim Bildsoe","Steve Fletcher","Samantha Pree-Stinson"
"MINNEAPOLIS W-3 P-08","Samantha Pree-Stinson","Tim Bildsoe","Ginger Jentzen"
"MINNEAPOLIS W-3 P-08","Tim Bildsoe","Ginger Jentzen","Samantha Pree-Stinson"
"MINNEAPOLIS W-3 P-08","Tim Bildsoe","Steve Fletcher","Samantha Pree-Stinson"
"MINNEAPOLIS W-3 P-08","Tim Bildsoe","skipped","skipped"
"MINNEAPOLIS W-3 P-08","Tim Bildsoe","Steve Fletcher","Samantha Pree-Stinson"
"MINNEAPOLIS W-3 P-08","Steve Fletcher","Tim Bildsoe","Samantha Pree-Stinson"
"MINNEAPOLIS W-3 P-08","Steve Fletcher","Ginger Jentzen","Tim Bildsoe"
"MINNEAPOLIS W-3 P-08","Steve Fletcher","Ginger Jentzen","Samantha Pree-Stinson"
"MINNEAPOLIS W-3 P-08","Steve Fletcher","Tim Bildsoe","skipped"
"MINNEAPOLIS W-3 P-08","Tim Bildsoe","skipped","skipped"
"MINNEAPOLIS W-3 P-08","Steve Fletcher","Ginger Jentzen","skipped"
"MINNEAPOLIS W-3 P-08","Tim Bildsoe","skipped","skipped"
"MINNEAPOLIS W-3 P-08","Ginger Jentzen","Steve Fletcher","Tim Bildsoe"
"MINNEAPOLIS W-3 P-08","Steve Fletcher","Samantha Pree-Stinson","Ginger Jentzen"
"MINNEAPOLIS W-3 P-08","Tim Bildsoe","Steve Fletcher","Samantha Pree-Stinson"
"MINNEAPOLIS W-3 P-08","Ginger Jentzen","Samantha Pree-Stinson","Steve Fletcher"
"MINNEAPOLIS W-3 P-08","Tim Bildsoe","skipped","skipped"
"MINNEAPOLIS W-3 P-08","Steve Fletcher","Tim Bildsoe","skipped"
"MINNEAPOLIS W-3 P-08","Tim Bildsoe","Steve Fletcher","skipped"
"MINNEAPOLIS W-3 P-08","Ginger Jentzen","Steve Fletcher","Tim Bildsoe"
"MINNEAPOLIS W-3 P-08","Tim Bildsoe","Steve Fletcher","skipped"
"MINNEAPOLIS W-3 P-08","Steve Fletcher","Samantha Pree-Stinson","Tim Bildsoe"
"MINNEAPOLIS W-3 P-08","Ginger Jentzen","Samantha Pree-Stinson","Steve Fletcher"
"MINNEAPOLIS W-3 P-08","Tim Bildsoe","skipped","skipped"
"MINNEAPOLIS W-3 P-08","Tim Bildsoe","Ginger Jentzen","Steve Fletcher"
"MINNEAPOLIS W-3 P-08","Ginger Jentzen","skipped","skipped"
"MINNEAPOLIS W-3 P-08","Tim Bildsoe","Steve Fletcher","Samantha Pree-Stinson"
"MINNEAPOLIS W-3 P-08","Tim Bildsoe","Steve Fletcher","skipped"
"MINNEAPOLIS W-3 P-08","Steve Fletcher","Tim Bildsoe","Samantha Pree-Stinson"
"MINNEAPOLIS W-3 P-08","skipped","skipped","skipped"
"MINNEAPOLIS W-3 P-08","Tim Bildsoe","Steve Fletcher","Samantha Pree-Stinson"
"MINNEAPOLIS W-3 P-08","Samantha Pree-Stinson","skipped","skipped"
"MINNEAPOLIS W-3 P-08","Tim Bildsoe","Steve Fletcher","skipped"
"MINNEAPOLIS W-3 P-08","Tim Bildsoe","Steve Fletcher","skipped"
"MINNEAPOLIS W-3 P-08","Tim Bildsoe","skipped","skipped"
"MINNEAPOLIS W-3 P-08","Tim Bildsoe","Steve Fletcher","skipped"
"MINNEAPOLIS W-3 P-08","Ginger Jentzen","Samantha Pree-Stinson","Steve Fletcher"
"MINNEAPOLIS W-3 P-08","skipped","skipped","skipped"
"MINNEAPOLIS W-3 P-08","Steve Fletcher","Samantha Pree-Stinson","Tim Bildsoe"
"MINNEAPOLIS W-3 P-08","Steve Fletcher","Tim Bildsoe","writein"
"MINNEAPOLIS W-3 P-08","Steve Fletcher","Tim Bildsoe","Samantha Pree-Stinson"
"MINNEAPOLIS W-3 P-08","Tim Bildsoe","Steve Fletcher","skipped"
"MINNEAPOLIS W-3 P-08","Steve Fletcher","Tim Bildsoe","skipped"
"MINNEAPOLIS W-3 P-08","skipped","skipped","skipped"
"MINNEAPOLIS W-3 P-08","Steve Fletcher","Tim Bildsoe","Samantha Pree-Stinson"
"MINNEAPOLIS W-3 P-08","Steve Fletcher","Tim Bildsoe","skipped"
"MINNEAPOLIS W-3 P-08","Samantha Pree-Stinson","Steve Fletcher","Tim Bildsoe"
"MINNEAPOLIS W-3 P-08","Tim Bildsoe","Steve Fletcher","skipped"
"MINNEAPOLIS W-3 P-08","Tim Bildsoe","Steve Fletcher","Samantha Pree-Stinson"
"MINNEAPOLIS W-3 P-08","Steve Fletcher","Ginger Jentzen","Tim Bildsoe"
"MINNEAPOLIS W-3 P-08","Tim Bildsoe","Ginger Jentzen","Steve Fletcher"
"MINNEAPOLIS W-3 P-08","Steve Fletcher","skipped","skipped"
"MINNEAPOLIS W-3 P-08","Tim Bildsoe","Tim Bildsoe","skipped"
"MINNEAPOLIS W-3 P-08","Samantha Pree-Stinson","skipped","skipped"
"MINNEAPOLIS W-3 P-08","Samantha Pree-Stinson","Ginger Jentzen","Steve Fletcher"
"MINNEAPOLIS W-3 P-08","Ginger Jentzen","Steve Fletcher","skipped"
"MINNEAPOLIS W-3 P-08","Ginger Jentzen","skipped","skipped"
"MINNEAPOLIS W-3 P-08","Ginger Jentzen","Steve Fletcher","skipped"
"MINNEAPOLIS W-3 P-08","Tim Bildsoe","Steve Fletcher","Ginger Jentzen"
"MINNEAPOLIS W-3 P-08","Ginger Jentzen","Samantha Pree-Stinson","Steve Fletcher"
"MINNEAPOLIS W-3 P-08","Steve Fletcher","Tim Bildsoe","skipped"
"MINNEAPOLIS W-3 P-08","Tim Bildsoe","Samantha Pree-Stinson","Steve Fletcher"
"MINNEAPOLIS W-3 P-08","Tim Bildsoe","Steve Fletcher","skipped"
"MINNEAPOLIS W-3 P-08","Samantha Pree-Stinson","Ginger Jentzen","skipped"
"MINNEAPOLIS W-3 P-08","Ginger Jentzen","Samantha Pree-Stinson","Steve Fletcher"
"MINNEAPOLIS W-3 P-08","Tim Bildsoe","skipped","skipped"
"MINNEAPOLIS W-3 P-08","Tim Bildsoe","Samantha Pree-Stinson","Ginger Jentzen"
"MINNEAPOLIS W-3 P-08","Ginger Jentzen","Steve Fletcher","skipped"
"MINNEAPOLIS W-3 P-08","Ginger Jentzen","Steve Fletcher","Samantha Pree-Stinson"
"MINNEAPOLIS W-3 P-08","Steve Fletcher","Tim Bildsoe","skipped"
"MINNEAPOLIS W-3 P-08","Steve Fletcher","Tim Bildsoe","Ginger Jentzen"
"MINNEAPOLIS W-3 P-08","Steve Fletcher","Tim Bildsoe","skipped"
"MINNEAPOLIS W-3 P-08","Samantha Pree-Stinson","overvote","Ginger Jentzen"
"MINNEAPOLIS W-3 P-08","Tim Bildsoe","Steve Fletcher","skipped"
"MINNEAPOLIS W-3 P-08","Ginger Jentzen","Samantha Pree-Stinson","Steve Fletcher"
"MINNEAPOLIS W-3 P-08","Tim Bildsoe","Steve Fletcher","skipped"
"MINNEAPOLIS W-3 P-08","Steve Fletcher","Samantha Pree-Stinson","Ginger Jentzen"
"MINNEAPOLIS W-3 P-08","Steve Fletcher","Ginger Jentzen","Tim Bildsoe"
"MINNEAPOLIS W-3 P-08","Ginger Jentzen","Steve Fletcher","Tim Bildsoe"
"MINNEAPOLIS W-3 P-08","Tim Bildsoe","skipped","skipped"
"MINNEAPOLIS W-3 P-08","Samantha Pree-Stinson","skipped","skipped"
"MINNEAPOLIS W-3 P-08","Tim Bildsoe","Steve Fletcher","skipped"
"MINNEAPOLIS W-3 P-08","Tim Bildsoe","Steve Fletcher","skipped"
"MINNEAPOLIS W-3 P-08","Tim Bildsoe","Samantha Pree-Stinson","Ginger Jentzen"
"MINNEAPOLIS W-3 P-08","Samantha Pree-Stinson","Steve Fletcher","Tim Bildsoe"
"MINNEAPOLIS W-3 P-08","Steve Fletcher","Tim Bildsoe","skipped"
"MINNEAPOLIS W-3 P-08","Ginger Jentzen","Samantha Pree-Stinson","Steve Fletcher"
"MINNEAPOLIS W-3 P-08","Steve Fletcher","Tim Bildsoe","skipped"
"MINNEAPOLIS W-3 P-08","skipped","skipped","skipped"
"MINNEAPOLIS W-3 P-08","Steve Fletcher","Tim Bildsoe","skipped"
"MINNEAPOLIS W-3 P-08","Ginger Jentzen","Steve Fletcher","Samantha Pree-Stinson"
"MINNEAPOLIS W-3 P-08","Samantha Pree-Stinson","Ginger Jentzen","Steve Fletcher"
"MINNEAPOLIS W-3 P-08","Tim Bildsoe","skipped","skipped"
"MINNEAPOLIS W-3 P-08","Steve Fletcher","Tim Bildsoe","skipped"
"MINNEAPOLIS W-3 P-08","Steve Fletcher","Ginger Jentzen","Tim Bildsoe"
"MINNEAPOLIS W-3 P-08","Tim Bildsoe","skipped","skipped"
"MINNEAPOLIS W-3 P-08","Steve Fletcher","Samantha Pree-Stinson","Ginger Jentzen"
"MINNEAPOLIS W-3 P-08","Steve Fletcher","Samantha Pree-Stinson","Tim Bildsoe"
"MINNEAPOLIS W-3 P-08","Tim Bildsoe","Samantha Pree-Stinson","skipped"
"MINNEAPOLIS W-3 P-08","Tim Bildsoe","Steve Fletcher","skipped"
"MINNEAPOLIS W-3 P-08","Tim Bildsoe","skipped","skipped"
"MINNEAPOLIS W-3 P-08","Ginger Jentzen","skipped","skipped"
"MINNEAPOLIS W-3 P-08","Tim Bildsoe","Steve Fletcher","skipped"
"MINNEAPOLIS W-3 P-08","Steve Fletcher","Samantha Pree-Stinson","Ginger Jentzen"
"MINNEAPOLIS W-3 P-08","Ginger Jentzen","Samantha Pree-Stinson","Steve Fletcher"
"MINNEAPOLIS W-3 P-08","skipped","skipped","skipped"
"MINNEAPOLIS W-3 P-08","Steve Fletcher","Tim Bildsoe","skipped"
"MINNEAPOLIS W-3 P-08","Samantha Pree-Stinson","skipped","skipped"
"MINNEAPOLIS W-3 P-08","Ginger Jentzen","Samantha Pree-Stinson","Steve Fletcher"
"MINNEAPOLIS W-3 P-08","Tim Bildsoe","skipped","skipped"
"MINNEAPOLIS W-3 P-08","Steve Fletcher","Ginger Jentzen","Tim Bildsoe"
"MINNEAPOLIS W-3 P-08","Steve Fletcher","Tim Bildsoe","Ginger Jentzen"
"MINNEAPOLIS W-3 P-08","Ginger Jentzen","skipped","skipped"
"MINNEAPOLIS W-3 P-08","Tim Bildsoe","Steve Fletcher","Samantha Pree-Stinson"
"MINNEAPOLIS W-3 P-08","Samantha Pree-Stinson","Tim Bildsoe","Steve Fletcher"
"MINNEAPOLIS W-3 P-08","Tim Bildsoe","Samantha Pree-Stinson","Steve Fletcher"
"MINNEAPOLIS W-3 P-08","Tim Bildsoe","Steve Fletcher","skipped"
"MINNEAPOLIS W-3 P-08","Samantha Pree-Stinson","Steve Fletcher","Tim Bildsoe"
"MINNEAPOLIS W-3 P-08","Samantha Pree-Stinson","Ginger Jentzen","Steve Fletcher"
"MINNEAPOLIS W-3 P-08","Ginger Jentzen","Steve Fletcher","skipped"
"MINNEAPOLIS W-3 P-08","Samantha Pree-Stinson","Ginger Jentzen","Steve Fletcher"
"MINNEAPOLIS W-3 P-08","Tim Bildsoe","Steve Fletcher","skipped"
"MINNEAPOLIS W-3 P-08","Tim Bildsoe","Steve Fletcher","skipped"
"MINNEAPOLIS W-3 P-08","Steve Fletcher","skipped","skipped"
"MINNEAPOLIS W-3 P-08","Samantha Pree-Stinson","Steve Fletcher","Tim Bildsoe"
"MINNEAPOLIS W-3 P-08","Tim Bildsoe","Steve Fletcher","skipped"
"MINNEAPOLIS W-3 P-08","Samantha Pree-Stinson","Ginger Jentzen","Tim Bildsoe"
"MINNEAPOLIS W-3 P-08","Tim Bildsoe","Steve Fletcher","skipped"
"MINNEAPOLIS W-3 P-08","Ginger Jentzen","skipped","skipped"
"MINNEAPOLIS W-3 P-08","Steve Fletcher","Tim Bildsoe","Samantha Pree-Stinson"
"MINNEAPOLIS W-3 P-08","Tim Bildsoe","skipped","skipped"
"MINNEAPOLIS W-3 P-08","Ginger Jentzen","Samantha Pree-Stinson","Steve Fletcher"
"MINNEAPOLIS W-3 P-08","Steve Fletcher","skipped","skipped"
"MINNEAPOLIS W-3 P-07","Tim Bildsoe","skipped","skipped"
"MINNEAPOLIS W-3 P-07","Ginger Jentzen","Steve Fletcher","skipped"
"MINNEAPOLIS W-3 P-07","Tim Bildsoe","Steve Fletcher","Samantha Pree-Stinson"
"MINNEAPOLIS W-3 P-07","Tim Bildsoe","Steve Fletcher","Samantha Pree-Stinson"
"MINNEAPOLIS W-3 P-07","Steve Fletcher","Tim Bildsoe","skipped"
"MINNEAPOLIS W-3 P-07","Tim Bildsoe","Samantha Pree-Stinson","skipped"
"MINNEAPOLIS W-3 P-07","Tim Bildsoe","Samantha Pree-Stinson","Steve Fletcher"
"MINNEAPOLIS W-3 P-07","Tim Bildsoe","Steve Fletcher","Samantha Pree-Stinson"
"MINNEAPOLIS W-3 P-07","Tim Bildsoe","Steve Fletcher","skipped"
"MINNEAPOLIS W-3 P-07","Tim Bildsoe","Ginger Jentzen","Samantha Pree-Stinson"
"MINNEAPOLIS W-3 P-07","Ginger Jentzen","Tim Bildsoe","skipped"
"MINNEAPOLIS W-3 P-07","Ginger Jentzen","Samantha Pree-Stinson","Steve Fletcher"
"MINNEAPOLIS W-3 P-07","Steve Fletcher","skipped","skipped"
"MINNEAPOLIS W-3 P-07","Samantha Pree-Stinson","Steve Fletcher","Ginger Jentzen"
"MINNEAPOLIS W-3 P-07","Tim Bildsoe","Ginger Jentzen","Steve Fletcher"
"MINNEAPOLIS W-3 P-07","Tim Bildsoe","Steve Fletcher","skipped"
"MINNEAPOLIS W-3 P-07","Tim Bildsoe","skipped","skipped"
"MINNEAPOLIS W-3 P-07","Ginger Jentzen","Samantha Pree-Stinson","Tim Bildsoe"
"MINNEAPOLIS W-3 P-07","Steve Fletcher","Tim Bildsoe","Samantha Pree-Stinson"
"MINNEAPOLIS W-3 P-07","Tim Bildsoe","skipped","skipped"
"MINNEAPOLIS W-3 P-07","Tim Bildsoe","skipped","skipped"
"MINNEAPOLIS W-3 P-07","Tim Bildsoe","skipped","skipped"
"MINNEAPOLIS W-3 P-07","Steve Fletcher","skipped","skipped"
"MINNEAPOLIS W-3 P-07","Samantha Pree-Stinson","Ginger Jentzen","Samantha Pree-Stinson"
"MINNEAPOLIS W-3 P-07","Steve Fletcher","Ginger Jentzen","Tim Bildsoe"
"MINNEAPOLIS W-3 P-07","skipped","skipped","skipped"
"MINNEAPOLIS W-3 P-07","Samantha Pree-Stinson","Tim Bildsoe","Steve Fletcher"
"MINNEAPOLIS W-3 P-07","Ginger Jentzen","Tim Bildsoe","Steve Fletcher"
"MINNEAPOLIS W-3 P-07","Tim Bildsoe","Steve Fletcher","skipped"
"MINNEAPOLIS W-3 P-07","Ginger Jentzen","Samantha Pree-Stinson","Steve Fletcher"
"MINNEAPOLIS W-3 P-07","Ginger Jentzen","Samantha Pree-Stinson","Steve Fletcher"
"MINNEAPOLIS W-3 P-07","Steve Fletcher","Tim Bildsoe","Samantha Pree-Stinson"
"MINNEAPOLIS W-3 P-07","Steve Fletcher","Tim Bildsoe","Ginger Jentzen"
"MINNEAPOLIS W-3 P-07","Steve Fletcher","Tim Bildsoe","Samantha Pree-Stinson"
"MINNEAPOLIS W-3 P-07","Steve Fletcher","Tim Bildsoe","skipped"
"MINNEAPOLIS W-3 P-07","Steve Fletcher","skipped","skipped"
"MINNEAPOLIS W-3 P-07","Tim Bildsoe","Steve Fletcher","Ginger Jentzen"
"MINNEAPOLIS W-3 P-07","Tim Bildsoe","Steve Fletcher","writein"
"MINNEAPOLIS W-3 P-07","Tim Bildsoe","Ginger Jentzen","skipped"
"MINNEAPOLIS W-3 P-07","Steve Fletcher","Tim Bildsoe","skipped"
"MINNEAPOLIS W-3 P-07","Samantha Pree-Stinson","Ginger Jentzen","Steve Fletcher"
"MINNEAPOLIS W-3 P-07","Ginger Jentzen","skipped","skipped"
"MINNEAPOLIS W-3 P-07","Tim Bildsoe","Steve Fletcher","Samantha Pree-Stinson"
"MINNEAPOLIS W-3 P-07","Samantha Pree-Stinson","skipped","skipped"
"MINNEAPOLIS W-3 P-07","Tim Bildsoe","Steve Fletcher","Ginger Jentzen"
"MINNEAPOLIS W-3 P-07","Tim Bildsoe","skipped","skipped"
"MINNEAPOLIS W-3 P-07","Samantha Pree-Stinson","skipped","Ginger Jentzen"
"MINNEAPOLIS W-3 P-07","skipped","skipped","skipped"
"MINNEAPOLIS W-3 P-07","Steve Fletcher","Tim Bildsoe","skipped"
"MINNEAPOLIS W-3 P-07","Steve Fletcher","skipped","Tim Bildsoe"
"MINNEAPOLIS W-3 P-07","skipped","skipped","skipped"
"MINNEAPOLIS W-3 P-07","Steve Fletcher","Tim Bildsoe","Samantha Pree-Stinson"
"MINNEAPOLIS W-3 P-07","Tim Bildsoe","Steve Fletcher","writein"
"MINNEAPOLIS W-3 P-07","Steve Fletcher","Samantha Pree-Stinson","skipped"
"MINNEAPOLIS W-3 P-07","Tim Bildsoe","Steve Fletcher","skipped"
"MINNEAPOLIS W-3 P-07","Tim Bildsoe","skipped","skipped"
"MINNEAPOLIS W-3 P-07","Steve Fletcher","Samantha Pree-Stinson","Tim Bildsoe"
"MINNEAPOLIS W-3 P-07","Steve Fletcher","Tim Bildsoe","Ginger Jentzen"
"MINNEAPOLIS W-3 P-07","Tim Bildsoe","skipped","skipped"
"MINNEAPOLIS W-3 P-07","Tim Bildsoe","skipped","skipped"
"MINNEAPOLIS W-3 P-07","Ginger Jentzen","Samantha Pree-Stinson","writein"
"MINNEAPOLIS W-3 P-07","Tim Bildsoe","skipped","skipped"
"MINNEAPOLIS W-3 P-07","Ginger Jentzen","skipped","skipped"
"MINNEAPOLIS W-3 P-07","Tim Bildsoe","Steve Fletcher","skipped"
"MINNEAPOLIS W-3 P-07","Tim Bildsoe","Steve Fletcher","skipped"
"MINNEAPOLIS W-3 P-07","Steve Fletcher","Tim Bildsoe","skipped"
"MINNEAPOLIS W-3 P-07","Steve Fletcher","skipped","skipped"
"MINNEAPOLIS W-3 P-07","Steve Fletcher","Tim Bildsoe","skipped"
"MINNEAPOLIS W-3 P-07","Steve Fletcher","Samantha Pree-Stinson","Tim Bildsoe"
"MINNEAPOLIS W-3 P-07","Steve Fletcher","Tim Bildsoe","Samantha Pree-Stinson"
"MINNEAPOLIS W-3 P-07","Tim Bildsoe","Steve Fletcher","Samantha Pree-Stinson"
"MINNEAPOLIS W-3 P-07","Tim Bildsoe","skipped","skipped"
"MINNEAPOLIS W-3 P-07","Steve Fletcher","Tim Bildsoe","skipped"
"MINNEAPOLIS W-3 P-07","Tim Bildsoe","skipped","skipped"
"MINNEAPOLIS W-3 P-07","Tim Bildsoe","Steve Fletcher","Samantha Pree-Stinson"
"MINNEAPOLIS W-3 P-07","Tim Bildsoe","Steve Fletcher","Samantha Pree-Stinson"
"MINNEAPOLIS W-3 P-07","Tim Bildsoe","Steve Fletcher","Ginger Jentzen"
"MINNEAPOLIS W-3 P-07","writein","skipped","skipped"
"MINNEAPOLIS W-3 P-07","Tim Bildsoe","skipped","skipped"
"MINNEAPOLIS W-3 P-07","Steve Fletcher","Tim Bildsoe","Ginger Jentzen"
"MINNEAPOLIS W-3 P-07","Tim Bildsoe","Samantha Pree-Stinson","Steve Fletcher"
"MINNEAPOLIS W-3 P-07","Ginger Jentzen","Steve Fletcher","Tim Bildsoe"
"MINNEAPOLIS W-3 P-07","Tim Bildsoe","skipped","skipped"
"MINNEAPOLIS W-3 P-07","Steve Fletcher","Tim Bildsoe","skipped"
"MINNEAPOLIS W-3 P-07","Steve Fletcher","Tim Bildsoe","skipped"
"MINNEAPOLIS W-3 P-07","Ginger Jentzen","Steve Fletcher","Samantha Pree-Stinson"
"MINNEAPOLIS W-3 P-07","Tim Bildsoe","Steve Fletcher","skipped"
"MINNEAPOLIS W-3 P-07","Tim Bildsoe","Steve Fletcher","Ginger Jentzen"
"MINNEAPOLIS W-3 P-07","Steve Fletcher","Tim Bildsoe","Samantha Pree-Stinson"
"MINNEAPOLIS W-3 P-07","Samantha Pree-Stinson","Tim Bildsoe","Steve Fletcher"
"MINNEAPOLIS W-3 P-07","Tim Bildsoe","Steve Fletcher","skipped"
"MINNEAPOLIS W-3 P-07","Steve Fletcher","Tim Bildsoe","skipped"
"MINNEAPOLIS W-3 P-07","Steve Fletcher","Tim Bildsoe","writein"
"MINNEAPOLIS W-3 P-07","Tim Bildsoe","Steve Fletcher","skipped"
"MINNEAPOLIS W-3 P-07","Steve Fletcher","Tim Bildsoe","Ginger Jentzen"
"MINNEAPOLIS W-3 P-07","Tim Bildsoe","Samantha Pree-Stinson","skipped"
"MINNEAPOLIS W-3 P-07","Steve Fletcher","Tim Bildsoe","Steve Fletcher"
"MINNEAPOLIS W-3 P-07","Samantha Pree-Stinson","Ginger Jentzen","Steve Fletcher"
"MINNEAPOLIS W-3 P-07","Tim Bildsoe","Steve Fletcher","Samantha Pree-Stinson"
"MINNEAPOLIS W-3 P-07","Samantha Pree-Stinson","Tim Bildsoe","Steve Fletcher"
"MINNEAPOLIS W-3 P-07","Ginger Jentzen","Tim Bildsoe","Steve Fletcher"
"MINNEAPOLIS W-3 P-07","Samantha Pree-Stinson","Steve Fletcher","Ginger Jentzen"
"MINNEAPOLIS W-3 P-07","Ginger Jentzen","Steve Fletcher","Tim Bildsoe"
"MINNEAPOLIS W-3 P-07","Ginger Jentzen","Steve Fletcher","Tim Bildsoe"
"MINNEAPOLIS W-3 P-07","Steve Fletcher","skipped","skipped"
"MINNEAPOLIS W-3 P-07","Steve Fletcher","Tim Bildsoe","skipped"
"MINNEAPOLIS W-3 P-07","Tim Bildsoe","Steve Fletcher","Ginger Jentzen"
"MINNEAPOLIS W-3 P-07","Tim Bildsoe","Steve Fletcher","skipped"
"MINNEAPOLIS W-3 P-07","Tim Bildsoe","skipped","skipped"
"MINNEAPOLIS W-3 P-07","Ginger Jentzen","skipped","skipped"
"MINNEAPOLIS W-3 P-07","skipped","skipped","skipped"
"MINNEAPOLIS W-3 P-07","Tim Bildsoe","Ginger Jentzen","Steve Fletcher"
"MINNEAPOLIS W-3 P-07","Tim Bildsoe","skipped","skipped"
"MINNEAPOLIS W-3 P-07","Ginger Jentzen","Samantha Pree-Stinson","writein"
"MINNEAPOLIS W-3 P-07","Tim Bildsoe","Steve Fletcher","Ginger Jentzen"
"MINNEAPOLIS W-3 P-07","Tim Bildsoe","Steve Fletcher","skipped"
"MINNEAPOLIS W-3 P-07","Tim Bildsoe","Steve Fletcher","Ginger Jentzen"
"MINNEAPOLIS W-3 P-07","Tim Bildsoe","skipped","skipped"
"MINNEAPOLIS W-3 P-07","Tim Bildsoe","Steve Fletcher","skipped"
"MINNEAPOLIS W-3 P-07","Steve Fletcher","skipped","skipped"
"MINNEAPOLIS W-3 P-07","Steve Fletcher","Tim Bildsoe","Samantha Pree-Stinson"
"MINNEAPOLIS W-3 P-07","Tim Bildsoe","Steve Fletcher","skipped"
"MINNEAPOLIS W-3 P-07","skipped","skipped","skipped"
"MINNEAPOLIS W-3 P-07","Tim Bildsoe","Steve Fletcher","Samantha Pree-Stinson"
"MINNEAPOLIS W-3 P-07","Steve Fletcher","Tim Bildsoe","Ginger Jentzen"
"MINNEAPOLIS W-3 P-07","Tim Bildsoe","skipped","skipped"
"MINNEAPOLIS W-3 P-07","Steve Fletcher","Ginger Jentzen","skipped"
"MINNEAPOLIS W-3 P-07","Steve Fletcher","Samantha Pree-Stinson","Tim Bildsoe"
"MINNEAPOLIS W-3 P-07","Samantha Pree-Stinson","skipped","skipped"
"MINNEAPOLIS W-3 P-07","Tim Bildsoe","Steve Fletcher","skipped"
"MINNEAPOLIS W-3 P-07","skipped","skipped","skipped"
"MINNEAPOLIS W-3 P-07","Steve Fletcher","Tim Bildsoe","Ginger Jentzen"
"MINNEAPOLIS W-3 P-07","Ginger Jentzen","skipped","skipped"
"MINNEAPOLIS W-3 P-07","Tim Bildsoe","Steve Fletcher","skipped"
"MINNEAPOLIS W-3 P-07","Steve Fletcher","Ginger Jentzen","Tim Bildsoe"
"MINNEAPOLIS W-3 P-07","Steve Fletcher","Ginger Jentzen","skipped"
"MINNEAPOLIS W-3 P-07","Samantha Pree-Stinson","Steve Fletcher","skipped"
"MINNEAPOLIS W-3 P-07","Samantha Pree-Stinson","Ginger Jentzen","Steve Fletcher"
"MINNEAPOLIS W-3 P-07","Tim Bildsoe","Steve Fletcher","skipped"
"MINNEAPOLIS W-3 P-07","Tim Bildsoe","Steve Fletcher","skipped"
"MINNEAPOLIS W-3 P-07","Tim Bildsoe","Steve Fletcher","Ginger Jentzen"
"MINNEAPOLIS W-3 P-07","Steve Fletcher","Tim Bildsoe","Samantha Pree-Stinson"
"MINNEAPOLIS W-3 P-07","Steve Fletcher","Tim Bildsoe","Samantha Pree-Stinson"
"MINNEAPOLIS W-3 P-07","Ginger Jentzen","Samantha Pree-Stinson","Tim Bildsoe"
"MINNEAPOLIS W-3 P-07","Samantha Pree-Stinson","Tim Bildsoe","Steve Fletcher"
"MINNEAPOLIS W-3 P-07","Steve Fletcher","skipped","skipped"
"MINNEAPOLIS W-3 P-07","Steve Fletcher","Samantha Pree-Stinson","skipped"
"MINNEAPOLIS W-3 P-07","Tim Bildsoe","skipped","skipped"
"MINNEAPOLIS W-3 P-07","Steve Fletcher","Tim Bildsoe","Samantha Pree-Stinson"
"MINNEAPOLIS W-3 P-07","Tim Bildsoe","Steve Fletcher","skipped"
"MINNEAPOLIS W-3 P-07","Tim Bildsoe","Steve Fletcher","skipped"
"MINNEAPOLIS W-3 P-07","Tim Bildsoe","Steve Fletcher","Samantha Pree-Stinson"
"MINNEAPOLIS W-3 P-07","skipped","skipped","skipped"
"MINNEAPOLIS W-3 P-07","Ginger Jentzen","Samantha Pree-Stinson","Steve Fletcher"
"MINNEAPOLIS W-3 P-07","Steve Fletcher","skipped","skipped"
"MINNEAPOLIS W-3 P-07","Tim Bildsoe","skipped","skipped"
"MINNEAPOLIS W-3 P-07","Tim Bildsoe","Steve Fletcher","Samantha Pree-Stinson"
"MINNEAPOLIS W-3 P-07","Samantha Pree-Stinson","Tim Bildsoe","Steve Fletcher"
"MINNEAPOLIS W-3 P-07","Tim Bildsoe","Steve Fletcher","Samantha Pree-Stinson"
"MINNEAPOLIS W-3 P-07","Tim Bildsoe","Steve Fletcher","skipped"
"MINNEAPOLIS W-3 P-07","Tim Bildsoe","skipped","skipped"
"MINNEAPOLIS W-3 P-07","Tim Bildsoe","Steve Fletcher","Ginger Jentzen"
"MINNEAPOLIS W-3 P-07","Ginger Jentzen","Steve Fletcher","Samantha Pree-Stinson"
"MINNEAPOLIS W-3 P-07","Steve Fletcher","skipped","skipped"
"MINNEAPOLIS W-3 P-07","Steve Fletcher","skipped","skipped"
"MINNEAPOLIS W-3 P-07","Samantha Pree-Stinson","Steve Fletcher","skipped"
"MINNEAPOLIS W-3 P-07","Steve Fletcher","Tim Bildsoe","Ginger Jentzen"
"MINNEAPOLIS W-3 P-07","Tim Bildsoe","Steve Fletcher","skipped"
"MINNEAPOLIS W-3 P-07","Tim Bildsoe","Tim Bildsoe","Tim Bildsoe"
"MINNEAPOLIS W-3 P-07","Steve Fletcher","Tim Bildsoe","Samantha Pree-Stinson"
"MINNEAPOLIS W-3 P-07","Tim Bildsoe","Samantha Pree-Stinson","skipped"
"MINNEAPOLIS W-3 P-07","Ginger Jentzen","Samantha Pree-Stinson","skipped"
"MINNEAPOLIS W-3 P-07","Tim Bildsoe","Tim Bildsoe","skipped"
"MINNEAPOLIS W-3 P-07","Ginger Jentzen","Samantha Pree-Stinson","Steve Fletcher"
"MINNEAPOLIS W-3 P-07","Ginger Jentzen","Steve Fletcher","skipped"
"MINNEAPOLIS W-3 P-07","Steve Fletcher","Tim Bildsoe","Ginger Jentzen"
"MINNEAPOLIS W-3 P-07","Steve Fletcher","Tim Bildsoe","skipped"
"MINNEAPOLIS W-3 P-07","Steve Fletcher","skipped","skipped"
"MINNEAPOLIS W-3 P-07","Steve Fletcher","Samantha Pree-Stinson","Ginger Jentzen"
"MINNEAPOLIS W-3 P-07","Tim Bildsoe","Ginger Jentzen","Steve Fletcher"
"MINNEAPOLIS W-3 P-07","skipped","Steve Fletcher","Samantha Pree-Stinson"
"MINNEAPOLIS W-3 P-07","Samantha Pree-Stinson","Ginger Jentzen","Tim Bildsoe"
"MINNEAPOLIS W-3 P-07","Steve Fletcher","Tim Bildsoe","Samantha Pree-Stinson"
"MINNEAPOLIS W-3 P-07","Tim Bildsoe","skipped","skipped"
"MINNEAPOLIS W-3 P-07","Tim Bildsoe","skipped","skipped"
"MINNEAPOLIS W-3 P-07","Ginger Jentzen","Samantha Pree-Stinson","skipped"
"MINNEAPOLIS W-3 P-07","Samantha Pree-Stinson","skipped","skipped"
"MINNEAPOLIS W-3 P-07","Tim Bildsoe","Steve Fletcher","Samantha Pree-Stinson"
"MINNEAPOLIS W-3 P-07","Tim Bildsoe","Steve Fletcher","skipped"
"MINNEAPOLIS W-3 P-07","Tim Bildsoe","Steve Fletcher","Samantha Pree-Stinson"
"MINNEAPOLIS W-3 P-07","Steve Fletcher","Samantha Pree-Stinson","Tim Bildsoe"
"MINNEAPOLIS W-3 P-07","Tim Bildsoe","Steve Fletcher","skipped"
"MINNEAPOLIS W-3 P-07","Tim Bildsoe","Steve Fletcher","skipped"
"MINNEAPOLIS W-3 P-07","Tim Bildsoe","Tim Bildsoe","Steve Fletcher"
"MINNEAPOLIS W-3 P-07","Steve Fletcher","Tim Bildsoe","Samantha Pree-Stinson"
"MINNEAPOLIS W-3 P-07","Ginger Jentzen","Samantha Pree-Stinson","skipped"
"MINNEAPOLIS W-3 P-07","Ginger Jentzen","Samantha Pree-Stinson","Steve Fletcher"
"MINNEAPOLIS W-3 P-07","Ginger Jentzen","Samantha Pree-Stinson","skipped"
"MINNEAPOLIS W-3 P-07","Steve Fletcher","Tim Bildsoe","writein"
"MINNEAPOLIS W-3 P-07","Ginger Jentzen","Samantha Pree-Stinson","skipped"
"MINNEAPOLIS W-3 P-07","Tim Bildsoe","Steve Fletcher","skipped"
"MINNEAPOLIS W-3 P-07","Steve Fletcher","Samantha Pree-Stinson","Tim Bildsoe"
"MINNEAPOLIS W-3 P-07","Steve Fletcher","Tim Bildsoe","Samantha Pree-Stinson"
"MINNEAPOLIS W-3 P-07","Steve Fletcher","Ginger Jentzen","skipped"
"MINNEAPOLIS W-3 P-07","Steve Fletcher","skipped","skipped"
"MINNEAPOLIS W-3 P-07","Steve Fletcher","Tim Bildsoe","skipped"
"MINNEAPOLIS W-3 P-07","Tim Bildsoe","skipped","skipped"
"MINNEAPOLIS W-3 P-07","Tim Bildsoe","Ginger Jentzen","Steve Fletcher"
"MINNEAPOLIS W-3 P-07","Samantha Pree-Stinson","Ginger Jentzen","skipped"
"MINNEAPOLIS W-3 P-07","Ginger Jentzen","skipped","skipped"
"MINNEAPOLIS W-3 P-07","Steve Fletcher","Tim Bildsoe","skipped"
"MINNEAPOLIS W-3 P-07","Tim Bildsoe","Steve Fletcher","Samantha Pree-Stinson"
"MINNEAPOLIS W-3 P-07","Steve Fletcher","Tim Bildsoe","skipped"
"MINNEAPOLIS W-3 P-07","Steve Fletcher","Samantha Pree-Stinson","Ginger Jentzen"
"MINNEAPOLIS W-3 P-07","Samantha Pree-Stinson","Tim Bildsoe","Steve Fletcher"
"MINNEAPOLIS W-3 P-07","Samantha Pree-Stinson","Ginger Jentzen","Steve Fletcher"
"MINNEAPOLIS W-3 P-07","Tim Bildsoe","Steve Fletcher","Samantha Pree-Stinson"
"MINNEAPOLIS W-3 P-07","Ginger Jentzen","Tim Bildsoe","Steve Fletcher"
"MINNEAPOLIS W-3 P-07","Samantha Pree-Stinson","Steve Fletcher","skipped"
"MINNEAPOLIS W-3 P-07","Tim Bildsoe","Steve Fletcher","Samantha Pree-Stinson"
"MINNEAPOLIS W-3 P-07","Steve Fletcher","Tim Bildsoe","skipped"
"MINNEAPOLIS W-3 P-07","Tim Bildsoe","Steve Fletcher","skipped"
"MINNEAPOLIS W-3 P-07","Samantha Pree-Stinson","Ginger Jentzen","Steve Fletcher"
"MINNEAPOLIS W-3 P-07","Tim Bildsoe","Steve Fletcher","skipped"
"MINNEAPOLIS W-3 P-07","Tim Bildsoe","Ginger Jentzen","Samantha Pree-Stinson"
"MINNEAPOLIS W-3 P-07","Tim Bildsoe","skipped","skipped"
"MINNEAPOLIS W-3 P-07","Tim Bildsoe","Steve Fletcher","skipped"
"MINNEAPOLIS W-3 P-07","Steve Fletcher","Samantha Pree-Stinson","Ginger Jentzen"
"MINNEAPOLIS W-3 P-07","Ginger Jentzen","Samantha Pree-Stinson","Tim Bildsoe"
"MINNEAPOLIS W-3 P-07","Steve Fletcher","Tim Bildsoe","skipped"
"MINNEAPOLIS W-3 P-07","Tim Bildsoe","Steve Fletcher","Samantha Pree-Stinson"
"MINNEAPOLIS W-3 P-07","Samantha Pree-Stinson","Steve Fletcher","Ginger Jentzen"
"MINNEAPOLIS W-3 P-07","Tim Bildsoe","Steve Fletcher","Samantha Pree-Stinson"
"MINNEAPOLIS W-3 P-07","Tim Bildsoe","skipped","skipped"
"MINNEAPOLIS W-3 P-07","Tim Bildsoe","Samantha Pree-Stinson","Steve Fletcher"
"MINNEAPOLIS W-3 P-07","Tim Bildsoe","Steve Fletcher","skipped"
"MINNEAPOLIS W-3 P-07","Tim Bildsoe","Steve Fletcher","Samantha Pree-Stinson"
"MINNEAPOLIS W-3 P-07","Ginger Jentzen","Samantha Pree-Stinson","Tim Bildsoe"
"MINNEAPOLIS W-3 P-07","Steve Fletcher","Tim Bildsoe","Ginger Jentzen"
"MINNEAPOLIS W-3 P-07","Tim Bildsoe","Steve Fletcher","Samantha Pree-Stinson"
"MINNEAPOLIS W-3 P-07","Ginger Jentzen","skipped","skipped"
"MINNEAPOLIS W-3 P-07","Steve Fletcher","Ginger Jentzen","skipped"
"MINNEAPOLIS W-3 P-07","Tim Bildsoe","Steve Fletcher","Samantha Pree-Stinson"
"MINNEAPOLIS W-3 P-07","Tim Bildsoe","Steve Fletcher","skipped"
"MINNEAPOLIS W-3 P-07","Tim Bildsoe","Steve Fletcher","skipped"
"MINNEAPOLIS W-3 P-07","Tim Bildsoe","Steve Fletcher","skipped"
"MINNEAPOLIS W-3 P-07","skipped","skipped","skipped"
"MINNEAPOLIS W-3 P-07","Samantha Pree-Stinson","Steve Fletcher","Tim Bildsoe"
"MINNEAPOLIS W-3 P-07","Ginger Jentzen","Steve Fletcher","Tim Bildsoe"
"MINNEAPOLIS W-3 P-07","Tim Bildsoe","skipped","skipped"
"MINNEAPOLIS W-3 P-07","Steve Fletcher","Tim Bildsoe","skipped"
"MINNEAPOLIS W-3 P-07","Tim Bildsoe","Samantha Pree-Stinson","Steve Fletcher"
"MINNEAPOLIS W-3 P-07","Steve Fletcher","skipped","skipped"
"MINNEAPOLIS W-3 P-07","Ginger Jentzen","Tim Bildsoe","Samantha Pree-Stinson"
"MINNEAPOLIS W-3 P-07","Tim Bildsoe","Steve Fletcher","Samantha Pree-Stinson"
"MINNEAPOLIS W-3 P-07","Steve Fletcher","Tim Bildsoe","Tim Bildsoe"
"MINNEAPOLIS W-3 P-07","Steve Fletcher","Tim Bildsoe","skipped"
"MINNEAPOLIS W-3 P-07","Tim Bildsoe","skipped","skipped"
"MINNEAPOLIS W-3 P-07","skipped","skipped","skipped"
"MINNEAPOLIS W-3 P-07","Ginger Jentzen","Samantha Pree-Stinson","Tim Bildsoe"
"MINNEAPOLIS W-3 P-07","skipped","skipped","skipped"
"MINNEAPOLIS W-3 P-07","Tim Bildsoe","Steve Fletcher","skipped"
"MINNEAPOLIS W-3 P-07","Ginger Jentzen","Samantha Pree-Stinson","Tim Bildsoe"
"MINNEAPOLIS W-3 P-07","Steve Fletcher","Tim Bildsoe","skipped"
"MINNEAPOLIS W-3 P-07","Tim Bildsoe","Steve Fletcher","writein"
"MINNEAPOLIS W-3 P-07","Tim Bildsoe","Steve Fletcher","skipped"
"MINNEAPOLIS W-3 P-07","Tim Bildsoe","Steve Fletcher","Ginger Jentzen"
"MINNEAPOLIS W-3 P-07","Ginger Jentzen","skipped","skipped"
"MINNEAPOLIS W-3 P-07","Tim Bildsoe","Samantha Pree-Stinson","Steve Fletcher"
"MINNEAPOLIS W-3 P-07","Ginger Jentzen","Steve Fletcher","Tim Bildsoe"
"MINNEAPOLIS W-3 P-07","Samantha Pree-Stinson","Ginger Jentzen","Steve Fletcher"
"MINNEAPOLIS W-3 P-07","Ginger Jentzen","skipped","skipped"
"MINNEAPOLIS W-3 P-07","Samantha Pree-Stinson","Tim Bildsoe","Steve Fletcher"
"MINNEAPOLIS W-3 P-07","Tim Bildsoe","Steve Fletcher","Samantha Pree-Stinson"
"MINNEAPOLIS W-3 P-07","Tim Bildsoe","Steve Fletcher","Ginger Jentzen"
"MINNEAPOLIS W-3 P-07","Steve Fletcher","skipped","skipped"
"MINNEAPOLIS W-3 P-07","Steve Fletcher","Samantha Pree-Stinson","Ginger Jentzen"
"MINNEAPOLIS W-3 P-07","Samantha Pree-Stinson","Tim Bildsoe","Steve Fletcher"
"MINNEAPOLIS W-3 P-07","Tim Bildsoe","skipped","skipped"
"MINNEAPOLIS W-3 P-07","Tim Bildsoe","Steve Fletcher","Samantha Pree-Stinson"
"MINNEAPOLIS W-3 P-07","Ginger Jentzen","Tim Bildsoe","Steve Fletcher"
"MINNEAPOLIS W-3 P-07","Tim Bildsoe","Steve Fletcher","skipped"
"MINNEAPOLIS W-3 P-07","Ginger Jentzen","Samantha Pree-Stinson","Steve Fletcher"
"MINNEAPOLIS W-3 P-07","Steve Fletcher","Tim Bildsoe","Ginger Jentzen"
"MINNEAPOLIS W-3 P-07","Tim Bildsoe","Steve Fletcher","skipped"
"MINNEAPOLIS W-3 P-07","Tim Bildsoe","Steve Fletcher","Ginger Jentzen"
"MINNEAPOLIS W-3 P-07","skipped","skipped","skipped"
"MINNEAPOLIS W-3 P-07","Tim Bildsoe","skipped","skipped"
"MINNEAPOLIS W-3 P-07","Tim Bildsoe","skipped","skipped"
"MINNEAPOLIS W-3 P-07","Steve Fletcher","Ginger Jentzen","Samantha Pree-Stinson"
"MINNEAPOLIS W-3 P-07","Steve Fletcher","Ginger Jentzen","Samantha Pree-Stinson"
"MINNEAPOLIS W-3 P-07","Tim Bildsoe","Steve Fletcher","Samantha Pree-Stinson"
"MINNEAPOLIS W-3 P-07","Tim Bildsoe","skipped","skipped"
"MINNEAPOLIS W-3 P-07","Tim Bildsoe","Steve Fletcher","skipped"
"MINNEAPOLIS W-3 P-07","Ginger Jentzen","Tim Bildsoe","Steve Fletcher"
"MINNEAPOLIS W-3 P-07","Tim Bildsoe","Steve Fletcher","skipped"
"MINNEAPOLIS W-3 P-07","Samantha Pree-Stinson","Tim Bildsoe","Steve Fletcher"
"MINNEAPOLIS W-3 P-07","Steve Fletcher","Tim Bildsoe","skipped"
"MINNEAPOLIS W-3 P-07","Steve Fletcher","Tim Bildsoe","skipped"
"MINNEAPOLIS W-3 P-07","Steve Fletcher","skipped","skipped"
"MINNEAPOLIS W-3 P-07","Samantha Pree-Stinson","Ginger Jentzen","Tim Bildsoe"
"MINNEAPOLIS W-3 P-07","skipped","skipped","skipped"
"MINNEAPOLIS W-3 P-07","Tim Bildsoe","Steve Fletcher","Samantha Pree-Stinson"
"MINNEAPOLIS W-3 P-07","Tim Bildsoe","Steve Fletcher","skipped"
"MINNEAPOLIS W-3 P-07","Steve Fletcher","Samantha Pree-Stinson","skipped"
"MINNEAPOLIS W-3 P-07","Steve Fletcher","Samantha Pree-Stinson","Ginger Jentzen"
"MINNEAPOLIS W-3 P-07","Samantha Pree-Stinson","skipped","skipped"
"MINNEAPOLIS W-3 P-07","Samantha Pree-Stinson","Steve Fletcher","Ginger Jentzen"
"MINNEAPOLIS W-3 P-07","Tim Bildsoe","Samantha Pree-Stinson","Steve Fletcher"
"MINNEAPOLIS W-3 P-07","Tim Bildsoe","Samantha Pree-Stinson","Steve Fletcher"
"MINNEAPOLIS W-3 P-07","Tim Bildsoe","Tim Bildsoe","Tim Bildsoe"
"MINNEAPOLIS W-3 P-07","Ginger Jentzen","Steve Fletcher","skipped"
"MINNEAPOLIS W-3 P-07","Tim Bildsoe","Samantha Pree-Stinson","Steve Fletcher"
"MINNEAPOLIS W-3 P-07","Steve Fletcher","Samantha Pree-Stinson","Tim Bildsoe"
"MINNEAPOLIS W-3 P-07","Steve Fletcher","Samantha Pree-Stinson","Ginger Jentzen"
"MINNEAPOLIS W-3 P-07","Tim Bildsoe","skipped","skipped"
"MINNEAPOLIS W-3 P-07","Steve Fletcher","Samantha Pree-Stinson","Tim Bildsoe"
"MINNEAPOLIS W-3 P-07","Tim Bildsoe","Steve Fletcher","skipped"
"MINNEAPOLIS W-3 P-07","Ginger Jentzen","Samantha Pree-Stinson","skipped"
"MINNEAPOLIS W-3 P-07","Tim Bildsoe","Ginger Jentzen","Steve Fletcher"
"MINNEAPOLIS W-3 P-07","Tim Bildsoe","skipped","skipped"
"MINNEAPOLIS W-3 P-07","Tim Bildsoe","Steve Fletcher","skipped"
"MINNEAPOLIS W-3 P-07","Ginger Jentzen","Samantha Pree-Stinson","Steve Fletcher"
"MINNEAPOLIS W-3 P-07","Samantha Pree-Stinson","Ginger Jentzen","Samantha Pree-Stinson"
"MINNEAPOLIS W-3 P-07","Steve Fletcher","Tim Bildsoe","Samantha Pree-Stinson"
"MINNEAPOLIS W-3 P-07","Steve Fletcher","skipped","skipped"
"MINNEAPOLIS W-3 P-07","Steve Fletcher","Tim Bildsoe","skipped"
"MINNEAPOLIS W-3 P-07","Tim Bildsoe","Steve Fletcher","Samantha Pree-Stinson"
"MINNEAPOLIS W-3 P-07","Tim Bildsoe","skipped","skipped"
"MINNEAPOLIS W-3 P-07","Tim Bildsoe","Steve Fletcher","Samantha Pree-Stinson"
"MINNEAPOLIS W-3 P-07","Tim Bildsoe","Steve Fletcher","skipped"
"MINNEAPOLIS W-3 P-07","Samantha Pree-Stinson","Steve Fletcher","Ginger Jentzen"
"MINNEAPOLIS W-3 P-07","Samantha Pree-Stinson","Steve Fletcher","Ginger Jentzen"
"MINNEAPOLIS W-3 P-07","Tim Bildsoe","Samantha Pree-Stinson","Ginger Jentzen"
"MINNEAPOLIS W-3 P-07","Tim Bildsoe","Steve Fletcher","skipped"
"MINNEAPOLIS W-3 P-07","Ginger Jentzen","Samantha Pree-Stinson","skipped"
"MINNEAPOLIS W-3 P-07","Ginger Jentzen","Samantha Pree-Stinson","Steve Fletcher"
"MINNEAPOLIS W-3 P-07","Ginger Jentzen","skipped","skipped"
"MINNEAPOLIS W-3 P-07","skipped","skipped","skipped"
"MINNEAPOLIS W-3 P-07","Tim Bildsoe","Samantha Pree-Stinson","skipped"
"MINNEAPOLIS W-3 P-07","skipped","skipped","skipped"
"MINNEAPOLIS W-3 P-07","Steve Fletcher","Ginger Jentzen","Samantha Pree-Stinson"
"MINNEAPOLIS W-3 P-07","Tim Bildsoe","Steve Fletcher","skipped"
"MINNEAPOLIS W-3 P-07","Steve Fletcher","Tim Bildsoe","skipped"
"MINNEAPOLIS W-3 P-07","Samantha Pree-Stinson","Steve Fletcher","Ginger Jentzen"
"MINNEAPOLIS W-3 P-07","Ginger Jentzen","Steve Fletcher","Tim Bildsoe"
"MINNEAPOLIS W-3 P-07","Tim Bildsoe","Samantha Pree-Stinson","Steve Fletcher"
"MINNEAPOLIS W-3 P-07","Steve Fletcher","Tim Bildsoe","Ginger Jentzen"
"MINNEAPOLIS W-3 P-07","Tim Bildsoe","Ginger Jentzen","Samantha Pree-Stinson"
"MINNEAPOLIS W-3 P-07","Steve Fletcher","Samantha Pree-Stinson","Ginger Jentzen"
"MINNEAPOLIS W-3 P-07","Tim Bildsoe","Steve Fletcher","skipped"
"MINNEAPOLIS W-3 P-07","Ginger Jentzen","Steve Fletcher","Tim Bildsoe"
"MINNEAPOLIS W-3 P-07","Tim Bildsoe","Steve Fletcher","skipped"
"MINNEAPOLIS W-3 P-07","Steve Fletcher","Tim Bildsoe","skipped"
"MINNEAPOLIS W-3 P-07","Steve Fletcher","Tim Bildsoe","Samantha Pree-Stinson"
"MINNEAPOLIS W-3 P-07","Tim Bildsoe","Steve Fletcher","Ginger Jentzen"
"MINNEAPOLIS W-3 P-07","Tim Bildsoe","Steve Fletcher","Samantha Pree-Stinson"
"MINNEAPOLIS W-3 P-07","Steve Fletcher","Ginger Jentzen","Samantha Pree-Stinson"
"MINNEAPOLIS W-3 P-07","Steve Fletcher","Tim Bildsoe","skipped"
"MINNEAPOLIS W-3 P-07","Tim Bildsoe","skipped","skipped"
"MINNEAPOLIS W-3 P-07","Ginger Jentzen","Tim Bildsoe","Samantha Pree-Stinson"
"MINNEAPOLIS W-3 P-07","Tim Bildsoe","Steve Fletcher","Samantha Pree-Stinson"
"MINNEAPOLIS W-3 P-07","Steve Fletcher","Tim Bildsoe","skipped"
"MINNEAPOLIS W-3 P-07","Tim Bildsoe","Samantha Pree-Stinson","skipped"
"MINNEAPOLIS W-3 P-07","Tim Bildsoe","Steve Fletcher","skipped"
"MINNEAPOLIS W-3 P-07","Tim Bildsoe","Steve Fletcher","Samantha Pree-Stinson"
"MINNEAPOLIS W-3 P-07","Ginger Jentzen","Steve Fletcher","Tim Bildsoe"
"MINNEAPOLIS W-3 P-07","Steve Fletcher","Tim Bildsoe","writein"
"MINNEAPOLIS W-3 P-07","Tim Bildsoe","skipped","skipped"
"MINNEAPOLIS W-3 P-07","Tim Bildsoe","Steve Fletcher","Samantha Pree-Stinson"
"MINNEAPOLIS W-3 P-07","Samantha Pree-Stinson","Tim Bildsoe","Steve Fletcher"
"MINNEAPOLIS W-3 P-07","Steve Fletcher","Tim Bildsoe","Ginger Jentzen"
"MINNEAPOLIS W-3 P-07","Ginger Jentzen","skipped","skipped"
"MINNEAPOLIS W-3 P-07","Ginger Jentzen","Samantha Pree-Stinson","Tim Bildsoe"
"MINNEAPOLIS W-3 P-07","Tim Bildsoe","skipped","skipped"
"MINNEAPOLIS W-3 P-07","Tim Bildsoe","skipped","skipped"
"MINNEAPOLIS W-3 P-07","Tim Bildsoe","Ginger Jentzen","Steve Fletcher"
"MINNEAPOLIS W-3 P-07","Steve Fletcher","Ginger Jentzen","Samantha Pree-Stinson"
"MINNEAPOLIS W-3 P-07","Tim Bildsoe","Steve Fletcher","Samantha Pree-Stinson"
"MINNEAPOLIS W-3 P-07","Steve Fletcher","Tim Bildsoe","skipped"
"MINNEAPOLIS W-3 P-07","Steve Fletcher","skipped","skipped"
"MINNEAPOLIS W-3 P-07","Tim Bildsoe","skipped","skipped"
"MINNEAPOLIS W-3 P-07","Steve Fletcher","skipped","skipped"
"MINNEAPOLIS W-3 P-07","Tim Bildsoe","Steve Fletcher","Ginger Jentzen"
"MINNEAPOLIS W-3 P-07","Tim Bildsoe","skipped","skipped"
"MINNEAPOLIS W-3 P-07","Steve Fletcher","Tim Bildsoe","skipped"
"MINNEAPOLIS W-3 P-07","Ginger Jentzen","skipped","skipped"
"MINNEAPOLIS W-3 P-07","Tim Bildsoe","Steve Fletcher","skipped"
"MINNEAPOLIS W-3 P-07","Tim Bildsoe","skipped","skipped"
"MINNEAPOLIS W-3 P-07","Tim Bildsoe","skipped","skipped"
"MINNEAPOLIS W-3 P-07","Steve Fletcher","Tim Bildsoe","skipped"
"MINNEAPOLIS W-3 P-07","Steve Fletcher","Tim Bildsoe","skipped"
"MINNEAPOLIS W-3 P-07","Tim Bildsoe","skipped","skipped"
"MINNEAPOLIS W-3 P-07","skipped","skipped","skipped"
"MINNEAPOLIS W-3 P-07","Ginger Jentzen","Steve Fletcher","skipped"
"MINNEAPOLIS W-3 P-07","Samantha Pree-Stinson","Tim Bildsoe","Steve Fletcher"
"MINNEAPOLIS W-3 P-07","Tim Bildsoe","skipped","skipped"
"MINNEAPOLIS W-3 P-07","Ginger Jentzen","Samantha Pree-Stinson","Steve Fletcher"
"MINNEAPOLIS W-3 P-07","Steve Fletcher","Tim Bildsoe","Samantha Pree-Stinson"
"MINNEAPOLIS W-3 P-07","Steve Fletcher","Tim Bildsoe","skipped"
"MINNEAPOLIS W-3 P-07","Samantha Pree-Stinson","Tim Bildsoe","Ginger Jentzen"
"MINNEAPOLIS W-3 P-07","Tim Bildsoe","Ginger Jentzen","Steve Fletcher"
"MINNEAPOLIS W-3 P-07","Tim Bildsoe","skipped","skipped"
"MINNEAPOLIS W-3 P-07","Tim Bildsoe","skipped","skipped"
"MINNEAPOLIS W-3 P-07","Tim Bildsoe","Steve Fletcher","Ginger Jentzen"
"MINNEAPOLIS W-3 P-07","Tim Bildsoe","skipped","skipped"
"MINNEAPOLIS W-3 P-07","Tim Bildsoe","Steve Fletcher","Samantha Pree-Stinson"
"MINNEAPOLIS W-3 P-07","Steve Fletcher","skipped","skipped"
"MINNEAPOLIS W-3 P-07","Samantha Pree-Stinson","Steve Fletcher","Tim Bildsoe"
"MINNEAPOLIS W-3 P-07","Tim Bildsoe","Steve Fletcher","skipped"
"MINNEAPOLIS W-3 P-07","Tim Bildsoe","Samantha Pree-Stinson","Steve Fletcher"
"MINNEAPOLIS W-3 P-07","Tim Bildsoe","skipped","skipped"
"MINNEAPOLIS W-3 P-07","Tim Bildsoe","Samantha Pree-Stinson","Steve Fletcher"
"MINNEAPOLIS W-3 P-07","Steve Fletcher","Tim Bildsoe","Ginger Jentzen"
"MINNEAPOLIS W-3 P-07","Steve Fletcher","Tim Bildsoe","Ginger Jentzen"
"MINNEAPOLIS W-3 P-07","Tim Bildsoe","Steve Fletcher","Ginger Jentzen"
"MINNEAPOLIS W-3 P-07","Steve Fletcher","Tim Bildsoe","Ginger Jentzen"
"MINNEAPOLIS W-3 P-07","Tim Bildsoe","skipped","skipped"
"MINNEAPOLIS W-3 P-07","Tim Bildsoe","Steve Fletcher","skipped"
"MINNEAPOLIS W-3 P-07","Samantha Pree-Stinson","Steve Fletcher","Ginger Jentzen"
"MINNEAPOLIS W-3 P-07","Tim Bildsoe","Samantha Pree-Stinson","Steve Fletcher"
"MINNEAPOLIS W-3 P-07","Ginger Jentzen","Samantha Pree-Stinson","skipped"
"MINNEAPOLIS W-3 P-07","Tim Bildsoe","skipped","skipped"
"MINNEAPOLIS W-3 P-07","Steve Fletcher","skipped","skipped"
"MINNEAPOLIS W-3 P-07","Ginger Jentzen","Tim Bildsoe","Steve Fletcher"
"MINNEAPOLIS W-3 P-07","Tim Bildsoe","Steve Fletcher","Samantha Pree-Stinson"
"MINNEAPOLIS W-3 P-07","Samantha Pree-Stinson","Steve Fletcher","Ginger Jentzen"
"MINNEAPOLIS W-3 P-07","Samantha Pree-Stinson","Steve Fletcher","skipped"
"MINNEAPOLIS W-3 P-07","Tim Bildsoe","Steve Fletcher","skipped"
"MINNEAPOLIS W-3 P-07","Steve Fletcher","Tim Bildsoe","Samantha Pree-Stinson"
"MINNEAPOLIS W-3 P-07","Steve Fletcher","Samantha Pree-Stinson","Tim Bildsoe"
"MINNEAPOLIS W-3 P-07","Steve Fletcher","Tim Bildsoe","Ginger Jentzen"
"MINNEAPOLIS W-3 P-07","Steve Fletcher","Ginger Jentzen","Tim Bildsoe"
"MINNEAPOLIS W-3 P-07","skipped","skipped","skipped"
"MINNEAPOLIS W-3 P-07","Steve Fletcher","Tim Bildsoe","Ginger Jentzen"
"MINNEAPOLIS W-3 P-07","Tim Bildsoe","Steve Fletcher","skipped"
"MINNEAPOLIS W-3 P-07","Ginger Jentzen","Tim Bildsoe","Steve Fletcher"
"MINNEAPOLIS W-3 P-07","Tim Bildsoe","skipped","skipped"
"MINNEAPOLIS W-3 P-07","Steve Fletcher","Tim Bildsoe","Ginger Jentzen"
"MINNEAPOLIS W-3 P-07","Steve Fletcher","skipped","skipped"
"MINNEAPOLIS W-3 P-07","Ginger Jentzen","Tim Bildsoe","Steve Fletcher"
"MINNEAPOLIS W-3 P-07","Tim Bildsoe","skipped","skipped"
"MINNEAPOLIS W-3 P-07","Tim Bildsoe","Steve Fletcher","skipped"
"MINNEAPOLIS W-3 P-07","Ginger Jentzen","Tim Bildsoe","Steve Fletcher"
"MINNEAPOLIS W-3 P-07","Tim Bildsoe","skipped","skipped"
"MINNEAPOLIS W-3 P-07","Steve Fletcher","Tim Bildsoe","Samantha Pree-Stinson"
"MINNEAPOLIS W-3 P-07","Tim Bildsoe","skipped","skipped"
"MINNEAPOLIS W-3 P-07","Ginger Jentzen","Tim Bildsoe","Steve Fletcher"
"MINNEAPOLIS W-3 P-07","Steve Fletcher","Tim Bildsoe","skipped"
"MINNEAPOLIS W-3 P-07","Steve Fletcher","Tim Bildsoe","Samantha Pree-Stinson"
"MINNEAPOLIS W-3 P-07","Ginger Jentzen","Steve Fletcher","Samantha Pree-Stinson"
"MINNEAPOLIS W-3 P-07","Steve Fletcher","Ginger Jentzen","Samantha Pree-Stinson"
"MINNEAPOLIS W-3 P-07","Samantha Pree-Stinson","Steve Fletcher","skipped"
"MINNEAPOLIS W-3 P-07","Tim Bildsoe","Steve Fletcher","skipped"
"MINNEAPOLIS W-3 P-07","Tim Bildsoe","skipped","skipped"
"MINNEAPOLIS W-3 P-07","Ginger Jentzen","skipped","skipped"
"MINNEAPOLIS W-3 P-07","Steve Fletcher","Tim Bildsoe","skipped"
"MINNEAPOLIS W-3 P-07","writein","skipped","skipped"
"MINNEAPOLIS W-3 P-07","Tim Bildsoe","Steve Fletcher","Samantha Pree-Stinson"
"MINNEAPOLIS W-3 P-07","Steve Fletcher","skipped","skipped"
"MINNEAPOLIS W-3 P-07","Steve Fletcher","skipped","skipped"
"MINNEAPOLIS W-3 P-07","Steve Fletcher","Tim Bildsoe","Samantha Pree-Stinson"
"MINNEAPOLIS W-3 P-07","Ginger Jentzen","skipped","Tim Bildsoe"
"MINNEAPOLIS W-3 P-07","Tim Bildsoe","Samantha Pree-Stinson","Steve Fletcher"
"MINNEAPOLIS W-3 P-07","Steve Fletcher","Tim Bildsoe","Ginger Jentzen"
"MINNEAPOLIS W-3 P-07","Tim Bildsoe","Steve Fletcher","skipped"
"MINNEAPOLIS W-3 P-07","Tim Bildsoe","skipped","skipped"
"MINNEAPOLIS W-3 P-07","Tim Bildsoe","Steve Fletcher","Samantha Pree-Stinson"
"MINNEAPOLIS W-3 P-07","Steve Fletcher","Ginger Jentzen","Tim Bildsoe"
"MINNEAPOLIS W-3 P-07","Tim Bildsoe","Steve Fletcher","Samantha Pree-Stinson"
"MINNEAPOLIS W-3 P-07","Steve Fletcher","Tim Bildsoe","skipped"
"MINNEAPOLIS W-3 P-07","Steve Fletcher","Tim Bildsoe","skipped"
"MINNEAPOLIS W-3 P-07","Samantha Pree-Stinson","skipped","skipped"
"MINNEAPOLIS W-3 P-07","skipped","skipped","skipped"
"MINNEAPOLIS W-3 P-07","Ginger Jentzen","Tim Bildsoe","Steve Fletcher"
"MINNEAPOLIS W-3 P-07","Tim Bildsoe","Steve Fletcher","Samantha Pree-Stinson"
"MINNEAPOLIS W-3 P-07","Tim Bildsoe","Steve Fletcher","Samantha Pree-Stinson"
"MINNEAPOLIS W-3 P-07","Tim Bildsoe","Steve Fletcher","Samantha Pree-Stinson"
"MINNEAPOLIS W-3 P-07","Tim Bildsoe","Steve Fletcher","Samantha Pree-Stinson"
"MINNEAPOLIS W-3 P-07","Tim Bildsoe","Steve Fletcher","Samantha Pree-Stinson"
"MINNEAPOLIS W-3 P-07","Ginger Jentzen","Steve Fletcher","skipped"
"MINNEAPOLIS W-3 P-07","Tim Bildsoe","Samantha Pree-Stinson","Steve Fletcher"
"MINNEAPOLIS W-3 P-07","Steve Fletcher","Tim Bildsoe","skipped"
"MINNEAPOLIS W-3 P-07","Steve Fletcher","Tim Bildsoe","Samantha Pree-Stinson"
"MINNEAPOLIS W-3 P-07","Ginger Jentzen","Samantha Pree-Stinson","Steve Fletcher"
"MINNEAPOLIS W-3 P-07","Tim Bildsoe","Steve Fletcher","Ginger Jentzen"
"MINNEAPOLIS W-3 P-07","Steve Fletcher","Ginger Jentzen","Samantha Pree-Stinson"
"MINNEAPOLIS W-3 P-07","Steve Fletcher","Samantha Pree-Stinson","Tim Bildsoe"
"MINNEAPOLIS W-3 P-07","Tim Bildsoe","Steve Fletcher","skipped"
"MINNEAPOLIS W-3 P-07","Tim Bildsoe","Steve Fletcher","Samantha Pree-Stinson"
"MINNEAPOLIS W-3 P-07","Tim Bildsoe","Steve Fletcher","Samantha Pree-Stinson"
"MINNEAPOLIS W-3 P-07","Steve Fletcher","Tim Bildsoe","Ginger Jentzen"
"MINNEAPOLIS W-3 P-07","Tim Bildsoe","Tim Bildsoe","Samantha Pree-Stinson"
"MINNEAPOLIS W-3 P-07","Steve Fletcher","Samantha Pree-Stinson","Tim Bildsoe"
"MINNEAPOLIS W-3 P-07","Ginger Jentzen","Steve Fletcher","Tim Bildsoe"
"MINNEAPOLIS W-3 P-07","Tim Bildsoe","skipped","skipped"
"MINNEAPOLIS W-3 P-07","Tim Bildsoe","Steve Fletcher","skipped"
"MINNEAPOLIS W-3 P-07","Tim Bildsoe","Steve Fletcher","skipped"
"MINNEAPOLIS W-3 P-07","Samantha Pree-Stinson","Steve Fletcher","Ginger Jentzen"
"MINNEAPOLIS W-3 P-07","Tim Bildsoe","Steve Fletcher","skipped"
"MINNEAPOLIS W-3 P-07","Tim Bildsoe","Samantha Pree-Stinson","Steve Fletcher"
"MINNEAPOLIS W-3 P-07","Steve Fletcher","Tim Bildsoe","skipped"
"MINNEAPOLIS W-3 P-07","Ginger Jentzen","Steve Fletcher","Samantha Pree-Stinson"
"MINNEAPOLIS W-3 P-07","skipped","skipped","skipped"
"MINNEAPOLIS W-3 P-07","Tim Bildsoe","Steve Fletcher","Samantha Pree-Stinson"
"MINNEAPOLIS W-3 P-07","skipped","skipped","skipped"
"MINNEAPOLIS W-3 P-07","Tim Bildsoe","Steve Fletcher","Ginger Jentzen"
"MINNEAPOLIS W-3 P-07","Tim Bildsoe","Steve Fletcher","Ginger Jentzen"
"MINNEAPOLIS W-3 P-07","Steve Fletcher","Tim Bildsoe","Ginger Jentzen"
"MINNEAPOLIS W-3 P-07","Tim Bildsoe","Steve Fletcher","Ginger Jentzen"
"MINNEAPOLIS W-3 P-07","Ginger Jentzen","Steve Fletcher","Tim Bildsoe"
"MINNEAPOLIS W-3 P-07","Tim Bildsoe","Steve Fletcher","Samantha Pree-Stinson"
"MINNEAPOLIS W-3 P-07","Steve Fletcher","Tim Bildsoe","Ginger Jentzen"
"MINNEAPOLIS W-3 P-07","Tim Bildsoe","skipped","skipped"
"MINNEAPOLIS W-3 P-07","Steve Fletcher","Tim Bildsoe","Samantha Pree-Stinson"
"MINNEAPOLIS W-3 P-07","Samantha Pree-Stinson","Steve Fletcher","Tim Bildsoe"
"MINNEAPOLIS W-3 P-07","skipped","skipped","skipped"
"MINNEAPOLIS W-3 P-07","skipped","skipped","skipped"
"MINNEAPOLIS W-3 P-07","Ginger Jentzen","Samantha Pree-Stinson","Steve Fletcher"
"MINNEAPOLIS W-3 P-07","Tim Bildsoe","Steve Fletcher","skipped"
"MINNEAPOLIS W-3 P-07","Ginger Jentzen","Steve Fletcher","Tim Bildsoe"
"MINNEAPOLIS W-3 P-07","Tim Bildsoe","skipped","skipped"
"MINNEAPOLIS W-3 P-07","Steve Fletcher","Tim Bildsoe","skipped"
"MINNEAPOLIS W-3 P-07","Tim Bildsoe","skipped","skipped"
"MINNEAPOLIS W-3 P-07","Tim Bildsoe","skipped","skipped"
"MINNEAPOLIS W-3 P-07","skipped","skipped","skipped"
"MINNEAPOLIS W-3 P-07","Tim Bildsoe","Steve Fletcher","Samantha Pree-Stinson"
"MINNEAPOLIS W-3 P-07","Tim Bildsoe","Samantha Pree-Stinson","Steve Fletcher"
"MINNEAPOLIS W-3 P-07","writein","writein","writein"
"MINNEAPOLIS W-3 P-07","Steve Fletcher","Tim Bildsoe","skipped"
"MINNEAPOLIS W-3 P-07","Ginger Jentzen","Samantha Pree-Stinson","Tim Bildsoe"
"MINNEAPOLIS W-3 P-07","Steve Fletcher","Samantha Pree-Stinson","skipped"
"MINNEAPOLIS W-3 P-07","Ginger Jentzen","Samantha Pree-Stinson","Tim Bildsoe"
"MINNEAPOLIS W-3 P-07","Tim Bildsoe","Steve Fletcher","Samantha Pree-Stinson"
"MINNEAPOLIS W-3 P-07","Steve Fletcher","Tim Bildsoe","skipped"
"MINNEAPOLIS W-3 P-07","Ginger Jentzen","skipped","skipped"
"MINNEAPOLIS W-3 P-07","Steve Fletcher","Samantha Pree-Stinson","Tim Bildsoe"
"MINNEAPOLIS W-3 P-07","Steve Fletcher","Ginger Jentzen","Samantha Pree-Stinson"
"MINNEAPOLIS W-3 P-07","Samantha Pree-Stinson","Ginger Jentzen","Steve Fletcher"
"MINNEAPOLIS W-3 P-07","Tim Bildsoe","Steve Fletcher","Tim Bildsoe"
"MINNEAPOLIS W-3 P-07","Ginger Jentzen","Tim Bildsoe","Steve Fletcher"
"MINNEAPOLIS W-3 P-07","Steve Fletcher","Tim Bildsoe","Samantha Pree-Stinson"
"MINNEAPOLIS W-3 P-07","Steve Fletcher","Tim Bildsoe","Ginger Jentzen"
"MINNEAPOLIS W-3 P-07","Samantha Pree-Stinson","Steve Fletcher","Ginger Jentzen"
"MINNEAPOLIS W-3 P-07","Steve Fletcher","Tim Bildsoe","skipped"
"MINNEAPOLIS W-3 P-07","Steve Fletcher","Samantha Pree-Stinson","Ginger Jentzen"
"MINNEAPOLIS W-3 P-07","Steve Fletcher","Samantha Pree-Stinson","skipped"
"MINNEAPOLIS W-3 P-07","Steve Fletcher","Tim Bildsoe","overvote"
"MINNEAPOLIS W-3 P-07","Ginger Jentzen","Steve Fletcher","skipped"
"MINNEAPOLIS W-3 P-07","Steve Fletcher","Samantha Pree-Stinson","Tim Bildsoe"
"MINNEAPOLIS W-3 P-07","Tim Bildsoe","Samantha Pree-Stinson","Steve Fletcher"
"MINNEAPOLIS W-3 P-07","Tim Bildsoe","skipped","skipped"
"MINNEAPOLIS W-3 P-07","Steve Fletcher","Tim Bildsoe","skipped"
"MINNEAPOLIS W-3 P-07","Steve Fletcher","Tim Bildsoe","skipped"
"MINNEAPOLIS W-3 P-07","Tim Bildsoe","skipped","skipped"
"MINNEAPOLIS W-3 P-07","Ginger Jentzen","Samantha Pree-Stinson","Steve Fletcher"
"MINNEAPOLIS W-3 P-07","Ginger Jentzen","Samantha Pree-Stinson","Tim Bildsoe"
"MINNEAPOLIS W-3 P-07","Steve Fletcher","Ginger Jentzen","skipped"
"MINNEAPOLIS W-3 P-07","Tim Bildsoe","Ginger Jentzen","Samantha Pree-Stinson"
"MINNEAPOLIS W-3 P-07","Ginger Jentzen","skipped","skipped"
"MINNEAPOLIS W-3 P-07","Steve Fletcher","Tim Bildsoe","skipped"
"MINNEAPOLIS W-3 P-07","Tim Bildsoe","skipped","skipped"
"MINNEAPOLIS W-3 P-07","Tim Bildsoe","Steve Fletcher","Samantha Pree-Stinson"
"MINNEAPOLIS W-3 P-07","Steve Fletcher","Samantha Pree-Stinson","Ginger Jentzen"
"MINNEAPOLIS W-3 P-07","Steve Fletcher","Tim Bildsoe","Ginger Jentzen"
"MINNEAPOLIS W-3 P-07","Ginger Jentzen","Samantha Pree-Stinson","Tim Bildsoe"
"MINNEAPOLIS W-3 P-07","Samantha Pree-Stinson","skipped","skipped"
"MINNEAPOLIS W-3 P-07","Steve Fletcher","skipped","skipped"
"MINNEAPOLIS W-3 P-07","Tim Bildsoe","skipped","skipped"
"MINNEAPOLIS W-3 P-07","Steve Fletcher","Tim Bildsoe","skipped"
"MINNEAPOLIS W-3 P-07","Tim Bildsoe","Steve Fletcher","skipped"
"MINNEAPOLIS W-3 P-07","Steve Fletcher","skipped","skipped"
"MINNEAPOLIS W-3 P-07","Samantha Pree-Stinson","Tim Bildsoe","Ginger Jentzen"
"MINNEAPOLIS W-3 P-07","Tim Bildsoe","Steve Fletcher","skipped"
"MINNEAPOLIS W-3 P-07","Tim Bildsoe","Steve Fletcher","Samantha Pree-Stinson"
"MINNEAPOLIS W-3 P-07","Steve Fletcher","Samantha Pree-Stinson","Tim Bildsoe"
"MINNEAPOLIS W-3 P-07","Steve Fletcher","Tim Bildsoe","Samantha Pree-Stinson"
"MINNEAPOLIS W-3 P-07","Steve Fletcher","Ginger Jentzen","Tim Bildsoe"
"MINNEAPOLIS W-3 P-07","Tim Bildsoe","Steve Fletcher","skipped"
"MINNEAPOLIS W-3 P-07","Tim Bildsoe","skipped","skipped"
"MINNEAPOLIS W-3 P-07","Tim Bildsoe","skipped","skipped"
"MINNEAPOLIS W-3 P-07","Samantha Pree-Stinson","Steve Fletcher","Tim Bildsoe"
"MINNEAPOLIS W-3 P-07","Tim Bildsoe","Steve Fletcher","skipped"
"MINNEAPOLIS W-3 P-07","Ginger Jentzen","Samantha Pree-Stinson","Tim Bildsoe"
"MINNEAPOLIS W-3 P-07","Ginger Jentzen","Steve Fletcher","Tim Bildsoe"
"MINNEAPOLIS W-3 P-07","Tim Bildsoe","Steve Fletcher","skipped"
"MINNEAPOLIS W-3 P-07","Steve Fletcher","Tim Bildsoe","Ginger Jentzen"
"MINNEAPOLIS W-3 P-07","Steve Fletcher","Tim Bildsoe","Samantha Pree-Stinson"
"MINNEAPOLIS W-3 P-07","Steve Fletcher","Tim Bildsoe","Samantha Pree-Stinson"
"MINNEAPOLIS W-3 P-07","Steve Fletcher","Tim Bildsoe","skipped"
"MINNEAPOLIS W-3 P-07","Steve Fletcher","skipped","skipped"
"MINNEAPOLIS W-3 P-07","Steve Fletcher","Tim Bildsoe","Ginger Jentzen"
"MINNEAPOLIS W-3 P-07","Steve Fletcher","Tim Bildsoe","skipped"
"MINNEAPOLIS W-3 P-07","Samantha Pree-Stinson","Steve Fletcher","Tim Bildsoe"
"MINNEAPOLIS W-3 P-07","Tim Bildsoe","skipped","skipped"
"MINNEAPOLIS W-3 P-07","Tim Bildsoe","Steve Fletcher","Samantha Pree-Stinson"
"MINNEAPOLIS W-3 P-07","Ginger Jentzen","Samantha Pree-Stinson","Steve Fletcher"
"MINNEAPOLIS W-3 P-07","skipped","skipped","skipped"
"MINNEAPOLIS W-3 P-07","Steve Fletcher","Samantha Pree-Stinson","skipped"
"MINNEAPOLIS W-3 P-07","Samantha Pree-Stinson","Steve Fletcher","Ginger Jentzen"
"MINNEAPOLIS W-3 P-07","Tim Bildsoe","Steve Fletcher","Samantha Pree-Stinson"
"MINNEAPOLIS W-3 P-07","Steve Fletcher","skipped","skipped"
"MINNEAPOLIS W-3 P-07","Tim Bildsoe","Steve Fletcher","Samantha Pree-Stinson"
"MINNEAPOLIS W-3 P-07","Tim Bildsoe","Ginger Jentzen","skipped"
"MINNEAPOLIS W-3 P-07","Tim Bildsoe","skipped","skipped"
"MINNEAPOLIS W-3 P-07","Samantha Pree-Stinson","Steve Fletcher","Ginger Jentzen"
"MINNEAPOLIS W-3 P-07","skipped","skipped","skipped"
"MINNEAPOLIS W-3 P-07","Tim Bildsoe","writein","writein"
"MINNEAPOLIS W-3 P-07","Tim Bildsoe","Steve Fletcher","skipped"
"MINNEAPOLIS W-3 P-07","Tim Bildsoe","skipped","skipped"
"MINNEAPOLIS W-3 P-07","Tim Bildsoe","Steve Fletcher","skipped"
"MINNEAPOLIS W-3 P-07","skipped","skipped","skipped"
"MINNEAPOLIS W-3 P-07","Tim Bildsoe","Steve Fletcher","Samantha Pree-Stinson"
"MINNEAPOLIS W-3 P-07","Ginger Jentzen","Samantha Pree-Stinson","Tim Bildsoe"
"MINNEAPOLIS W-3 P-07","Ginger Jentzen","Samantha Pree-Stinson","Steve Fletcher"
"MINNEAPOLIS W-3 P-07","Tim Bildsoe","skipped","skipped"
"MINNEAPOLIS W-3 P-07","Steve Fletcher","Tim Bildsoe","Samantha Pree-Stinson"
"MINNEAPOLIS W-3 P-07","Tim Bildsoe","skipped","skipped"
"MINNEAPOLIS W-3 P-07","Steve Fletcher","Tim Bildsoe","Samantha Pree-Stinson"
"MINNEAPOLIS W-3 P-07","Ginger Jentzen","Steve Fletcher","Tim Bildsoe"
"MINNEAPOLIS W-3 P-07","Tim Bildsoe","Steve Fletcher","skipped"
"MINNEAPOLIS W-3 P-07","Tim Bildsoe","Samantha Pree-Stinson","Steve Fletcher"
"MINNEAPOLIS W-3 P-07","Steve Fletcher","skipped","skipped"
"MINNEAPOLIS W-3 P-07","Tim Bildsoe","Steve Fletcher","skipped"
"MINNEAPOLIS W-3 P-07","Steve Fletcher","Samantha Pree-Stinson","skipped"
"MINNEAPOLIS W-3 P-07","Tim Bildsoe","Ginger Jentzen","Samantha Pree-Stinson"
"MINNEAPOLIS W-3 P-07","Tim Bildsoe","skipped","skipped"
"MINNEAPOLIS W-3 P-07","Tim Bildsoe","Steve Fletcher","skipped"
"MINNEAPOLIS W-3 P-07","Ginger Jentzen","Samantha Pree-Stinson","Steve Fletcher"
"MINNEAPOLIS W-3 P-07","Tim Bildsoe","Steve Fletcher","Samantha Pree-Stinson"
"MINNEAPOLIS W-3 P-07","Tim Bildsoe","skipped","skipped"
"MINNEAPOLIS W-3 P-07","Tim Bildsoe","Steve Fletcher","skipped"
"MINNEAPOLIS W-3 P-07","Ginger Jentzen","Tim Bildsoe","Steve Fletcher"
"MINNEAPOLIS W-3 P-07","Tim Bildsoe","skipped","skipped"
"MINNEAPOLIS W-3 P-07","skipped","skipped","skipped"
"MINNEAPOLIS W-3 P-07","Tim Bildsoe","Steve Fletcher","Samantha Pree-Stinson"
"MINNEAPOLIS W-3 P-07","Tim Bildsoe","Steve Fletcher","Samantha Pree-Stinson"
"MINNEAPOLIS W-3 P-07","Steve Fletcher","Tim Bildsoe","skipped"
"MINNEAPOLIS W-3 P-07","Steve Fletcher","writein","skipped"
"MINNEAPOLIS W-3 P-07","Tim Bildsoe","Steve Fletcher","skipped"
"MINNEAPOLIS W-3 P-07","Ginger Jentzen","skipped","skipped"
"MINNEAPOLIS W-3 P-07","Tim Bildsoe","skipped","skipped"
"MINNEAPOLIS W-3 P-07","Steve Fletcher","skipped","skipped"
"MINNEAPOLIS W-3 P-07","Ginger Jentzen","Samantha Pree-Stinson","Steve Fletcher"
"MINNEAPOLIS W-3 P-07","Steve Fletcher","skipped","skipped"
"MINNEAPOLIS W-3 P-07","Steve Fletcher","Ginger Jentzen","Tim Bildsoe"
"MINNEAPOLIS W-3 P-07","Steve Fletcher","skipped","skipped"
"MINNEAPOLIS W-3 P-07","Tim Bildsoe","Steve Fletcher","skipped"
"MINNEAPOLIS W-3 P-07","Steve Fletcher","Samantha Pree-Stinson","Ginger Jentzen"
"MINNEAPOLIS W-3 P-07","Steve Fletcher","skipped","skipped"
"MINNEAPOLIS W-3 P-07","Steve Fletcher","Samantha Pree-Stinson","Tim Bildsoe"
"MINNEAPOLIS W-3 P-07","Steve Fletcher","Ginger Jentzen","Tim Bildsoe"
"MINNEAPOLIS W-3 P-07","Steve Fletcher","Tim Bildsoe","Ginger Jentzen"
"MINNEAPOLIS W-3 P-07","Ginger Jentzen","Tim Bildsoe","Steve Fletcher"
"MINNEAPOLIS W-3 P-07","Tim Bildsoe","Samantha Pree-Stinson","Steve Fletcher"
"MINNEAPOLIS W-3 P-07","Steve Fletcher","Ginger Jentzen","skipped"
"MINNEAPOLIS W-3 P-07","Steve Fletcher","Tim Bildsoe","Samantha Pree-Stinson"
"MINNEAPOLIS W-3 P-07","Steve Fletcher","Ginger Jentzen","skipped"
"MINNEAPOLIS W-3 P-07","Ginger Jentzen","Steve Fletcher","Samantha Pree-Stinson"
"MINNEAPOLIS W-3 P-07","Tim Bildsoe","Steve Fletcher","Samantha Pree-Stinson"
"MINNEAPOLIS W-3 P-07","Tim Bildsoe","Steve Fletcher","Samantha Pree-Stinson"
"MINNEAPOLIS W-3 P-07","Ginger Jentzen","Ginger Jentzen","Ginger Jentzen"
"MINNEAPOLIS W-3 P-07","Steve Fletcher","Tim Bildsoe","Samantha Pree-Stinson"
"MINNEAPOLIS W-3 P-07","Ginger Jentzen","Samantha Pree-Stinson","overvote"
"MINNEAPOLIS W-3 P-07","Tim Bildsoe","Steve Fletcher","Samantha Pree-Stinson"
"MINNEAPOLIS W-3 P-07","Steve Fletcher","Tim Bildsoe","skipped"
"MINNEAPOLIS W-3 P-07","Ginger Jentzen","Samantha Pree-Stinson","Tim Bildsoe"
"MINNEAPOLIS W-3 P-07","Ginger Jentzen","Tim Bildsoe","Steve Fletcher"
"MINNEAPOLIS W-3 P-07","Tim Bildsoe","Steve Fletcher","Ginger Jentzen"
"MINNEAPOLIS W-3 P-07","Steve Fletcher","Tim Bildsoe","Ginger Jentzen"
"MINNEAPOLIS W-3 P-07","Tim Bildsoe","skipped","skipped"
"MINNEAPOLIS W-3 P-07","Tim Bildsoe","skipped","skipped"
"MINNEAPOLIS W-3 P-07","Steve Fletcher","Tim Bildsoe","skipped"
"MINNEAPOLIS W-3 P-07","Steve Fletcher","Ginger Jentzen","Tim Bildsoe"
"MINNEAPOLIS W-3 P-07","Tim Bildsoe","Steve Fletcher","skipped"
"MINNEAPOLIS W-3 P-07","Ginger Jentzen","Tim Bildsoe","Steve Fletcher"
"MINNEAPOLIS W-3 P-07","Ginger Jentzen","Steve Fletcher","Samantha Pree-Stinson"
"MINNEAPOLIS W-3 P-07","Tim Bildsoe","Ginger Jentzen","skipped"
"MINNEAPOLIS W-3 P-07","Tim Bildsoe","skipped","skipped"
"MINNEAPOLIS W-3 P-07","Samantha Pree-Stinson","Steve Fletcher","Ginger Jentzen"
"MINNEAPOLIS W-3 P-07","Steve Fletcher","Tim Bildsoe","skipped"
"MINNEAPOLIS W-3 P-07","Tim Bildsoe","Steve Fletcher","skipped"
"MINNEAPOLIS W-3 P-07","Tim Bildsoe","Tim Bildsoe","skipped"
"MINNEAPOLIS W-3 P-07","Ginger Jentzen","Tim Bildsoe","Steve Fletcher"
"MINNEAPOLIS W-3 P-07","Ginger Jentzen","Samantha Pree-Stinson","Tim Bildsoe"
"MINNEAPOLIS W-3 P-07","Steve Fletcher","Samantha Pree-Stinson","Tim Bildsoe"
"MINNEAPOLIS W-3 P-07","Samantha Pree-Stinson","Steve Fletcher","Tim Bildsoe"
"MINNEAPOLIS W-3 P-07","Tim Bildsoe","Steve Fletcher","Samantha Pree-Stinson"
"MINNEAPOLIS W-3 P-07","Samantha Pree-Stinson","Tim Bildsoe","Ginger Jentzen"
"MINNEAPOLIS W-3 P-07","Steve Fletcher","Samantha Pree-Stinson","Ginger Jentzen"
"MINNEAPOLIS W-3 P-07","Steve Fletcher","Samantha Pree-Stinson","Ginger Jentzen"
"MINNEAPOLIS W-3 P-07","Ginger Jentzen","Tim Bildsoe","skipped"
"MINNEAPOLIS W-3 P-07","Steve Fletcher","Tim Bildsoe","Samantha Pree-Stinson"
"MINNEAPOLIS W-3 P-07","Tim Bildsoe","Steve Fletcher","Ginger Jentzen"
"MINNEAPOLIS W-3 P-07","Ginger Jentzen","Tim Bildsoe","Steve Fletcher"
"MINNEAPOLIS W-3 P-07","Tim Bildsoe","Steve Fletcher","Samantha Pree-Stinson"
"MINNEAPOLIS W-3 P-07","Tim Bildsoe","skipped","skipped"
"MINNEAPOLIS W-3 P-07","Tim Bildsoe","Steve Fletcher","Samantha Pree-Stinson"
"MINNEAPOLIS W-3 P-07","Steve Fletcher","Samantha Pree-Stinson","Tim Bildsoe"
"MINNEAPOLIS W-3 P-07","skipped","skipped","skipped"
"MINNEAPOLIS W-3 P-07","Ginger Jentzen","Tim Bildsoe","Steve Fletcher"
"MINNEAPOLIS W-3 P-07","Tim Bildsoe","Steve Fletcher","skipped"
"MINNEAPOLIS W-3 P-07","Tim Bildsoe","Ginger Jentzen","Steve Fletcher"
"MINNEAPOLIS W-3 P-07","Samantha Pree-Stinson","Steve Fletcher","Ginger Jentzen"
"MINNEAPOLIS W-3 P-07","Tim Bildsoe","Steve Fletcher","Samantha Pree-Stinson"
"MINNEAPOLIS W-3 P-07","Samantha Pree-Stinson","Tim Bildsoe","Steve Fletcher"
"MINNEAPOLIS W-3 P-07","Steve Fletcher","Samantha Pree-Stinson","Tim Bildsoe"
"MINNEAPOLIS W-3 P-07","Tim Bildsoe","Steve Fletcher","Samantha Pree-Stinson"
"MINNEAPOLIS W-3 P-07","Steve Fletcher","skipped","skipped"
"MINNEAPOLIS W-3 P-07","Tim Bildsoe","Steve Fletcher","Ginger Jentzen"
"MINNEAPOLIS W-3 P-07","Steve Fletcher","Tim Bildsoe","skipped"
"MINNEAPOLIS W-3 P-07","Tim Bildsoe","Steve Fletcher","skipped"
"MINNEAPOLIS W-3 P-07","Steve Fletcher","Tim Bildsoe","Samantha Pree-Stinson"
"MINNEAPOLIS W-3 P-07","Steve Fletcher","Tim Bildsoe","Samantha Pree-Stinson"
"MINNEAPOLIS W-3 P-07","Tim Bildsoe","Steve Fletcher","writein"
"MINNEAPOLIS W-3 P-07","Ginger Jentzen","Tim Bildsoe","Steve Fletcher"
"MINNEAPOLIS W-3 P-07","skipped","skipped","skipped"
"MINNEAPOLIS W-3 P-07","Steve Fletcher","Ginger Jentzen","skipped"
"MINNEAPOLIS W-3 P-07","Steve Fletcher","skipped","skipped"
"MINNEAPOLIS W-3 P-07","Steve Fletcher","Tim Bildsoe","skipped"
"MINNEAPOLIS W-3 P-07","Ginger Jentzen","Samantha Pree-Stinson","Steve Fletcher"
"MINNEAPOLIS W-3 P-07","Tim Bildsoe","Steve Fletcher","Samantha Pree-Stinson"
"MINNEAPOLIS W-3 P-07","Samantha Pree-Stinson","skipped","skipped"
"MINNEAPOLIS W-3 P-07","Steve Fletcher","Tim Bildsoe","Ginger Jentzen"
"MINNEAPOLIS W-3 P-07","Ginger Jentzen","Steve Fletcher","Samantha Pree-Stinson"
"MINNEAPOLIS W-3 P-07","Tim Bildsoe","writein","skipped"
"MINNEAPOLIS W-3 P-07","Samantha Pree-Stinson","Steve Fletcher","Tim Bildsoe"
"MINNEAPOLIS W-3 P-07","skipped","skipped","skipped"
"MINNEAPOLIS W-3 P-07","Samantha Pree-Stinson","Steve Fletcher","Tim Bildsoe"
"MINNEAPOLIS W-3 P-07","Tim Bildsoe","Steve Fletcher","skipped"
"MINNEAPOLIS W-3 P-07","Steve Fletcher","Tim Bildsoe","skipped"
"MINNEAPOLIS W-3 P-07","Tim Bildsoe","skipped","skipped"
"MINNEAPOLIS W-3 P-07","Tim Bildsoe","Tim Bildsoe","Tim Bildsoe"
"MINNEAPOLIS W-3 P-07","Tim Bildsoe","Steve Fletcher","Samantha Pree-Stinson"
"MINNEAPOLIS W-3 P-07","Steve Fletcher","Tim Bildsoe","Ginger Jentzen"
"MINNEAPOLIS W-3 P-07","Tim Bildsoe","skipped","skipped"
"MINNEAPOLIS W-3 P-07","Tim Bildsoe","Steve Fletcher","Samantha Pree-Stinson"
"MINNEAPOLIS W-3 P-07","Steve Fletcher","skipped","skipped"
"MINNEAPOLIS W-3 P-07","Samantha Pree-Stinson","Steve Fletcher","Ginger Jentzen"
"MINNEAPOLIS W-3 P-07","Ginger Jentzen","Samantha Pree-Stinson","Steve Fletcher"
"MINNEAPOLIS W-3 P-07","Samantha Pree-Stinson","Steve Fletcher","Ginger Jentzen"
"MINNEAPOLIS W-3 P-07","Ginger Jentzen","Steve Fletcher","Tim Bildsoe"
"MINNEAPOLIS W-3 P-07","Tim Bildsoe","Steve Fletcher","Ginger Jentzen"
"MINNEAPOLIS W-3 P-07","Samantha Pree-Stinson","Steve Fletcher","Ginger Jentzen"
"MINNEAPOLIS W-3 P-07","Tim Bildsoe","Steve Fletcher","writein"
"MINNEAPOLIS W-3 P-07","Tim Bildsoe","skipped","skipped"
"MINNEAPOLIS W-3 P-07","Samantha Pree-Stinson","Steve Fletcher","Tim Bildsoe"
"MINNEAPOLIS W-3 P-07","Steve Fletcher","skipped","skipped"
"MINNEAPOLIS W-3 P-07","Samantha Pree-Stinson","Ginger Jentzen","Steve Fletcher"
"MINNEAPOLIS W-3 P-07","Steve Fletcher","Ginger Jentzen","Samantha Pree-Stinson"
"MINNEAPOLIS W-3 P-07","Steve Fletcher","Tim Bildsoe","skipped"
"MINNEAPOLIS W-3 P-07","Steve Fletcher","Tim Bildsoe","skipped"
"MINNEAPOLIS W-3 P-07","Steve Fletcher","Samantha Pree-Stinson","Ginger Jentzen"
"MINNEAPOLIS W-3 P-07","skipped","skipped","skipped"
"MINNEAPOLIS W-3 P-07","Tim Bildsoe","Steve Fletcher","skipped"
"MINNEAPOLIS W-3 P-07","Tim Bildsoe","Steve Fletcher","Samantha Pree-Stinson"
"MINNEAPOLIS W-3 P-07","Ginger Jentzen","Steve Fletcher","Tim Bildsoe"
"MINNEAPOLIS W-3 P-07","Tim Bildsoe","Steve Fletcher","writein"
"MINNEAPOLIS W-3 P-07","Steve Fletcher","Samantha Pree-Stinson","Tim Bildsoe"
"MINNEAPOLIS W-3 P-07","Tim Bildsoe","Steve Fletcher","skipped"
"MINNEAPOLIS W-3 P-07","Tim Bildsoe","Steve Fletcher","Samantha Pree-Stinson"
"MINNEAPOLIS W-3 P-07","Tim Bildsoe","Ginger Jentzen","Samantha Pree-Stinson"
"MINNEAPOLIS W-3 P-07","Steve Fletcher","Samantha Pree-Stinson","Tim Bildsoe"
"MINNEAPOLIS W-3 P-07","Steve Fletcher","Ginger Jentzen","Samantha Pree-Stinson"
"MINNEAPOLIS W-3 P-07","Ginger Jentzen","skipped","skipped"
"MINNEAPOLIS W-3 P-07","Tim Bildsoe","Steve Fletcher","skipped"
"MINNEAPOLIS W-3 P-07","Ginger Jentzen","Steve Fletcher","Tim Bildsoe"
"MINNEAPOLIS W-3 P-07","Steve Fletcher","skipped","skipped"
"MINNEAPOLIS W-3 P-07","Samantha Pree-Stinson","Tim Bildsoe","Steve Fletcher"
"MINNEAPOLIS W-3 P-07","Samantha Pree-Stinson","Steve Fletcher","Tim Bildsoe"
"MINNEAPOLIS W-3 P-07","Tim Bildsoe","Tim Bildsoe","Tim Bildsoe"
"MINNEAPOLIS W-3 P-07","Steve Fletcher","Tim Bildsoe","Samantha Pree-Stinson"
"MINNEAPOLIS W-3 P-07","Tim Bildsoe","Steve Fletcher","skipped"
"MINNEAPOLIS W-3 P-07","Tim Bildsoe","skipped","skipped"
"MINNEAPOLIS W-3 P-07","Steve Fletcher","Ginger Jentzen","Samantha Pree-Stinson"
"MINNEAPOLIS W-3 P-07","Steve Fletcher","Ginger Jentzen","Tim Bildsoe"
"MINNEAPOLIS W-3 P-07","Steve Fletcher","skipped","skipped"
"MINNEAPOLIS W-3 P-07","Ginger Jentzen","Tim Bildsoe","Steve Fletcher"
"MINNEAPOLIS W-3 P-07","Ginger Jentzen","Tim Bildsoe","Samantha Pree-Stinson"
"MINNEAPOLIS W-3 P-07","Tim Bildsoe","skipped","skipped"
"MINNEAPOLIS W-3 P-07","Ginger Jentzen","Tim Bildsoe","Samantha Pree-Stinson"
"MINNEAPOLIS W-3 P-07","Tim Bildsoe","Steve Fletcher","skipped"
"MINNEAPOLIS W-3 P-07","Ginger Jentzen","Samantha Pree-Stinson","Steve Fletcher"
"MINNEAPOLIS W-3 P-07","Tim Bildsoe","skipped","skipped"
"MINNEAPOLIS W-3 P-07","Ginger Jentzen","Steve Fletcher","Samantha Pree-Stinson"
"MINNEAPOLIS W-3 P-07","Samantha Pree-Stinson","Tim Bildsoe","Steve Fletcher"
"MINNEAPOLIS W-3 P-07","skipped","skipped","skipped"
"MINNEAPOLIS W-3 P-07","Tim Bildsoe","Steve Fletcher","skipped"
"MINNEAPOLIS W-3 P-07","Steve Fletcher","Ginger Jentzen","skipped"
"MINNEAPOLIS W-3 P-07","Tim Bildsoe","Samantha Pree-Stinson","Steve Fletcher"
"MINNEAPOLIS W-3 P-07","Samantha Pree-Stinson","Tim Bildsoe","skipped"
"MINNEAPOLIS W-3 P-07","Steve Fletcher","Tim Bildsoe","skipped"
"MINNEAPOLIS W-3 P-07","Steve Fletcher","Samantha Pree-Stinson","skipped"
"MINNEAPOLIS W-3 P-07","Tim Bildsoe","Steve Fletcher","skipped"
"MINNEAPOLIS W-3 P-07","skipped","skipped","skipped"
"MINNEAPOLIS W-3 P-07","Steve Fletcher","Tim Bildsoe","skipped"
"MINNEAPOLIS W-3 P-07","Steve Fletcher","Samantha Pree-Stinson","skipped"
"MINNEAPOLIS W-3 P-07","Steve Fletcher","Samantha Pree-Stinson","skipped"
"MINNEAPOLIS W-3 P-07","Tim Bildsoe","Steve Fletcher","skipped"
"MINNEAPOLIS W-3 P-07","Steve Fletcher","Tim Bildsoe","Ginger Jentzen"
"MINNEAPOLIS W-3 P-07","Tim Bildsoe","skipped","skipped"
"MINNEAPOLIS W-3 P-07","Steve Fletcher","Tim Bildsoe","skipped"
"MINNEAPOLIS W-3 P-07","Ginger Jentzen","Tim Bildsoe","Steve Fletcher"
"MINNEAPOLIS W-3 P-07","Tim Bildsoe","skipped","skipped"
"MINNEAPOLIS W-3 P-07","Samantha Pree-Stinson","Steve Fletcher","Ginger Jentzen"
"MINNEAPOLIS W-3 P-07","Tim Bildsoe","Steve Fletcher","Ginger Jentzen"
"MINNEAPOLIS W-3 P-07","Steve Fletcher","Tim Bildsoe","Samantha Pree-Stinson"
"MINNEAPOLIS W-3 P-07","Tim Bildsoe","Steve Fletcher","Samantha Pree-Stinson"
"MINNEAPOLIS W-3 P-07","Tim Bildsoe","Steve Fletcher","Samantha Pree-Stinson"
"MINNEAPOLIS W-3 P-07","Ginger Jentzen","Samantha Pree-Stinson","Steve Fletcher"
"MINNEAPOLIS W-3 P-07","Tim Bildsoe","Steve Fletcher","Samantha Pree-Stinson"
"MINNEAPOLIS W-3 P-07","Ginger Jentzen","Steve Fletcher","skipped"
"MINNEAPOLIS W-3 P-07","Steve Fletcher","Tim Bildsoe","Steve Fletcher"
"MINNEAPOLIS W-3 P-07","skipped","skipped","skipped"
"MINNEAPOLIS W-3 P-07","Ginger Jentzen","Steve Fletcher","Tim Bildsoe"
"MINNEAPOLIS W-3 P-07","Samantha Pree-Stinson","Tim Bildsoe","Steve Fletcher"
"MINNEAPOLIS W-3 P-07","Tim Bildsoe","Steve Fletcher","writein"
"MINNEAPOLIS W-3 P-07","Steve Fletcher","Tim Bildsoe","skipped"
"MINNEAPOLIS W-3 P-07","Steve Fletcher","skipped","skipped"
"MINNEAPOLIS W-3 P-07","Ginger Jentzen","Steve Fletcher","Tim Bildsoe"
"MINNEAPOLIS W-3 P-07","Tim Bildsoe","skipped","skipped"
"MINNEAPOLIS W-3 P-07","Tim Bildsoe","skipped","skipped"
"MINNEAPOLIS W-3 P-07","Ginger Jentzen","Steve Fletcher","Tim Bildsoe"
"MINNEAPOLIS W-3 P-07","Tim Bildsoe","Steve Fletcher","skipped"
"MINNEAPOLIS W-3 P-07","Tim Bildsoe","Steve Fletcher","Samantha Pree-Stinson"
"MINNEAPOLIS W-3 P-07","Steve Fletcher","Tim Bildsoe","skipped"
"MINNEAPOLIS W-3 P-07","Tim Bildsoe","Steve Fletcher","Samantha Pree-Stinson"
"MINNEAPOLIS W-3 P-07","Samantha Pree-Stinson","Steve Fletcher","skipped"
"MINNEAPOLIS W-3 P-07","Tim Bildsoe","Tim Bildsoe","Tim Bildsoe"
"MINNEAPOLIS W-3 P-06","Ginger Jentzen","Steve Fletcher","Samantha Pree-Stinson"
"MINNEAPOLIS W-3 P-06","Ginger Jentzen","Steve Fletcher","Samantha Pree-Stinson"
"MINNEAPOLIS W-3 P-06","Steve Fletcher","Ginger Jentzen","Samantha Pree-Stinson"
"MINNEAPOLIS W-3 P-06","Ginger Jentzen","Samantha Pree-Stinson","Steve Fletcher"
"MINNEAPOLIS W-3 P-06","Ginger Jentzen","Steve Fletcher","Samantha Pree-Stinson"
"MINNEAPOLIS W-3 P-06","Ginger Jentzen","Tim Bildsoe","Steve Fletcher"
"MINNEAPOLIS W-3 P-06","Ginger Jentzen","Steve Fletcher","Samantha Pree-Stinson"
"MINNEAPOLIS W-3 P-06","Ginger Jentzen","Steve Fletcher","Tim Bildsoe"
"MINNEAPOLIS W-3 P-06","Ginger Jentzen","Samantha Pree-Stinson","Ginger Jentzen"
"MINNEAPOLIS W-3 P-06","Ginger Jentzen","Steve Fletcher","Tim Bildsoe"
"MINNEAPOLIS W-3 P-06","Steve Fletcher","skipped","skipped"
"MINNEAPOLIS W-3 P-06","skipped","Ginger Jentzen","skipped"
"MINNEAPOLIS W-3 P-06","Steve Fletcher","Samantha Pree-Stinson","Ginger Jentzen"
"MINNEAPOLIS W-3 P-06","Ginger Jentzen","Samantha Pree-Stinson","skipped"
"MINNEAPOLIS W-3 P-06","Ginger Jentzen","Steve Fletcher","Samantha Pree-Stinson"
"MINNEAPOLIS W-3 P-06","Ginger Jentzen","Tim Bildsoe","Steve Fletcher"
"MINNEAPOLIS W-3 P-06","Steve Fletcher","skipped","skipped"
"MINNEAPOLIS W-3 P-06","Steve Fletcher","Samantha Pree-Stinson","Ginger Jentzen"
"MINNEAPOLIS W-3 P-06","Steve Fletcher","Tim Bildsoe","skipped"
"MINNEAPOLIS W-3 P-06","Tim Bildsoe","Steve Fletcher","writein"
"MINNEAPOLIS W-3 P-06","Ginger Jentzen","Samantha Pree-Stinson","Steve Fletcher"
"MINNEAPOLIS W-3 P-06","Ginger Jentzen","Steve Fletcher","Samantha Pree-Stinson"
"MINNEAPOLIS W-3 P-06","Tim Bildsoe","Ginger Jentzen","skipped"
"MINNEAPOLIS W-3 P-06","Tim Bildsoe","skipped","skipped"
"MINNEAPOLIS W-3 P-06","Ginger Jentzen","Samantha Pree-Stinson","skipped"
"MINNEAPOLIS W-3 P-06","Ginger Jentzen","skipped","skipped"
"MINNEAPOLIS W-3 P-06","Ginger Jentzen","Samantha Pree-Stinson","skipped"
"MINNEAPOLIS W-3 P-06","Ginger Jentzen","Tim Bildsoe","Ginger Jentzen"
"MINNEAPOLIS W-3 P-06","Samantha Pree-Stinson","Ginger Jentzen","Steve Fletcher"
"MINNEAPOLIS W-3 P-06","Steve Fletcher","Ginger Jentzen","Tim Bildsoe"
"MINNEAPOLIS W-3 P-06","Ginger Jentzen","Steve Fletcher","Samantha Pree-Stinson"
"MINNEAPOLIS W-3 P-06","Ginger Jentzen","Steve Fletcher","Samantha Pree-Stinson"
"MINNEAPOLIS W-3 P-06","Tim Bildsoe","skipped","skipped"
"MINNEAPOLIS W-3 P-06","Steve Fletcher","Tim Bildsoe","skipped"
"MINNEAPOLIS W-3 P-06","Steve Fletcher","Samantha Pree-Stinson","Ginger Jentzen"
"MINNEAPOLIS W-3 P-06","Ginger Jentzen","skipped","skipped"
"MINNEAPOLIS W-3 P-06","Ginger Jentzen","Steve Fletcher","Tim Bildsoe"
"MINNEAPOLIS W-3 P-06","Ginger Jentzen","skipped","skipped"
"MINNEAPOLIS W-3 P-06","Ginger Jentzen","Steve Fletcher","Samantha Pree-Stinson"
"MINNEAPOLIS W-3 P-06","Steve Fletcher","Tim Bildsoe","Samantha Pree-Stinson"
"MINNEAPOLIS W-3 P-06","Steve Fletcher","Ginger Jentzen","skipped"
"MINNEAPOLIS W-3 P-06","Tim Bildsoe","Steve Fletcher","Ginger Jentzen"
"MINNEAPOLIS W-3 P-06","Ginger Jentzen","Samantha Pree-Stinson","Steve Fletcher"
"MINNEAPOLIS W-3 P-06","Steve Fletcher","Samantha Pree-Stinson","Ginger Jentzen"
"MINNEAPOLIS W-3 P-06","Steve Fletcher","skipped","skipped"
"MINNEAPOLIS W-3 P-06","Ginger Jentzen","Steve Fletcher","Tim Bildsoe"
"MINNEAPOLIS W-3 P-06","Steve Fletcher","Samantha Pree-Stinson","Ginger Jentzen"
"MINNEAPOLIS W-3 P-06","Samantha Pree-Stinson","Tim Bildsoe","Steve Fletcher"
"MINNEAPOLIS W-3 P-06","Steve Fletcher","Samantha Pree-Stinson","Ginger Jentzen"
"MINNEAPOLIS W-3 P-06","Samantha Pree-Stinson","Ginger Jentzen","Steve Fletcher"
"MINNEAPOLIS W-3 P-06","Tim Bildsoe","Steve Fletcher","Samantha Pree-Stinson"
"MINNEAPOLIS W-3 P-06","Ginger Jentzen","Tim Bildsoe","Steve Fletcher"
"MINNEAPOLIS W-3 P-06","Steve Fletcher","Tim Bildsoe","Ginger Jentzen"
"MINNEAPOLIS W-3 P-06","Ginger Jentzen","Samantha Pree-Stinson","Tim Bildsoe"
"MINNEAPOLIS W-3 P-06","Ginger Jentzen","Samantha Pree-Stinson","skipped"
"MINNEAPOLIS W-3 P-06","Tim Bildsoe","Steve Fletcher","Samantha Pree-Stinson"
"MINNEAPOLIS W-3 P-06","Ginger Jentzen","Samantha Pree-Stinson","Steve Fletcher"
"MINNEAPOLIS W-3 P-06","Ginger Jentzen","skipped","skipped"
"MINNEAPOLIS W-3 P-06","Ginger Jentzen","skipped","skipped"
"MINNEAPOLIS W-3 P-06","Samantha Pree-Stinson","skipped","skipped"
"MINNEAPOLIS W-3 P-06","Steve Fletcher","Ginger Jentzen","Steve Fletcher"
"MINNEAPOLIS W-3 P-06","Samantha Pree-Stinson","Ginger Jentzen","Tim Bildsoe"
"MINNEAPOLIS W-3 P-06","Ginger Jentzen","Samantha Pree-Stinson","Tim Bildsoe"
"MINNEAPOLIS W-3 P-06","Ginger Jentzen","Samantha Pree-Stinson","Steve Fletcher"
"MINNEAPOLIS W-3 P-06","Ginger Jentzen","skipped","skipped"
"MINNEAPOLIS W-3 P-06","Ginger Jentzen","Steve Fletcher","skipped"
"MINNEAPOLIS W-3 P-06","Tim Bildsoe","Steve Fletcher","Samantha Pree-Stinson"
"MINNEAPOLIS W-3 P-06","Steve Fletcher","Ginger Jentzen","Samantha Pree-Stinson"
"MINNEAPOLIS W-3 P-06","Ginger Jentzen","Samantha Pree-Stinson","skipped"
"MINNEAPOLIS W-3 P-06","Ginger Jentzen","Samantha Pree-Stinson","Steve Fletcher"
"MINNEAPOLIS W-3 P-06","Steve Fletcher","Samantha Pree-Stinson","Tim Bildsoe"
"MINNEAPOLIS W-3 P-06","Ginger Jentzen","skipped","skipped"
"MINNEAPOLIS W-3 P-06","Samantha Pree-Stinson","skipped","skipped"
"MINNEAPOLIS W-3 P-06","Ginger Jentzen","skipped","skipped"
"MINNEAPOLIS W-3 P-06","Steve Fletcher","Samantha Pree-Stinson","skipped"
"MINNEAPOLIS W-3 P-06","Ginger Jentzen","Tim Bildsoe","Steve Fletcher"
"MINNEAPOLIS W-3 P-06","Ginger Jentzen","Steve Fletcher","skipped"
"MINNEAPOLIS W-3 P-06","Tim Bildsoe","Steve Fletcher","skipped"
"MINNEAPOLIS W-3 P-06","Tim Bildsoe","Steve Fletcher","Samantha Pree-Stinson"
"MINNEAPOLIS W-3 P-06","Samantha Pree-Stinson","Steve Fletcher","Ginger Jentzen"
"MINNEAPOLIS W-3 P-06","Samantha Pree-Stinson","Steve Fletcher","skipped"
"MINNEAPOLIS W-3 P-06","Steve Fletcher","skipped","skipped"
"MINNEAPOLIS W-3 P-06","Ginger Jentzen","Steve Fletcher","Tim Bildsoe"
"MINNEAPOLIS W-3 P-06","Steve Fletcher","Ginger Jentzen","Samantha Pree-Stinson"
"MINNEAPOLIS W-3 P-06","Ginger Jentzen","Samantha Pree-Stinson","skipped"
"MINNEAPOLIS W-3 P-06","Ginger Jentzen","Samantha Pree-Stinson","Tim Bildsoe"
"MINNEAPOLIS W-3 P-06","Tim Bildsoe","Samantha Pree-Stinson","Steve Fletcher"
"MINNEAPOLIS W-3 P-06","Ginger Jentzen","Samantha Pree-Stinson","Steve Fletcher"
"MINNEAPOLIS W-3 P-06","Ginger Jentzen","skipped","skipped"
"MINNEAPOLIS W-3 P-06","Ginger Jentzen","Samantha Pree-Stinson","Steve Fletcher"
"MINNEAPOLIS W-3 P-06","Steve Fletcher","Tim Bildsoe","Samantha Pree-Stinson"
"MINNEAPOLIS W-3 P-06","Ginger Jentzen","Ginger Jentzen","Ginger Jentzen"
"MINNEAPOLIS W-3 P-06","skipped","skipped","Ginger Jentzen"
"MINNEAPOLIS W-3 P-06","Steve Fletcher","Tim Bildsoe","Samantha Pree-Stinson"
"MINNEAPOLIS W-3 P-06","Ginger Jentzen","skipped","skipped"
"MINNEAPOLIS W-3 P-06","Ginger Jentzen","Steve Fletcher","Samantha Pree-Stinson"
"MINNEAPOLIS W-3 P-06","Steve Fletcher","Samantha Pree-Stinson","Ginger Jentzen"
"MINNEAPOLIS W-3 P-06","Steve Fletcher","Tim Bildsoe","Samantha Pree-Stinson"
"MINNEAPOLIS W-3 P-06","Tim Bildsoe","Steve Fletcher","Samantha Pree-Stinson"
"MINNEAPOLIS W-3 P-06","Samantha Pree-Stinson","Ginger Jentzen","Steve Fletcher"
"MINNEAPOLIS W-3 P-06","Ginger Jentzen","Steve Fletcher","Tim Bildsoe"
"MINNEAPOLIS W-3 P-06","Ginger Jentzen","Steve Fletcher","Samantha Pree-Stinson"
"MINNEAPOLIS W-3 P-06","Steve Fletcher","Tim Bildsoe","Samantha Pree-Stinson"
"MINNEAPOLIS W-3 P-06","Tim Bildsoe","skipped","skipped"
"MINNEAPOLIS W-3 P-06","Ginger Jentzen","skipped","skipped"
"MINNEAPOLIS W-3 P-06","Samantha Pree-Stinson","Ginger Jentzen","Steve Fletcher"
"MINNEAPOLIS W-3 P-06","Samantha Pree-Stinson","Steve Fletcher","Tim Bildsoe"
"MINNEAPOLIS W-3 P-06","Ginger Jentzen","Samantha Pree-Stinson","writein"
"MINNEAPOLIS W-3 P-06","Ginger Jentzen","Steve Fletcher","skipped"
"MINNEAPOLIS W-3 P-06","Ginger Jentzen","Tim Bildsoe","Steve Fletcher"
"MINNEAPOLIS W-3 P-06","Ginger Jentzen","Samantha Pree-Stinson","Steve Fletcher"
"MINNEAPOLIS W-3 P-06","Tim Bildsoe","skipped","skipped"
"MINNEAPOLIS W-3 P-06","Ginger Jentzen","Samantha Pree-Stinson","Steve Fletcher"
"MINNEAPOLIS W-3 P-06","Steve Fletcher","Tim Bildsoe","skipped"
"MINNEAPOLIS W-3 P-06","Steve Fletcher","Samantha Pree-Stinson","Ginger Jentzen"
"MINNEAPOLIS W-3 P-06","Ginger Jentzen","Samantha Pree-Stinson","Steve Fletcher"
"MINNEAPOLIS W-3 P-06","Ginger Jentzen","Steve Fletcher","Samantha Pree-Stinson"
"MINNEAPOLIS W-3 P-06","Ginger Jentzen","skipped","skipped"
"MINNEAPOLIS W-3 P-06","Tim Bildsoe","skipped","skipped"
"MINNEAPOLIS W-3 P-06","Samantha Pree-Stinson","Ginger Jentzen","skipped"
"MINNEAPOLIS W-3 P-06","Ginger Jentzen","Tim Bildsoe","Samantha Pree-Stinson"
"MINNEAPOLIS W-3 P-06","Ginger Jentzen","Samantha Pree-Stinson","Steve Fletcher"
"MINNEAPOLIS W-3 P-06","Samantha Pree-Stinson","Ginger Jentzen","Steve Fletcher"
"MINNEAPOLIS W-3 P-06","Ginger Jentzen","Steve Fletcher","Samantha Pree-Stinson"
"MINNEAPOLIS W-3 P-06","Ginger Jentzen","Steve Fletcher","Tim Bildsoe"
"MINNEAPOLIS W-3 P-06","Ginger Jentzen","Steve Fletcher","Samantha Pree-Stinson"
"MINNEAPOLIS W-3 P-06","Steve Fletcher","Samantha Pree-Stinson","Tim Bildsoe"
"MINNEAPOLIS W-3 P-06","writein","skipped","skipped"
"MINNEAPOLIS W-3 P-06","Tim Bildsoe","Steve Fletcher","skipped"
"MINNEAPOLIS W-3 P-06","Ginger Jentzen","skipped","skipped"
"MINNEAPOLIS W-3 P-06","Ginger Jentzen","Steve Fletcher","Tim Bildsoe"
"MINNEAPOLIS W-3 P-06","Steve Fletcher","Tim Bildsoe","Ginger Jentzen"
"MINNEAPOLIS W-3 P-06","Samantha Pree-Stinson","Ginger Jentzen","skipped"
"MINNEAPOLIS W-3 P-06","Samantha Pree-Stinson","Steve Fletcher","Tim Bildsoe"
"MINNEAPOLIS W-3 P-06","Ginger Jentzen","Samantha Pree-Stinson","Tim Bildsoe"
"MINNEAPOLIS W-3 P-06","Ginger Jentzen","Tim Bildsoe","Samantha Pree-Stinson"
"MINNEAPOLIS W-3 P-06","Steve Fletcher","Ginger Jentzen","skipped"
"MINNEAPOLIS W-3 P-06","Samantha Pree-Stinson","Steve Fletcher","Tim Bildsoe"
"MINNEAPOLIS W-3 P-06","Ginger Jentzen","Tim Bildsoe","Steve Fletcher"
"MINNEAPOLIS W-3 P-06","Tim Bildsoe","Steve Fletcher","Samantha Pree-Stinson"
"MINNEAPOLIS W-3 P-06","Samantha Pree-Stinson","Tim Bildsoe","Ginger Jentzen"
"MINNEAPOLIS W-3 P-06","Samantha Pree-Stinson","Steve Fletcher","Ginger Jentzen"
"MINNEAPOLIS W-3 P-06","Steve Fletcher","skipped","skipped"
"MINNEAPOLIS W-3 P-06","Samantha Pree-Stinson","Ginger Jentzen","Tim Bildsoe"
"MINNEAPOLIS W-3 P-06","Ginger Jentzen","Steve Fletcher","Samantha Pree-Stinson"
"MINNEAPOLIS W-3 P-06","Steve Fletcher","skipped","skipped"
"MINNEAPOLIS W-3 P-06","skipped","Ginger Jentzen","skipped"
"MINNEAPOLIS W-3 P-06","Samantha Pree-Stinson","Ginger Jentzen","Steve Fletcher"
"MINNEAPOLIS W-3 P-06","Ginger Jentzen","Tim Bildsoe","Samantha Pree-Stinson"
"MINNEAPOLIS W-3 P-06","Ginger Jentzen","Steve Fletcher","Samantha Pree-Stinson"
"MINNEAPOLIS W-3 P-06","Tim Bildsoe","Steve Fletcher","skipped"
"MINNEAPOLIS W-3 P-06","Ginger Jentzen","overvote","Tim Bildsoe"
"MINNEAPOLIS W-3 P-06","Steve Fletcher","Samantha Pree-Stinson","Ginger Jentzen"
"MINNEAPOLIS W-3 P-06","Ginger Jentzen","Steve Fletcher","Tim Bildsoe"
"MINNEAPOLIS W-3 P-06","Tim Bildsoe","Steve Fletcher","skipped"
"MINNEAPOLIS W-3 P-06","Tim Bildsoe","Steve Fletcher","skipped"
"MINNEAPOLIS W-3 P-06","Ginger Jentzen","Steve Fletcher","Ginger Jentzen"
"MINNEAPOLIS W-3 P-06","Steve Fletcher","Samantha Pree-Stinson","Tim Bildsoe"
"MINNEAPOLIS W-3 P-06","Tim Bildsoe","skipped","skipped"
"MINNEAPOLIS W-3 P-06","Steve Fletcher","Samantha Pree-Stinson","Tim Bildsoe"
"MINNEAPOLIS W-3 P-06","Ginger Jentzen","Samantha Pree-Stinson","skipped"
"MINNEAPOLIS W-3 P-06","Ginger Jentzen","Steve Fletcher","Tim Bildsoe"
"MINNEAPOLIS W-3 P-06","Ginger Jentzen","Tim Bildsoe","Steve Fletcher"
"MINNEAPOLIS W-3 P-06","Samantha Pree-Stinson","writein","writein"
"MINNEAPOLIS W-3 P-06","Ginger Jentzen","Ginger Jentzen","Tim Bildsoe"
"MINNEAPOLIS W-3 P-06","Ginger Jentzen","Steve Fletcher","skipped"
"MINNEAPOLIS W-3 P-06","Ginger Jentzen","Steve Fletcher","Samantha Pree-Stinson"
"MINNEAPOLIS W-3 P-06","Tim Bildsoe","Samantha Pree-Stinson","Steve Fletcher"
"MINNEAPOLIS W-3 P-06","Samantha Pree-Stinson","Steve Fletcher","Ginger Jentzen"
"MINNEAPOLIS W-3 P-06","Ginger Jentzen","Steve Fletcher","skipped"
"MINNEAPOLIS W-3 P-06","Steve Fletcher","Tim Bildsoe","Samantha Pree-Stinson"
"MINNEAPOLIS W-3 P-06","Ginger Jentzen","skipped","skipped"
"MINNEAPOLIS W-3 P-06","Steve Fletcher","Tim Bildsoe","Samantha Pree-Stinson"
"MINNEAPOLIS W-3 P-06","Tim Bildsoe","skipped","skipped"
"MINNEAPOLIS W-3 P-06","Ginger Jentzen","Steve Fletcher","Samantha Pree-Stinson"
"MINNEAPOLIS W-3 P-06","Ginger Jentzen","Steve Fletcher","Tim Bildsoe"
"MINNEAPOLIS W-3 P-06","Tim Bildsoe","skipped","skipped"
"MINNEAPOLIS W-3 P-06","Ginger Jentzen","Steve Fletcher","Samantha Pree-Stinson"
"MINNEAPOLIS W-3 P-06","Tim Bildsoe","Steve Fletcher","Samantha Pree-Stinson"
"MINNEAPOLIS W-3 P-06","Tim Bildsoe","Steve Fletcher","skipped"
"MINNEAPOLIS W-3 P-06","Ginger Jentzen","Samantha Pree-Stinson","Tim Bildsoe"
"MINNEAPOLIS W-3 P-06","Ginger Jentzen","Samantha Pree-Stinson","Steve Fletcher"
"MINNEAPOLIS W-3 P-06","Ginger Jentzen","skipped","skipped"
"MINNEAPOLIS W-3 P-06","Steve Fletcher","Ginger Jentzen","Samantha Pree-Stinson"
"MINNEAPOLIS W-3 P-06","Ginger Jentzen","Samantha Pree-Stinson","Tim Bildsoe"
"MINNEAPOLIS W-3 P-06","Tim Bildsoe","Steve Fletcher","Ginger Jentzen"
"MINNEAPOLIS W-3 P-06","Tim Bildsoe","Ginger Jentzen","Steve Fletcher"
"MINNEAPOLIS W-3 P-06","Steve Fletcher","Tim Bildsoe","skipped"
"MINNEAPOLIS W-3 P-06","Samantha Pree-Stinson","Tim Bildsoe","skipped"
"MINNEAPOLIS W-3 P-06","Ginger Jentzen","Steve Fletcher","skipped"
"MINNEAPOLIS W-3 P-06","Samantha Pree-Stinson","Ginger Jentzen","Steve Fletcher"
"MINNEAPOLIS W-3 P-06","Tim Bildsoe","Steve Fletcher","Samantha Pree-Stinson"
"MINNEAPOLIS W-3 P-06","Ginger Jentzen","Samantha Pree-Stinson","skipped"
"MINNEAPOLIS W-3 P-06","Tim Bildsoe","skipped","skipped"
"MINNEAPOLIS W-3 P-06","Samantha Pree-Stinson","Steve Fletcher","Ginger Jentzen"
"MINNEAPOLIS W-3 P-06","Ginger Jentzen","Steve Fletcher","skipped"
"MINNEAPOLIS W-3 P-06","Steve Fletcher","Tim Bildsoe","Ginger Jentzen"
"MINNEAPOLIS W-3 P-06","Ginger Jentzen","Steve Fletcher","skipped"
"MINNEAPOLIS W-3 P-06","Ginger Jentzen","Samantha Pree-Stinson","skipped"
"MINNEAPOLIS W-3 P-06","Ginger Jentzen","Tim Bildsoe","Steve Fletcher"
"MINNEAPOLIS W-3 P-06","Samantha Pree-Stinson","Steve Fletcher","Ginger Jentzen"
"MINNEAPOLIS W-3 P-06","Tim Bildsoe","skipped","skipped"
"MINNEAPOLIS W-3 P-06","Ginger Jentzen","Samantha Pree-Stinson","skipped"
"MINNEAPOLIS W-3 P-06","Tim Bildsoe","Samantha Pree-Stinson","Steve Fletcher"
"MINNEAPOLIS W-3 P-06","Samantha Pree-Stinson","Steve Fletcher","Ginger Jentzen"
"MINNEAPOLIS W-3 P-06","Ginger Jentzen","Steve Fletcher","Samantha Pree-Stinson"
"MINNEAPOLIS W-3 P-06","Ginger Jentzen","Tim Bildsoe","Steve Fletcher"
"MINNEAPOLIS W-3 P-06","Steve Fletcher","Tim Bildsoe","skipped"
"MINNEAPOLIS W-3 P-06","Tim Bildsoe","Steve Fletcher","Samantha Pree-Stinson"
"MINNEAPOLIS W-3 P-06","writein","writein","skipped"
"MINNEAPOLIS W-3 P-06","Steve Fletcher","Ginger Jentzen","Tim Bildsoe"
"MINNEAPOLIS W-3 P-06","skipped","skipped","Steve Fletcher"
"MINNEAPOLIS W-3 P-06","Ginger Jentzen","Tim Bildsoe","Steve Fletcher"
"MINNEAPOLIS W-3 P-06","Ginger Jentzen","Steve Fletcher","Tim Bildsoe"
"MINNEAPOLIS W-3 P-06","Tim Bildsoe","Ginger Jentzen","Samantha Pree-Stinson"
"MINNEAPOLIS W-3 P-06","Steve Fletcher","Samantha Pree-Stinson","Ginger Jentzen"
"MINNEAPOLIS W-3 P-06","Ginger Jentzen","Steve Fletcher","Samantha Pree-Stinson"
"MINNEAPOLIS W-3 P-06","Steve Fletcher","Tim Bildsoe","Ginger Jentzen"
"MINNEAPOLIS W-3 P-06","Steve Fletcher","Samantha Pree-Stinson","Ginger Jentzen"
"MINNEAPOLIS W-3 P-06","Ginger Jentzen","Samantha Pree-Stinson","Steve Fletcher"
"MINNEAPOLIS W-3 P-06","Tim Bildsoe","Steve Fletcher","Ginger Jentzen"
"MINNEAPOLIS W-3 P-06","Ginger Jentzen","Samantha Pree-Stinson","Steve Fletcher"
"MINNEAPOLIS W-3 P-06","Ginger Jentzen","Ginger Jentzen","Ginger Jentzen"
"MINNEAPOLIS W-3 P-06","Tim Bildsoe","Steve Fletcher","Samantha Pree-Stinson"
"MINNEAPOLIS W-3 P-06","Ginger Jentzen","Samantha Pree-Stinson","Steve Fletcher"
"MINNEAPOLIS W-3 P-06","Steve Fletcher","Ginger Jentzen","Tim Bildsoe"
"MINNEAPOLIS W-3 P-06","Ginger Jentzen","Samantha Pree-Stinson","Steve Fletcher"
"MINNEAPOLIS W-3 P-06","Ginger Jentzen","Steve Fletcher","Samantha Pree-Stinson"
"MINNEAPOLIS W-3 P-06","Steve Fletcher","Tim Bildsoe","Samantha Pree-Stinson"
"MINNEAPOLIS W-3 P-06","Steve Fletcher","Ginger Jentzen","Tim Bildsoe"
"MINNEAPOLIS W-3 P-06","Samantha Pree-Stinson","Steve Fletcher","Tim Bildsoe"
"MINNEAPOLIS W-3 P-06","Ginger Jentzen","Steve Fletcher","Tim Bildsoe"
"MINNEAPOLIS W-3 P-06","Ginger Jentzen","Steve Fletcher","Samantha Pree-Stinson"
"MINNEAPOLIS W-3 P-06","Ginger Jentzen","Steve Fletcher","Tim Bildsoe"
"MINNEAPOLIS W-3 P-06","Samantha Pree-Stinson","skipped","skipped"
"MINNEAPOLIS W-3 P-06","Ginger Jentzen","Steve Fletcher","skipped"
"MINNEAPOLIS W-3 P-06","Ginger Jentzen","Samantha Pree-Stinson","Tim Bildsoe"
"MINNEAPOLIS W-3 P-06","Ginger Jentzen","Samantha Pree-Stinson","Steve Fletcher"
"MINNEAPOLIS W-3 P-06","skipped","skipped","skipped"
"MINNEAPOLIS W-3 P-06","Ginger Jentzen","Samantha Pree-Stinson","Steve Fletcher"
"MINNEAPOLIS W-3 P-06","Ginger Jentzen","Tim Bildsoe","Steve Fletcher"
"MINNEAPOLIS W-3 P-06","Ginger Jentzen","skipped","skipped"
"MINNEAPOLIS W-3 P-06","Ginger Jentzen","Steve Fletcher","Samantha Pree-Stinson"
"MINNEAPOLIS W-3 P-06","Steve Fletcher","Tim Bildsoe","skipped"
"MINNEAPOLIS W-3 P-06","Steve Fletcher","Tim Bildsoe","Samantha Pree-Stinson"
"MINNEAPOLIS W-3 P-06","Ginger Jentzen","Samantha Pree-Stinson","Steve Fletcher"
"MINNEAPOLIS W-3 P-06","Steve Fletcher","Samantha Pree-Stinson","Ginger Jentzen"
"MINNEAPOLIS W-3 P-06","Ginger Jentzen","Samantha Pree-Stinson","skipped"
"MINNEAPOLIS W-3 P-06","Ginger Jentzen","Samantha Pree-Stinson","Steve Fletcher"
"MINNEAPOLIS W-3 P-06","Samantha Pree-Stinson","Ginger Jentzen","skipped"
"MINNEAPOLIS W-3 P-06","Steve Fletcher","Tim Bildsoe","Samantha Pree-Stinson"
"MINNEAPOLIS W-3 P-06","Ginger Jentzen","Steve Fletcher","Samantha Pree-Stinson"
"MINNEAPOLIS W-3 P-06","Samantha Pree-Stinson","Ginger Jentzen","skipped"
"MINNEAPOLIS W-3 P-06","Ginger Jentzen","Samantha Pree-Stinson","skipped"
"MINNEAPOLIS W-3 P-06","Ginger Jentzen","Samantha Pree-Stinson","Steve Fletcher"
"MINNEAPOLIS W-3 P-06","Ginger Jentzen","Ginger Jentzen","Ginger Jentzen"
"MINNEAPOLIS W-3 P-06","Tim Bildsoe","skipped","skipped"
"MINNEAPOLIS W-3 P-06","Samantha Pree-Stinson","Steve Fletcher","skipped"
"MINNEAPOLIS W-3 P-06","Samantha Pree-Stinson","Ginger Jentzen","Steve Fletcher"
"MINNEAPOLIS W-3 P-06","Ginger Jentzen","Samantha Pree-Stinson","skipped"
"MINNEAPOLIS W-3 P-06","Ginger Jentzen","Ginger Jentzen","Ginger Jentzen"
"MINNEAPOLIS W-3 P-06","Ginger Jentzen","skipped","skipped"
"MINNEAPOLIS W-3 P-06","Ginger Jentzen","skipped","skipped"
"MINNEAPOLIS W-3 P-06","Ginger Jentzen","Steve Fletcher","Samantha Pree-Stinson"
"MINNEAPOLIS W-3 P-06","Ginger Jentzen","Ginger Jentzen","Ginger Jentzen"
"MINNEAPOLIS W-3 P-06","Ginger Jentzen","skipped","skipped"
"MINNEAPOLIS W-3 P-06","Steve Fletcher","Steve Fletcher","skipped"
"MINNEAPOLIS W-3 P-06","Tim Bildsoe","Ginger Jentzen","Steve Fletcher"
"MINNEAPOLIS W-3 P-06","Samantha Pree-Stinson","skipped","skipped"
"MINNEAPOLIS W-3 P-06","Steve Fletcher","Ginger Jentzen","skipped"
"MINNEAPOLIS W-3 P-06","Steve Fletcher","Tim Bildsoe","Ginger Jentzen"
"MINNEAPOLIS W-3 P-06","Tim Bildsoe","Steve Fletcher","Samantha Pree-Stinson"
"MINNEAPOLIS W-3 P-06","Ginger Jentzen","Steve Fletcher","Samantha Pree-Stinson"
"MINNEAPOLIS W-3 P-06","Steve Fletcher","Tim Bildsoe","Ginger Jentzen"
"MINNEAPOLIS W-3 P-06","Samantha Pree-Stinson","Ginger Jentzen","Steve Fletcher"
"MINNEAPOLIS W-3 P-06","Ginger Jentzen","Steve Fletcher","skipped"
"MINNEAPOLIS W-3 P-06","Samantha Pree-Stinson","Tim Bildsoe","Steve Fletcher"
"MINNEAPOLIS W-3 P-06","Steve Fletcher","skipped","skipped"
"MINNEAPOLIS W-3 P-06","Ginger Jentzen","Samantha Pree-Stinson","Steve Fletcher"
"MINNEAPOLIS W-3 P-06","Steve Fletcher","Tim Bildsoe","Samantha Pree-Stinson"
"MINNEAPOLIS W-3 P-06","Steve Fletcher","Tim Bildsoe","skipped"
"MINNEAPOLIS W-3 P-06","Steve Fletcher","Ginger Jentzen","skipped"
"MINNEAPOLIS W-3 P-06","Ginger Jentzen","Steve Fletcher","Samantha Pree-Stinson"
"MINNEAPOLIS W-3 P-06","Steve Fletcher","Tim Bildsoe","Samantha Pree-Stinson"
"MINNEAPOLIS W-3 P-06","Steve Fletcher","Samantha Pree-Stinson","Ginger Jentzen"
"MINNEAPOLIS W-3 P-06","Ginger Jentzen","Tim Bildsoe","Steve Fletcher"
"MINNEAPOLIS W-3 P-06","Ginger Jentzen","Steve Fletcher","Samantha Pree-Stinson"
"MINNEAPOLIS W-3 P-06","Steve Fletcher","Samantha Pree-Stinson","Ginger Jentzen"
"MINNEAPOLIS W-3 P-06","Samantha Pree-Stinson","Ginger Jentzen","Tim Bildsoe"
"MINNEAPOLIS W-3 P-06","Ginger Jentzen","Samantha Pree-Stinson","Steve Fletcher"
"MINNEAPOLIS W-3 P-06","Samantha Pree-Stinson","Steve Fletcher","skipped"
"MINNEAPOLIS W-3 P-06","Steve Fletcher","Tim Bildsoe","Samantha Pree-Stinson"
"MINNEAPOLIS W-3 P-06","Samantha Pree-Stinson","Steve Fletcher","skipped"
"MINNEAPOLIS W-3 P-06","Ginger Jentzen","Samantha Pree-Stinson","Tim Bildsoe"
"MINNEAPOLIS W-3 P-06","Tim Bildsoe","Steve Fletcher","Samantha Pree-Stinson"
"MINNEAPOLIS W-3 P-06","Steve Fletcher","Ginger Jentzen","Tim Bildsoe"
"MINNEAPOLIS W-3 P-06","Ginger Jentzen","Samantha Pree-Stinson","skipped"
"MINNEAPOLIS W-3 P-06","Steve Fletcher","Samantha Pree-Stinson","Ginger Jentzen"
"MINNEAPOLIS W-3 P-06","Ginger Jentzen","Samantha Pree-Stinson","skipped"
"MINNEAPOLIS W-3 P-06","Tim Bildsoe","Steve Fletcher","Ginger Jentzen"
"MINNEAPOLIS W-3 P-06","Ginger Jentzen","Steve Fletcher","Samantha Pree-Stinson"
"MINNEAPOLIS W-3 P-06","Samantha Pree-Stinson","skipped","skipped"
"MINNEAPOLIS W-3 P-06","Samantha Pree-Stinson","Ginger Jentzen","Ginger Jentzen"
"MINNEAPOLIS W-3 P-06","Ginger Jentzen","Samantha Pree-Stinson","Steve Fletcher"
"MINNEAPOLIS W-3 P-06","Steve Fletcher","Tim Bildsoe","skipped"
"MINNEAPOLIS W-3 P-06","Tim Bildsoe","skipped","skipped"
"MINNEAPOLIS W-3 P-06","Ginger Jentzen","Tim Bildsoe","Steve Fletcher"
"MINNEAPOLIS W-3 P-06","Ginger Jentzen","Steve Fletcher","skipped"
"MINNEAPOLIS W-3 P-06","Samantha Pree-Stinson","Ginger Jentzen","Tim Bildsoe"
"MINNEAPOLIS W-3 P-06","Ginger Jentzen","Steve Fletcher","Tim Bildsoe"
"MINNEAPOLIS W-3 P-06","Ginger Jentzen","Samantha Pree-Stinson","skipped"
"MINNEAPOLIS W-3 P-06","Tim Bildsoe","Steve Fletcher","skipped"
"MINNEAPOLIS W-3 P-06","Samantha Pree-Stinson","Steve Fletcher","Tim Bildsoe"
"MINNEAPOLIS W-3 P-06","Ginger Jentzen","Steve Fletcher","Steve Fletcher"
"MINNEAPOLIS W-3 P-06","Ginger Jentzen","skipped","skipped"
"MINNEAPOLIS W-3 P-06","Tim Bildsoe","Steve Fletcher","skipped"
"MINNEAPOLIS W-3 P-06","Samantha Pree-Stinson","Tim Bildsoe","Ginger Jentzen"
"MINNEAPOLIS W-3 P-06","Ginger Jentzen","Samantha Pree-Stinson","Tim Bildsoe"
"MINNEAPOLIS W-3 P-06","Ginger Jentzen","Samantha Pree-Stinson","Steve Fletcher"
"MINNEAPOLIS W-3 P-06","Samantha Pree-Stinson","Steve Fletcher","Ginger Jentzen"
"MINNEAPOLIS W-3 P-06","Ginger Jentzen","Samantha Pree-Stinson","Steve Fletcher"
"MINNEAPOLIS W-3 P-06","Samantha Pree-Stinson","Ginger Jentzen","skipped"
"MINNEAPOLIS W-3 P-06","Steve Fletcher","Ginger Jentzen","Tim Bildsoe"
"MINNEAPOLIS W-3 P-06","Steve Fletcher","Samantha Pree-Stinson","Ginger Jentzen"
"MINNEAPOLIS W-3 P-06","Tim Bildsoe","Steve Fletcher","skipped"
"MINNEAPOLIS W-3 P-06","Ginger Jentzen","Steve Fletcher","Samantha Pree-Stinson"
"MINNEAPOLIS W-3 P-06","Steve Fletcher","Ginger Jentzen","Samantha Pree-Stinson"
"MINNEAPOLIS W-3 P-06","Samantha Pree-Stinson","Steve Fletcher","Ginger Jentzen"
"MINNEAPOLIS W-3 P-06","Steve Fletcher","Tim Bildsoe","Samantha Pree-Stinson"
"MINNEAPOLIS W-3 P-06","Samantha Pree-Stinson","Ginger Jentzen","Samantha Pree-Stinson"
"MINNEAPOLIS W-3 P-06","Ginger Jentzen","Ginger Jentzen","Ginger Jentzen"
"MINNEAPOLIS W-3 P-06","Steve Fletcher","Samantha Pree-Stinson","skipped"
"MINNEAPOLIS W-3 P-06","Ginger Jentzen","Samantha Pree-Stinson","skipped"
"MINNEAPOLIS W-3 P-06","Samantha Pree-Stinson","Steve Fletcher","Tim Bildsoe"
"MINNEAPOLIS W-3 P-06","Ginger Jentzen","Samantha Pree-Stinson","skipped"
"MINNEAPOLIS W-3 P-06","Ginger Jentzen","Samantha Pree-Stinson","skipped"
"MINNEAPOLIS W-3 P-06","Samantha Pree-Stinson","skipped","skipped"
"MINNEAPOLIS W-3 P-06","Ginger Jentzen","Steve Fletcher","Samantha Pree-Stinson"
"MINNEAPOLIS W-3 P-06","Ginger Jentzen","Ginger Jentzen","Ginger Jentzen"
"MINNEAPOLIS W-3 P-06","Tim Bildsoe","skipped","skipped"
"MINNEAPOLIS W-3 P-06","Ginger Jentzen","Steve Fletcher","Samantha Pree-Stinson"
"MINNEAPOLIS W-3 P-06","Ginger Jentzen","Tim Bildsoe","Samantha Pree-Stinson"
"MINNEAPOLIS W-3 P-06","Steve Fletcher","Ginger Jentzen","Samantha Pree-Stinson"
"MINNEAPOLIS W-3 P-06","Ginger Jentzen","Samantha Pree-Stinson","skipped"
"MINNEAPOLIS W-3 P-06","Ginger Jentzen","Samantha Pree-Stinson","skipped"
"MINNEAPOLIS W-3 P-06","Samantha Pree-Stinson","Steve Fletcher","skipped"
"MINNEAPOLIS W-3 P-06","Ginger Jentzen","Steve Fletcher","Tim Bildsoe"
"MINNEAPOLIS W-3 P-06","Ginger Jentzen","skipped","skipped"
"MINNEAPOLIS W-3 P-06","Tim Bildsoe","Ginger Jentzen","writein"
"MINNEAPOLIS W-3 P-06","Tim Bildsoe","skipped","skipped"
"MINNEAPOLIS W-3 P-06","Steve Fletcher","Tim Bildsoe","Ginger Jentzen"
"MINNEAPOLIS W-3 P-06","Ginger Jentzen","skipped","skipped"
"MINNEAPOLIS W-3 P-06","Ginger Jentzen","skipped","skipped"
"MINNEAPOLIS W-3 P-06","Ginger Jentzen","Samantha Pree-Stinson","skipped"
"MINNEAPOLIS W-3 P-06","Steve Fletcher","skipped","skipped"
"MINNEAPOLIS W-3 P-06","Ginger Jentzen","skipped","skipped"
"MINNEAPOLIS W-3 P-06","skipped","Steve Fletcher","skipped"
"MINNEAPOLIS W-3 P-06","Steve Fletcher","Samantha Pree-Stinson","Tim Bildsoe"
"MINNEAPOLIS W-3 P-06","Ginger Jentzen","skipped","skipped"
"MINNEAPOLIS W-3 P-06","Ginger Jentzen","Steve Fletcher","Samantha Pree-Stinson"
"MINNEAPOLIS W-3 P-06","Steve Fletcher","skipped","skipped"
"MINNEAPOLIS W-3 P-06","Samantha Pree-Stinson","skipped","skipped"
"MINNEAPOLIS W-3 P-06","Ginger Jentzen","Steve Fletcher","Samantha Pree-Stinson"
"MINNEAPOLIS W-3 P-06","Ginger Jentzen","skipped","skipped"
"MINNEAPOLIS W-3 P-06","Ginger Jentzen","Steve Fletcher","Samantha Pree-Stinson"
"MINNEAPOLIS W-3 P-06","Ginger Jentzen","Samantha Pree-Stinson","Steve Fletcher"
"MINNEAPOLIS W-3 P-06","Steve Fletcher","Tim Bildsoe","skipped"
"MINNEAPOLIS W-3 P-06","Ginger Jentzen","Samantha Pree-Stinson","Steve Fletcher"
"MINNEAPOLIS W-3 P-06","Steve Fletcher","Samantha Pree-Stinson","Ginger Jentzen"
"MINNEAPOLIS W-3 P-06","Steve Fletcher","Tim Bildsoe","Samantha Pree-Stinson"
"MINNEAPOLIS W-3 P-06","Ginger Jentzen","Samantha Pree-Stinson","Steve Fletcher"
"MINNEAPOLIS W-3 P-06","Ginger Jentzen","Samantha Pree-Stinson","skipped"
"MINNEAPOLIS W-3 P-06","Ginger Jentzen","Samantha Pree-Stinson","Steve Fletcher"
"MINNEAPOLIS W-3 P-06","Ginger Jentzen","skipped","skipped"
"MINNEAPOLIS W-3 P-06","Ginger Jentzen","skipped","skipped"
"MINNEAPOLIS W-3 P-06","Samantha Pree-Stinson","Tim Bildsoe","Steve Fletcher"
"MINNEAPOLIS W-3 P-06","skipped","skipped","skipped"
"MINNEAPOLIS W-3 P-06","Ginger Jentzen","skipped","skipped"
"MINNEAPOLIS W-3 P-06","Steve Fletcher","Ginger Jentzen","Samantha Pree-Stinson"
"MINNEAPOLIS W-3 P-06","Samantha Pree-Stinson","Steve Fletcher","Ginger Jentzen"
"MINNEAPOLIS W-3 P-06","Ginger Jentzen","skipped","skipped"
"MINNEAPOLIS W-3 P-06","Ginger Jentzen","Steve Fletcher","Tim Bildsoe"
"MINNEAPOLIS W-3 P-06","Ginger Jentzen","Steve Fletcher","skipped"
"MINNEAPOLIS W-3 P-06","Steve Fletcher","skipped","skipped"
"MINNEAPOLIS W-3 P-06","Steve Fletcher","Tim Bildsoe","Samantha Pree-Stinson"
"MINNEAPOLIS W-3 P-06","Steve Fletcher","Ginger Jentzen","Samantha Pree-Stinson"
"MINNEAPOLIS W-3 P-06","Ginger Jentzen","Tim Bildsoe","Steve Fletcher"
"MINNEAPOLIS W-3 P-06","Steve Fletcher","Tim Bildsoe","skipped"
"MINNEAPOLIS W-3 P-06","Samantha Pree-Stinson","Ginger Jentzen","Steve Fletcher"
"MINNEAPOLIS W-3 P-06","Steve Fletcher","Ginger Jentzen","Samantha Pree-Stinson"
"MINNEAPOLIS W-3 P-06","Ginger Jentzen","skipped","skipped"
"MINNEAPOLIS W-3 P-06","Ginger Jentzen","Samantha Pree-Stinson","Steve Fletcher"
"MINNEAPOLIS W-3 P-06","Ginger Jentzen","skipped","skipped"
"MINNEAPOLIS W-3 P-06","Samantha Pree-Stinson","Ginger Jentzen","skipped"
"MINNEAPOLIS W-3 P-06","Ginger Jentzen","Tim Bildsoe","Samantha Pree-Stinson"
"MINNEAPOLIS W-3 P-06","Ginger Jentzen","Samantha Pree-Stinson","Steve Fletcher"
"MINNEAPOLIS W-3 P-06","Ginger Jentzen","Samantha Pree-Stinson","Steve Fletcher"
"MINNEAPOLIS W-3 P-06","Steve Fletcher","Tim Bildsoe","Samantha Pree-Stinson"
"MINNEAPOLIS W-3 P-06","Ginger Jentzen","Samantha Pree-Stinson","Tim Bildsoe"
"MINNEAPOLIS W-3 P-06","Tim Bildsoe","Steve Fletcher","skipped"
"MINNEAPOLIS W-3 P-06","Steve Fletcher","Samantha Pree-Stinson","Tim Bildsoe"
"MINNEAPOLIS W-3 P-06","Steve Fletcher","skipped","skipped"
"MINNEAPOLIS W-3 P-06","Ginger Jentzen","Samantha Pree-Stinson","skipped"
"MINNEAPOLIS W-3 P-06","Ginger Jentzen","Samantha Pree-Stinson","Steve Fletcher"
"MINNEAPOLIS W-3 P-06","Samantha Pree-Stinson","Steve Fletcher","skipped"
"MINNEAPOLIS W-3 P-06","Ginger Jentzen","Steve Fletcher","Tim Bildsoe"
"MINNEAPOLIS W-3 P-06","Ginger Jentzen","Samantha Pree-Stinson","Steve Fletcher"
"MINNEAPOLIS W-3 P-06","Steve Fletcher","Samantha Pree-Stinson","Tim Bildsoe"
"MINNEAPOLIS W-3 P-06","Ginger Jentzen","Samantha Pree-Stinson","Steve Fletcher"
"MINNEAPOLIS W-3 P-06","Steve Fletcher","Samantha Pree-Stinson","Ginger Jentzen"
"MINNEAPOLIS W-3 P-06","Steve Fletcher","Ginger Jentzen","Samantha Pree-Stinson"
"MINNEAPOLIS W-3 P-06","Steve Fletcher","Samantha Pree-Stinson","skipped"
"MINNEAPOLIS W-3 P-06","Ginger Jentzen","Steve Fletcher","Samantha Pree-Stinson"
"MINNEAPOLIS W-3 P-06","Steve Fletcher","skipped","skipped"
"MINNEAPOLIS W-3 P-06","Tim Bildsoe","Steve Fletcher","Samantha Pree-Stinson"
"MINNEAPOLIS W-3 P-06","Tim Bildsoe","Samantha Pree-Stinson","skipped"
"MINNEAPOLIS W-3 P-06","Ginger Jentzen","Samantha Pree-Stinson","Steve Fletcher"
"MINNEAPOLIS W-3 P-06","Steve Fletcher","Ginger Jentzen","Tim Bildsoe"
"MINNEAPOLIS W-3 P-06","Ginger Jentzen","Samantha Pree-Stinson","Steve Fletcher"
"MINNEAPOLIS W-3 P-06","Tim Bildsoe","Steve Fletcher","Samantha Pree-Stinson"
"MINNEAPOLIS W-3 P-06","Steve Fletcher","skipped","skipped"
"MINNEAPOLIS W-3 P-06","Ginger Jentzen","Samantha Pree-Stinson","skipped"
"MINNEAPOLIS W-3 P-06","Steve Fletcher","Ginger Jentzen","Samantha Pree-Stinson"
"MINNEAPOLIS W-3 P-06","Ginger Jentzen","Steve Fletcher","Samantha Pree-Stinson"
"MINNEAPOLIS W-3 P-06","Tim Bildsoe","Samantha Pree-Stinson","Steve Fletcher"
"MINNEAPOLIS W-3 P-06","Steve Fletcher","skipped","skipped"
"MINNEAPOLIS W-3 P-06","Ginger Jentzen","Samantha Pree-Stinson","Tim Bildsoe"
"MINNEAPOLIS W-3 P-06","Steve Fletcher","Tim Bildsoe","Ginger Jentzen"
"MINNEAPOLIS W-3 P-06","Ginger Jentzen","Steve Fletcher","Samantha Pree-Stinson"
"MINNEAPOLIS W-3 P-06","Ginger Jentzen","Steve Fletcher","Samantha Pree-Stinson"
"MINNEAPOLIS W-3 P-06","Tim Bildsoe","Ginger Jentzen","skipped"
"MINNEAPOLIS W-3 P-06","Ginger Jentzen","Steve Fletcher","Samantha Pree-Stinson"
"MINNEAPOLIS W-3 P-06","Ginger Jentzen","Steve Fletcher","Samantha Pree-Stinson"
"MINNEAPOLIS W-3 P-06","Ginger Jentzen","skipped","skipped"
"MINNEAPOLIS W-3 P-06","Samantha Pree-Stinson","Ginger Jentzen","Steve Fletcher"
"MINNEAPOLIS W-3 P-06","Steve Fletcher","Tim Bildsoe","Samantha Pree-Stinson"
"MINNEAPOLIS W-3 P-06","Ginger Jentzen","skipped","skipped"
"MINNEAPOLIS W-3 P-06","Ginger Jentzen","skipped","skipped"
"MINNEAPOLIS W-3 P-06","Ginger Jentzen","Steve Fletcher","Tim Bildsoe"
"MINNEAPOLIS W-3 P-06","Steve Fletcher","Tim Bildsoe","skipped"
"MINNEAPOLIS W-3 P-06","Steve Fletcher","Tim Bildsoe","skipped"
"MINNEAPOLIS W-3 P-06","Ginger Jentzen","skipped","skipped"
"MINNEAPOLIS W-3 P-06","Steve Fletcher","Samantha Pree-Stinson","Ginger Jentzen"
"MINNEAPOLIS W-3 P-06","Ginger Jentzen","Samantha Pree-Stinson","skipped"
"MINNEAPOLIS W-3 P-06","Ginger Jentzen","Samantha Pree-Stinson","skipped"
"MINNEAPOLIS W-3 P-06","Ginger Jentzen","Tim Bildsoe","Steve Fletcher"
"MINNEAPOLIS W-3 P-06","Ginger Jentzen","Samantha Pree-Stinson","Steve Fletcher"
"MINNEAPOLIS W-3 P-06","Ginger Jentzen","Steve Fletcher","Samantha Pree-Stinson"
"MINNEAPOLIS W-3 P-06","Samantha Pree-Stinson","Ginger Jentzen","Tim Bildsoe"
"MINNEAPOLIS W-3 P-06","Ginger Jentzen","Steve Fletcher","Samantha Pree-Stinson"
"MINNEAPOLIS W-3 P-06","Samantha Pree-Stinson","Steve Fletcher","Tim Bildsoe"
"MINNEAPOLIS W-3 P-06","Ginger Jentzen","Samantha Pree-Stinson","Steve Fletcher"
"MINNEAPOLIS W-3 P-06","Steve Fletcher","Ginger Jentzen","skipped"
"MINNEAPOLIS W-3 P-06","Ginger Jentzen","Steve Fletcher","Samantha Pree-Stinson"
"MINNEAPOLIS W-3 P-06","Steve Fletcher","Tim Bildsoe","writein"
"MINNEAPOLIS W-3 P-06","Ginger Jentzen","Steve Fletcher","skipped"
"MINNEAPOLIS W-3 P-06","Samantha Pree-Stinson","Ginger Jentzen","skipped"
"MINNEAPOLIS W-3 P-06","Ginger Jentzen","skipped","skipped"
"MINNEAPOLIS W-3 P-06","Samantha Pree-Stinson","Steve Fletcher","skipped"
"MINNEAPOLIS W-3 P-06","Ginger Jentzen","Samantha Pree-Stinson","Steve Fletcher"
"MINNEAPOLIS W-3 P-06","Steve Fletcher","Tim Bildsoe","Samantha Pree-Stinson"
"MINNEAPOLIS W-3 P-06","Steve Fletcher","Samantha Pree-Stinson","Ginger Jentzen"
"MINNEAPOLIS W-3 P-06","Steve Fletcher","skipped","skipped"
"MINNEAPOLIS W-3 P-06","Steve Fletcher","Ginger Jentzen","Tim Bildsoe"
"MINNEAPOLIS W-3 P-06","Samantha Pree-Stinson","skipped","skipped"
"MINNEAPOLIS W-3 P-06","Ginger Jentzen","Samantha Pree-Stinson","Steve Fletcher"
"MINNEAPOLIS W-3 P-06","Steve Fletcher","Tim Bildsoe","Samantha Pree-Stinson"
"MINNEAPOLIS W-3 P-06","Ginger Jentzen","Samantha Pree-Stinson","skipped"
"MINNEAPOLIS W-3 P-06","Ginger Jentzen","Tim Bildsoe","Steve Fletcher"
"MINNEAPOLIS W-3 P-06","Steve Fletcher","Tim Bildsoe","skipped"
"MINNEAPOLIS W-3 P-06","Tim Bildsoe","Ginger Jentzen","Samantha Pree-Stinson"
"MINNEAPOLIS W-3 P-06","Steve Fletcher","Tim Bildsoe","Ginger Jentzen"
"MINNEAPOLIS W-3 P-06","Tim Bildsoe","Steve Fletcher","Ginger Jentzen"
"MINNEAPOLIS W-3 P-06","Ginger Jentzen","Samantha Pree-Stinson","skipped"
"MINNEAPOLIS W-3 P-06","Steve Fletcher","Ginger Jentzen","Tim Bildsoe"
"MINNEAPOLIS W-3 P-06","Ginger Jentzen","Steve Fletcher","skipped"
"MINNEAPOLIS W-3 P-06","Steve Fletcher","Steve Fletcher","Steve Fletcher"
"MINNEAPOLIS W-3 P-06","Ginger Jentzen","Samantha Pree-Stinson","Steve Fletcher"
"MINNEAPOLIS W-3 P-06","Samantha Pree-Stinson","Steve Fletcher","Tim Bildsoe"
"MINNEAPOLIS W-3 P-06","Ginger Jentzen","Steve Fletcher","Samantha Pree-Stinson"
"MINNEAPOLIS W-3 P-06","Ginger Jentzen","Tim Bildsoe","Steve Fletcher"
"MINNEAPOLIS W-3 P-06","Ginger Jentzen","skipped","skipped"
"MINNEAPOLIS W-3 P-06","Steve Fletcher","Samantha Pree-Stinson","Tim Bildsoe"
"MINNEAPOLIS W-3 P-06","Tim Bildsoe","Steve Fletcher","Samantha Pree-Stinson"
"MINNEAPOLIS W-3 P-06","Samantha Pree-Stinson","Ginger Jentzen","Steve Fletcher"
"MINNEAPOLIS W-3 P-06","Steve Fletcher","Tim Bildsoe","skipped"
"MINNEAPOLIS W-3 P-06","Samantha Pree-Stinson","Ginger Jentzen","skipped"
"MINNEAPOLIS W-3 P-06","skipped","skipped","skipped"
"MINNEAPOLIS W-3 P-06","Tim Bildsoe","skipped","skipped"
"MINNEAPOLIS W-3 P-06","Tim Bildsoe","Steve Fletcher","skipped"
"MINNEAPOLIS W-3 P-06","Ginger Jentzen","Samantha Pree-Stinson","skipped"
"MINNEAPOLIS W-3 P-06","Ginger Jentzen","skipped","skipped"
"MINNEAPOLIS W-3 P-06","Ginger Jentzen","Samantha Pree-Stinson","skipped"
"MINNEAPOLIS W-3 P-06","Steve Fletcher","Tim Bildsoe","Ginger Jentzen"
"MINNEAPOLIS W-3 P-06","Samantha Pree-Stinson","Ginger Jentzen","skipped"
"MINNEAPOLIS W-3 P-06","Ginger Jentzen","Steve Fletcher","Samantha Pree-Stinson"
"MINNEAPOLIS W-3 P-06","Samantha Pree-Stinson","Ginger Jentzen","Steve Fletcher"
"MINNEAPOLIS W-3 P-06","Ginger Jentzen","Tim Bildsoe","Steve Fletcher"
"MINNEAPOLIS W-3 P-06","Ginger Jentzen","Steve Fletcher","Samantha Pree-Stinson"
"MINNEAPOLIS W-3 P-06","Tim Bildsoe","Steve Fletcher","skipped"
"MINNEAPOLIS W-3 P-06","Tim Bildsoe","Steve Fletcher","Ginger Jentzen"
"MINNEAPOLIS W-3 P-06","Samantha Pree-Stinson","Steve Fletcher","Tim Bildsoe"
"MINNEAPOLIS W-3 P-06","Ginger Jentzen","Samantha Pree-Stinson","Steve Fletcher"
"MINNEAPOLIS W-3 P-06","Tim Bildsoe","Steve Fletcher","Ginger Jentzen"
"MINNEAPOLIS W-3 P-06","Steve Fletcher","Tim Bildsoe","Tim Bildsoe"
"MINNEAPOLIS W-3 P-06","Tim Bildsoe","Tim Bildsoe","Tim Bildsoe"
"MINNEAPOLIS W-3 P-06","Steve Fletcher","Samantha Pree-Stinson","Tim Bildsoe"
"MINNEAPOLIS W-3 P-06","Ginger Jentzen","Samantha Pree-Stinson","Steve Fletcher"
"MINNEAPOLIS W-3 P-06","Ginger Jentzen","Steve Fletcher","Samantha Pree-Stinson"
"MINNEAPOLIS W-3 P-06","Tim Bildsoe","Ginger Jentzen","Steve Fletcher"
"MINNEAPOLIS W-3 P-06","Steve Fletcher","Samantha Pree-Stinson","skipped"
"MINNEAPOLIS W-3 P-06","Ginger Jentzen","skipped","skipped"
"MINNEAPOLIS W-3 P-06","Steve Fletcher","Samantha Pree-Stinson","Ginger Jentzen"
"MINNEAPOLIS W-3 P-06","Steve Fletcher","skipped","skipped"
"MINNEAPOLIS W-3 P-06","Ginger Jentzen","Steve Fletcher","skipped"
"MINNEAPOLIS W-3 P-06","skipped","skipped","skipped"
"MINNEAPOLIS W-3 P-06","Steve Fletcher","Ginger Jentzen","Samantha Pree-Stinson"
"MINNEAPOLIS W-3 P-06","Steve Fletcher","Tim Bildsoe","Samantha Pree-Stinson"
"MINNEAPOLIS W-3 P-06","Steve Fletcher","Ginger Jentzen","Tim Bildsoe"
"MINNEAPOLIS W-3 P-06","Ginger Jentzen","Samantha Pree-Stinson","Steve Fletcher"
"MINNEAPOLIS W-3 P-06","Ginger Jentzen","Samantha Pree-Stinson","Steve Fletcher"
"MINNEAPOLIS W-3 P-06","Ginger Jentzen","Samantha Pree-Stinson","Steve Fletcher"
"MINNEAPOLIS W-3 P-06","Steve Fletcher","Samantha Pree-Stinson","Ginger Jentzen"
"MINNEAPOLIS W-3 P-06","Steve Fletcher","Tim Bildsoe","Ginger Jentzen"
"MINNEAPOLIS W-3 P-06","Ginger Jentzen","Steve Fletcher","Tim Bildsoe"
"MINNEAPOLIS W-3 P-06","Ginger Jentzen","skipped","skipped"
"MINNEAPOLIS W-3 P-06","Ginger Jentzen","Steve Fletcher","skipped"
"MINNEAPOLIS W-3 P-06","Ginger Jentzen","Steve Fletcher","Samantha Pree-Stinson"
"MINNEAPOLIS W-3 P-06","Ginger Jentzen","skipped","skipped"
"MINNEAPOLIS W-3 P-06","Ginger Jentzen","skipped","skipped"
"MINNEAPOLIS W-3 P-06","Ginger Jentzen","Samantha Pree-Stinson","Steve Fletcher"
"MINNEAPOLIS W-3 P-06","Steve Fletcher","Samantha Pree-Stinson","Ginger Jentzen"
"MINNEAPOLIS W-3 P-06","skipped","skipped","skipped"
"MINNEAPOLIS W-3 P-06","Steve Fletcher","skipped","skipped"
"MINNEAPOLIS W-3 P-06","Steve Fletcher","Tim Bildsoe","Samantha Pree-Stinson"
"MINNEAPOLIS W-3 P-06","Steve Fletcher","Ginger Jentzen","Tim Bildsoe"
"MINNEAPOLIS W-3 P-06","Ginger Jentzen","skipped","skipped"
"MINNEAPOLIS W-3 P-06","Tim Bildsoe","Ginger Jentzen","skipped"
"MINNEAPOLIS W-3 P-06","Ginger Jentzen","Samantha Pree-Stinson","Steve Fletcher"
"MINNEAPOLIS W-3 P-06","Ginger Jentzen","Tim Bildsoe","Steve Fletcher"
"MINNEAPOLIS W-3 P-06","Samantha Pree-Stinson","Ginger Jentzen","skipped"
"MINNEAPOLIS W-3 P-06","Ginger Jentzen","skipped","skipped"
"MINNEAPOLIS W-3 P-06","Ginger Jentzen","Tim Bildsoe","Samantha Pree-Stinson"
"MINNEAPOLIS W-3 P-06","Samantha Pree-Stinson","Steve Fletcher","writein"
"MINNEAPOLIS W-3 P-06","Ginger Jentzen","Samantha Pree-Stinson","skipped"
"MINNEAPOLIS W-3 P-06","Tim Bildsoe","Steve Fletcher","skipped"
"MINNEAPOLIS W-3 P-06","Ginger Jentzen","skipped","skipped"
"MINNEAPOLIS W-3 P-06","Steve Fletcher","Ginger Jentzen","skipped"
"MINNEAPOLIS W-3 P-06","Tim Bildsoe","Samantha Pree-Stinson","Steve Fletcher"
"MINNEAPOLIS W-3 P-06","Samantha Pree-Stinson","Steve Fletcher","Ginger Jentzen"
"MINNEAPOLIS W-3 P-06","Steve Fletcher","Ginger Jentzen","skipped"
"MINNEAPOLIS W-3 P-06","Samantha Pree-Stinson","Ginger Jentzen","Steve Fletcher"
"MINNEAPOLIS W-3 P-06","Ginger Jentzen","skipped","skipped"
"MINNEAPOLIS W-3 P-06","Steve Fletcher","Samantha Pree-Stinson","Ginger Jentzen"
"MINNEAPOLIS W-3 P-06","Ginger Jentzen","Tim Bildsoe","Steve Fletcher"
"MINNEAPOLIS W-3 P-06","Ginger Jentzen","Steve Fletcher","Tim Bildsoe"
"MINNEAPOLIS W-3 P-06","Ginger Jentzen","skipped","skipped"
"MINNEAPOLIS W-3 P-06","Tim Bildsoe","skipped","skipped"
"MINNEAPOLIS W-3 P-06","Samantha Pree-Stinson","Steve Fletcher","Tim Bildsoe"
"MINNEAPOLIS W-3 P-06","Samantha Pree-Stinson","Samantha Pree-Stinson","Samantha Pree-Stinson"
"MINNEAPOLIS W-3 P-06","Samantha Pree-Stinson","Ginger Jentzen","Tim Bildsoe"
"MINNEAPOLIS W-3 P-06","Ginger Jentzen","Samantha Pree-Stinson","skipped"
"MINNEAPOLIS W-3 P-06","Samantha Pree-Stinson","Tim Bildsoe","Ginger Jentzen"
"MINNEAPOLIS W-3 P-06","Ginger Jentzen","skipped","skipped"
"MINNEAPOLIS W-3 P-06","Tim Bildsoe","skipped","skipped"
"MINNEAPOLIS W-3 P-06","Ginger Jentzen","Samantha Pree-Stinson","Steve Fletcher"
"MINNEAPOLIS W-3 P-06","Ginger Jentzen","Samantha Pree-Stinson","Tim Bildsoe"
"MINNEAPOLIS W-3 P-06","Steve Fletcher","Samantha Pree-Stinson","Tim Bildsoe"
"MINNEAPOLIS W-3 P-06","Ginger Jentzen","Steve Fletcher","Ginger Jentzen"
"MINNEAPOLIS W-3 P-06","Samantha Pree-Stinson","Ginger Jentzen","skipped"
"MINNEAPOLIS W-3 P-06","Ginger Jentzen","Samantha Pree-Stinson","writein"
"MINNEAPOLIS W-3 P-06","Ginger Jentzen","skipped","skipped"
"MINNEAPOLIS W-3 P-06","Ginger Jentzen","skipped","skipped"
"MINNEAPOLIS W-3 P-06","Steve Fletcher","skipped","skipped"
"MINNEAPOLIS W-3 P-06","Ginger Jentzen","Steve Fletcher","Samantha Pree-Stinson"
"MINNEAPOLIS W-3 P-06","Steve Fletcher","Tim Bildsoe","Ginger Jentzen"
"MINNEAPOLIS W-3 P-06","Ginger Jentzen","Tim Bildsoe","Steve Fletcher"
"MINNEAPOLIS W-3 P-06","Ginger Jentzen","Steve Fletcher","Samantha Pree-Stinson"
"MINNEAPOLIS W-3 P-06","Steve Fletcher","Ginger Jentzen","Samantha Pree-Stinson"
"MINNEAPOLIS W-3 P-06","Ginger Jentzen","Tim Bildsoe","Tim Bildsoe"
"MINNEAPOLIS W-3 P-06","Ginger Jentzen","Samantha Pree-Stinson","skipped"
"MINNEAPOLIS W-3 P-06","Ginger Jentzen","Steve Fletcher","Tim Bildsoe"
"MINNEAPOLIS W-3 P-06","Ginger Jentzen","Tim Bildsoe","Steve Fletcher"
"MINNEAPOLIS W-3 P-06","Tim Bildsoe","Steve Fletcher","Ginger Jentzen"
"MINNEAPOLIS W-3 P-06","Steve Fletcher","Samantha Pree-Stinson","Ginger Jentzen"
"MINNEAPOLIS W-3 P-06","Ginger Jentzen","skipped","skipped"
"MINNEAPOLIS W-3 P-06","Ginger Jentzen","skipped","skipped"
"MINNEAPOLIS W-3 P-06","Steve Fletcher","Ginger Jentzen","skipped"
"MINNEAPOLIS W-3 P-06","Steve Fletcher","Tim Bildsoe","Ginger Jentzen"
"MINNEAPOLIS W-3 P-06","Steve Fletcher","Steve Fletcher","Steve Fletcher"
"MINNEAPOLIS W-3 P-06","Samantha Pree-Stinson","Steve Fletcher","skipped"
"MINNEAPOLIS W-3 P-06","Ginger Jentzen","Samantha Pree-Stinson","skipped"
"MINNEAPOLIS W-3 P-06","Steve Fletcher","Tim Bildsoe","skipped"
"MINNEAPOLIS W-3 P-06","Steve Fletcher","Tim Bildsoe","Samantha Pree-Stinson"
"MINNEAPOLIS W-3 P-06","Samantha Pree-Stinson","Ginger Jentzen","skipped"
"MINNEAPOLIS W-3 P-06","skipped","Ginger Jentzen","skipped"
"MINNEAPOLIS W-3 P-06","Samantha Pree-Stinson","Steve Fletcher","Tim Bildsoe"
"MINNEAPOLIS W-3 P-06","Ginger Jentzen","skipped","skipped"
"MINNEAPOLIS W-3 P-06","Ginger Jentzen","Ginger Jentzen","Ginger Jentzen"
"MINNEAPOLIS W-3 P-06","Ginger Jentzen","Steve Fletcher","Samantha Pree-Stinson"
"MINNEAPOLIS W-3 P-06","Ginger Jentzen","Steve Fletcher","Tim Bildsoe"
"MINNEAPOLIS W-3 P-06","Ginger Jentzen","Tim Bildsoe","Samantha Pree-Stinson"
"MINNEAPOLIS W-3 P-06","Ginger Jentzen","Samantha Pree-Stinson","skipped"
"MINNEAPOLIS W-3 P-06","Ginger Jentzen","skipped","skipped"
"MINNEAPOLIS W-3 P-06","Steve Fletcher","Samantha Pree-Stinson","Ginger Jentzen"
"MINNEAPOLIS W-3 P-06","Ginger Jentzen","Steve Fletcher","Samantha Pree-Stinson"
"MINNEAPOLIS W-3 P-06","Ginger Jentzen","Steve Fletcher","skipped"
"MINNEAPOLIS W-3 P-06","Ginger Jentzen","Steve Fletcher","Tim Bildsoe"
"MINNEAPOLIS W-3 P-06","Ginger Jentzen","Steve Fletcher","Tim Bildsoe"
"MINNEAPOLIS W-3 P-06","Samantha Pree-Stinson","skipped","skipped"
"MINNEAPOLIS W-3 P-06","Steve Fletcher","Ginger Jentzen","Tim Bildsoe"
"MINNEAPOLIS W-3 P-06","Ginger Jentzen","Samantha Pree-Stinson","Steve Fletcher"
"MINNEAPOLIS W-3 P-06","Steve Fletcher","Samantha Pree-Stinson","Tim Bildsoe"
"MINNEAPOLIS W-3 P-06","Steve Fletcher","skipped","skipped"
"MINNEAPOLIS W-3 P-06","Samantha Pree-Stinson","Steve Fletcher","Tim Bildsoe"
"MINNEAPOLIS W-3 P-06","Ginger Jentzen","Samantha Pree-Stinson","skipped"
"MINNEAPOLIS W-3 P-06","Samantha Pree-Stinson","skipped","skipped"
"MINNEAPOLIS W-3 P-06","Steve Fletcher","Ginger Jentzen","skipped"
"MINNEAPOLIS W-3 P-06","Steve Fletcher","Tim Bildsoe","Ginger Jentzen"
"MINNEAPOLIS W-3 P-06","Ginger Jentzen","Steve Fletcher","Tim Bildsoe"
"MINNEAPOLIS W-3 P-06","Ginger Jentzen","Samantha Pree-Stinson","Steve Fletcher"
"MINNEAPOLIS W-3 P-06","Steve Fletcher","Samantha Pree-Stinson","skipped"
"MINNEAPOLIS W-3 P-06","Tim Bildsoe","Steve Fletcher","skipped"
"MINNEAPOLIS W-3 P-06","Ginger Jentzen","Steve Fletcher","Samantha Pree-Stinson"
"MINNEAPOLIS W-3 P-06","Steve Fletcher","Tim Bildsoe","writein"
"MINNEAPOLIS W-3 P-06","Ginger Jentzen","skipped","skipped"
"MINNEAPOLIS W-3 P-06","Ginger Jentzen","Samantha Pree-Stinson","Steve Fletcher"
"MINNEAPOLIS W-3 P-06","Tim Bildsoe","Steve Fletcher","skipped"
"MINNEAPOLIS W-3 P-06","Steve Fletcher","Samantha Pree-Stinson","Tim Bildsoe"
"MINNEAPOLIS W-3 P-06","Samantha Pree-Stinson","Tim Bildsoe","Steve Fletcher"
"MINNEAPOLIS W-3 P-06","Samantha Pree-Stinson","Samantha Pree-Stinson","Tim Bildsoe"
"MINNEAPOLIS W-3 P-06","Steve Fletcher","Samantha Pree-Stinson","skipped"
"MINNEAPOLIS W-3 P-06","Ginger Jentzen","skipped","skipped"
"MINNEAPOLIS W-3 P-06","Ginger Jentzen","Tim Bildsoe","Samantha Pree-Stinson"
"MINNEAPOLIS W-3 P-06","Steve Fletcher","Tim Bildsoe","skipped"
"MINNEAPOLIS W-3 P-06","Samantha Pree-Stinson","Ginger Jentzen","Tim Bildsoe"
"MINNEAPOLIS W-3 P-06","Ginger Jentzen","Tim Bildsoe","Steve Fletcher"
"MINNEAPOLIS W-3 P-06","skipped","skipped","skipped"
"MINNEAPOLIS W-3 P-06","Steve Fletcher","skipped","skipped"
"MINNEAPOLIS W-3 P-06","Tim Bildsoe","Steve Fletcher","skipped"
"MINNEAPOLIS W-3 P-06","Steve Fletcher","Samantha Pree-Stinson","Ginger Jentzen"
"MINNEAPOLIS W-3 P-06","skipped","skipped","skipped"
"MINNEAPOLIS W-3 P-06","Steve Fletcher","Ginger Jentzen","Samantha Pree-Stinson"
"MINNEAPOLIS W-3 P-06","Ginger Jentzen","Samantha Pree-Stinson","Steve Fletcher"
"MINNEAPOLIS W-3 P-06","Ginger Jentzen","Samantha Pree-Stinson","Steve Fletcher"
"MINNEAPOLIS W-3 P-06","Steve Fletcher","Samantha Pree-Stinson","Tim Bildsoe"
"MINNEAPOLIS W-3 P-06","Steve Fletcher","Samantha Pree-Stinson","Ginger Jentzen"
"MINNEAPOLIS W-3 P-06","Ginger Jentzen","Samantha Pree-Stinson","Steve Fletcher"
"MINNEAPOLIS W-3 P-06","Steve Fletcher","overvote","Tim Bildsoe"
"MINNEAPOLIS W-3 P-06","Steve Fletcher","Tim Bildsoe","Samantha Pree-Stinson"
"MINNEAPOLIS W-3 P-06","Steve Fletcher","Tim Bildsoe","skipped"
"MINNEAPOLIS W-3 P-06","Ginger Jentzen","Tim Bildsoe","Steve Fletcher"
"MINNEAPOLIS W-3 P-06","Tim Bildsoe","Ginger Jentzen","Steve Fletcher"
"MINNEAPOLIS W-3 P-06","Tim Bildsoe","skipped","skipped"
"MINNEAPOLIS W-3 P-06","Ginger Jentzen","Samantha Pree-Stinson","skipped"
"MINNEAPOLIS W-3 P-06","Steve Fletcher","skipped","skipped"
"MINNEAPOLIS W-3 P-06","Ginger Jentzen","Samantha Pree-Stinson","skipped"
"MINNEAPOLIS W-3 P-06","skipped","skipped","skipped"
"MINNEAPOLIS W-3 P-06","Tim Bildsoe","skipped","skipped"
"MINNEAPOLIS W-3 P-06","Ginger Jentzen","Samantha Pree-Stinson","Steve Fletcher"
"MINNEAPOLIS W-3 P-06","Ginger Jentzen","Tim Bildsoe","Steve Fletcher"
"MINNEAPOLIS W-3 P-06","Samantha Pree-Stinson","Steve Fletcher","Tim Bildsoe"
"MINNEAPOLIS W-3 P-06","Ginger Jentzen","Samantha Pree-Stinson","Steve Fletcher"
"MINNEAPOLIS W-3 P-06","Tim Bildsoe","Steve Fletcher","writein"
"MINNEAPOLIS W-3 P-06","Steve Fletcher","skipped","skipped"
"MINNEAPOLIS W-3 P-06","Samantha Pree-Stinson","Steve Fletcher","skipped"
"MINNEAPOLIS W-3 P-06","Ginger Jentzen","Samantha Pree-Stinson","skipped"
"MINNEAPOLIS W-3 P-06","Ginger Jentzen","Samantha Pree-Stinson","skipped"
"MINNEAPOLIS W-3 P-06","Steve Fletcher","Tim Bildsoe","Samantha Pree-Stinson"
"MINNEAPOLIS W-3 P-06","Ginger Jentzen","Samantha Pree-Stinson","skipped"
"MINNEAPOLIS W-3 P-06","Ginger Jentzen","skipped","skipped"
"MINNEAPOLIS W-3 P-06","Ginger Jentzen","Steve Fletcher","skipped"
"MINNEAPOLIS W-3 P-06","Tim Bildsoe","skipped","skipped"
"MINNEAPOLIS W-3 P-06","Ginger Jentzen","Steve Fletcher","Tim Bildsoe"
"MINNEAPOLIS W-3 P-06","Steve Fletcher","Ginger Jentzen","Samantha Pree-Stinson"
"MINNEAPOLIS W-3 P-06","Ginger Jentzen","Tim Bildsoe","Steve Fletcher"
"MINNEAPOLIS W-3 P-06","Samantha Pree-Stinson","Ginger Jentzen","Steve Fletcher"
"MINNEAPOLIS W-3 P-06","Ginger Jentzen","skipped","skipped"
"MINNEAPOLIS W-3 P-06","Tim Bildsoe","Steve Fletcher","skipped"
"MINNEAPOLIS W-3 P-06","Steve Fletcher","Samantha Pree-Stinson","Ginger Jentzen"
"MINNEAPOLIS W-3 P-06","Ginger Jentzen","skipped","skipped"
"MINNEAPOLIS W-3 P-06","Samantha Pree-Stinson","Tim Bildsoe","Steve Fletcher"
"MINNEAPOLIS W-3 P-06","Ginger Jentzen","Samantha Pree-Stinson","skipped"
"MINNEAPOLIS W-3 P-06","Samantha Pree-Stinson","Samantha Pree-Stinson","Samantha Pree-Stinson"
"MINNEAPOLIS W-3 P-06","Ginger Jentzen","Tim Bildsoe","Samantha Pree-Stinson"
"MINNEAPOLIS W-3 P-06","Samantha Pree-Stinson","Ginger Jentzen","skipped"
"MINNEAPOLIS W-3 P-06","Ginger Jentzen","skipped","skipped"
"MINNEAPOLIS W-3 P-06","Ginger Jentzen","Samantha Pree-Stinson","Steve Fletcher"
"MINNEAPOLIS W-3 P-06","Ginger Jentzen","writein","Samantha Pree-Stinson"
"MINNEAPOLIS W-3 P-06","Samantha Pree-Stinson","skipped","skipped"
"MINNEAPOLIS W-3 P-06","Samantha Pree-Stinson","Samantha Pree-Stinson","Samantha Pree-Stinson"
"MINNEAPOLIS W-3 P-06","Steve Fletcher","skipped","skipped"
"MINNEAPOLIS W-3 P-06","Ginger Jentzen","Samantha Pree-Stinson","Steve Fletcher"
"MINNEAPOLIS W-3 P-06","Steve Fletcher","Tim Bildsoe","Ginger Jentzen"
"MINNEAPOLIS W-3 P-06","Ginger Jentzen","Steve Fletcher","Samantha Pree-Stinson"
"MINNEAPOLIS W-3 P-06","Tim Bildsoe","Steve Fletcher","Steve Fletcher"
"MINNEAPOLIS W-3 P-06","Samantha Pree-Stinson","Steve Fletcher","skipped"
"MINNEAPOLIS W-3 P-06","Tim Bildsoe","Steve Fletcher","Samantha Pree-Stinson"
"MINNEAPOLIS W-3 P-06","Tim Bildsoe","Steve Fletcher","Ginger Jentzen"
"MINNEAPOLIS W-3 P-06","Ginger Jentzen","Ginger Jentzen","Ginger Jentzen"
"MINNEAPOLIS W-3 P-06","Ginger Jentzen","Samantha Pree-Stinson","skipped"
"MINNEAPOLIS W-3 P-06","Ginger Jentzen","Samantha Pree-Stinson","Tim Bildsoe"
"MINNEAPOLIS W-3 P-06","Ginger Jentzen","Steve Fletcher","Tim Bildsoe"
"MINNEAPOLIS W-3 P-06","Ginger Jentzen","Samantha Pree-Stinson","skipped"
"MINNEAPOLIS W-3 P-06","Ginger Jentzen","Steve Fletcher","skipped"
"MINNEAPOLIS W-3 P-06","Steve Fletcher","Tim Bildsoe","Samantha Pree-Stinson"
"MINNEAPOLIS W-3 P-06","Samantha Pree-Stinson","Ginger Jentzen","Steve Fletcher"
"MINNEAPOLIS W-3 P-06","Ginger Jentzen","skipped","skipped"
"MINNEAPOLIS W-3 P-06","Samantha Pree-Stinson","Ginger Jentzen","skipped"
"MINNEAPOLIS W-3 P-06","Ginger Jentzen","Samantha Pree-Stinson","Tim Bildsoe"
"MINNEAPOLIS W-3 P-06","Ginger Jentzen","Steve Fletcher","Tim Bildsoe"
"MINNEAPOLIS W-3 P-06","Tim Bildsoe","Ginger Jentzen","Samantha Pree-Stinson"
"MINNEAPOLIS W-3 P-06","Steve Fletcher","Samantha Pree-Stinson","Ginger Jentzen"
"MINNEAPOLIS W-3 P-06","Ginger Jentzen","skipped","skipped"
"MINNEAPOLIS W-3 P-06","Ginger Jentzen","Tim Bildsoe","Steve Fletcher"
"MINNEAPOLIS W-3 P-06","Ginger Jentzen","skipped","skipped"
"MINNEAPOLIS W-3 P-06","Tim Bildsoe","Samantha Pree-Stinson","skipped"
"MINNEAPOLIS W-3 P-06","Steve Fletcher","Samantha Pree-Stinson","Tim Bildsoe"
"MINNEAPOLIS W-3 P-06","Steve Fletcher","skipped","skipped"
"MINNEAPOLIS W-3 P-06","Ginger Jentzen","Steve Fletcher","Samantha Pree-Stinson"
"MINNEAPOLIS W-3 P-06","Ginger Jentzen","skipped","skipped"
"MINNEAPOLIS W-3 P-06","Steve Fletcher","Steve Fletcher","Steve Fletcher"
"MINNEAPOLIS W-3 P-06","Ginger Jentzen","Steve Fletcher","Samantha Pree-Stinson"
"MINNEAPOLIS W-3 P-06","Ginger Jentzen","skipped","skipped"
"MINNEAPOLIS W-3 P-06","Ginger Jentzen","skipped","skipped"
"MINNEAPOLIS W-3 P-06","Ginger Jentzen","Steve Fletcher","skipped"
"MINNEAPOLIS W-3 P-06","Ginger Jentzen","skipped","skipped"
"MINNEAPOLIS W-3 P-06","Ginger Jentzen","Steve Fletcher","Samantha Pree-Stinson"
"MINNEAPOLIS W-3 P-06","skipped","skipped","skipped"
"MINNEAPOLIS W-3 P-06","Ginger Jentzen","Samantha Pree-Stinson","writein"
"MINNEAPOLIS W-3 P-06","Tim Bildsoe","Ginger Jentzen","Steve Fletcher"
"MINNEAPOLIS W-3 P-06","Steve Fletcher","skipped","skipped"
"MINNEAPOLIS W-3 P-06","Steve Fletcher","Tim Bildsoe","Ginger Jentzen"
"MINNEAPOLIS W-3 P-06","Tim Bildsoe","Samantha Pree-Stinson","Ginger Jentzen"
"MINNEAPOLIS W-3 P-06","Samantha Pree-Stinson","Steve Fletcher","Tim Bildsoe"
"MINNEAPOLIS W-3 P-06","Steve Fletcher","Tim Bildsoe","Ginger Jentzen"
"MINNEAPOLIS W-3 P-06","Ginger Jentzen","Samantha Pree-Stinson","Steve Fletcher"
"MINNEAPOLIS W-3 P-06","Ginger Jentzen","skipped","skipped"
"MINNEAPOLIS W-3 P-06","Steve Fletcher","Ginger Jentzen","Tim Bildsoe"
"MINNEAPOLIS W-3 P-06","Samantha Pree-Stinson","Steve Fletcher","Ginger Jentzen"
"MINNEAPOLIS W-3 P-06","Ginger Jentzen","Samantha Pree-Stinson","Steve Fletcher"
"MINNEAPOLIS W-3 P-06","Ginger Jentzen","Samantha Pree-Stinson","Steve Fletcher"
"MINNEAPOLIS W-3 P-06","Samantha Pree-Stinson","Ginger Jentzen","writein"
"MINNEAPOLIS W-3 P-06","Samantha Pree-Stinson","Steve Fletcher","Tim Bildsoe"
"MINNEAPOLIS W-3 P-06","Ginger Jentzen","Steve Fletcher","Samantha Pree-Stinson"
"MINNEAPOLIS W-3 P-06","Ginger Jentzen","Steve Fletcher","Samantha Pree-Stinson"
"MINNEAPOLIS W-3 P-06","Ginger Jentzen","Samantha Pree-Stinson","Steve Fletcher"
"MINNEAPOLIS W-3 P-06","Ginger Jentzen","skipped","skipped"
"MINNEAPOLIS W-3 P-06","Steve Fletcher","Ginger Jentzen","Tim Bildsoe"
"MINNEAPOLIS W-3 P-06","Steve Fletcher","Tim Bildsoe","Samantha Pree-Stinson"
"MINNEAPOLIS W-3 P-06","Samantha Pree-Stinson","Ginger Jentzen","Steve Fletcher"
"MINNEAPOLIS W-3 P-06","Samantha Pree-Stinson","Steve Fletcher","Ginger Jentzen"
"MINNEAPOLIS W-3 P-06","skipped","skipped","skipped"
"MINNEAPOLIS W-3 P-06","Ginger Jentzen","Ginger Jentzen","Ginger Jentzen"
"MINNEAPOLIS W-3 P-06","Samantha Pree-Stinson","Steve Fletcher","Tim Bildsoe"
"MINNEAPOLIS W-3 P-06","Ginger Jentzen","Samantha Pree-Stinson","skipped"
"MINNEAPOLIS W-3 P-06","Samantha Pree-Stinson","skipped","skipped"
"MINNEAPOLIS W-3 P-06","Steve Fletcher","Tim Bildsoe","Samantha Pree-Stinson"
"MINNEAPOLIS W-3 P-06","Ginger Jentzen","Steve Fletcher","Samantha Pree-Stinson"
"MINNEAPOLIS W-3 P-06","Ginger Jentzen","Steve Fletcher","skipped"
"MINNEAPOLIS W-3 P-06","Steve Fletcher","Samantha Pree-Stinson","Tim Bildsoe"
"MINNEAPOLIS W-3 P-06","Steve Fletcher","Tim Bildsoe","skipped"
"MINNEAPOLIS W-3 P-06","Steve Fletcher","Samantha Pree-Stinson","Ginger Jentzen"
"MINNEAPOLIS W-3 P-06","Ginger Jentzen","Steve Fletcher","Tim Bildsoe"
"MINNEAPOLIS W-3 P-06","Ginger Jentzen","Steve Fletcher","Tim Bildsoe"
"MINNEAPOLIS W-3 P-06","Tim Bildsoe","Steve Fletcher","Ginger Jentzen"
"MINNEAPOLIS W-3 P-06","Ginger Jentzen","Tim Bildsoe","Steve Fletcher"
"MINNEAPOLIS W-3 P-06","Ginger Jentzen","skipped","skipped"
"MINNEAPOLIS W-3 P-06","Ginger Jentzen","Steve Fletcher","Samantha Pree-Stinson"
"MINNEAPOLIS W-3 P-06","Ginger Jentzen","Steve Fletcher","Tim Bildsoe"
"MINNEAPOLIS W-3 P-06","Ginger Jentzen","Steve Fletcher","skipped"
"MINNEAPOLIS W-3 P-06","skipped","skipped","skipped"
"MINNEAPOLIS W-3 P-06","Tim Bildsoe","Samantha Pree-Stinson","Steve Fletcher"
"MINNEAPOLIS W-3 P-06","Ginger Jentzen","Samantha Pree-Stinson","Tim Bildsoe"
"MINNEAPOLIS W-3 P-06","Steve Fletcher","Tim Bildsoe","Ginger Jentzen"
"MINNEAPOLIS W-3 P-06","Ginger Jentzen","skipped","skipped"
"MINNEAPOLIS W-3 P-06","skipped","skipped","skipped"
"MINNEAPOLIS W-3 P-06","skipped","skipped","skipped"
"MINNEAPOLIS W-3 P-06","Ginger Jentzen","Samantha Pree-Stinson","skipped"
"MINNEAPOLIS W-3 P-06","writein","skipped","skipped"
"MINNEAPOLIS W-3 P-06","Ginger Jentzen","Steve Fletcher","Tim Bildsoe"
"MINNEAPOLIS W-3 P-06","Ginger Jentzen","Tim Bildsoe","Steve Fletcher"
"MINNEAPOLIS W-3 P-06","Steve Fletcher","Tim Bildsoe","Samantha Pree-Stinson"
"MINNEAPOLIS W-3 P-06","Ginger Jentzen","skipped","skipped"
"MINNEAPOLIS W-3 P-06","Steve Fletcher","Samantha Pree-Stinson","Ginger Jentzen"
"MINNEAPOLIS W-3 P-06","Ginger Jentzen","Steve Fletcher","Samantha Pree-Stinson"
"MINNEAPOLIS W-3 P-06","Ginger Jentzen","Steve Fletcher","Tim Bildsoe"
"MINNEAPOLIS W-3 P-06","Ginger Jentzen","Steve Fletcher","Tim Bildsoe"
"MINNEAPOLIS W-3 P-06","Steve Fletcher","Tim Bildsoe","skipped"
"MINNEAPOLIS W-3 P-06","Steve Fletcher","Ginger Jentzen","Tim Bildsoe"
"MINNEAPOLIS W-3 P-06","Ginger Jentzen","Samantha Pree-Stinson","Steve Fletcher"
"MINNEAPOLIS W-3 P-06","Ginger Jentzen","Samantha Pree-Stinson","Tim Bildsoe"
"MINNEAPOLIS W-3 P-06","Ginger Jentzen","Steve Fletcher","skipped"
"MINNEAPOLIS W-3 P-06","Ginger Jentzen","Steve Fletcher","Samantha Pree-Stinson"
"MINNEAPOLIS W-3 P-06","Steve Fletcher","Samantha Pree-Stinson","Ginger Jentzen"
"MINNEAPOLIS W-3 P-06","Steve Fletcher","Tim Bildsoe","skipped"
"MINNEAPOLIS W-3 P-06","Ginger Jentzen","Steve Fletcher","Samantha Pree-Stinson"
"MINNEAPOLIS W-3 P-06","Samantha Pree-Stinson","Tim Bildsoe","Steve Fletcher"
"MINNEAPOLIS W-3 P-06","Ginger Jentzen","Steve Fletcher","Samantha Pree-Stinson"
"MINNEAPOLIS W-3 P-06","Steve Fletcher","Ginger Jentzen","skipped"
"MINNEAPOLIS W-3 P-06","Samantha Pree-Stinson","skipped","skipped"
"MINNEAPOLIS W-3 P-06","Steve Fletcher","Tim Bildsoe","Samantha Pree-Stinson"
"MINNEAPOLIS W-3 P-06","Ginger Jentzen","Steve Fletcher","Samantha Pree-Stinson"
"MINNEAPOLIS W-3 P-06","Ginger Jentzen","skipped","skipped"
"MINNEAPOLIS W-3 P-06","Ginger Jentzen","Tim Bildsoe","skipped"
"MINNEAPOLIS W-3 P-06","Ginger Jentzen","Samantha Pree-Stinson","Steve Fletcher"
"MINNEAPOLIS W-3 P-06","Steve Fletcher","Steve Fletcher","Steve Fletcher"
"MINNEAPOLIS W-3 P-06","Tim Bildsoe","Samantha Pree-Stinson","Steve Fletcher"
"MINNEAPOLIS W-3 P-06","Ginger Jentzen","Steve Fletcher","Samantha Pree-Stinson"
"MINNEAPOLIS W-3 P-06","Samantha Pree-Stinson","Steve Fletcher","Ginger Jentzen"
"MINNEAPOLIS W-3 P-06","Ginger Jentzen","Steve Fletcher","Samantha Pree-Stinson"
"MINNEAPOLIS W-3 P-06","Samantha Pree-Stinson","Ginger Jentzen","Steve Fletcher"
"MINNEAPOLIS W-3 P-06","Ginger Jentzen","Samantha Pree-Stinson","Tim Bildsoe"
"MINNEAPOLIS W-3 P-06","Ginger Jentzen","Samantha Pree-Stinson","Steve Fletcher"
"MINNEAPOLIS W-3 P-06","Ginger Jentzen","Steve Fletcher","Samantha Pree-Stinson"
"MINNEAPOLIS W-3 P-06","Ginger Jentzen","Tim Bildsoe","Steve Fletcher"
"MINNEAPOLIS W-3 P-06","Ginger Jentzen","Samantha Pree-Stinson","Tim Bildsoe"
"MINNEAPOLIS W-3 P-06","Ginger Jentzen","Steve Fletcher","writein"
"MINNEAPOLIS W-3 P-06","Ginger Jentzen","Samantha Pree-Stinson","Tim Bildsoe"
"MINNEAPOLIS W-3 P-06","Ginger Jentzen","Samantha Pree-Stinson","skipped"
"MINNEAPOLIS W-3 P-06","Ginger Jentzen","Samantha Pree-Stinson","skipped"
"MINNEAPOLIS W-3 P-06","Samantha Pree-Stinson","Steve Fletcher","Ginger Jentzen"
"MINNEAPOLIS W-3 P-06","Ginger Jentzen","Steve Fletcher","Samantha Pree-Stinson"
"MINNEAPOLIS W-3 P-06","Ginger Jentzen","Samantha Pree-Stinson","skipped"
"MINNEAPOLIS W-3 P-06","Ginger Jentzen","Samantha Pree-Stinson","skipped"
"MINNEAPOLIS W-3 P-06","Tim Bildsoe","Steve Fletcher","Samantha Pree-Stinson"
"MINNEAPOLIS W-3 P-06","Steve Fletcher","Ginger Jentzen","skipped"
"MINNEAPOLIS W-3 P-06","Ginger Jentzen","Steve Fletcher","skipped"
"MINNEAPOLIS W-3 P-06","Ginger Jentzen","Steve Fletcher","Samantha Pree-Stinson"
"MINNEAPOLIS W-3 P-06","Ginger Jentzen","Tim Bildsoe","Steve Fletcher"
"MINNEAPOLIS W-3 P-06","Ginger Jentzen","skipped","skipped"
"MINNEAPOLIS W-3 P-06","Ginger Jentzen","Steve Fletcher","Samantha Pree-Stinson"
"MINNEAPOLIS W-3 P-06","Ginger Jentzen","Steve Fletcher","Tim Bildsoe"
"MINNEAPOLIS W-3 P-06","Ginger Jentzen","Steve Fletcher","Samantha Pree-Stinson"
"MINNEAPOLIS W-3 P-06","Samantha Pree-Stinson","Steve Fletcher","Tim Bildsoe"
"MINNEAPOLIS W-3 P-06","Steve Fletcher","Tim Bildsoe","Samantha Pree-Stinson"
"MINNEAPOLIS W-3 P-06","Tim Bildsoe","skipped","skipped"
"MINNEAPOLIS W-3 P-06","Ginger Jentzen","Samantha Pree-Stinson","Tim Bildsoe"
"MINNEAPOLIS W-3 P-06","Tim Bildsoe","skipped","skipped"
"MINNEAPOLIS W-3 P-06","Ginger Jentzen","Samantha Pree-Stinson","Steve Fletcher"
"MINNEAPOLIS W-3 P-06","Samantha Pree-Stinson","Steve Fletcher","Ginger Jentzen"
"MINNEAPOLIS W-3 P-06","Steve Fletcher","skipped","skipped"
"MINNEAPOLIS W-3 P-06","Steve Fletcher","Tim Bildsoe","Samantha Pree-Stinson"
"MINNEAPOLIS W-3 P-06","Tim Bildsoe","skipped","skipped"
"MINNEAPOLIS W-3 P-06","Ginger Jentzen","skipped","skipped"
"MINNEAPOLIS W-3 P-06","Ginger Jentzen","Steve Fletcher","Tim Bildsoe"
"MINNEAPOLIS W-3 P-06","Steve Fletcher","Ginger Jentzen","Tim Bildsoe"
"MINNEAPOLIS W-3 P-06","Ginger Jentzen","Samantha Pree-Stinson","Tim Bildsoe"
"MINNEAPOLIS W-3 P-06","Ginger Jentzen","Steve Fletcher","Tim Bildsoe"
"MINNEAPOLIS W-3 P-06","Steve Fletcher","Tim Bildsoe","Samantha Pree-Stinson"
"MINNEAPOLIS W-3 P-06","Steve Fletcher","Steve Fletcher","Steve Fletcher"
"MINNEAPOLIS W-3 P-06","Samantha Pree-Stinson","Ginger Jentzen","Steve Fletcher"
"MINNEAPOLIS W-3 P-06","Steve Fletcher","skipped","skipped"
"MINNEAPOLIS W-3 P-06","Ginger Jentzen","Samantha Pree-Stinson","Steve Fletcher"
"MINNEAPOLIS W-3 P-06","Steve Fletcher","skipped","skipped"
"MINNEAPOLIS W-3 P-06","Ginger Jentzen","Steve Fletcher","Tim Bildsoe"
"MINNEAPOLIS W-3 P-06","Steve Fletcher","Ginger Jentzen","Samantha Pree-Stinson"
"MINNEAPOLIS W-3 P-06","Steve Fletcher","skipped","skipped"
"MINNEAPOLIS W-3 P-06","Steve Fletcher","Tim Bildsoe","Ginger Jentzen"
"MINNEAPOLIS W-3 P-06","writein","writein","writein"
"MINNEAPOLIS W-3 P-06","Samantha Pree-Stinson","Ginger Jentzen","Steve Fletcher"
"MINNEAPOLIS W-3 P-06","Ginger Jentzen","skipped","skipped"
"MINNEAPOLIS W-3 P-06","Samantha Pree-Stinson","Steve Fletcher","Ginger Jentzen"
"MINNEAPOLIS W-3 P-06","Steve Fletcher","Ginger Jentzen","skipped"
"MINNEAPOLIS W-3 P-06","Ginger Jentzen","Ginger Jentzen","Ginger Jentzen"
"MINNEAPOLIS W-3 P-06","Steve Fletcher","Samantha Pree-Stinson","Ginger Jentzen"
"MINNEAPOLIS W-3 P-06","Ginger Jentzen","Samantha Pree-Stinson","skipped"
"MINNEAPOLIS W-3 P-06","Ginger Jentzen","Tim Bildsoe","Steve Fletcher"
"MINNEAPOLIS W-3 P-06","Steve Fletcher","Tim Bildsoe","skipped"
"MINNEAPOLIS W-3 P-06","skipped","skipped","skipped"
"MINNEAPOLIS W-3 P-06","Ginger Jentzen","Samantha Pree-Stinson","Steve Fletcher"
"MINNEAPOLIS W-3 P-06","Steve Fletcher","skipped","skipped"
"MINNEAPOLIS W-3 P-06","Steve Fletcher","Samantha Pree-Stinson","Ginger Jentzen"
"MINNEAPOLIS W-3 P-06","Ginger Jentzen","Steve Fletcher","Tim Bildsoe"
"MINNEAPOLIS W-3 P-06","Steve Fletcher","Tim Bildsoe","skipped"
"MINNEAPOLIS W-3 P-06","Steve Fletcher","Samantha Pree-Stinson","Ginger Jentzen"
"MINNEAPOLIS W-3 P-06","Ginger Jentzen","skipped","skipped"
"MINNEAPOLIS W-3 P-06","Steve Fletcher","Tim Bildsoe","Ginger Jentzen"
"MINNEAPOLIS W-3 P-06","Ginger Jentzen","Samantha Pree-Stinson","Tim Bildsoe"
"MINNEAPOLIS W-3 P-06","Steve Fletcher","Tim Bildsoe","Samantha Pree-Stinson"
"MINNEAPOLIS W-3 P-06","Steve Fletcher","Samantha Pree-Stinson","Tim Bildsoe"
"MINNEAPOLIS W-3 P-06","Ginger Jentzen","Steve Fletcher","Samantha Pree-Stinson"
"MINNEAPOLIS W-3 P-06","Steve Fletcher","Samantha Pree-Stinson","Tim Bildsoe"
"MINNEAPOLIS W-3 P-06","Samantha Pree-Stinson","Steve Fletcher","Ginger Jentzen"
"MINNEAPOLIS W-3 P-06","Tim Bildsoe","skipped","skipped"
"MINNEAPOLIS W-3 P-06","Steve Fletcher","Samantha Pree-Stinson","Ginger Jentzen"
"MINNEAPOLIS W-3 P-06","Ginger Jentzen","Samantha Pree-Stinson","skipped"
"MINNEAPOLIS W-3 P-06","Ginger Jentzen","skipped","skipped"
"MINNEAPOLIS W-3 P-06","Samantha Pree-Stinson","Steve Fletcher","Ginger Jentzen"
"MINNEAPOLIS W-3 P-06","Samantha Pree-Stinson","Steve Fletcher","Ginger Jentzen"
"MINNEAPOLIS W-3 P-06","Steve Fletcher","Steve Fletcher","Steve Fletcher"
"MINNEAPOLIS W-3 P-06","Ginger Jentzen","Steve Fletcher","Tim Bildsoe"
"MINNEAPOLIS W-3 P-06","Ginger Jentzen","Steve Fletcher","Samantha Pree-Stinson"
"MINNEAPOLIS W-3 P-06","Ginger Jentzen","Samantha Pree-Stinson","Tim Bildsoe"
"MINNEAPOLIS W-3 P-06","Samantha Pree-Stinson","Ginger Jentzen","skipped"
"MINNEAPOLIS W-3 P-06","Ginger Jentzen","Steve Fletcher","Samantha Pree-Stinson"
"MINNEAPOLIS W-3 P-06","Steve Fletcher","writein","skipped"
"MINNEAPOLIS W-3 P-06","Ginger Jentzen","Steve Fletcher","Samantha Pree-Stinson"
"MINNEAPOLIS W-3 P-06","Steve Fletcher","Samantha Pree-Stinson","Ginger Jentzen"
"MINNEAPOLIS W-3 P-06","Samantha Pree-Stinson","skipped","skipped"
"MINNEAPOLIS W-3 P-06","Ginger Jentzen","Steve Fletcher","Samantha Pree-Stinson"
"MINNEAPOLIS W-3 P-06","Steve Fletcher","Tim Bildsoe","Samantha Pree-Stinson"
"MINNEAPOLIS W-3 P-06","Ginger Jentzen","Samantha Pree-Stinson","Steve Fletcher"
"MINNEAPOLIS W-3 P-06","Ginger Jentzen","Samantha Pree-Stinson","Steve Fletcher"
"MINNEAPOLIS W-3 P-06","Ginger Jentzen","Steve Fletcher","skipped"
"MINNEAPOLIS W-3 P-06","Samantha Pree-Stinson","Ginger Jentzen","skipped"
"MINNEAPOLIS W-3 P-06","Ginger Jentzen","Samantha Pree-Stinson","Steve Fletcher"
"MINNEAPOLIS W-3 P-06","Tim Bildsoe","Steve Fletcher","skipped"
"MINNEAPOLIS W-3 P-06","Tim Bildsoe","Samantha Pree-Stinson","Steve Fletcher"
"MINNEAPOLIS W-3 P-06","Tim Bildsoe","skipped","skipped"
"MINNEAPOLIS W-3 P-06","Ginger Jentzen","skipped","skipped"
"MINNEAPOLIS W-3 P-06","Steve Fletcher","Ginger Jentzen","Samantha Pree-Stinson"
"MINNEAPOLIS W-3 P-06","Tim Bildsoe","Steve Fletcher","Samantha Pree-Stinson"
"MINNEAPOLIS W-3 P-06","Steve Fletcher","Samantha Pree-Stinson","Ginger Jentzen"
"MINNEAPOLIS W-3 P-06","Ginger Jentzen","skipped","skipped"
"MINNEAPOLIS W-3 P-06","Samantha Pree-Stinson","Steve Fletcher","Ginger Jentzen"
"MINNEAPOLIS W-3 P-06","Ginger Jentzen","skipped","skipped"
"MINNEAPOLIS W-3 P-06","Steve Fletcher","skipped","skipped"
"MINNEAPOLIS W-3 P-06","Tim Bildsoe","Steve Fletcher","Ginger Jentzen"
"MINNEAPOLIS W-3 P-06","Samantha Pree-Stinson","Steve Fletcher","Ginger Jentzen"
"MINNEAPOLIS W-3 P-06","Steve Fletcher","Samantha Pree-Stinson","Ginger Jentzen"
"MINNEAPOLIS W-3 P-06","Ginger Jentzen","Steve Fletcher","Samantha Pree-Stinson"
"MINNEAPOLIS W-3 P-06","Samantha Pree-Stinson","Steve Fletcher","Ginger Jentzen"
"MINNEAPOLIS W-3 P-06","Ginger Jentzen","Tim Bildsoe","Steve Fletcher"
"MINNEAPOLIS W-3 P-06","Steve Fletcher","Samantha Pree-Stinson","Ginger Jentzen"
"MINNEAPOLIS W-3 P-06","Ginger Jentzen","Steve Fletcher","Tim Bildsoe"
"MINNEAPOLIS W-3 P-06","Samantha Pree-Stinson","Steve Fletcher","Ginger Jentzen"
"MINNEAPOLIS W-3 P-06","Steve Fletcher","skipped","skipped"
"MINNEAPOLIS W-3 P-06","Tim Bildsoe","Steve Fletcher","Samantha Pree-Stinson"
"MINNEAPOLIS W-3 P-06","Ginger Jentzen","Samantha Pree-Stinson","Steve Fletcher"
"MINNEAPOLIS W-3 P-06","Ginger Jentzen","skipped","skipped"
"MINNEAPOLIS W-3 P-06","Ginger Jentzen","skipped","skipped"
"MINNEAPOLIS W-3 P-06","Samantha Pree-Stinson","Ginger Jentzen","skipped"
"MINNEAPOLIS W-3 P-06","Steve Fletcher","Ginger Jentzen","skipped"
"MINNEAPOLIS W-3 P-06","Samantha Pree-Stinson","Ginger Jentzen","Steve Fletcher"
"MINNEAPOLIS W-3 P-06","Samantha Pree-Stinson","Steve Fletcher","skipped"
"MINNEAPOLIS W-3 P-06","Tim Bildsoe","Steve Fletcher","skipped"
"MINNEAPOLIS W-3 P-06","Ginger Jentzen","Steve Fletcher","Samantha Pree-Stinson"
"MINNEAPOLIS W-3 P-06","Samantha Pree-Stinson","Tim Bildsoe","Steve Fletcher"
"MINNEAPOLIS W-3 P-06","Steve Fletcher","Samantha Pree-Stinson","Ginger Jentzen"
"MINNEAPOLIS W-3 P-06","Ginger Jentzen","Samantha Pree-Stinson","skipped"
"MINNEAPOLIS W-3 P-06","Ginger Jentzen","Steve Fletcher","Ginger Jentzen"
"MINNEAPOLIS W-3 P-06","Ginger Jentzen","Samantha Pree-Stinson","writein"
"MINNEAPOLIS W-3 P-06","Ginger Jentzen","skipped","skipped"
"MINNEAPOLIS W-3 P-06","Steve Fletcher","Tim Bildsoe","skipped"
"MINNEAPOLIS W-3 P-06","Steve Fletcher","Tim Bildsoe","Ginger Jentzen"
"MINNEAPOLIS W-3 P-06","Steve Fletcher","Tim Bildsoe","Samantha Pree-Stinson"
"MINNEAPOLIS W-3 P-06","Steve Fletcher","Ginger Jentzen","skipped"
"MINNEAPOLIS W-3 P-06","skipped","skipped","skipped"
"MINNEAPOLIS W-3 P-06","Ginger Jentzen","Samantha Pree-Stinson","Steve Fletcher"
"MINNEAPOLIS W-3 P-06","Ginger Jentzen","Steve Fletcher","Samantha Pree-Stinson"
"MINNEAPOLIS W-3 P-06","Samantha Pree-Stinson","Ginger Jentzen","skipped"
"MINNEAPOLIS W-3 P-06","Steve Fletcher","skipped","skipped"
"MINNEAPOLIS W-3 P-06","Ginger Jentzen","Samantha Pree-Stinson","Steve Fletcher"
"MINNEAPOLIS W-3 P-06","Ginger Jentzen","Ginger Jentzen","Ginger Jentzen"
"MINNEAPOLIS W-3 P-06","Ginger Jentzen","Samantha Pree-Stinson","Tim Bildsoe"
"MINNEAPOLIS W-3 P-06","Samantha Pree-Stinson","Steve Fletcher","Tim Bildsoe"
"MINNEAPOLIS W-3 P-06","skipped","skipped","skipped"
"MINNEAPOLIS W-3 P-06","Steve Fletcher","skipped","skipped"
"MINNEAPOLIS W-3 P-06","Samantha Pree-Stinson","Ginger Jentzen","Tim Bildsoe"
"MINNEAPOLIS W-3 P-06","Tim Bildsoe","Steve Fletcher","Ginger Jentzen"
"MINNEAPOLIS W-3 P-06","Ginger Jentzen","Steve Fletcher","skipped"
"MINNEAPOLIS W-3 P-06","Samantha Pree-Stinson","Steve Fletcher","Tim Bildsoe"
"MINNEAPOLIS W-3 P-06","Ginger Jentzen","Samantha Pree-Stinson","skipped"
"MINNEAPOLIS W-3 P-06","Steve Fletcher","Tim Bildsoe","Ginger Jentzen"
"MINNEAPOLIS W-3 P-06","Tim Bildsoe","Steve Fletcher","Samantha Pree-Stinson"
"MINNEAPOLIS W-3 P-06","Ginger Jentzen","Steve Fletcher","Samantha Pree-Stinson"
"MINNEAPOLIS W-3 P-06","Tim Bildsoe","Samantha Pree-Stinson","Steve Fletcher"
"MINNEAPOLIS W-3 P-06","Steve Fletcher","Tim Bildsoe","Ginger Jentzen"
"MINNEAPOLIS W-3 P-06","Ginger Jentzen","Steve Fletcher","Tim Bildsoe"
"MINNEAPOLIS W-3 P-06","Ginger Jentzen","Samantha Pree-Stinson","Steve Fletcher"
"MINNEAPOLIS W-3 P-06","Samantha Pree-Stinson","Steve Fletcher","Ginger Jentzen"
"MINNEAPOLIS W-3 P-06","Steve Fletcher","Samantha Pree-Stinson","skipped"
"MINNEAPOLIS W-3 P-06","Steve Fletcher","Tim Bildsoe","Samantha Pree-Stinson"
"MINNEAPOLIS W-3 P-06","Ginger Jentzen","Samantha Pree-Stinson","skipped"
"MINNEAPOLIS W-3 P-06","skipped","Ginger Jentzen","skipped"
"MINNEAPOLIS W-3 P-06","Steve Fletcher","Samantha Pree-Stinson","writein"
"MINNEAPOLIS W-3 P-06","Ginger Jentzen","Steve Fletcher","skipped"
"MINNEAPOLIS W-3 P-06","Ginger Jentzen","Steve Fletcher","skipped"
"MINNEAPOLIS W-3 P-06","Steve Fletcher","skipped","skipped"
"MINNEAPOLIS W-3 P-06","Ginger Jentzen","Samantha Pree-Stinson","Steve Fletcher"
"MINNEAPOLIS W-3 P-06","Tim Bildsoe","Tim Bildsoe","Ginger Jentzen"
"MINNEAPOLIS W-3 P-06","Ginger Jentzen","Steve Fletcher","Tim Bildsoe"
"MINNEAPOLIS W-3 P-06","Ginger Jentzen","Samantha Pree-Stinson","Steve Fletcher"
"MINNEAPOLIS W-3 P-06","Ginger Jentzen","Ginger Jentzen","Ginger Jentzen"
"MINNEAPOLIS W-3 P-06","Tim Bildsoe","Steve Fletcher","skipped"
"MINNEAPOLIS W-3 P-06","Ginger Jentzen","Steve Fletcher","Samantha Pree-Stinson"
"MINNEAPOLIS W-3 P-06","Steve Fletcher","Samantha Pree-Stinson","skipped"
"MINNEAPOLIS W-3 P-06","Ginger Jentzen","Steve Fletcher","Tim Bildsoe"
"MINNEAPOLIS W-3 P-06","Steve Fletcher","Ginger Jentzen","Samantha Pree-Stinson"
"MINNEAPOLIS W-3 P-06","Samantha Pree-Stinson","Steve Fletcher","Ginger Jentzen"
"MINNEAPOLIS W-3 P-06","Samantha Pree-Stinson","Steve Fletcher","skipped"
"MINNEAPOLIS W-3 P-06","Ginger Jentzen","Samantha Pree-Stinson","Tim Bildsoe"
"MINNEAPOLIS W-3 P-06","Ginger Jentzen","Samantha Pree-Stinson","Steve Fletcher"
"MINNEAPOLIS W-3 P-06","Ginger Jentzen","Steve Fletcher","Samantha Pree-Stinson"
"MINNEAPOLIS W-3 P-06","Ginger Jentzen","Steve Fletcher","Tim Bildsoe"
"MINNEAPOLIS W-3 P-06","Ginger Jentzen","Steve Fletcher","Tim Bildsoe"
"MINNEAPOLIS W-3 P-06","Samantha Pree-Stinson","skipped","skipped"
"MINNEAPOLIS W-3 P-06","Steve Fletcher","Samantha Pree-Stinson","Ginger Jentzen"
"MINNEAPOLIS W-3 P-06","Ginger Jentzen","skipped","skipped"
"MINNEAPOLIS W-3 P-06","Ginger Jentzen","Samantha Pree-Stinson","Steve Fletcher"
"MINNEAPOLIS W-3 P-06","Ginger Jentzen","Tim Bildsoe","Steve Fletcher"
"MINNEAPOLIS W-3 P-06","Ginger Jentzen","skipped","skipped"
"MINNEAPOLIS W-3 P-06","Ginger Jentzen","Samantha Pree-Stinson","skipped"
"MINNEAPOLIS W-3 P-06","Steve Fletcher","Ginger Jentzen","Tim Bildsoe"
"MINNEAPOLIS W-3 P-06","Samantha Pree-Stinson","Ginger Jentzen","Tim Bildsoe"
"MINNEAPOLIS W-3 P-06","Ginger Jentzen","Samantha Pree-Stinson","Tim Bildsoe"
"MINNEAPOLIS W-3 P-06","Ginger Jentzen","Steve Fletcher","skipped"
"MINNEAPOLIS W-3 P-06","Ginger Jentzen","Steve Fletcher","Samantha Pree-Stinson"
"MINNEAPOLIS W-3 P-06","Ginger Jentzen","Tim Bildsoe","Steve Fletcher"
"MINNEAPOLIS W-3 P-06","Ginger Jentzen","Samantha Pree-Stinson","skipped"
"MINNEAPOLIS W-3 P-06","Tim Bildsoe","Steve Fletcher","Samantha Pree-Stinson"
"MINNEAPOLIS W-3 P-06","Steve Fletcher","Tim Bildsoe","Samantha Pree-Stinson"
"MINNEAPOLIS W-3 P-06","Ginger Jentzen","Steve Fletcher","Samantha Pree-Stinson"
"MINNEAPOLIS W-3 P-06","Steve Fletcher","Tim Bildsoe","writein"
"MINNEAPOLIS W-3 P-06","Tim Bildsoe","Ginger Jentzen","Steve Fletcher"
"MINNEAPOLIS W-3 P-06","Steve Fletcher","Tim Bildsoe","skipped"
"MINNEAPOLIS W-3 P-06","Ginger Jentzen","Steve Fletcher","Tim Bildsoe"
"MINNEAPOLIS W-3 P-06","Ginger Jentzen","Samantha Pree-Stinson","skipped"
"MINNEAPOLIS W-3 P-06","Ginger Jentzen","Steve Fletcher","skipped"
"MINNEAPOLIS W-3 P-06","Ginger Jentzen","Steve Fletcher","skipped"
"MINNEAPOLIS W-3 P-06","Tim Bildsoe","Steve Fletcher","skipped"
"MINNEAPOLIS W-3 P-06","Ginger Jentzen","Samantha Pree-Stinson","Steve Fletcher"
"MINNEAPOLIS W-3 P-06","Steve Fletcher","Ginger Jentzen","skipped"
"MINNEAPOLIS W-3 P-06","Ginger Jentzen","Samantha Pree-Stinson","skipped"
"MINNEAPOLIS W-3 P-06","Ginger Jentzen","Samantha Pree-Stinson","Steve Fletcher"
"MINNEAPOLIS W-3 P-06","Ginger Jentzen","Steve Fletcher","Samantha Pree-Stinson"
"MINNEAPOLIS W-3 P-06","Ginger Jentzen","Tim Bildsoe","Steve Fletcher"
"MINNEAPOLIS W-3 P-06","Ginger Jentzen","skipped","skipped"
"MINNEAPOLIS W-3 P-06","Tim Bildsoe","Steve Fletcher","Samantha Pree-Stinson"
"MINNEAPOLIS W-3 P-06","Ginger Jentzen","Samantha Pree-Stinson","Steve Fletcher"
"MINNEAPOLIS W-3 P-06","Steve Fletcher","Tim Bildsoe","Samantha Pree-Stinson"
"MINNEAPOLIS W-3 P-06","Steve Fletcher","Ginger Jentzen","Samantha Pree-Stinson"
"MINNEAPOLIS W-3 P-06","Ginger Jentzen","Steve Fletcher","skipped"
"MINNEAPOLIS W-3 P-06","Ginger Jentzen","Samantha Pree-Stinson","skipped"
"MINNEAPOLIS W-3 P-06","Steve Fletcher","Samantha Pree-Stinson","Tim Bildsoe"
"MINNEAPOLIS W-3 P-06","Steve Fletcher","Samantha Pree-Stinson","Ginger Jentzen"
"MINNEAPOLIS W-3 P-06","Samantha Pree-Stinson","Steve Fletcher","Tim Bildsoe"
"MINNEAPOLIS W-3 P-06","Ginger Jentzen","skipped","skipped"
"MINNEAPOLIS W-3 P-06","Ginger Jentzen","Samantha Pree-Stinson","Tim Bildsoe"
"MINNEAPOLIS W-3 P-06","Tim Bildsoe","skipped","skipped"
"MINNEAPOLIS W-3 P-06","Steve Fletcher","Tim Bildsoe","Samantha Pree-Stinson"
"MINNEAPOLIS W-3 P-06","Steve Fletcher","Samantha Pree-Stinson","skipped"
"MINNEAPOLIS W-3 P-06","Steve Fletcher","Tim Bildsoe","skipped"
"MINNEAPOLIS W-3 P-06","Ginger Jentzen","Samantha Pree-Stinson","Steve Fletcher"
"MINNEAPOLIS W-3 P-06","Samantha Pree-Stinson","Steve Fletcher","Tim Bildsoe"
"MINNEAPOLIS W-3 P-06","Ginger Jentzen","Samantha Pree-Stinson","skipped"
"MINNEAPOLIS W-3 P-06","Ginger Jentzen","Samantha Pree-Stinson","Steve Fletcher"
"MINNEAPOLIS W-3 P-06","Ginger Jentzen","Tim Bildsoe","Steve Fletcher"
"MINNEAPOLIS W-3 P-06","Steve Fletcher","Ginger Jentzen","Samantha Pree-Stinson"
"MINNEAPOLIS W-3 P-06","Ginger Jentzen","Ginger Jentzen","Ginger Jentzen"
"MINNEAPOLIS W-3 P-06","Samantha Pree-Stinson","Ginger Jentzen","skipped"
"MINNEAPOLIS W-3 P-06","Ginger Jentzen","skipped","skipped"
"MINNEAPOLIS W-3 P-06","Steve Fletcher","Tim Bildsoe","Samantha Pree-Stinson"
"MINNEAPOLIS W-3 P-06","Tim Bildsoe","Samantha Pree-Stinson","Steve Fletcher"
"MINNEAPOLIS W-3 P-06","Tim Bildsoe","Steve Fletcher","Ginger Jentzen"
"MINNEAPOLIS W-3 P-06","Steve Fletcher","Tim Bildsoe","Ginger Jentzen"
"MINNEAPOLIS W-3 P-06","Steve Fletcher","Ginger Jentzen","Samantha Pree-Stinson"
"MINNEAPOLIS W-3 P-06","Ginger Jentzen","skipped","skipped"
"MINNEAPOLIS W-3 P-06","Steve Fletcher","Ginger Jentzen","Samantha Pree-Stinson"
"MINNEAPOLIS W-3 P-06","Tim Bildsoe","Steve Fletcher","writein"
"MINNEAPOLIS W-3 P-06","Ginger Jentzen","Samantha Pree-Stinson","skipped"
"MINNEAPOLIS W-3 P-06","Samantha Pree-Stinson","Ginger Jentzen","skipped"
"MINNEAPOLIS W-3 P-06","Tim Bildsoe","Steve Fletcher","Samantha Pree-Stinson"
"MINNEAPOLIS W-3 P-06","Tim Bildsoe","Ginger Jentzen","Steve Fletcher"
"MINNEAPOLIS W-3 P-06","Ginger Jentzen","Tim Bildsoe","Steve Fletcher"
"MINNEAPOLIS W-3 P-06","Steve Fletcher","Steve Fletcher","Tim Bildsoe"
"MINNEAPOLIS W-3 P-06","Steve Fletcher","Ginger Jentzen","Tim Bildsoe"
"MINNEAPOLIS W-3 P-06","Tim Bildsoe","Steve Fletcher","Ginger Jentzen"
"MINNEAPOLIS W-3 P-06","Samantha Pree-Stinson","Steve Fletcher","Ginger Jentzen"
"MINNEAPOLIS W-3 P-06","Ginger Jentzen","Steve Fletcher","Samantha Pree-Stinson"
"MINNEAPOLIS W-3 P-06","Steve Fletcher","skipped","skipped"
"MINNEAPOLIS W-3 P-06","Ginger Jentzen","writein","writein"
"MINNEAPOLIS W-3 P-06","Steve Fletcher","Tim Bildsoe","skipped"
"MINNEAPOLIS W-3 P-06","Samantha Pree-Stinson","Ginger Jentzen","Steve Fletcher"
"MINNEAPOLIS W-3 P-06","Ginger Jentzen","Steve Fletcher","skipped"
"MINNEAPOLIS W-3 P-06","Tim Bildsoe","skipped","skipped"
"MINNEAPOLIS W-3 P-06","Steve Fletcher","Samantha Pree-Stinson","Tim Bildsoe"
"MINNEAPOLIS W-3 P-06","Tim Bildsoe","Steve Fletcher","skipped"
"MINNEAPOLIS W-3 P-06","Ginger Jentzen","Samantha Pree-Stinson","skipped"
"MINNEAPOLIS W-3 P-06","Steve Fletcher","Tim Bildsoe","Samantha Pree-Stinson"
"MINNEAPOLIS W-3 P-06","Ginger Jentzen","Steve Fletcher","Samantha Pree-Stinson"
"MINNEAPOLIS W-3 P-06","Ginger Jentzen","Samantha Pree-Stinson","Steve Fletcher"
"MINNEAPOLIS W-3 P-06","Samantha Pree-Stinson","Ginger Jentzen","Steve Fletcher"
"MINNEAPOLIS W-3 P-06","Ginger Jentzen","Tim Bildsoe","Steve Fletcher"
"MINNEAPOLIS W-3 P-06","Ginger Jentzen","skipped","skipped"
"MINNEAPOLIS W-3 P-06","Ginger Jentzen","Tim Bildsoe","Steve Fletcher"
"MINNEAPOLIS W-3 P-06","Ginger Jentzen","Tim Bildsoe","skipped"
"MINNEAPOLIS W-3 P-06","Steve Fletcher","Tim Bildsoe","Samantha Pree-Stinson"
"MINNEAPOLIS W-3 P-06","Steve Fletcher","Ginger Jentzen","Tim Bildsoe"
"MINNEAPOLIS W-3 P-06","Ginger Jentzen","Tim Bildsoe","Steve Fletcher"
"MINNEAPOLIS W-3 P-06","Tim Bildsoe","Steve Fletcher","Samantha Pree-Stinson"
"MINNEAPOLIS W-3 P-06","Ginger Jentzen","skipped","skipped"
"MINNEAPOLIS W-3 P-06","Ginger Jentzen","Steve Fletcher","Tim Bildsoe"
"MINNEAPOLIS W-3 P-06","Steve Fletcher","Tim Bildsoe","Samantha Pree-Stinson"
"MINNEAPOLIS W-3 P-06","Ginger Jentzen","Samantha Pree-Stinson","Tim Bildsoe"
"MINNEAPOLIS W-3 P-06","Steve Fletcher","Samantha Pree-Stinson","Tim Bildsoe"
"MINNEAPOLIS W-3 P-06","Ginger Jentzen","Steve Fletcher","Tim Bildsoe"
"MINNEAPOLIS W-3 P-06","Samantha Pree-Stinson","Ginger Jentzen","Steve Fletcher"
"MINNEAPOLIS W-3 P-06","Ginger Jentzen","Samantha Pree-Stinson","skipped"
"MINNEAPOLIS W-3 P-06","Steve Fletcher","Tim Bildsoe","Ginger Jentzen"
"MINNEAPOLIS W-3 P-06","skipped","skipped","skipped"
"MINNEAPOLIS W-3 P-06","Ginger Jentzen","Ginger Jentzen","Ginger Jentzen"
"MINNEAPOLIS W-3 P-06","Steve Fletcher","Ginger Jentzen","Tim Bildsoe"
"MINNEAPOLIS W-3 P-06","Ginger Jentzen","skipped","skipped"
"MINNEAPOLIS W-3 P-06","Steve Fletcher","Tim Bildsoe","Samantha Pree-Stinson"
"MINNEAPOLIS W-3 P-06","Ginger Jentzen","Steve Fletcher","skipped"
"MINNEAPOLIS W-3 P-06","Ginger Jentzen","Steve Fletcher","Samantha Pree-Stinson"
"MINNEAPOLIS W-3 P-06","Ginger Jentzen","Steve Fletcher","Samantha Pree-Stinson"
"MINNEAPOLIS W-3 P-06","Steve Fletcher","Tim Bildsoe","Samantha Pree-Stinson"
"MINNEAPOLIS W-3 P-06","Steve Fletcher","Ginger Jentzen","Tim Bildsoe"
"MINNEAPOLIS W-3 P-06","Ginger Jentzen","Samantha Pree-Stinson","Steve Fletcher"
"MINNEAPOLIS W-3 P-06","Tim Bildsoe","skipped","skipped"
"MINNEAPOLIS W-3 P-06","Ginger Jentzen","Steve Fletcher","skipped"
"MINNEAPOLIS W-3 P-06","Tim Bildsoe","Steve Fletcher","skipped"
"MINNEAPOLIS W-3 P-06","Ginger Jentzen","Steve Fletcher","Samantha Pree-Stinson"
"MINNEAPOLIS W-3 P-06","Samantha Pree-Stinson","Steve Fletcher","Tim Bildsoe"
"MINNEAPOLIS W-3 P-06","Steve Fletcher","Tim Bildsoe","skipped"
"MINNEAPOLIS W-3 P-06","Ginger Jentzen","skipped","skipped"
"MINNEAPOLIS W-3 P-06","Tim Bildsoe","Steve Fletcher","skipped"
"MINNEAPOLIS W-3 P-06","Ginger Jentzen","Samantha Pree-Stinson","Steve Fletcher"
"MINNEAPOLIS W-3 P-06","Steve Fletcher","Tim Bildsoe","Ginger Jentzen"
"MINNEAPOLIS W-3 P-06","Ginger Jentzen","skipped","skipped"
"MINNEAPOLIS W-3 P-06","Ginger Jentzen","Tim Bildsoe","Steve Fletcher"
"MINNEAPOLIS W-3 P-06","Steve Fletcher","Tim Bildsoe","Samantha Pree-Stinson"
"MINNEAPOLIS W-3 P-06","Ginger Jentzen","Samantha Pree-Stinson","skipped"
"MINNEAPOLIS W-3 P-06","Samantha Pree-Stinson","Steve Fletcher","Tim Bildsoe"
"MINNEAPOLIS W-3 P-06","Ginger Jentzen","skipped","skipped"
"MINNEAPOLIS W-3 P-06","Steve Fletcher","Tim Bildsoe","Samantha Pree-Stinson"
"MINNEAPOLIS W-3 P-06","Ginger Jentzen","Steve Fletcher","Tim Bildsoe"
"MINNEAPOLIS W-3 P-06","Steve Fletcher","Ginger Jentzen","Samantha Pree-Stinson"
"MINNEAPOLIS W-3 P-06","Ginger Jentzen","Steve Fletcher","Samantha Pree-Stinson"
"MINNEAPOLIS W-3 P-06","Tim Bildsoe","Steve Fletcher","skipped"
"MINNEAPOLIS W-3 P-06","Steve Fletcher","Samantha Pree-Stinson","Ginger Jentzen"
"MINNEAPOLIS W-3 P-06","Steve Fletcher","skipped","skipped"
"MINNEAPOLIS W-3 P-06","Tim Bildsoe","Steve Fletcher","Samantha Pree-Stinson"
"MINNEAPOLIS W-3 P-06","Samantha Pree-Stinson","Steve Fletcher","Ginger Jentzen"
"MINNEAPOLIS W-3 P-06","Samantha Pree-Stinson","Tim Bildsoe","Steve Fletcher"
"MINNEAPOLIS W-3 P-06","Ginger Jentzen","Samantha Pree-Stinson","Steve Fletcher"
"MINNEAPOLIS W-3 P-06","Tim Bildsoe","Steve Fletcher","Samantha Pree-Stinson"
"MINNEAPOLIS W-3 P-06","Ginger Jentzen","Steve Fletcher","Samantha Pree-Stinson"
"MINNEAPOLIS W-3 P-06","Steve Fletcher","Tim Bildsoe","Samantha Pree-Stinson"
"MINNEAPOLIS W-3 P-06","Tim Bildsoe","Ginger Jentzen","Samantha Pree-Stinson"
"MINNEAPOLIS W-3 P-06","Ginger Jentzen","skipped","skipped"
"MINNEAPOLIS W-3 P-06","Tim Bildsoe","Steve Fletcher","Samantha Pree-Stinson"
"MINNEAPOLIS W-3 P-06","Samantha Pree-Stinson","Tim Bildsoe","Steve Fletcher"
"MINNEAPOLIS W-3 P-06","Steve Fletcher","Tim Bildsoe","Samantha Pree-Stinson"
"MINNEAPOLIS W-3 P-06","Ginger Jentzen","Tim Bildsoe","Steve Fletcher"
"MINNEAPOLIS W-3 P-06","Ginger Jentzen","Samantha Pree-Stinson","Tim Bildsoe"
"MINNEAPOLIS W-3 P-06","Steve Fletcher","skipped","skipped"
"MINNEAPOLIS W-3 P-06","Ginger Jentzen","Samantha Pree-Stinson","Tim Bildsoe"
"MINNEAPOLIS W-3 P-06","Samantha Pree-Stinson","Steve Fletcher","Ginger Jentzen"
"MINNEAPOLIS W-3 P-06","Steve Fletcher","Samantha Pree-Stinson","Ginger Jentzen"
"MINNEAPOLIS W-3 P-06","Steve Fletcher","Ginger Jentzen","Tim Bildsoe"
"MINNEAPOLIS W-3 P-06","Ginger Jentzen","Samantha Pree-Stinson","Steve Fletcher"
"MINNEAPOLIS W-3 P-06","Tim Bildsoe","Samantha Pree-Stinson","skipped"
"MINNEAPOLIS W-3 P-06","Ginger Jentzen","Steve Fletcher","Samantha Pree-Stinson"
"MINNEAPOLIS W-3 P-06","Steve Fletcher","Tim Bildsoe","Samantha Pree-Stinson"
"MINNEAPOLIS W-3 P-06","Tim Bildsoe","skipped","skipped"
"MINNEAPOLIS W-3 P-06","Tim Bildsoe","skipped","skipped"
"MINNEAPOLIS W-3 P-06","Ginger Jentzen","Tim Bildsoe","Steve Fletcher"
"MINNEAPOLIS W-3 P-06","Steve Fletcher","Ginger Jentzen","Samantha Pree-Stinson"
"MINNEAPOLIS W-3 P-06","Samantha Pree-Stinson","skipped","skipped"
"MINNEAPOLIS W-3 P-06","Steve Fletcher","Tim Bildsoe","skipped"
"MINNEAPOLIS W-3 P-06","Ginger Jentzen","Samantha Pree-Stinson","Steve Fletcher"
"MINNEAPOLIS W-3 P-06","Ginger Jentzen","Samantha Pree-Stinson","Tim Bildsoe"
"MINNEAPOLIS W-3 P-06","Steve Fletcher","Samantha Pree-Stinson","skipped"
"MINNEAPOLIS W-3 P-06","Ginger Jentzen","skipped","skipped"
"MINNEAPOLIS W-3 P-06","Steve Fletcher","Ginger Jentzen","Samantha Pree-Stinson"
"MINNEAPOLIS W-3 P-06","Ginger Jentzen","Samantha Pree-Stinson","Steve Fletcher"
"MINNEAPOLIS W-3 P-06","Ginger Jentzen","Steve Fletcher","Samantha Pree-Stinson"
"MINNEAPOLIS W-3 P-06","skipped","skipped","skipped"
"MINNEAPOLIS W-3 P-06","Steve Fletcher","Tim Bildsoe","Samantha Pree-Stinson"
"MINNEAPOLIS W-3 P-06","Ginger Jentzen","Samantha Pree-Stinson","skipped"
"MINNEAPOLIS W-3 P-06","Ginger Jentzen","Samantha Pree-Stinson","Steve Fletcher"
"MINNEAPOLIS W-3 P-06","Steve Fletcher","Samantha Pree-Stinson","Tim Bildsoe"
"MINNEAPOLIS W-3 P-06","Steve Fletcher","Ginger Jentzen","skipped"
"MINNEAPOLIS W-3 P-06","Ginger Jentzen","Samantha Pree-Stinson","Steve Fletcher"
"MINNEAPOLIS W-3 P-06","Tim Bildsoe","Steve Fletcher","Samantha Pree-Stinson"
"MINNEAPOLIS W-3 P-06","Steve Fletcher","skipped","skipped"
"MINNEAPOLIS W-3 P-06","Ginger Jentzen","skipped","skipped"
"MINNEAPOLIS W-3 P-06","Steve Fletcher","skipped","skipped"
"MINNEAPOLIS W-3 P-06","Steve Fletcher","skipped","skipped"
"MINNEAPOLIS W-3 P-06","Samantha Pree-Stinson","Ginger Jentzen","writein"
"MINNEAPOLIS W-3 P-06","Ginger Jentzen","Samantha Pree-Stinson","Tim Bildsoe"
"MINNEAPOLIS W-3 P-06","Ginger Jentzen","Steve Fletcher","Samantha Pree-Stinson"
"MINNEAPOLIS W-3 P-06","Ginger Jentzen","Steve Fletcher","skipped"
"MINNEAPOLIS W-3 P-06","Steve Fletcher","Ginger Jentzen","Tim Bildsoe"
"MINNEAPOLIS W-3 P-06","Ginger Jentzen","Samantha Pree-Stinson","Steve Fletcher"
"MINNEAPOLIS W-3 P-06","Ginger Jentzen","Ginger Jentzen","Samantha Pree-Stinson"
"MINNEAPOLIS W-3 P-06","Ginger Jentzen","Samantha Pree-Stinson","skipped"
"MINNEAPOLIS W-3 P-06","Ginger Jentzen","Samantha Pree-Stinson","Steve Fletcher"
"MINNEAPOLIS W-3 P-06","Ginger Jentzen","Steve Fletcher","Tim Bildsoe"
"MINNEAPOLIS W-3 P-06","Ginger Jentzen","skipped","skipped"
"MINNEAPOLIS W-3 P-06","Ginger Jentzen","Samantha Pree-Stinson","Steve Fletcher"
"MINNEAPOLIS W-3 P-06","Steve Fletcher","Ginger Jentzen","Ginger Jentzen"
"MINNEAPOLIS W-3 P-06","Ginger Jentzen","Steve Fletcher","Samantha Pree-Stinson"
"MINNEAPOLIS W-3 P-06","Ginger Jentzen","Tim Bildsoe","Samantha Pree-Stinson"
"MINNEAPOLIS W-3 P-06","Ginger Jentzen","Steve Fletcher","Tim Bildsoe"
"MINNEAPOLIS W-3 P-06","Ginger Jentzen","Samantha Pree-Stinson","Tim Bildsoe"
"MINNEAPOLIS W-3 P-06","Ginger Jentzen","Samantha Pree-Stinson","Steve Fletcher"
"MINNEAPOLIS W-3 P-06","Samantha Pree-Stinson","Samantha Pree-Stinson","Samantha Pree-Stinson"
"MINNEAPOLIS W-3 P-06","Samantha Pree-Stinson","skipped","skipped"
"MINNEAPOLIS W-3 P-06","Steve Fletcher","Samantha Pree-Stinson","Ginger Jentzen"
"MINNEAPOLIS W-3 P-06","Ginger Jentzen","Samantha Pree-Stinson","Tim Bildsoe"
"MINNEAPOLIS W-3 P-06","Steve Fletcher","Tim Bildsoe","Ginger Jentzen"
"MINNEAPOLIS W-3 P-06","Steve Fletcher","Tim Bildsoe","skipped"
"MINNEAPOLIS W-3 P-06","Steve Fletcher","Samantha Pree-Stinson","Ginger Jentzen"
"MINNEAPOLIS W-3 P-06","Steve Fletcher","Ginger Jentzen","skipped"
"MINNEAPOLIS W-3 P-06","Ginger Jentzen","Samantha Pree-Stinson","Steve Fletcher"
"MINNEAPOLIS W-3 P-06","Ginger Jentzen","skipped","skipped"
"MINNEAPOLIS W-3 P-06","Ginger Jentzen","Steve Fletcher","Tim Bildsoe"
"MINNEAPOLIS W-3 P-06","Steve Fletcher","Ginger Jentzen","Samantha Pree-Stinson"
"MINNEAPOLIS W-3 P-06","Ginger Jentzen","Steve Fletcher","Tim Bildsoe"
"MINNEAPOLIS W-3 P-06","Tim Bildsoe","skipped","skipped"
"MINNEAPOLIS W-3 P-06","Steve Fletcher","Ginger Jentzen","Tim Bildsoe"
"MINNEAPOLIS W-3 P-06","Ginger Jentzen","Samantha Pree-Stinson","skipped"
"MINNEAPOLIS W-3 P-06","Steve Fletcher","Ginger Jentzen","Samantha Pree-Stinson"
"MINNEAPOLIS W-3 P-06","Ginger Jentzen","Steve Fletcher","Samantha Pree-Stinson"
"MINNEAPOLIS W-3 P-06","Tim Bildsoe","Steve Fletcher","Samantha Pree-Stinson"
"MINNEAPOLIS W-3 P-06","Tim Bildsoe","Steve Fletcher","Ginger Jentzen"
"MINNEAPOLIS W-3 P-06","Ginger Jentzen","skipped","skipped"
"MINNEAPOLIS W-3 P-06","Ginger Jentzen","Samantha Pree-Stinson","Steve Fletcher"
"MINNEAPOLIS W-3 P-06","Ginger Jentzen","Samantha Pree-Stinson","Steve Fletcher"
"MINNEAPOLIS W-3 P-06","Steve Fletcher","Tim Bildsoe","Ginger Jentzen"
"MINNEAPOLIS W-3 P-06","Steve Fletcher","Samantha Pree-Stinson","skipped"
"MINNEAPOLIS W-3 P-06","Steve Fletcher","Steve Fletcher","Steve Fletcher"
"MINNEAPOLIS W-3 P-06","Ginger Jentzen","skipped","skipped"
"MINNEAPOLIS W-3 P-06","Ginger Jentzen","skipped","skipped"
"MINNEAPOLIS W-3 P-06","Steve Fletcher","Ginger Jentzen","skipped"
"MINNEAPOLIS W-3 P-06","Ginger Jentzen","Samantha Pree-Stinson","skipped"
"MINNEAPOLIS W-3 P-06","Samantha Pree-Stinson","Ginger Jentzen","Tim Bildsoe"
"MINNEAPOLIS W-3 P-06","Samantha Pree-Stinson","Tim Bildsoe","Steve Fletcher"
"MINNEAPOLIS W-3 P-06","Ginger Jentzen","Samantha Pree-Stinson","Steve Fletcher"
"MINNEAPOLIS W-3 P-06","Tim Bildsoe","skipped","skipped"
"MINNEAPOLIS W-3 P-06","Ginger Jentzen","Samantha Pree-Stinson","skipped"
"MINNEAPOLIS W-3 P-06","Samantha Pree-Stinson","Ginger Jentzen","Steve Fletcher"
"MINNEAPOLIS W-3 P-06","Ginger Jentzen","Ginger Jentzen","Ginger Jentzen"
"MINNEAPOLIS W-3 P-06","Ginger Jentzen","skipped","skipped"
"MINNEAPOLIS W-3 P-06","Steve Fletcher","Samantha Pree-Stinson","Tim Bildsoe"
"MINNEAPOLIS W-3 P-06","Ginger Jentzen","Tim Bildsoe","Steve Fletcher"
"MINNEAPOLIS W-3 P-06","Ginger Jentzen","Steve Fletcher","Tim Bildsoe"
"MINNEAPOLIS W-3 P-06","Steve Fletcher","Samantha Pree-Stinson","Ginger Jentzen"
"MINNEAPOLIS W-3 P-06","Ginger Jentzen","Samantha Pree-Stinson","Steve Fletcher"
"MINNEAPOLIS W-3 P-06","Ginger Jentzen","Samantha Pree-Stinson","Steve Fletcher"
"MINNEAPOLIS W-3 P-06","Steve Fletcher","Ginger Jentzen","Samantha Pree-Stinson"
"MINNEAPOLIS W-3 P-06","Ginger Jentzen","Steve Fletcher","Samantha Pree-Stinson"
"MINNEAPOLIS W-3 P-06","Steve Fletcher","Samantha Pree-Stinson","Tim Bildsoe"
"MINNEAPOLIS W-3 P-06","Ginger Jentzen","Steve Fletcher","Tim Bildsoe"
"MINNEAPOLIS W-3 P-06","Tim Bildsoe","Ginger Jentzen","Samantha Pree-Stinson"
"MINNEAPOLIS W-3 P-06","Ginger Jentzen","Samantha Pree-Stinson","Steve Fletcher"
"MINNEAPOLIS W-3 P-06","Samantha Pree-Stinson","Ginger Jentzen","Steve Fletcher"
"MINNEAPOLIS W-3 P-06","Samantha Pree-Stinson","skipped","skipped"
"MINNEAPOLIS W-3 P-06","Samantha Pree-Stinson","Steve Fletcher","Tim Bildsoe"
"MINNEAPOLIS W-3 P-06","Steve Fletcher","Tim Bildsoe","Samantha Pree-Stinson"
"MINNEAPOLIS W-3 P-06","Samantha Pree-Stinson","Steve Fletcher","Ginger Jentzen"
"MINNEAPOLIS W-3 P-06","Ginger Jentzen","Ginger Jentzen","Ginger Jentzen"
"MINNEAPOLIS W-3 P-06","Tim Bildsoe","Tim Bildsoe","Tim Bildsoe"
"MINNEAPOLIS W-3 P-06","Steve Fletcher","Samantha Pree-Stinson","Ginger Jentzen"
"MINNEAPOLIS W-3 P-06","Ginger Jentzen","skipped","skipped"
"MINNEAPOLIS W-3 P-06","Samantha Pree-Stinson","skipped","skipped"
"MINNEAPOLIS W-3 P-06","Ginger Jentzen","Samantha Pree-Stinson","Steve Fletcher"
"MINNEAPOLIS W-3 P-06","Ginger Jentzen","Steve Fletcher","Tim Bildsoe"
"MINNEAPOLIS W-3 P-06","Ginger Jentzen","Samantha Pree-Stinson","Steve Fletcher"
"MINNEAPOLIS W-3 P-06","Ginger Jentzen","Samantha Pree-Stinson","skipped"
"MINNEAPOLIS W-3 P-06","Steve Fletcher","Tim Bildsoe","Ginger Jentzen"
"MINNEAPOLIS W-3 P-06","Ginger Jentzen","Samantha Pree-Stinson","Steve Fletcher"
"MINNEAPOLIS W-3 P-06","Steve Fletcher","Tim Bildsoe","Ginger Jentzen"
"MINNEAPOLIS W-3 P-06","Steve Fletcher","Tim Bildsoe","Ginger Jentzen"
"MINNEAPOLIS W-3 P-06","Steve Fletcher","Tim Bildsoe","Samantha Pree-Stinson"
"MINNEAPOLIS W-3 P-06","Ginger Jentzen","skipped","skipped"
"MINNEAPOLIS W-3 P-06","Samantha Pree-Stinson","Steve Fletcher","Ginger Jentzen"
"MINNEAPOLIS W-3 P-06","Ginger Jentzen","Steve Fletcher","Tim Bildsoe"
"MINNEAPOLIS W-3 P-06","Steve Fletcher","Samantha Pree-Stinson","Tim Bildsoe"
"MINNEAPOLIS W-3 P-06","Tim Bildsoe","Steve Fletcher","Ginger Jentzen"
"MINNEAPOLIS W-3 P-06","Ginger Jentzen","Steve Fletcher","Samantha Pree-Stinson"
"MINNEAPOLIS W-3 P-06","Ginger Jentzen","Steve Fletcher","Tim Bildsoe"
"MINNEAPOLIS W-3 P-06","Tim Bildsoe","Steve Fletcher","Samantha Pree-Stinson"
"MINNEAPOLIS W-3 P-06","Samantha Pree-Stinson","Samantha Pree-Stinson","Samantha Pree-Stinson"
"MINNEAPOLIS W-3 P-06","Samantha Pree-Stinson","Steve Fletcher","Tim Bildsoe"
"MINNEAPOLIS W-3 P-06","Steve Fletcher","Ginger Jentzen","Samantha Pree-Stinson"
"MINNEAPOLIS W-3 P-06","Steve Fletcher","Samantha Pree-Stinson","skipped"
"MINNEAPOLIS W-3 P-06","Steve Fletcher","Samantha Pree-Stinson","Ginger Jentzen"
"MINNEAPOLIS W-3 P-06","Steve Fletcher","Samantha Pree-Stinson","Tim Bildsoe"
"MINNEAPOLIS W-3 P-06","Steve Fletcher","Samantha Pree-Stinson","Tim Bildsoe"
"MINNEAPOLIS W-3 P-06","Tim Bildsoe","Steve Fletcher","Samantha Pree-Stinson"
"MINNEAPOLIS W-3 P-06","Ginger Jentzen","Tim Bildsoe","Steve Fletcher"
"MINNEAPOLIS W-3 P-06","Ginger Jentzen","Samantha Pree-Stinson","Steve Fletcher"
"MINNEAPOLIS W-3 P-06","Tim Bildsoe","skipped","skipped"
"MINNEAPOLIS W-3 P-06","Tim Bildsoe","Steve Fletcher","skipped"
"MINNEAPOLIS W-3 P-06","Ginger Jentzen","skipped","skipped"
"MINNEAPOLIS W-3 P-06","Steve Fletcher","Samantha Pree-Stinson","Ginger Jentzen"
"MINNEAPOLIS W-3 P-06","Ginger Jentzen","Samantha Pree-Stinson","Tim Bildsoe"
"MINNEAPOLIS W-3 P-06","Ginger Jentzen","Ginger Jentzen","Tim Bildsoe"
"MINNEAPOLIS W-3 P-05","Ginger Jentzen","Samantha Pree-Stinson","Steve Fletcher"
"MINNEAPOLIS W-3 P-05","Ginger Jentzen","Samantha Pree-Stinson","Steve Fletcher"
"MINNEAPOLIS W-3 P-05","Steve Fletcher","Ginger Jentzen","Tim Bildsoe"
"MINNEAPOLIS W-3 P-05","Ginger Jentzen","Samantha Pree-Stinson","Steve Fletcher"
"MINNEAPOLIS W-3 P-05","Steve Fletcher","Samantha Pree-Stinson","Ginger Jentzen"
"MINNEAPOLIS W-3 P-05","Steve Fletcher","Tim Bildsoe","Samantha Pree-Stinson"
"MINNEAPOLIS W-3 P-05","Tim Bildsoe","Steve Fletcher","Samantha Pree-Stinson"
"MINNEAPOLIS W-3 P-05","Steve Fletcher","skipped","skipped"
"MINNEAPOLIS W-3 P-05","Ginger Jentzen","skipped","skipped"
"MINNEAPOLIS W-3 P-05","Steve Fletcher","Tim Bildsoe","Samantha Pree-Stinson"
"MINNEAPOLIS W-3 P-05","Ginger Jentzen","Tim Bildsoe","Samantha Pree-Stinson"
"MINNEAPOLIS W-3 P-05","Tim Bildsoe","skipped","skipped"
"MINNEAPOLIS W-3 P-05","Steve Fletcher","Samantha Pree-Stinson","Ginger Jentzen"
"MINNEAPOLIS W-3 P-05","Ginger Jentzen","Samantha Pree-Stinson","Steve Fletcher"
"MINNEAPOLIS W-3 P-05","Tim Bildsoe","Steve Fletcher","Ginger Jentzen"
"MINNEAPOLIS W-3 P-05","Ginger Jentzen","Samantha Pree-Stinson","Steve Fletcher"
"MINNEAPOLIS W-3 P-05","Ginger Jentzen","Samantha Pree-Stinson","skipped"
"MINNEAPOLIS W-3 P-05","Steve Fletcher","Tim Bildsoe","skipped"
"MINNEAPOLIS W-3 P-05","Ginger Jentzen","Ginger Jentzen","Ginger Jentzen"
"MINNEAPOLIS W-3 P-05","writein","Tim Bildsoe","Steve Fletcher"
"MINNEAPOLIS W-3 P-05","Tim Bildsoe","Steve Fletcher","Samantha Pree-Stinson"
"MINNEAPOLIS W-3 P-05","Tim Bildsoe","skipped","skipped"
"MINNEAPOLIS W-3 P-05","Steve Fletcher","Ginger Jentzen","Samantha Pree-Stinson"
"MINNEAPOLIS W-3 P-05","Steve Fletcher","Ginger Jentzen","Samantha Pree-Stinson"
"MINNEAPOLIS W-3 P-05","skipped","skipped","skipped"
"MINNEAPOLIS W-3 P-05","Tim Bildsoe","Steve Fletcher","Samantha Pree-Stinson"
"MINNEAPOLIS W-3 P-05","Steve Fletcher","Tim Bildsoe","skipped"
"MINNEAPOLIS W-3 P-05","Ginger Jentzen","Samantha Pree-Stinson","Steve Fletcher"
"MINNEAPOLIS W-3 P-05","Ginger Jentzen","skipped","skipped"
"MINNEAPOLIS W-3 P-05","Steve Fletcher","Samantha Pree-Stinson","skipped"
"MINNEAPOLIS W-3 P-05","Tim Bildsoe","skipped","skipped"
"MINNEAPOLIS W-3 P-05","Ginger Jentzen","Samantha Pree-Stinson","skipped"
"MINNEAPOLIS W-3 P-05","Tim Bildsoe","Steve Fletcher","skipped"
"MINNEAPOLIS W-3 P-05","Ginger Jentzen","skipped","skipped"
"MINNEAPOLIS W-3 P-05","Samantha Pree-Stinson","Steve Fletcher","skipped"
"MINNEAPOLIS W-3 P-05","Samantha Pree-Stinson","Ginger Jentzen","skipped"
"MINNEAPOLIS W-3 P-05","Ginger Jentzen","Steve Fletcher","Tim Bildsoe"
"MINNEAPOLIS W-3 P-05","Tim Bildsoe","Tim Bildsoe","Ginger Jentzen"
"MINNEAPOLIS W-3 P-05","Tim Bildsoe","Steve Fletcher","Tim Bildsoe"
"MINNEAPOLIS W-3 P-05","Ginger Jentzen","Samantha Pree-Stinson","Steve Fletcher"
"MINNEAPOLIS W-3 P-05","Tim Bildsoe","skipped","skipped"
"MINNEAPOLIS W-3 P-05","Tim Bildsoe","skipped","skipped"
"MINNEAPOLIS W-3 P-05","Tim Bildsoe","skipped","skipped"
"MINNEAPOLIS W-3 P-05","Tim Bildsoe","Ginger Jentzen","Steve Fletcher"
"MINNEAPOLIS W-3 P-05","Ginger Jentzen","Tim Bildsoe","Steve Fletcher"
"MINNEAPOLIS W-3 P-05","Ginger Jentzen","Tim Bildsoe","Steve Fletcher"
"MINNEAPOLIS W-3 P-05","Tim Bildsoe","Steve Fletcher","Samantha Pree-Stinson"
"MINNEAPOLIS W-3 P-05","Ginger Jentzen","skipped","skipped"
"MINNEAPOLIS W-3 P-05","Tim Bildsoe","skipped","skipped"
"MINNEAPOLIS W-3 P-05","Steve Fletcher","Ginger Jentzen","skipped"
"MINNEAPOLIS W-3 P-05","Ginger Jentzen","skipped","skipped"
"MINNEAPOLIS W-3 P-05","Steve Fletcher","Ginger Jentzen","skipped"
"MINNEAPOLIS W-3 P-05","Steve Fletcher","Samantha Pree-Stinson","Ginger Jentzen"
"MINNEAPOLIS W-3 P-05","Samantha Pree-Stinson","Steve Fletcher","Tim Bildsoe"
"MINNEAPOLIS W-3 P-05","Ginger Jentzen","Samantha Pree-Stinson","Steve Fletcher"
"MINNEAPOLIS W-3 P-05","Ginger Jentzen","Samantha Pree-Stinson","Tim Bildsoe"
"MINNEAPOLIS W-3 P-05","Steve Fletcher","Tim Bildsoe","Samantha Pree-Stinson"
"MINNEAPOLIS W-3 P-05","Samantha Pree-Stinson","Steve Fletcher","Ginger Jentzen"
"MINNEAPOLIS W-3 P-05","Ginger Jentzen","Tim Bildsoe","Steve Fletcher"
"MINNEAPOLIS W-3 P-05","Ginger Jentzen","Tim Bildsoe","Steve Fletcher"
"MINNEAPOLIS W-3 P-05","Ginger Jentzen","Samantha Pree-Stinson","Tim Bildsoe"
"MINNEAPOLIS W-3 P-05","Samantha Pree-Stinson","skipped","skipped"
"MINNEAPOLIS W-3 P-05","Samantha Pree-Stinson","Steve Fletcher","skipped"
"MINNEAPOLIS W-3 P-05","Samantha Pree-Stinson","Ginger Jentzen","Tim Bildsoe"
"MINNEAPOLIS W-3 P-05","Ginger Jentzen","Samantha Pree-Stinson","Tim Bildsoe"
"MINNEAPOLIS W-3 P-05","Tim Bildsoe","Ginger Jentzen","Steve Fletcher"
"MINNEAPOLIS W-3 P-05","Ginger Jentzen","Samantha Pree-Stinson","Steve Fletcher"
"MINNEAPOLIS W-3 P-05","Ginger Jentzen","Steve Fletcher","Tim Bildsoe"
"MINNEAPOLIS W-3 P-05","Ginger Jentzen","Steve Fletcher","Samantha Pree-Stinson"
"MINNEAPOLIS W-3 P-05","Steve Fletcher","skipped","skipped"
"MINNEAPOLIS W-3 P-05","Tim Bildsoe","Steve Fletcher","skipped"
"MINNEAPOLIS W-3 P-05","Steve Fletcher","Samantha Pree-Stinson","skipped"
"MINNEAPOLIS W-3 P-05","Samantha Pree-Stinson","skipped","skipped"
"MINNEAPOLIS W-3 P-05","Ginger Jentzen","Samantha Pree-Stinson","Steve Fletcher"
"MINNEAPOLIS W-3 P-05","Steve Fletcher","Samantha Pree-Stinson","skipped"
"MINNEAPOLIS W-3 P-05","Tim Bildsoe","Steve Fletcher","skipped"
"MINNEAPOLIS W-3 P-05","Ginger Jentzen","Steve Fletcher","Samantha Pree-Stinson"
"MINNEAPOLIS W-3 P-05","Steve Fletcher","Steve Fletcher","skipped"
"MINNEAPOLIS W-3 P-05","Samantha Pree-Stinson","Tim Bildsoe","Ginger Jentzen"
"MINNEAPOLIS W-3 P-05","Ginger Jentzen","Samantha Pree-Stinson","Steve Fletcher"
"MINNEAPOLIS W-3 P-05","Samantha Pree-Stinson","Ginger Jentzen","Tim Bildsoe"
"MINNEAPOLIS W-3 P-05","Ginger Jentzen","Tim Bildsoe","skipped"
"MINNEAPOLIS W-3 P-05","Ginger Jentzen","Steve Fletcher","Tim Bildsoe"
"MINNEAPOLIS W-3 P-05","Tim Bildsoe","Steve Fletcher","Samantha Pree-Stinson"
"MINNEAPOLIS W-3 P-05","Steve Fletcher","Ginger Jentzen","Samantha Pree-Stinson"
"MINNEAPOLIS W-3 P-05","Samantha Pree-Stinson","Steve Fletcher","Ginger Jentzen"
"MINNEAPOLIS W-3 P-05","Ginger Jentzen","Steve Fletcher","skipped"
"MINNEAPOLIS W-3 P-05","Ginger Jentzen","Steve Fletcher","Samantha Pree-Stinson"
"MINNEAPOLIS W-3 P-05","Ginger Jentzen","Tim Bildsoe","skipped"
"MINNEAPOLIS W-3 P-05","Steve Fletcher","Tim Bildsoe","Ginger Jentzen"
"MINNEAPOLIS W-3 P-05","Steve Fletcher","Ginger Jentzen","skipped"
"MINNEAPOLIS W-3 P-05","Ginger Jentzen","skipped","skipped"
"MINNEAPOLIS W-3 P-05","Samantha Pree-Stinson","Ginger Jentzen","Steve Fletcher"
"MINNEAPOLIS W-3 P-05","Steve Fletcher","Tim Bildsoe","Samantha Pree-Stinson"
"MINNEAPOLIS W-3 P-05","Ginger Jentzen","Samantha Pree-Stinson","Steve Fletcher"
"MINNEAPOLIS W-3 P-05","Ginger Jentzen","Steve Fletcher","Tim Bildsoe"
"MINNEAPOLIS W-3 P-05","Ginger Jentzen","Tim Bildsoe","Steve Fletcher"
"MINNEAPOLIS W-3 P-05","Steve Fletcher","Ginger Jentzen","Samantha Pree-Stinson"
"MINNEAPOLIS W-3 P-05","Ginger Jentzen","Samantha Pree-Stinson","skipped"
"MINNEAPOLIS W-3 P-05","Tim Bildsoe","Ginger Jentzen","Samantha Pree-Stinson"
"MINNEAPOLIS W-3 P-05","Tim Bildsoe","Samantha Pree-Stinson","skipped"
"MINNEAPOLIS W-3 P-05","Ginger Jentzen","skipped","skipped"
"MINNEAPOLIS W-3 P-05","Ginger Jentzen","Tim Bildsoe","Steve Fletcher"
"MINNEAPOLIS W-3 P-05","Steve Fletcher","Ginger Jentzen","skipped"
"MINNEAPOLIS W-3 P-05","Samantha Pree-Stinson","Tim Bildsoe","skipped"
"MINNEAPOLIS W-3 P-05","Ginger Jentzen","skipped","skipped"
"MINNEAPOLIS W-3 P-05","Tim Bildsoe","Ginger Jentzen","skipped"
"MINNEAPOLIS W-3 P-05","Samantha Pree-Stinson","Tim Bildsoe","Steve Fletcher"
"MINNEAPOLIS W-3 P-05","Ginger Jentzen","Tim Bildsoe","Steve Fletcher"
"MINNEAPOLIS W-3 P-05","Ginger Jentzen","Steve Fletcher","Tim Bildsoe"
"MINNEAPOLIS W-3 P-05","skipped","skipped","skipped"
"MINNEAPOLIS W-3 P-05","Steve Fletcher","Tim Bildsoe","skipped"
"MINNEAPOLIS W-3 P-05","Ginger Jentzen","Tim Bildsoe","Samantha Pree-Stinson"
"MINNEAPOLIS W-3 P-05","Steve Fletcher","Tim Bildsoe","skipped"
"MINNEAPOLIS W-3 P-05","Ginger Jentzen","Steve Fletcher","skipped"
"MINNEAPOLIS W-3 P-05","Ginger Jentzen","skipped","skipped"
"MINNEAPOLIS W-3 P-05","Tim Bildsoe","Samantha Pree-Stinson","Steve Fletcher"
"MINNEAPOLIS W-3 P-05","Ginger Jentzen","skipped","skipped"
"MINNEAPOLIS W-3 P-05","Ginger Jentzen","Steve Fletcher","Tim Bildsoe"
"MINNEAPOLIS W-3 P-05","Ginger Jentzen","Samantha Pree-Stinson","skipped"
"MINNEAPOLIS W-3 P-05","Steve Fletcher","Samantha Pree-Stinson","Tim Bildsoe"
"MINNEAPOLIS W-3 P-05","Ginger Jentzen","Samantha Pree-Stinson","Steve Fletcher"
"MINNEAPOLIS W-3 P-05","Steve Fletcher","skipped","skipped"
"MINNEAPOLIS W-3 P-05","Samantha Pree-Stinson","Ginger Jentzen","Steve Fletcher"
"MINNEAPOLIS W-3 P-05","Ginger Jentzen","Steve Fletcher","Samantha Pree-Stinson"
"MINNEAPOLIS W-3 P-05","Tim Bildsoe","Steve Fletcher","skipped"
"MINNEAPOLIS W-3 P-05","Ginger Jentzen","skipped","skipped"
"MINNEAPOLIS W-3 P-05","Ginger Jentzen","Steve Fletcher","skipped"
"MINNEAPOLIS W-3 P-05","Ginger Jentzen","Steve Fletcher","Samantha Pree-Stinson"
"MINNEAPOLIS W-3 P-05","Tim Bildsoe","skipped","skipped"
"MINNEAPOLIS W-3 P-05","Tim Bildsoe","Ginger Jentzen","Steve Fletcher"
"MINNEAPOLIS W-3 P-05","Steve Fletcher","Tim Bildsoe","skipped"
"MINNEAPOLIS W-3 P-05","Ginger Jentzen","skipped","skipped"
"MINNEAPOLIS W-3 P-05","Steve Fletcher","Tim Bildsoe","Samantha Pree-Stinson"
"MINNEAPOLIS W-3 P-05","Ginger Jentzen","skipped","skipped"
"MINNEAPOLIS W-3 P-05","Tim Bildsoe","skipped","skipped"
"MINNEAPOLIS W-3 P-05","Samantha Pree-Stinson","Ginger Jentzen","Steve Fletcher"
"MINNEAPOLIS W-3 P-05","Steve Fletcher","skipped","skipped"
"MINNEAPOLIS W-3 P-05","Tim Bildsoe","Ginger Jentzen","Steve Fletcher"
"MINNEAPOLIS W-3 P-05","Ginger Jentzen","Samantha Pree-Stinson","Steve Fletcher"
"MINNEAPOLIS W-3 P-05","Ginger Jentzen","Samantha Pree-Stinson","skipped"
"MINNEAPOLIS W-3 P-05","Tim Bildsoe","Steve Fletcher","Ginger Jentzen"
"MINNEAPOLIS W-3 P-05","Ginger Jentzen","Samantha Pree-Stinson","Steve Fletcher"
"MINNEAPOLIS W-3 P-05","Steve Fletcher","Samantha Pree-Stinson","Tim Bildsoe"
"MINNEAPOLIS W-3 P-05","Steve Fletcher","skipped","skipped"
"MINNEAPOLIS W-3 P-05","Ginger Jentzen","Steve Fletcher","Samantha Pree-Stinson"
"MINNEAPOLIS W-3 P-05","Steve Fletcher","Samantha Pree-Stinson","Ginger Jentzen"
"MINNEAPOLIS W-3 P-05","Ginger Jentzen","Steve Fletcher","Samantha Pree-Stinson"
"MINNEAPOLIS W-3 P-05","Samantha Pree-Stinson","Tim Bildsoe","Steve Fletcher"
"MINNEAPOLIS W-3 P-05","Ginger Jentzen","Steve Fletcher","Tim Bildsoe"
"MINNEAPOLIS W-3 P-05","Tim Bildsoe","Steve Fletcher","Samantha Pree-Stinson"
"MINNEAPOLIS W-3 P-05","Ginger Jentzen","skipped","skipped"
"MINNEAPOLIS W-3 P-05","Ginger Jentzen","Steve Fletcher","Tim Bildsoe"
"MINNEAPOLIS W-3 P-05","Ginger Jentzen","Steve Fletcher","Samantha Pree-Stinson"
"MINNEAPOLIS W-3 P-05","Ginger Jentzen","Samantha Pree-Stinson","Steve Fletcher"
"MINNEAPOLIS W-3 P-05","Tim Bildsoe","Steve Fletcher","Ginger Jentzen"
"MINNEAPOLIS W-3 P-05","Steve Fletcher","Tim Bildsoe","Samantha Pree-Stinson"
"MINNEAPOLIS W-3 P-05","Steve Fletcher","skipped","skipped"
"MINNEAPOLIS W-3 P-05","Steve Fletcher","Tim Bildsoe","skipped"
"MINNEAPOLIS W-3 P-05","Steve Fletcher","Samantha Pree-Stinson","skipped"
"MINNEAPOLIS W-3 P-05","Steve Fletcher","Samantha Pree-Stinson","Ginger Jentzen"
"MINNEAPOLIS W-3 P-05","Ginger Jentzen","Steve Fletcher","Tim Bildsoe"
"MINNEAPOLIS W-3 P-05","Steve Fletcher","Ginger Jentzen","skipped"
"MINNEAPOLIS W-3 P-05","Ginger Jentzen","Steve Fletcher","skipped"
"MINNEAPOLIS W-3 P-05","Ginger Jentzen","Steve Fletcher","Tim Bildsoe"
"MINNEAPOLIS W-3 P-05","Tim Bildsoe","Ginger Jentzen","Steve Fletcher"
"MINNEAPOLIS W-3 P-05","Steve Fletcher","Tim Bildsoe","Ginger Jentzen"
"MINNEAPOLIS W-3 P-05","Tim Bildsoe","Steve Fletcher","Samantha Pree-Stinson"
"MINNEAPOLIS W-3 P-05","Steve Fletcher","skipped","skipped"
"MINNEAPOLIS W-3 P-05","Ginger Jentzen","Samantha Pree-Stinson","Steve Fletcher"
"MINNEAPOLIS W-3 P-05","Steve Fletcher","Tim Bildsoe","Samantha Pree-Stinson"
"MINNEAPOLIS W-3 P-05","Ginger Jentzen","Samantha Pree-Stinson","Tim Bildsoe"
"MINNEAPOLIS W-3 P-05","Steve Fletcher","Samantha Pree-Stinson","Ginger Jentzen"
"MINNEAPOLIS W-3 P-05","Ginger Jentzen","skipped","skipped"
"MINNEAPOLIS W-3 P-05","Samantha Pree-Stinson","Steve Fletcher","Tim Bildsoe"
"MINNEAPOLIS W-3 P-05","Steve Fletcher","Ginger Jentzen","Tim Bildsoe"
"MINNEAPOLIS W-3 P-05","Tim Bildsoe","Steve Fletcher","Ginger Jentzen"
"MINNEAPOLIS W-3 P-05","Tim Bildsoe","Steve Fletcher","Samantha Pree-Stinson"
"MINNEAPOLIS W-3 P-05","Ginger Jentzen","Samantha Pree-Stinson","skipped"
"MINNEAPOLIS W-3 P-05","Tim Bildsoe","skipped","skipped"
"MINNEAPOLIS W-3 P-05","Ginger Jentzen","Tim Bildsoe","Samantha Pree-Stinson"
"MINNEAPOLIS W-3 P-05","Steve Fletcher","Tim Bildsoe","skipped"
"MINNEAPOLIS W-3 P-05","Samantha Pree-Stinson","Steve Fletcher","Tim Bildsoe"
"MINNEAPOLIS W-3 P-05","Steve Fletcher","Ginger Jentzen","skipped"
"MINNEAPOLIS W-3 P-05","Steve Fletcher","Tim Bildsoe","Samantha Pree-Stinson"
"MINNEAPOLIS W-3 P-05","Ginger Jentzen","Steve Fletcher","Samantha Pree-Stinson"
"MINNEAPOLIS W-3 P-05","Ginger Jentzen","Samantha Pree-Stinson","skipped"
"MINNEAPOLIS W-3 P-05","Ginger Jentzen","Steve Fletcher","skipped"
"MINNEAPOLIS W-3 P-05","Tim Bildsoe","Steve Fletcher","Samantha Pree-Stinson"
"MINNEAPOLIS W-3 P-05","Steve Fletcher","Samantha Pree-Stinson","Ginger Jentzen"
"MINNEAPOLIS W-3 P-05","Tim Bildsoe","Ginger Jentzen","skipped"
"MINNEAPOLIS W-3 P-05","Ginger Jentzen","Tim Bildsoe","skipped"
"MINNEAPOLIS W-3 P-05","Ginger Jentzen","Tim Bildsoe","skipped"
"MINNEAPOLIS W-3 P-05","Ginger Jentzen","Samantha Pree-Stinson","Steve Fletcher"
"MINNEAPOLIS W-3 P-05","Ginger Jentzen","Steve Fletcher","skipped"
"MINNEAPOLIS W-3 P-05","Ginger Jentzen","Steve Fletcher","Samantha Pree-Stinson"
"MINNEAPOLIS W-3 P-05","Tim Bildsoe","skipped","skipped"
"MINNEAPOLIS W-3 P-05","Ginger Jentzen","skipped","skipped"
"MINNEAPOLIS W-3 P-05","Ginger Jentzen","skipped","skipped"
"MINNEAPOLIS W-3 P-05","Ginger Jentzen","Samantha Pree-Stinson","Tim Bildsoe"
"MINNEAPOLIS W-3 P-05","Ginger Jentzen","Tim Bildsoe","skipped"
"MINNEAPOLIS W-3 P-05","Ginger Jentzen","skipped","skipped"
"MINNEAPOLIS W-3 P-05","Ginger Jentzen","Steve Fletcher","skipped"
"MINNEAPOLIS W-3 P-05","Tim Bildsoe","Steve Fletcher","Samantha Pree-Stinson"
"MINNEAPOLIS W-3 P-05","Steve Fletcher","Ginger Jentzen","skipped"
"MINNEAPOLIS W-3 P-05","Ginger Jentzen","Steve Fletcher","Tim Bildsoe"
"MINNEAPOLIS W-3 P-05","Ginger Jentzen","Steve Fletcher","Samantha Pree-Stinson"
"MINNEAPOLIS W-3 P-05","Tim Bildsoe","skipped","skipped"
"MINNEAPOLIS W-3 P-05","Ginger Jentzen","Steve Fletcher","skipped"
"MINNEAPOLIS W-3 P-05","Ginger Jentzen","Samantha Pree-Stinson","skipped"
"MINNEAPOLIS W-3 P-05","Ginger Jentzen","skipped","skipped"
"MINNEAPOLIS W-3 P-05","Ginger Jentzen","Samantha Pree-Stinson","skipped"
"MINNEAPOLIS W-3 P-05","Samantha Pree-Stinson","skipped","skipped"
"MINNEAPOLIS W-3 P-05","Steve Fletcher","Tim Bildsoe","Samantha Pree-Stinson"
"MINNEAPOLIS W-3 P-05","Steve Fletcher","Tim Bildsoe","skipped"
"MINNEAPOLIS W-3 P-05","Tim Bildsoe","Steve Fletcher","skipped"
"MINNEAPOLIS W-3 P-05","Samantha Pree-Stinson","Ginger Jentzen","Tim Bildsoe"
"MINNEAPOLIS W-3 P-05","Ginger Jentzen","Ginger Jentzen","Ginger Jentzen"
"MINNEAPOLIS W-3 P-05","Steve Fletcher","Tim Bildsoe","Ginger Jentzen"
"MINNEAPOLIS W-3 P-05","Steve Fletcher","Ginger Jentzen","skipped"
"MINNEAPOLIS W-3 P-05","Tim Bildsoe","Steve Fletcher","Samantha Pree-Stinson"
"MINNEAPOLIS W-3 P-05","Tim Bildsoe","skipped","skipped"
"MINNEAPOLIS W-3 P-05","Ginger Jentzen","Samantha Pree-Stinson","Steve Fletcher"
"MINNEAPOLIS W-3 P-05","Ginger Jentzen","skipped","skipped"
"MINNEAPOLIS W-3 P-05","Tim Bildsoe","skipped","skipped"
"MINNEAPOLIS W-3 P-05","Steve Fletcher","Ginger Jentzen","Samantha Pree-Stinson"
"MINNEAPOLIS W-3 P-05","Ginger Jentzen","Samantha Pree-Stinson","Steve Fletcher"
"MINNEAPOLIS W-3 P-05","Ginger Jentzen","Samantha Pree-Stinson","Steve Fletcher"
"MINNEAPOLIS W-3 P-05","Steve Fletcher","Samantha Pree-Stinson","Ginger Jentzen"
"MINNEAPOLIS W-3 P-05","Ginger Jentzen","skipped","skipped"
"MINNEAPOLIS W-3 P-05","Samantha Pree-Stinson","skipped","skipped"
"MINNEAPOLIS W-3 P-05","Steve Fletcher","Ginger Jentzen","Samantha Pree-Stinson"
"MINNEAPOLIS W-3 P-05","Ginger Jentzen","skipped","skipped"
"MINNEAPOLIS W-3 P-05","Steve Fletcher","Ginger Jentzen","Samantha Pree-Stinson"
"MINNEAPOLIS W-3 P-05","Steve Fletcher","Tim Bildsoe","Samantha Pree-Stinson"
"MINNEAPOLIS W-3 P-05","Ginger Jentzen","Samantha Pree-Stinson","Steve Fletcher"
"MINNEAPOLIS W-3 P-05","Ginger Jentzen","Steve Fletcher","Samantha Pree-Stinson"
"MINNEAPOLIS W-3 P-05","Tim Bildsoe","skipped","skipped"
"MINNEAPOLIS W-3 P-05","Tim Bildsoe","skipped","skipped"
"MINNEAPOLIS W-3 P-05","Samantha Pree-Stinson","Ginger Jentzen","Steve Fletcher"
"MINNEAPOLIS W-3 P-05","Ginger Jentzen","Tim Bildsoe","Steve Fletcher"
"MINNEAPOLIS W-3 P-05","Ginger Jentzen","Samantha Pree-Stinson","Tim Bildsoe"
"MINNEAPOLIS W-3 P-05","Samantha Pree-Stinson","Ginger Jentzen","Steve Fletcher"
"MINNEAPOLIS W-3 P-05","Ginger Jentzen","Steve Fletcher","Tim Bildsoe"
"MINNEAPOLIS W-3 P-05","Ginger Jentzen","Tim Bildsoe","Steve Fletcher"
"MINNEAPOLIS W-3 P-05","Ginger Jentzen","Steve Fletcher","Tim Bildsoe"
"MINNEAPOLIS W-3 P-05","Tim Bildsoe","Steve Fletcher","Samantha Pree-Stinson"
"MINNEAPOLIS W-3 P-05","Ginger Jentzen","Tim Bildsoe","Steve Fletcher"
"MINNEAPOLIS W-3 P-05","Tim Bildsoe","Steve Fletcher","Ginger Jentzen"
"MINNEAPOLIS W-3 P-05","Steve Fletcher","Tim Bildsoe","Samantha Pree-Stinson"
"MINNEAPOLIS W-3 P-05","Ginger Jentzen","Steve Fletcher","skipped"
"MINNEAPOLIS W-3 P-05","Tim Bildsoe","Steve Fletcher","skipped"
"MINNEAPOLIS W-3 P-05","Ginger Jentzen","skipped","skipped"
"MINNEAPOLIS W-3 P-05","Ginger Jentzen","Tim Bildsoe","Steve Fletcher"
"MINNEAPOLIS W-3 P-05","Steve Fletcher","Tim Bildsoe","Ginger Jentzen"
"MINNEAPOLIS W-3 P-05","Samantha Pree-Stinson","Steve Fletcher","Ginger Jentzen"
"MINNEAPOLIS W-3 P-05","Tim Bildsoe","Steve Fletcher","Ginger Jentzen"
"MINNEAPOLIS W-3 P-05","Tim Bildsoe","Steve Fletcher","skipped"
"MINNEAPOLIS W-3 P-05","Ginger Jentzen","Steve Fletcher","Tim Bildsoe"
"MINNEAPOLIS W-3 P-05","Samantha Pree-Stinson","Ginger Jentzen","Steve Fletcher"
"MINNEAPOLIS W-3 P-05","Tim Bildsoe","skipped","skipped"
"MINNEAPOLIS W-3 P-05","Ginger Jentzen","skipped","skipped"
"MINNEAPOLIS W-3 P-05","Ginger Jentzen","skipped","skipped"
"MINNEAPOLIS W-3 P-05","Tim Bildsoe","skipped","skipped"
"MINNEAPOLIS W-3 P-05","Steve Fletcher","Samantha Pree-Stinson","Ginger Jentzen"
"MINNEAPOLIS W-3 P-05","Tim Bildsoe","Steve Fletcher","Samantha Pree-Stinson"
"MINNEAPOLIS W-3 P-05","Ginger Jentzen","skipped","skipped"
"MINNEAPOLIS W-3 P-05","Samantha Pree-Stinson","Ginger Jentzen","skipped"
"MINNEAPOLIS W-3 P-05","Tim Bildsoe","skipped","skipped"
"MINNEAPOLIS W-3 P-05","Ginger Jentzen","Steve Fletcher","Samantha Pree-Stinson"
"MINNEAPOLIS W-3 P-05","Tim Bildsoe","Steve Fletcher","Ginger Jentzen"
"MINNEAPOLIS W-3 P-05","Tim Bildsoe","Steve Fletcher","Tim Bildsoe"
"MINNEAPOLIS W-3 P-05","Ginger Jentzen","Samantha Pree-Stinson","Steve Fletcher"
"MINNEAPOLIS W-3 P-05","Steve Fletcher","Tim Bildsoe","skipped"
"MINNEAPOLIS W-3 P-05","Ginger Jentzen","Samantha Pree-Stinson","skipped"
"MINNEAPOLIS W-3 P-05","Steve Fletcher","Tim Bildsoe","Samantha Pree-Stinson"
"MINNEAPOLIS W-3 P-05","Tim Bildsoe","Steve Fletcher","Samantha Pree-Stinson"
"MINNEAPOLIS W-3 P-05","Samantha Pree-Stinson","Ginger Jentzen","Steve Fletcher"
"MINNEAPOLIS W-3 P-05","skipped","skipped","skipped"
"MINNEAPOLIS W-3 P-05","Tim Bildsoe","Samantha Pree-Stinson","Steve Fletcher"
"MINNEAPOLIS W-3 P-05","Ginger Jentzen","Tim Bildsoe","Steve Fletcher"
"MINNEAPOLIS W-3 P-05","Tim Bildsoe","Steve Fletcher","skipped"
"MINNEAPOLIS W-3 P-05","Ginger Jentzen","Steve Fletcher","Samantha Pree-Stinson"
"MINNEAPOLIS W-3 P-05","Tim Bildsoe","Tim Bildsoe","Tim Bildsoe"
"MINNEAPOLIS W-3 P-05","Ginger Jentzen","Samantha Pree-Stinson","skipped"
"MINNEAPOLIS W-3 P-05","Samantha Pree-Stinson","Tim Bildsoe","Steve Fletcher"
"MINNEAPOLIS W-3 P-05","Ginger Jentzen","skipped","skipped"
"MINNEAPOLIS W-3 P-05","Ginger Jentzen","Samantha Pree-Stinson","skipped"
"MINNEAPOLIS W-3 P-05","Ginger Jentzen","skipped","skipped"
"MINNEAPOLIS W-3 P-05","Ginger Jentzen","Steve Fletcher","Samantha Pree-Stinson"
"MINNEAPOLIS W-3 P-05","Samantha Pree-Stinson","Tim Bildsoe","Ginger Jentzen"
"MINNEAPOLIS W-3 P-05","Ginger Jentzen","Tim Bildsoe","Samantha Pree-Stinson"
"MINNEAPOLIS W-3 P-05","Tim Bildsoe","Steve Fletcher","Samantha Pree-Stinson"
"MINNEAPOLIS W-3 P-05","Steve Fletcher","Ginger Jentzen","Samantha Pree-Stinson"
"MINNEAPOLIS W-3 P-05","Ginger Jentzen","skipped","skipped"
"MINNEAPOLIS W-3 P-05","Steve Fletcher","Tim Bildsoe","skipped"
"MINNEAPOLIS W-3 P-05","Ginger Jentzen","Samantha Pree-Stinson","Steve Fletcher"
"MINNEAPOLIS W-3 P-05","Ginger Jentzen","Samantha Pree-Stinson","Steve Fletcher"
"MINNEAPOLIS W-3 P-05","skipped","skipped","skipped"
"MINNEAPOLIS W-3 P-05","Ginger Jentzen","Samantha Pree-Stinson","Steve Fletcher"
"MINNEAPOLIS W-3 P-05","Ginger Jentzen","Samantha Pree-Stinson","Tim Bildsoe"
"MINNEAPOLIS W-3 P-05","Ginger Jentzen","Tim Bildsoe","Steve Fletcher"
"MINNEAPOLIS W-3 P-05","Ginger Jentzen","Tim Bildsoe","skipped"
"MINNEAPOLIS W-3 P-05","Steve Fletcher","Samantha Pree-Stinson","skipped"
"MINNEAPOLIS W-3 P-05","Ginger Jentzen","skipped","skipped"
"MINNEAPOLIS W-3 P-05","Samantha Pree-Stinson","Samantha Pree-Stinson","Samantha Pree-Stinson"
"MINNEAPOLIS W-3 P-05","Ginger Jentzen","Samantha Pree-Stinson","Steve Fletcher"
"MINNEAPOLIS W-3 P-05","Ginger Jentzen","Samantha Pree-Stinson","Steve Fletcher"
"MINNEAPOLIS W-3 P-05","Tim Bildsoe","Steve Fletcher","skipped"
"MINNEAPOLIS W-3 P-05","Samantha Pree-Stinson","Ginger Jentzen","Steve Fletcher"
"MINNEAPOLIS W-3 P-05","Steve Fletcher","Tim Bildsoe","Samantha Pree-Stinson"
"MINNEAPOLIS W-3 P-05","Ginger Jentzen","Samantha Pree-Stinson","skipped"
"MINNEAPOLIS W-3 P-05","Steve Fletcher","Tim Bildsoe","skipped"
"MINNEAPOLIS W-3 P-05","Ginger Jentzen","Samantha Pree-Stinson","Tim Bildsoe"
"MINNEAPOLIS W-3 P-05","Tim Bildsoe","Steve Fletcher","skipped"
"MINNEAPOLIS W-3 P-05","Ginger Jentzen","Steve Fletcher","skipped"
"MINNEAPOLIS W-3 P-05","Ginger Jentzen","Tim Bildsoe","skipped"
"MINNEAPOLIS W-3 P-05","Ginger Jentzen","Tim Bildsoe","Steve Fletcher"
"MINNEAPOLIS W-3 P-05","Ginger Jentzen","Samantha Pree-Stinson","Tim Bildsoe"
"MINNEAPOLIS W-3 P-05","Ginger Jentzen","Samantha Pree-Stinson","skipped"
"MINNEAPOLIS W-3 P-05","Ginger Jentzen","Samantha Pree-Stinson","Steve Fletcher"
"MINNEAPOLIS W-3 P-05","Ginger Jentzen","Steve Fletcher","skipped"
"MINNEAPOLIS W-3 P-05","Ginger Jentzen","skipped","skipped"
"MINNEAPOLIS W-3 P-05","Steve Fletcher","Tim Bildsoe","Samantha Pree-Stinson"
"MINNEAPOLIS W-3 P-05","Ginger Jentzen","Samantha Pree-Stinson","writein"
"MINNEAPOLIS W-3 P-05","Ginger Jentzen","Steve Fletcher","Samantha Pree-Stinson"
"MINNEAPOLIS W-3 P-05","Steve Fletcher","Samantha Pree-Stinson","Ginger Jentzen"
"MINNEAPOLIS W-3 P-05","Tim Bildsoe","Samantha Pree-Stinson","Steve Fletcher"
"MINNEAPOLIS W-3 P-05","Steve Fletcher","Ginger Jentzen","skipped"
"MINNEAPOLIS W-3 P-05","Ginger Jentzen","skipped","skipped"
"MINNEAPOLIS W-3 P-05","Tim Bildsoe","skipped","Tim Bildsoe"
"MINNEAPOLIS W-3 P-05","Samantha Pree-Stinson","Ginger Jentzen","skipped"
"MINNEAPOLIS W-3 P-05","Tim Bildsoe","skipped","skipped"
"MINNEAPOLIS W-3 P-05","Tim Bildsoe","Ginger Jentzen","Steve Fletcher"
"MINNEAPOLIS W-3 P-05","Samantha Pree-Stinson","Ginger Jentzen","Steve Fletcher"
"MINNEAPOLIS W-3 P-05","Tim Bildsoe","Samantha Pree-Stinson","Steve Fletcher"
"MINNEAPOLIS W-3 P-05","Tim Bildsoe","Steve Fletcher","Ginger Jentzen"
"MINNEAPOLIS W-3 P-05","Steve Fletcher","Samantha Pree-Stinson","Ginger Jentzen"
"MINNEAPOLIS W-3 P-05","Ginger Jentzen","Steve Fletcher","skipped"
"MINNEAPOLIS W-3 P-05","Ginger Jentzen","Tim Bildsoe","Samantha Pree-Stinson"
"MINNEAPOLIS W-3 P-05","Tim Bildsoe","skipped","skipped"
"MINNEAPOLIS W-3 P-05","Steve Fletcher","Tim Bildsoe","Samantha Pree-Stinson"
"MINNEAPOLIS W-3 P-05","Ginger Jentzen","Samantha Pree-Stinson","Steve Fletcher"
"MINNEAPOLIS W-3 P-05","Ginger Jentzen","Samantha Pree-Stinson","Tim Bildsoe"
"MINNEAPOLIS W-3 P-05","Ginger Jentzen","skipped","skipped"
"MINNEAPOLIS W-3 P-05","Steve Fletcher","Samantha Pree-Stinson","writein"
"MINNEAPOLIS W-3 P-05","Steve Fletcher","Tim Bildsoe","skipped"
"MINNEAPOLIS W-3 P-05","Steve Fletcher","Tim Bildsoe","Samantha Pree-Stinson"
"MINNEAPOLIS W-3 P-05","Samantha Pree-Stinson","Tim Bildsoe","Steve Fletcher"
"MINNEAPOLIS W-3 P-05","Ginger Jentzen","Tim Bildsoe","Samantha Pree-Stinson"
"MINNEAPOLIS W-3 P-05","Tim Bildsoe","Steve Fletcher","skipped"
"MINNEAPOLIS W-3 P-05","Samantha Pree-Stinson","Tim Bildsoe","Steve Fletcher"
"MINNEAPOLIS W-3 P-05","Ginger Jentzen","Samantha Pree-Stinson","Steve Fletcher"
"MINNEAPOLIS W-3 P-05","Steve Fletcher","Samantha Pree-Stinson","Ginger Jentzen"
"MINNEAPOLIS W-3 P-05","Ginger Jentzen","skipped","skipped"
"MINNEAPOLIS W-3 P-05","Steve Fletcher","Tim Bildsoe","Ginger Jentzen"
"MINNEAPOLIS W-3 P-05","Ginger Jentzen","skipped","skipped"
"MINNEAPOLIS W-3 P-05","Samantha Pree-Stinson","Ginger Jentzen","Steve Fletcher"
"MINNEAPOLIS W-3 P-05","Tim Bildsoe","Ginger Jentzen","skipped"
"MINNEAPOLIS W-3 P-05","Steve Fletcher","Tim Bildsoe","Samantha Pree-Stinson"
"MINNEAPOLIS W-3 P-05","Tim Bildsoe","Steve Fletcher","skipped"
"MINNEAPOLIS W-3 P-05","Steve Fletcher","Samantha Pree-Stinson","skipped"
"MINNEAPOLIS W-3 P-05","Ginger Jentzen","skipped","skipped"
"MINNEAPOLIS W-3 P-05","Ginger Jentzen","Steve Fletcher","Tim Bildsoe"
"MINNEAPOLIS W-3 P-05","Samantha Pree-Stinson","Steve Fletcher","Ginger Jentzen"
"MINNEAPOLIS W-3 P-05","Tim Bildsoe","Samantha Pree-Stinson","Ginger Jentzen"
"MINNEAPOLIS W-3 P-05","Samantha Pree-Stinson","skipped","skipped"
"MINNEAPOLIS W-3 P-05","Steve Fletcher","Ginger Jentzen","Samantha Pree-Stinson"
"MINNEAPOLIS W-3 P-05","Ginger Jentzen","skipped","skipped"
"MINNEAPOLIS W-3 P-05","Tim Bildsoe","Steve Fletcher","skipped"
"MINNEAPOLIS W-3 P-05","Tim Bildsoe","Steve Fletcher","skipped"
"MINNEAPOLIS W-3 P-05","Steve Fletcher","Samantha Pree-Stinson","Tim Bildsoe"
"MINNEAPOLIS W-3 P-05","Ginger Jentzen","Ginger Jentzen","Ginger Jentzen"
"MINNEAPOLIS W-3 P-05","Tim Bildsoe","Steve Fletcher","Samantha Pree-Stinson"
"MINNEAPOLIS W-3 P-05","Tim Bildsoe","Steve Fletcher","skipped"
"MINNEAPOLIS W-3 P-05","Samantha Pree-Stinson","Steve Fletcher","Tim Bildsoe"
"MINNEAPOLIS W-3 P-05","Steve Fletcher","Samantha Pree-Stinson","skipped"
"MINNEAPOLIS W-3 P-05","Tim Bildsoe","skipped","skipped"
"MINNEAPOLIS W-3 P-05","Ginger Jentzen","Steve Fletcher","Samantha Pree-Stinson"
"MINNEAPOLIS W-3 P-05","Ginger Jentzen","Steve Fletcher","Samantha Pree-Stinson"
"MINNEAPOLIS W-3 P-05","Ginger Jentzen","Samantha Pree-Stinson","Steve Fletcher"
"MINNEAPOLIS W-3 P-05","Tim Bildsoe","Ginger Jentzen","Steve Fletcher"
"MINNEAPOLIS W-3 P-05","Ginger Jentzen","Samantha Pree-Stinson","skipped"
"MINNEAPOLIS W-3 P-05","Ginger Jentzen","Steve Fletcher","Tim Bildsoe"
"MINNEAPOLIS W-3 P-05","Ginger Jentzen","Steve Fletcher","Tim Bildsoe"
"MINNEAPOLIS W-3 P-05","Tim Bildsoe","Samantha Pree-Stinson","skipped"
"MINNEAPOLIS W-3 P-05","Steve Fletcher","Samantha Pree-Stinson","skipped"
"MINNEAPOLIS W-3 P-05","Steve Fletcher","Tim Bildsoe","Ginger Jentzen"
"MINNEAPOLIS W-3 P-05","Tim Bildsoe","skipped","skipped"
"MINNEAPOLIS W-3 P-05","Steve Fletcher","Tim Bildsoe","skipped"
"MINNEAPOLIS W-3 P-05","Samantha Pree-Stinson","Ginger Jentzen","Steve Fletcher"
"MINNEAPOLIS W-3 P-05","Tim Bildsoe","Steve Fletcher","Ginger Jentzen"
"MINNEAPOLIS W-3 P-05","Samantha Pree-Stinson","Ginger Jentzen","Steve Fletcher"
"MINNEAPOLIS W-3 P-05","Ginger Jentzen","Steve Fletcher","Samantha Pree-Stinson"
"MINNEAPOLIS W-3 P-05","Tim Bildsoe","skipped","skipped"
"MINNEAPOLIS W-3 P-05","Tim Bildsoe","Steve Fletcher","skipped"
"MINNEAPOLIS W-3 P-05","Ginger Jentzen","skipped","skipped"
"MINNEAPOLIS W-3 P-05","Ginger Jentzen","Steve Fletcher","writein"
"MINNEAPOLIS W-3 P-05","Steve Fletcher","Tim Bildsoe","Samantha Pree-Stinson"
"MINNEAPOLIS W-3 P-05","skipped","skipped","skipped"
"MINNEAPOLIS W-3 P-05","Samantha Pree-Stinson","Ginger Jentzen","Tim Bildsoe"
"MINNEAPOLIS W-3 P-05","Ginger Jentzen","skipped","skipped"
"MINNEAPOLIS W-3 P-05","Steve Fletcher","Ginger Jentzen","skipped"
"MINNEAPOLIS W-3 P-05","Tim Bildsoe","Steve Fletcher","Samantha Pree-Stinson"
"MINNEAPOLIS W-3 P-05","Ginger Jentzen","skipped","skipped"
"MINNEAPOLIS W-3 P-05","Ginger Jentzen","Tim Bildsoe","Samantha Pree-Stinson"
"MINNEAPOLIS W-3 P-05","Steve Fletcher","Ginger Jentzen","Tim Bildsoe"
"MINNEAPOLIS W-3 P-05","Ginger Jentzen","Steve Fletcher","Tim Bildsoe"
"MINNEAPOLIS W-3 P-05","skipped","skipped","skipped"
"MINNEAPOLIS W-3 P-05","Tim Bildsoe","Steve Fletcher","Ginger Jentzen"
"MINNEAPOLIS W-3 P-05","Steve Fletcher","Ginger Jentzen","Samantha Pree-Stinson"
"MINNEAPOLIS W-3 P-05","Samantha Pree-Stinson","Tim Bildsoe","Steve Fletcher"
"MINNEAPOLIS W-3 P-05","Ginger Jentzen","skipped","skipped"
"MINNEAPOLIS W-3 P-05","Tim Bildsoe","skipped","skipped"
"MINNEAPOLIS W-3 P-05","Steve Fletcher","skipped","skipped"
"MINNEAPOLIS W-3 P-05","Steve Fletcher","Ginger Jentzen","Steve Fletcher"
"MINNEAPOLIS W-3 P-05","Steve Fletcher","Tim Bildsoe","Samantha Pree-Stinson"
"MINNEAPOLIS W-3 P-05","Tim Bildsoe","Steve Fletcher","skipped"
"MINNEAPOLIS W-3 P-05","Samantha Pree-Stinson","Ginger Jentzen","Steve Fletcher"
"MINNEAPOLIS W-3 P-05","Ginger Jentzen","skipped","skipped"
"MINNEAPOLIS W-3 P-05","Ginger Jentzen","Steve Fletcher","Tim Bildsoe"
"MINNEAPOLIS W-3 P-05","Ginger Jentzen","Samantha Pree-Stinson","Steve Fletcher"
"MINNEAPOLIS W-3 P-05","Ginger Jentzen","Steve Fletcher","Samantha Pree-Stinson"
"MINNEAPOLIS W-3 P-05","Ginger Jentzen","skipped","skipped"
"MINNEAPOLIS W-3 P-05","Ginger Jentzen","Steve Fletcher","Tim Bildsoe"
"MINNEAPOLIS W-3 P-05","Ginger Jentzen","Samantha Pree-Stinson","Tim Bildsoe"
"MINNEAPOLIS W-3 P-05","Samantha Pree-Stinson","Steve Fletcher","skipped"
"MINNEAPOLIS W-3 P-05","Steve Fletcher","Ginger Jentzen","skipped"
"MINNEAPOLIS W-3 P-05","Steve Fletcher","Tim Bildsoe","skipped"
"MINNEAPOLIS W-3 P-05","Tim Bildsoe","Steve Fletcher","Samantha Pree-Stinson"
"MINNEAPOLIS W-3 P-05","Ginger Jentzen","Samantha Pree-Stinson","skipped"
"MINNEAPOLIS W-3 P-05","Ginger Jentzen","Steve Fletcher","skipped"
"MINNEAPOLIS W-3 P-05","Ginger Jentzen","Samantha Pree-Stinson","Steve Fletcher"
"MINNEAPOLIS W-3 P-05","Samantha Pree-Stinson","Steve Fletcher","Ginger Jentzen"
"MINNEAPOLIS W-3 P-05","Tim Bildsoe","Steve Fletcher","Samantha Pree-Stinson"
"MINNEAPOLIS W-3 P-05","Samantha Pree-Stinson","skipped","skipped"
"MINNEAPOLIS W-3 P-05","Ginger Jentzen","Steve Fletcher","Samantha Pree-Stinson"
"MINNEAPOLIS W-3 P-05","Ginger Jentzen","skipped","skipped"
"MINNEAPOLIS W-3 P-05","Ginger Jentzen","Samantha Pree-Stinson","skipped"
"MINNEAPOLIS W-3 P-05","Samantha Pree-Stinson","Steve Fletcher","Ginger Jentzen"
"MINNEAPOLIS W-3 P-05","Tim Bildsoe","skipped","skipped"
"MINNEAPOLIS W-3 P-05","Steve Fletcher","Samantha Pree-Stinson","Ginger Jentzen"
"MINNEAPOLIS W-3 P-05","Steve Fletcher","skipped","skipped"
"MINNEAPOLIS W-3 P-05","Ginger Jentzen","Steve Fletcher","Samantha Pree-Stinson"
"MINNEAPOLIS W-3 P-05","Steve Fletcher","Tim Bildsoe","Samantha Pree-Stinson"
"MINNEAPOLIS W-3 P-05","Ginger Jentzen","skipped","skipped"
"MINNEAPOLIS W-3 P-05","Ginger Jentzen","skipped","skipped"
"MINNEAPOLIS W-3 P-05","Tim Bildsoe","Steve Fletcher","skipped"
"MINNEAPOLIS W-3 P-05","Steve Fletcher","Tim Bildsoe","skipped"
"MINNEAPOLIS W-3 P-05","Tim Bildsoe","Steve Fletcher","skipped"
"MINNEAPOLIS W-3 P-05","Ginger Jentzen","skipped","skipped"
"MINNEAPOLIS W-3 P-05","Steve Fletcher","Samantha Pree-Stinson","Ginger Jentzen"
"MINNEAPOLIS W-3 P-05","Samantha Pree-Stinson","Steve Fletcher","skipped"
"MINNEAPOLIS W-3 P-05","Ginger Jentzen","Samantha Pree-Stinson","Steve Fletcher"
"MINNEAPOLIS W-3 P-05","Steve Fletcher","Samantha Pree-Stinson","Ginger Jentzen"
"MINNEAPOLIS W-3 P-05","Ginger Jentzen","skipped","skipped"
"MINNEAPOLIS W-3 P-05","Ginger Jentzen","Samantha Pree-Stinson","Steve Fletcher"
"MINNEAPOLIS W-3 P-05","Tim Bildsoe","skipped","skipped"
"MINNEAPOLIS W-3 P-05","Steve Fletcher","Ginger Jentzen","Samantha Pree-Stinson"
"MINNEAPOLIS W-3 P-05","Ginger Jentzen","Samantha Pree-Stinson","Tim Bildsoe"
"MINNEAPOLIS W-3 P-05","Tim Bildsoe","Steve Fletcher","skipped"
"MINNEAPOLIS W-3 P-05","skipped","skipped","skipped"
"MINNEAPOLIS W-3 P-05","Steve Fletcher","Tim Bildsoe","Ginger Jentzen"
"MINNEAPOLIS W-3 P-05","Tim Bildsoe","Steve Fletcher","skipped"
"MINNEAPOLIS W-3 P-05","Ginger Jentzen","Samantha Pree-Stinson","Steve Fletcher"
"MINNEAPOLIS W-3 P-05","Ginger Jentzen","Samantha Pree-Stinson","Tim Bildsoe"
"MINNEAPOLIS W-3 P-05","Ginger Jentzen","skipped","skipped"
"MINNEAPOLIS W-3 P-05","Ginger Jentzen","Tim Bildsoe","Steve Fletcher"
"MINNEAPOLIS W-3 P-05","Samantha Pree-Stinson","Steve Fletcher","skipped"
"MINNEAPOLIS W-3 P-05","Ginger Jentzen","Samantha Pree-Stinson","skipped"
"MINNEAPOLIS W-3 P-05","Steve Fletcher","Samantha Pree-Stinson","skipped"
"MINNEAPOLIS W-3 P-05","Steve Fletcher","Tim Bildsoe","Samantha Pree-Stinson"
"MINNEAPOLIS W-3 P-05","Tim Bildsoe","skipped","skipped"
"MINNEAPOLIS W-3 P-05","Tim Bildsoe","Samantha Pree-Stinson","Steve Fletcher"
"MINNEAPOLIS W-3 P-05","Ginger Jentzen","Samantha Pree-Stinson","Steve Fletcher"
"MINNEAPOLIS W-3 P-05","Tim Bildsoe","Steve Fletcher","Samantha Pree-Stinson"
"MINNEAPOLIS W-3 P-05","Ginger Jentzen","skipped","skipped"
"MINNEAPOLIS W-3 P-05","Samantha Pree-Stinson","Tim Bildsoe","Steve Fletcher"
"MINNEAPOLIS W-3 P-05","Ginger Jentzen","Samantha Pree-Stinson","Steve Fletcher"
"MINNEAPOLIS W-3 P-05","skipped","skipped","skipped"
"MINNEAPOLIS W-3 P-05","Ginger Jentzen","Steve Fletcher","Tim Bildsoe"
"MINNEAPOLIS W-3 P-05","Steve Fletcher","Samantha Pree-Stinson","Tim Bildsoe"
"MINNEAPOLIS W-3 P-05","Samantha Pree-Stinson","Steve Fletcher","Ginger Jentzen"
"MINNEAPOLIS W-3 P-05","Steve Fletcher","Ginger Jentzen","Tim Bildsoe"
"MINNEAPOLIS W-3 P-05","Ginger Jentzen","Steve Fletcher","Samantha Pree-Stinson"
"MINNEAPOLIS W-3 P-05","Samantha Pree-Stinson","Ginger Jentzen","Steve Fletcher"
"MINNEAPOLIS W-3 P-05","Steve Fletcher","Tim Bildsoe","skipped"
"MINNEAPOLIS W-3 P-05","Steve Fletcher","Tim Bildsoe","Ginger Jentzen"
"MINNEAPOLIS W-3 P-05","Tim Bildsoe","skipped","skipped"
"MINNEAPOLIS W-3 P-05","Ginger Jentzen","Tim Bildsoe","Samantha Pree-Stinson"
"MINNEAPOLIS W-3 P-05","Tim Bildsoe","Steve Fletcher","Samantha Pree-Stinson"
"MINNEAPOLIS W-3 P-05","Ginger Jentzen","Samantha Pree-Stinson","skipped"
"MINNEAPOLIS W-3 P-05","Ginger Jentzen","skipped","skipped"
"MINNEAPOLIS W-3 P-05","Samantha Pree-Stinson","Tim Bildsoe","Steve Fletcher"
"MINNEAPOLIS W-3 P-05","Ginger Jentzen","Steve Fletcher","skipped"
"MINNEAPOLIS W-3 P-05","Steve Fletcher","Ginger Jentzen","writein"
"MINNEAPOLIS W-3 P-05","Samantha Pree-Stinson","Ginger Jentzen","Steve Fletcher"
"MINNEAPOLIS W-3 P-05","Steve Fletcher","Tim Bildsoe","Ginger Jentzen"
"MINNEAPOLIS W-3 P-05","Tim Bildsoe","skipped","skipped"
"MINNEAPOLIS W-3 P-05","Steve Fletcher","Samantha Pree-Stinson","skipped"
"MINNEAPOLIS W-3 P-05","Samantha Pree-Stinson","skipped","skipped"
"MINNEAPOLIS W-3 P-05","Ginger Jentzen","Ginger Jentzen","Ginger Jentzen"
"MINNEAPOLIS W-3 P-05","Steve Fletcher","Ginger Jentzen","skipped"
"MINNEAPOLIS W-3 P-05","Tim Bildsoe","skipped","skipped"
"MINNEAPOLIS W-3 P-05","Ginger Jentzen","Samantha Pree-Stinson","skipped"
"MINNEAPOLIS W-3 P-05","Samantha Pree-Stinson","Tim Bildsoe","skipped"
"MINNEAPOLIS W-3 P-05","Steve Fletcher","Samantha Pree-Stinson","Ginger Jentzen"
"MINNEAPOLIS W-3 P-05","Ginger Jentzen","Tim Bildsoe","Steve Fletcher"
"MINNEAPOLIS W-3 P-05","Tim Bildsoe","Steve Fletcher","skipped"
"MINNEAPOLIS W-3 P-05","Ginger Jentzen","Samantha Pree-Stinson","Tim Bildsoe"
"MINNEAPOLIS W-3 P-05","Ginger Jentzen","Tim Bildsoe","Steve Fletcher"
"MINNEAPOLIS W-3 P-05","writein","skipped","skipped"
"MINNEAPOLIS W-3 P-05","Ginger Jentzen","skipped","skipped"
"MINNEAPOLIS W-3 P-05","Ginger Jentzen","Steve Fletcher","Samantha Pree-Stinson"
"MINNEAPOLIS W-3 P-05","Ginger Jentzen","Samantha Pree-Stinson","Steve Fletcher"
"MINNEAPOLIS W-3 P-05","Ginger Jentzen","skipped","skipped"
"MINNEAPOLIS W-3 P-05","Ginger Jentzen","skipped","skipped"
"MINNEAPOLIS W-3 P-05","Ginger Jentzen","Steve Fletcher","Tim Bildsoe"
"MINNEAPOLIS W-3 P-05","Tim Bildsoe","Steve Fletcher","skipped"
"MINNEAPOLIS W-3 P-05","Tim Bildsoe","Steve Fletcher","skipped"
"MINNEAPOLIS W-3 P-05","Tim Bildsoe","skipped","skipped"
"MINNEAPOLIS W-3 P-05","Ginger Jentzen","Steve Fletcher","Samantha Pree-Stinson"
"MINNEAPOLIS W-3 P-05","Steve Fletcher","Samantha Pree-Stinson","skipped"
"MINNEAPOLIS W-3 P-05","Ginger Jentzen","Samantha Pree-Stinson","skipped"
"MINNEAPOLIS W-3 P-05","Tim Bildsoe","Samantha Pree-Stinson","Steve Fletcher"
"MINNEAPOLIS W-3 P-05","Tim Bildsoe","Steve Fletcher","skipped"
"MINNEAPOLIS W-3 P-05","Ginger Jentzen","Samantha Pree-Stinson","Tim Bildsoe"
"MINNEAPOLIS W-3 P-05","Tim Bildsoe","Steve Fletcher","skipped"
"MINNEAPOLIS W-3 P-05","Ginger Jentzen","skipped","skipped"
"MINNEAPOLIS W-3 P-05","Steve Fletcher","Ginger Jentzen","Samantha Pree-Stinson"
"MINNEAPOLIS W-3 P-05","Steve Fletcher","Tim Bildsoe","skipped"
"MINNEAPOLIS W-3 P-05","Tim Bildsoe","Steve Fletcher","Samantha Pree-Stinson"
"MINNEAPOLIS W-3 P-05","Samantha Pree-Stinson","Steve Fletcher","Ginger Jentzen"
"MINNEAPOLIS W-3 P-05","Ginger Jentzen","skipped","skipped"
"MINNEAPOLIS W-3 P-05","Steve Fletcher","skipped","skipped"
"MINNEAPOLIS W-3 P-05","Tim Bildsoe","Steve Fletcher","Samantha Pree-Stinson"
"MINNEAPOLIS W-3 P-05","Tim Bildsoe","Steve Fletcher","Ginger Jentzen"
"MINNEAPOLIS W-3 P-05","Ginger Jentzen","Samantha Pree-Stinson","Steve Fletcher"
"MINNEAPOLIS W-3 P-05","Ginger Jentzen","Samantha Pree-Stinson","Tim Bildsoe"
"MINNEAPOLIS W-3 P-05","Ginger Jentzen","Steve Fletcher","Tim Bildsoe"
"MINNEAPOLIS W-3 P-05","Tim Bildsoe","skipped","skipped"
"MINNEAPOLIS W-3 P-05","Tim Bildsoe","Steve Fletcher","skipped"
"MINNEAPOLIS W-3 P-05","Ginger Jentzen","Steve Fletcher","Samantha Pree-Stinson"
"MINNEAPOLIS W-3 P-05","Ginger Jentzen","Samantha Pree-Stinson","Steve Fletcher"
"MINNEAPOLIS W-3 P-05","Tim Bildsoe","Steve Fletcher","Ginger Jentzen"
"MINNEAPOLIS W-3 P-05","Ginger Jentzen","Steve Fletcher","skipped"
"MINNEAPOLIS W-3 P-05","Samantha Pree-Stinson","Steve Fletcher","skipped"
"MINNEAPOLIS W-3 P-05","Ginger Jentzen","skipped","skipped"
"MINNEAPOLIS W-3 P-05","writein","skipped","skipped"
"MINNEAPOLIS W-3 P-05","Steve Fletcher","Ginger Jentzen","Tim Bildsoe"
"MINNEAPOLIS W-3 P-05","Tim Bildsoe","skipped","skipped"
"MINNEAPOLIS W-3 P-05","Ginger Jentzen","Samantha Pree-Stinson","Steve Fletcher"
"MINNEAPOLIS W-3 P-05","Ginger Jentzen","Tim Bildsoe","skipped"
"MINNEAPOLIS W-3 P-05","Steve Fletcher","Tim Bildsoe","skipped"
"MINNEAPOLIS W-3 P-05","Ginger Jentzen","skipped","skipped"
"MINNEAPOLIS W-3 P-05","Tim Bildsoe","Steve Fletcher","Samantha Pree-Stinson"
"MINNEAPOLIS W-3 P-05","Steve Fletcher","Ginger Jentzen","Samantha Pree-Stinson"
"MINNEAPOLIS W-3 P-05","Samantha Pree-Stinson","Steve Fletcher","skipped"
"MINNEAPOLIS W-3 P-05","Tim Bildsoe","skipped","skipped"
"MINNEAPOLIS W-3 P-05","Samantha Pree-Stinson","Tim Bildsoe","Steve Fletcher"
"MINNEAPOLIS W-3 P-05","Steve Fletcher","Ginger Jentzen","Tim Bildsoe"
"MINNEAPOLIS W-3 P-05","Ginger Jentzen","Samantha Pree-Stinson","Steve Fletcher"
"MINNEAPOLIS W-3 P-05","Tim Bildsoe","Steve Fletcher","skipped"
"MINNEAPOLIS W-3 P-05","Steve Fletcher","Tim Bildsoe","Samantha Pree-Stinson"
"MINNEAPOLIS W-3 P-05","Ginger Jentzen","Samantha Pree-Stinson","Steve Fletcher"
"MINNEAPOLIS W-3 P-05","Ginger Jentzen","Samantha Pree-Stinson","Steve Fletcher"
"MINNEAPOLIS W-3 P-05","Ginger Jentzen","Samantha Pree-Stinson","Steve Fletcher"
"MINNEAPOLIS W-3 P-05","Samantha Pree-Stinson","Steve Fletcher","writein"
"MINNEAPOLIS W-3 P-05","Samantha Pree-Stinson","skipped","skipped"
"MINNEAPOLIS W-3 P-05","Ginger Jentzen","Steve Fletcher","Samantha Pree-Stinson"
"MINNEAPOLIS W-3 P-05","Tim Bildsoe","Steve Fletcher","skipped"
"MINNEAPOLIS W-3 P-05","Steve Fletcher","Tim Bildsoe","Ginger Jentzen"
"MINNEAPOLIS W-3 P-05","Ginger Jentzen","skipped","skipped"
"MINNEAPOLIS W-3 P-05","Ginger Jentzen","Steve Fletcher","Samantha Pree-Stinson"
"MINNEAPOLIS W-3 P-05","Steve Fletcher","Ginger Jentzen","Samantha Pree-Stinson"
"MINNEAPOLIS W-3 P-05","Tim Bildsoe","Tim Bildsoe","Steve Fletcher"
"MINNEAPOLIS W-3 P-05","Samantha Pree-Stinson","Steve Fletcher","Tim Bildsoe"
"MINNEAPOLIS W-3 P-05","Ginger Jentzen","Steve Fletcher","Tim Bildsoe"
"MINNEAPOLIS W-3 P-05","Steve Fletcher","Tim Bildsoe","Samantha Pree-Stinson"
"MINNEAPOLIS W-3 P-05","Ginger Jentzen","skipped","skipped"
"MINNEAPOLIS W-3 P-05","Samantha Pree-Stinson","Steve Fletcher","skipped"
"MINNEAPOLIS W-3 P-05","Ginger Jentzen","Samantha Pree-Stinson","skipped"
"MINNEAPOLIS W-3 P-05","Ginger Jentzen","Tim Bildsoe","skipped"
"MINNEAPOLIS W-3 P-05","Steve Fletcher","Tim Bildsoe","skipped"
"MINNEAPOLIS W-3 P-05","Tim Bildsoe","Samantha Pree-Stinson","skipped"
"MINNEAPOLIS W-3 P-05","Steve Fletcher","Samantha Pree-Stinson","Ginger Jentzen"
"MINNEAPOLIS W-3 P-05","Samantha Pree-Stinson","Ginger Jentzen","skipped"
"MINNEAPOLIS W-3 P-05","Steve Fletcher","Samantha Pree-Stinson","Ginger Jentzen"
"MINNEAPOLIS W-3 P-05","Samantha Pree-Stinson","Steve Fletcher","Tim Bildsoe"
"MINNEAPOLIS W-3 P-05","Ginger Jentzen","Steve Fletcher","Samantha Pree-Stinson"
"MINNEAPOLIS W-3 P-05","Tim Bildsoe","skipped","skipped"
"MINNEAPOLIS W-3 P-05","Steve Fletcher","Ginger Jentzen","Samantha Pree-Stinson"
"MINNEAPOLIS W-3 P-05","Ginger Jentzen","skipped","skipped"
"MINNEAPOLIS W-3 P-05","Ginger Jentzen","Samantha Pree-Stinson","Steve Fletcher"
"MINNEAPOLIS W-3 P-05","skipped","skipped","skipped"
"MINNEAPOLIS W-3 P-05","Steve Fletcher","Ginger Jentzen","skipped"
"MINNEAPOLIS W-3 P-05","Ginger Jentzen","Steve Fletcher","Samantha Pree-Stinson"
"MINNEAPOLIS W-3 P-05","Steve Fletcher","Samantha Pree-Stinson","Tim Bildsoe"
"MINNEAPOLIS W-3 P-05","Tim Bildsoe","Steve Fletcher","skipped"
"MINNEAPOLIS W-3 P-05","Ginger Jentzen","Samantha Pree-Stinson","skipped"
"MINNEAPOLIS W-3 P-05","Tim Bildsoe","skipped","skipped"
"MINNEAPOLIS W-3 P-05","Tim Bildsoe","skipped","skipped"
"MINNEAPOLIS W-3 P-05","Samantha Pree-Stinson","skipped","skipped"
"MINNEAPOLIS W-3 P-05","skipped","skipped","skipped"
"MINNEAPOLIS W-3 P-05","Ginger Jentzen","overvote","skipped"
"MINNEAPOLIS W-3 P-05","Steve Fletcher","Samantha Pree-Stinson","Tim Bildsoe"
"MINNEAPOLIS W-3 P-05","Tim Bildsoe","skipped","skipped"
"MINNEAPOLIS W-3 P-05","Steve Fletcher","Tim Bildsoe","Samantha Pree-Stinson"
"MINNEAPOLIS W-3 P-05","Tim Bildsoe","skipped","skipped"
"MINNEAPOLIS W-3 P-05","Ginger Jentzen","skipped","skipped"
"MINNEAPOLIS W-3 P-05","Ginger Jentzen","Steve Fletcher","Samantha Pree-Stinson"
"MINNEAPOLIS W-3 P-05","Steve Fletcher","Ginger Jentzen","Tim Bildsoe"
"MINNEAPOLIS W-3 P-05","Steve Fletcher","Ginger Jentzen","overvote"
"MINNEAPOLIS W-3 P-05","Tim Bildsoe","Steve Fletcher","Samantha Pree-Stinson"
"MINNEAPOLIS W-3 P-05","Tim Bildsoe","Ginger Jentzen","Samantha Pree-Stinson"
"MINNEAPOLIS W-3 P-05","Samantha Pree-Stinson","Steve Fletcher","Tim Bildsoe"
"MINNEAPOLIS W-3 P-05","Steve Fletcher","Ginger Jentzen","Tim Bildsoe"
"MINNEAPOLIS W-3 P-05","Tim Bildsoe","Steve Fletcher","Samantha Pree-Stinson"
"MINNEAPOLIS W-3 P-05","Samantha Pree-Stinson","skipped","skipped"
"MINNEAPOLIS W-3 P-05","Tim Bildsoe","skipped","skipped"
"MINNEAPOLIS W-3 P-05","Ginger Jentzen","skipped","skipped"
"MINNEAPOLIS W-3 P-05","Tim Bildsoe","Tim Bildsoe","Tim Bildsoe"
"MINNEAPOLIS W-3 P-05","Ginger Jentzen","Ginger Jentzen","Ginger Jentzen"
"MINNEAPOLIS W-3 P-05","Ginger Jentzen","Samantha Pree-Stinson","Tim Bildsoe"
"MINNEAPOLIS W-3 P-05","Steve Fletcher","Tim Bildsoe","Ginger Jentzen"
"MINNEAPOLIS W-3 P-05","Steve Fletcher","Tim Bildsoe","skipped"
"MINNEAPOLIS W-3 P-05","skipped","skipped","skipped"
"MINNEAPOLIS W-3 P-05","Tim Bildsoe","Samantha Pree-Stinson","skipped"
"MINNEAPOLIS W-3 P-05","Samantha Pree-Stinson","Ginger Jentzen","Tim Bildsoe"
"MINNEAPOLIS W-3 P-05","Ginger Jentzen","skipped","skipped"
"MINNEAPOLIS W-3 P-05","Tim Bildsoe","skipped","skipped"
"MINNEAPOLIS W-3 P-05","Ginger Jentzen","Steve Fletcher","Samantha Pree-Stinson"
"MINNEAPOLIS W-3 P-05","Steve Fletcher","Tim Bildsoe","Ginger Jentzen"
"MINNEAPOLIS W-3 P-05","Ginger Jentzen","Samantha Pree-Stinson","skipped"
"MINNEAPOLIS W-3 P-05","Steve Fletcher","skipped","skipped"
"MINNEAPOLIS W-3 P-05","Ginger Jentzen","Samantha Pree-Stinson","Steve Fletcher"
"MINNEAPOLIS W-3 P-05","Ginger Jentzen","skipped","skipped"
"MINNEAPOLIS W-3 P-05","Steve Fletcher","Tim Bildsoe","Ginger Jentzen"
"MINNEAPOLIS W-3 P-05","Samantha Pree-Stinson","Ginger Jentzen","Tim Bildsoe"
"MINNEAPOLIS W-3 P-05","Steve Fletcher","Tim Bildsoe","skipped"
"MINNEAPOLIS W-3 P-05","Ginger Jentzen","Samantha Pree-Stinson","Steve Fletcher"
"MINNEAPOLIS W-3 P-05","Ginger Jentzen","Samantha Pree-Stinson","Tim Bildsoe"
"MINNEAPOLIS W-3 P-05","Ginger Jentzen","Samantha Pree-Stinson","writein"
"MINNEAPOLIS W-3 P-05","Steve Fletcher","Samantha Pree-Stinson","Ginger Jentzen"
"MINNEAPOLIS W-3 P-05","Ginger Jentzen","Samantha Pree-Stinson","Steve Fletcher"
"MINNEAPOLIS W-3 P-05","skipped","skipped","skipped"
"MINNEAPOLIS W-3 P-05","Steve Fletcher","Tim Bildsoe","skipped"
"MINNEAPOLIS W-3 P-05","Ginger Jentzen","Samantha Pree-Stinson","skipped"
"MINNEAPOLIS W-3 P-05","Ginger Jentzen","Samantha Pree-Stinson","Steve Fletcher"
"MINNEAPOLIS W-3 P-05","Ginger Jentzen","skipped","skipped"
"MINNEAPOLIS W-3 P-05","Samantha Pree-Stinson","Steve Fletcher","Tim Bildsoe"
"MINNEAPOLIS W-3 P-05","Steve Fletcher","Ginger Jentzen","Samantha Pree-Stinson"
"MINNEAPOLIS W-3 P-05","Ginger Jentzen","Tim Bildsoe","Samantha Pree-Stinson"
"MINNEAPOLIS W-3 P-05","Ginger Jentzen","Samantha Pree-Stinson","Steve Fletcher"
"MINNEAPOLIS W-3 P-05","Steve Fletcher","Tim Bildsoe","skipped"
"MINNEAPOLIS W-3 P-05","Tim Bildsoe","Steve Fletcher","skipped"
"MINNEAPOLIS W-3 P-05","Steve Fletcher","Ginger Jentzen","skipped"
"MINNEAPOLIS W-3 P-05","Samantha Pree-Stinson","Steve Fletcher","Tim Bildsoe"
"MINNEAPOLIS W-3 P-05","Ginger Jentzen","Samantha Pree-Stinson","skipped"
"MINNEAPOLIS W-3 P-05","Ginger Jentzen","Steve Fletcher","Samantha Pree-Stinson"
"MINNEAPOLIS W-3 P-05","Ginger Jentzen","Tim Bildsoe","Samantha Pree-Stinson"
"MINNEAPOLIS W-3 P-05","Steve Fletcher","Steve Fletcher","Steve Fletcher"
"MINNEAPOLIS W-3 P-05","Ginger Jentzen","Steve Fletcher","Tim Bildsoe"
"MINNEAPOLIS W-3 P-05","Tim Bildsoe","Samantha Pree-Stinson","Steve Fletcher"
"MINNEAPOLIS W-3 P-05","Tim Bildsoe","Steve Fletcher","skipped"
"MINNEAPOLIS W-3 P-05","Tim Bildsoe","Steve Fletcher","skipped"
"MINNEAPOLIS W-3 P-05","Ginger Jentzen","Samantha Pree-Stinson","Steve Fletcher"
"MINNEAPOLIS W-3 P-05","Ginger Jentzen","skipped","skipped"
"MINNEAPOLIS W-3 P-05","Samantha Pree-Stinson","Steve Fletcher","Ginger Jentzen"
"MINNEAPOLIS W-3 P-05","Steve Fletcher","Samantha Pree-Stinson","Tim Bildsoe"
"MINNEAPOLIS W-3 P-05","Steve Fletcher","Ginger Jentzen","Samantha Pree-Stinson"
"MINNEAPOLIS W-3 P-05","Samantha Pree-Stinson","Tim Bildsoe","Steve Fletcher"
"MINNEAPOLIS W-3 P-05","Ginger Jentzen","skipped","skipped"
"MINNEAPOLIS W-3 P-05","Steve Fletcher","Samantha Pree-Stinson","Ginger Jentzen"
"MINNEAPOLIS W-3 P-05","Tim Bildsoe","Ginger Jentzen","Steve Fletcher"
"MINNEAPOLIS W-3 P-05","Steve Fletcher","Tim Bildsoe","Samantha Pree-Stinson"
"MINNEAPOLIS W-3 P-05","Ginger Jentzen","skipped","skipped"
"MINNEAPOLIS W-3 P-05","Ginger Jentzen","Samantha Pree-Stinson","Steve Fletcher"
"MINNEAPOLIS W-3 P-05","Ginger Jentzen","Samantha Pree-Stinson","skipped"
"MINNEAPOLIS W-3 P-05","Tim Bildsoe","Steve Fletcher","skipped"
"MINNEAPOLIS W-3 P-05","Ginger Jentzen","Tim Bildsoe","Steve Fletcher"
"MINNEAPOLIS W-3 P-05","Tim Bildsoe","Ginger Jentzen","Steve Fletcher"
"MINNEAPOLIS W-3 P-05","Tim Bildsoe","Steve Fletcher","skipped"
"MINNEAPOLIS W-3 P-05","Steve Fletcher","Ginger Jentzen","skipped"
"MINNEAPOLIS W-3 P-05","Steve Fletcher","Steve Fletcher","Steve Fletcher"
"MINNEAPOLIS W-3 P-05","Ginger Jentzen","skipped","skipped"
"MINNEAPOLIS W-3 P-05","Tim Bildsoe","Steve Fletcher","skipped"
"MINNEAPOLIS W-3 P-05","Samantha Pree-Stinson","Ginger Jentzen","Steve Fletcher"
"MINNEAPOLIS W-3 P-05","Ginger Jentzen","Steve Fletcher","Steve Fletcher"
"MINNEAPOLIS W-3 P-05","Samantha Pree-Stinson","Steve Fletcher","Ginger Jentzen"
"MINNEAPOLIS W-3 P-05","Steve Fletcher","Samantha Pree-Stinson","skipped"
"MINNEAPOLIS W-3 P-05","Ginger Jentzen","Steve Fletcher","Samantha Pree-Stinson"
"MINNEAPOLIS W-3 P-05","Ginger Jentzen","skipped","skipped"
"MINNEAPOLIS W-3 P-05","Samantha Pree-Stinson","Steve Fletcher","Tim Bildsoe"
"MINNEAPOLIS W-3 P-05","Steve Fletcher","skipped","skipped"
"MINNEAPOLIS W-3 P-05","Steve Fletcher","Tim Bildsoe","skipped"
"MINNEAPOLIS W-3 P-05","Ginger Jentzen","Samantha Pree-Stinson","Steve Fletcher"
"MINNEAPOLIS W-3 P-05","Ginger Jentzen","Ginger Jentzen","Ginger Jentzen"
"MINNEAPOLIS W-3 P-05","Ginger Jentzen","skipped","skipped"
"MINNEAPOLIS W-3 P-05","Ginger Jentzen","Tim Bildsoe","Samantha Pree-Stinson"
"MINNEAPOLIS W-3 P-05","Ginger Jentzen","Samantha Pree-Stinson","Samantha Pree-Stinson"
"MINNEAPOLIS W-3 P-05","Ginger Jentzen","Tim Bildsoe","Steve Fletcher"
"MINNEAPOLIS W-3 P-05","Steve Fletcher","Samantha Pree-Stinson","Ginger Jentzen"
"MINNEAPOLIS W-3 P-05","Steve Fletcher","skipped","skipped"
"MINNEAPOLIS W-3 P-05","Tim Bildsoe","Steve Fletcher","Ginger Jentzen"
"MINNEAPOLIS W-3 P-05","Ginger Jentzen","Samantha Pree-Stinson","Steve Fletcher"
"MINNEAPOLIS W-3 P-05","Ginger Jentzen","Samantha Pree-Stinson","skipped"
"MINNEAPOLIS W-3 P-05","Steve Fletcher","Ginger Jentzen","Samantha Pree-Stinson"
"MINNEAPOLIS W-3 P-05","Tim Bildsoe","skipped","skipped"
"MINNEAPOLIS W-3 P-05","Samantha Pree-Stinson","Tim Bildsoe","skipped"
"MINNEAPOLIS W-3 P-05","Steve Fletcher","Samantha Pree-Stinson","Ginger Jentzen"
"MINNEAPOLIS W-3 P-05","Steve Fletcher","Tim Bildsoe","Ginger Jentzen"
"MINNEAPOLIS W-3 P-05","Ginger Jentzen","Steve Fletcher","Samantha Pree-Stinson"
"MINNEAPOLIS W-3 P-05","Tim Bildsoe","skipped","skipped"
"MINNEAPOLIS W-3 P-05","Steve Fletcher","skipped","skipped"
"MINNEAPOLIS W-3 P-05","Ginger Jentzen","Steve Fletcher","skipped"
"MINNEAPOLIS W-3 P-05","Ginger Jentzen","Steve Fletcher","Tim Bildsoe"
"MINNEAPOLIS W-3 P-05","Samantha Pree-Stinson","Steve Fletcher","skipped"
"MINNEAPOLIS W-3 P-05","Ginger Jentzen","Samantha Pree-Stinson","skipped"
"MINNEAPOLIS W-3 P-05","Tim Bildsoe","skipped","skipped"
"MINNEAPOLIS W-3 P-05","Ginger Jentzen","Samantha Pree-Stinson","Tim Bildsoe"
"MINNEAPOLIS W-3 P-05","Steve Fletcher","Ginger Jentzen","Tim Bildsoe"
"MINNEAPOLIS W-3 P-05","Samantha Pree-Stinson","Ginger Jentzen","Steve Fletcher"
"MINNEAPOLIS W-3 P-05","Ginger Jentzen","skipped","skipped"
"MINNEAPOLIS W-3 P-05","Ginger Jentzen","skipped","skipped"
"MINNEAPOLIS W-3 P-05","Tim Bildsoe","Steve Fletcher","skipped"
"MINNEAPOLIS W-3 P-05","Tim Bildsoe","skipped","skipped"
"MINNEAPOLIS W-3 P-05","Steve Fletcher","Samantha Pree-Stinson","skipped"
"MINNEAPOLIS W-3 P-05","Tim Bildsoe","Steve Fletcher","Samantha Pree-Stinson"
"MINNEAPOLIS W-3 P-05","Samantha Pree-Stinson","Steve Fletcher","Tim Bildsoe"
"MINNEAPOLIS W-3 P-05","Tim Bildsoe","Samantha Pree-Stinson","Steve Fletcher"
"MINNEAPOLIS W-3 P-03","Ginger Jentzen","Ginger Jentzen","skipped"
"MINNEAPOLIS W-3 P-03","Ginger Jentzen","Samantha Pree-Stinson","Steve Fletcher"
"MINNEAPOLIS W-3 P-03","Tim Bildsoe","Steve Fletcher","Samantha Pree-Stinson"
"MINNEAPOLIS W-3 P-03","skipped","skipped","skipped"
"MINNEAPOLIS W-3 P-03","Steve Fletcher","Tim Bildsoe","Ginger Jentzen"
"MINNEAPOLIS W-3 P-03","Steve Fletcher","Tim Bildsoe","skipped"
"MINNEAPOLIS W-3 P-03","Tim Bildsoe","Steve Fletcher","Samantha Pree-Stinson"
"MINNEAPOLIS W-3 P-03","Ginger Jentzen","Tim Bildsoe","Steve Fletcher"
"MINNEAPOLIS W-3 P-03","Tim Bildsoe","skipped","skipped"
"MINNEAPOLIS W-3 P-03","Tim Bildsoe","Ginger Jentzen","Samantha Pree-Stinson"
"MINNEAPOLIS W-3 P-03","Samantha Pree-Stinson","Steve Fletcher","Tim Bildsoe"
"MINNEAPOLIS W-3 P-03","Steve Fletcher","skipped","skipped"
"MINNEAPOLIS W-3 P-03","Steve Fletcher","Ginger Jentzen","skipped"
"MINNEAPOLIS W-3 P-03","Ginger Jentzen","Ginger Jentzen","Ginger Jentzen"
"MINNEAPOLIS W-3 P-03","Ginger Jentzen","skipped","skipped"
"MINNEAPOLIS W-3 P-03","Tim Bildsoe","skipped","skipped"
"MINNEAPOLIS W-3 P-03","Tim Bildsoe","skipped","skipped"
"MINNEAPOLIS W-3 P-03","Steve Fletcher","Samantha Pree-Stinson","skipped"
"MINNEAPOLIS W-3 P-03","Ginger Jentzen","skipped","skipped"
"MINNEAPOLIS W-3 P-03","Tim Bildsoe","skipped","skipped"
"MINNEAPOLIS W-3 P-03","Steve Fletcher","Samantha Pree-Stinson","Tim Bildsoe"
"MINNEAPOLIS W-3 P-03","Tim Bildsoe","Steve Fletcher","skipped"
"MINNEAPOLIS W-3 P-03","Ginger Jentzen","Samantha Pree-Stinson","skipped"
"MINNEAPOLIS W-3 P-03","Ginger Jentzen","Samantha Pree-Stinson","Steve Fletcher"
"MINNEAPOLIS W-3 P-03","Ginger Jentzen","Samantha Pree-Stinson","Steve Fletcher"
"MINNEAPOLIS W-3 P-03","Ginger Jentzen","Samantha Pree-Stinson","Steve Fletcher"
"MINNEAPOLIS W-3 P-03","Ginger Jentzen","Samantha Pree-Stinson","Tim Bildsoe"
"MINNEAPOLIS W-3 P-03","Ginger Jentzen","Steve Fletcher","Samantha Pree-Stinson"
"MINNEAPOLIS W-3 P-03","skipped","skipped","skipped"
"MINNEAPOLIS W-3 P-03","Ginger Jentzen","Samantha Pree-Stinson","Steve Fletcher"
"MINNEAPOLIS W-3 P-03","Ginger Jentzen","Ginger Jentzen","Ginger Jentzen"
"MINNEAPOLIS W-3 P-03","Steve Fletcher","Tim Bildsoe","skipped"
"MINNEAPOLIS W-3 P-03","Tim Bildsoe","Steve Fletcher","skipped"
"MINNEAPOLIS W-3 P-03","Steve Fletcher","Samantha Pree-Stinson","Ginger Jentzen"
"MINNEAPOLIS W-3 P-03","Steve Fletcher","skipped","skipped"
"MINNEAPOLIS W-3 P-03","Ginger Jentzen","skipped","skipped"
"MINNEAPOLIS W-3 P-03","skipped","skipped","skipped"
"MINNEAPOLIS W-3 P-03","Ginger Jentzen","Samantha Pree-Stinson","Tim Bildsoe"
"MINNEAPOLIS W-3 P-03","Steve Fletcher","Tim Bildsoe","Ginger Jentzen"
"MINNEAPOLIS W-3 P-03","Ginger Jentzen","Samantha Pree-Stinson","Steve Fletcher"
"MINNEAPOLIS W-3 P-03","Steve Fletcher","Samantha Pree-Stinson","skipped"
"MINNEAPOLIS W-3 P-03","Samantha Pree-Stinson","Ginger Jentzen","Tim Bildsoe"
"MINNEAPOLIS W-3 P-03","Ginger Jentzen","Samantha Pree-Stinson","skipped"
"MINNEAPOLIS W-3 P-03","Tim Bildsoe","skipped","skipped"
"MINNEAPOLIS W-3 P-03","Tim Bildsoe","Steve Fletcher","skipped"
"MINNEAPOLIS W-3 P-03","Steve Fletcher","Tim Bildsoe","skipped"
"MINNEAPOLIS W-3 P-03","Samantha Pree-Stinson","Steve Fletcher","Ginger Jentzen"
"MINNEAPOLIS W-3 P-03","Steve Fletcher","Tim Bildsoe","skipped"
"MINNEAPOLIS W-3 P-03","writein","skipped","skipped"
"MINNEAPOLIS W-3 P-03","Samantha Pree-Stinson","Ginger Jentzen","skipped"
"MINNEAPOLIS W-3 P-03","Tim Bildsoe","Ginger Jentzen","Steve Fletcher"
"MINNEAPOLIS W-3 P-03","Steve Fletcher","Tim Bildsoe","writein"
"MINNEAPOLIS W-3 P-03","Ginger Jentzen","Steve Fletcher","Samantha Pree-Stinson"
"MINNEAPOLIS W-3 P-03","skipped","skipped","skipped"
"MINNEAPOLIS W-3 P-03","Ginger Jentzen","Samantha Pree-Stinson","Steve Fletcher"
"MINNEAPOLIS W-3 P-03","Samantha Pree-Stinson","Steve Fletcher","skipped"
"MINNEAPOLIS W-3 P-03","Ginger Jentzen","Steve Fletcher","Tim Bildsoe"
"MINNEAPOLIS W-3 P-03","Steve Fletcher","Ginger Jentzen","Tim Bildsoe"
"MINNEAPOLIS W-3 P-03","Steve Fletcher","Samantha Pree-Stinson","Ginger Jentzen"
"MINNEAPOLIS W-3 P-03","Tim Bildsoe","Steve Fletcher","Samantha Pree-Stinson"
"MINNEAPOLIS W-3 P-03","Tim Bildsoe","Ginger Jentzen","Steve Fletcher"
"MINNEAPOLIS W-3 P-03","Tim Bildsoe","Steve Fletcher","Samantha Pree-Stinson"
"MINNEAPOLIS W-3 P-03","Ginger Jentzen","skipped","skipped"
"MINNEAPOLIS W-3 P-03","Samantha Pree-Stinson","Steve Fletcher","Tim Bildsoe"
"MINNEAPOLIS W-3 P-03","Ginger Jentzen","Samantha Pree-Stinson","Steve Fletcher"
"MINNEAPOLIS W-3 P-03","Ginger Jentzen","Samantha Pree-Stinson","Tim Bildsoe"
"MINNEAPOLIS W-3 P-03","Ginger Jentzen","skipped","skipped"
"MINNEAPOLIS W-3 P-03","Samantha Pree-Stinson","Steve Fletcher","Tim Bildsoe"
"MINNEAPOLIS W-3 P-03","Ginger Jentzen","Samantha Pree-Stinson","Steve Fletcher"
"MINNEAPOLIS W-3 P-03","skipped","skipped","skipped"
"MINNEAPOLIS W-3 P-03","Ginger Jentzen","Samantha Pree-Stinson","Steve Fletcher"
"MINNEAPOLIS W-3 P-03","Steve Fletcher","Tim Bildsoe","Samantha Pree-Stinson"
"MINNEAPOLIS W-3 P-03","Samantha Pree-Stinson","Tim Bildsoe","Steve Fletcher"
"MINNEAPOLIS W-3 P-03","Ginger Jentzen","Steve Fletcher","Tim Bildsoe"
"MINNEAPOLIS W-3 P-03","Ginger Jentzen","Steve Fletcher","Tim Bildsoe"
"MINNEAPOLIS W-3 P-03","Ginger Jentzen","Tim Bildsoe","Steve Fletcher"
"MINNEAPOLIS W-3 P-03","Tim Bildsoe","Steve Fletcher","skipped"
"MINNEAPOLIS W-3 P-03","Samantha Pree-Stinson","Steve Fletcher","Ginger Jentzen"
"MINNEAPOLIS W-3 P-03","Steve Fletcher","Tim Bildsoe","Samantha Pree-Stinson"
"MINNEAPOLIS W-3 P-03","Ginger Jentzen","Tim Bildsoe","Steve Fletcher"
"MINNEAPOLIS W-3 P-03","Samantha Pree-Stinson","Tim Bildsoe","Steve Fletcher"
"MINNEAPOLIS W-3 P-03","Steve Fletcher","Samantha Pree-Stinson","Ginger Jentzen"
"MINNEAPOLIS W-3 P-03","Ginger Jentzen","Samantha Pree-Stinson","Steve Fletcher"
"MINNEAPOLIS W-3 P-03","Tim Bildsoe","Steve Fletcher","Samantha Pree-Stinson"
"MINNEAPOLIS W-3 P-03","Tim Bildsoe","Steve Fletcher","Samantha Pree-Stinson"
"MINNEAPOLIS W-3 P-03","Steve Fletcher","Tim Bildsoe","skipped"
"MINNEAPOLIS W-3 P-03","Tim Bildsoe","skipped","skipped"
"MINNEAPOLIS W-3 P-03","Tim Bildsoe","skipped","skipped"
"MINNEAPOLIS W-3 P-03","Steve Fletcher","Tim Bildsoe","skipped"
"MINNEAPOLIS W-3 P-03","Steve Fletcher","Tim Bildsoe","Samantha Pree-Stinson"
"MINNEAPOLIS W-3 P-03","Steve Fletcher","skipped","skipped"
"MINNEAPOLIS W-3 P-03","Tim Bildsoe","skipped","skipped"
"MINNEAPOLIS W-3 P-03","Tim Bildsoe","Steve Fletcher","skipped"
"MINNEAPOLIS W-3 P-03","Samantha Pree-Stinson","skipped","skipped"
"MINNEAPOLIS W-3 P-03","Steve Fletcher","Tim Bildsoe","writein"
"MINNEAPOLIS W-3 P-03","Samantha Pree-Stinson","Steve Fletcher","Tim Bildsoe"
"MINNEAPOLIS W-3 P-03","Tim Bildsoe","Steve Fletcher","Samantha Pree-Stinson"
"MINNEAPOLIS W-3 P-03","Samantha Pree-Stinson","Samantha Pree-Stinson","Steve Fletcher"
"MINNEAPOLIS W-3 P-03","Ginger Jentzen","Samantha Pree-Stinson","skipped"
"MINNEAPOLIS W-3 P-03","Steve Fletcher","Tim Bildsoe","Samantha Pree-Stinson"
"MINNEAPOLIS W-3 P-03","Tim Bildsoe","Steve Fletcher","Ginger Jentzen"
"MINNEAPOLIS W-3 P-03","Tim Bildsoe","Steve Fletcher","skipped"
"MINNEAPOLIS W-3 P-03","Ginger Jentzen","Steve Fletcher","Tim Bildsoe"
"MINNEAPOLIS W-3 P-03","Ginger Jentzen","Steve Fletcher","Samantha Pree-Stinson"
"MINNEAPOLIS W-3 P-03","Ginger Jentzen","skipped","skipped"
"MINNEAPOLIS W-3 P-03","Samantha Pree-Stinson","Ginger Jentzen","Steve Fletcher"
"MINNEAPOLIS W-3 P-03","Steve Fletcher","Tim Bildsoe","Ginger Jentzen"
"MINNEAPOLIS W-3 P-03","Ginger Jentzen","Samantha Pree-Stinson","skipped"
"MINNEAPOLIS W-3 P-03","Steve Fletcher","Tim Bildsoe","skipped"
"MINNEAPOLIS W-3 P-03","Ginger Jentzen","Steve Fletcher","Samantha Pree-Stinson"
"MINNEAPOLIS W-3 P-03","Tim Bildsoe","skipped","skipped"
"MINNEAPOLIS W-3 P-03","Steve Fletcher","Tim Bildsoe","Samantha Pree-Stinson"
"MINNEAPOLIS W-3 P-03","Tim Bildsoe","Steve Fletcher","skipped"
"MINNEAPOLIS W-3 P-03","Ginger Jentzen","Samantha Pree-Stinson","Steve Fletcher"
"MINNEAPOLIS W-3 P-03","skipped","skipped","skipped"
"MINNEAPOLIS W-3 P-03","Steve Fletcher","Ginger Jentzen","Samantha Pree-Stinson"
"MINNEAPOLIS W-3 P-03","Steve Fletcher","Samantha Pree-Stinson","skipped"
"MINNEAPOLIS W-3 P-03","Steve Fletcher","Ginger Jentzen","Samantha Pree-Stinson"
"MINNEAPOLIS W-3 P-03","Ginger Jentzen","Samantha Pree-Stinson","skipped"
"MINNEAPOLIS W-3 P-03","Steve Fletcher","Tim Bildsoe","Samantha Pree-Stinson"
"MINNEAPOLIS W-3 P-03","Tim Bildsoe","Samantha Pree-Stinson","Steve Fletcher"
"MINNEAPOLIS W-3 P-03","Tim Bildsoe","Steve Fletcher","skipped"
"MINNEAPOLIS W-3 P-03","Steve Fletcher","skipped","skipped"
"MINNEAPOLIS W-3 P-03","Tim Bildsoe","Steve Fletcher","Samantha Pree-Stinson"
"MINNEAPOLIS W-3 P-03","Steve Fletcher","Samantha Pree-Stinson","Ginger Jentzen"
"MINNEAPOLIS W-3 P-03","Tim Bildsoe","skipped","skipped"
"MINNEAPOLIS W-3 P-03","Steve Fletcher","Samantha Pree-Stinson","Ginger Jentzen"
"MINNEAPOLIS W-3 P-03","Ginger Jentzen","Samantha Pree-Stinson","skipped"
"MINNEAPOLIS W-3 P-03","Ginger Jentzen","Samantha Pree-Stinson","skipped"
"MINNEAPOLIS W-3 P-03","Ginger Jentzen","Steve Fletcher","Samantha Pree-Stinson"
"MINNEAPOLIS W-3 P-03","Tim Bildsoe","skipped","skipped"
"MINNEAPOLIS W-3 P-03","Ginger Jentzen","Steve Fletcher","Samantha Pree-Stinson"
"MINNEAPOLIS W-3 P-03","Ginger Jentzen","skipped","skipped"
"MINNEAPOLIS W-3 P-03","Steve Fletcher","Samantha Pree-Stinson","skipped"
"MINNEAPOLIS W-3 P-03","Ginger Jentzen","Samantha Pree-Stinson","Steve Fletcher"
"MINNEAPOLIS W-3 P-03","Steve Fletcher","Ginger Jentzen","Samantha Pree-Stinson"
"MINNEAPOLIS W-3 P-03","Tim Bildsoe","Steve Fletcher","Samantha Pree-Stinson"
"MINNEAPOLIS W-3 P-03","Samantha Pree-Stinson","Ginger Jentzen","Tim Bildsoe"
"MINNEAPOLIS W-3 P-03","Ginger Jentzen","Samantha Pree-Stinson","Steve Fletcher"
"MINNEAPOLIS W-3 P-03","Tim Bildsoe","Steve Fletcher","Samantha Pree-Stinson"
"MINNEAPOLIS W-3 P-03","Ginger Jentzen","Steve Fletcher","skipped"
"MINNEAPOLIS W-3 P-03","Tim Bildsoe","Steve Fletcher","Samantha Pree-Stinson"
"MINNEAPOLIS W-3 P-03","Ginger Jentzen","Steve Fletcher","Tim Bildsoe"
"MINNEAPOLIS W-3 P-03","Ginger Jentzen","Steve Fletcher","Samantha Pree-Stinson"
"MINNEAPOLIS W-3 P-03","Steve Fletcher","skipped","skipped"
"MINNEAPOLIS W-3 P-03","Samantha Pree-Stinson","Tim Bildsoe","Ginger Jentzen"
"MINNEAPOLIS W-3 P-03","Tim Bildsoe","skipped","skipped"
"MINNEAPOLIS W-3 P-03","Steve Fletcher","Ginger Jentzen","Samantha Pree-Stinson"
"MINNEAPOLIS W-3 P-03","Steve Fletcher","Tim Bildsoe","Samantha Pree-Stinson"
"MINNEAPOLIS W-3 P-03","Steve Fletcher","Tim Bildsoe","Samantha Pree-Stinson"
"MINNEAPOLIS W-3 P-03","Tim Bildsoe","Steve Fletcher","skipped"
"MINNEAPOLIS W-3 P-03","Ginger Jentzen","Samantha Pree-Stinson","skipped"
"MINNEAPOLIS W-3 P-03","Tim Bildsoe","Steve Fletcher","Samantha Pree-Stinson"
"MINNEAPOLIS W-3 P-03","Ginger Jentzen","Steve Fletcher","Tim Bildsoe"
"MINNEAPOLIS W-3 P-03","Steve Fletcher","Tim Bildsoe","Ginger Jentzen"
"MINNEAPOLIS W-3 P-03","Ginger Jentzen","Tim Bildsoe","Steve Fletcher"
"MINNEAPOLIS W-3 P-03","Ginger Jentzen","Samantha Pree-Stinson","Steve Fletcher"
"MINNEAPOLIS W-3 P-03","Ginger Jentzen","Tim Bildsoe","Steve Fletcher"
"MINNEAPOLIS W-3 P-03","Ginger Jentzen","skipped","skipped"
"MINNEAPOLIS W-3 P-03","Steve Fletcher","skipped","skipped"
"MINNEAPOLIS W-3 P-03","Ginger Jentzen","Steve Fletcher","Tim Bildsoe"
"MINNEAPOLIS W-3 P-03","Ginger Jentzen","Ginger Jentzen","Ginger Jentzen"
"MINNEAPOLIS W-3 P-03","Ginger Jentzen","Tim Bildsoe","Steve Fletcher"
"MINNEAPOLIS W-3 P-03","Tim Bildsoe","Steve Fletcher","skipped"
"MINNEAPOLIS W-3 P-03","Ginger Jentzen","Steve Fletcher","Tim Bildsoe"
"MINNEAPOLIS W-3 P-03","Steve Fletcher","Ginger Jentzen","Tim Bildsoe"
"MINNEAPOLIS W-3 P-03","Ginger Jentzen","Steve Fletcher","skipped"
"MINNEAPOLIS W-3 P-03","Ginger Jentzen","Samantha Pree-Stinson","Tim Bildsoe"
"MINNEAPOLIS W-3 P-03","Steve Fletcher","Tim Bildsoe","Samantha Pree-Stinson"
"MINNEAPOLIS W-3 P-03","Tim Bildsoe","Samantha Pree-Stinson","Steve Fletcher"
"MINNEAPOLIS W-3 P-03","Tim Bildsoe","Steve Fletcher","Samantha Pree-Stinson"
"MINNEAPOLIS W-3 P-03","Samantha Pree-Stinson","skipped","skipped"
"MINNEAPOLIS W-3 P-03","Ginger Jentzen","skipped","skipped"
"MINNEAPOLIS W-3 P-03","Steve Fletcher","skipped","skipped"
"MINNEAPOLIS W-3 P-03","Tim Bildsoe","Tim Bildsoe","Tim Bildsoe"
"MINNEAPOLIS W-3 P-03","Tim Bildsoe","skipped","skipped"
"MINNEAPOLIS W-3 P-03","Steve Fletcher","Tim Bildsoe","skipped"
"MINNEAPOLIS W-3 P-03","Steve Fletcher","Tim Bildsoe","Samantha Pree-Stinson"
"MINNEAPOLIS W-3 P-03","Ginger Jentzen","Samantha Pree-Stinson","skipped"
"MINNEAPOLIS W-3 P-03","Samantha Pree-Stinson","skipped","skipped"
"MINNEAPOLIS W-3 P-03","Ginger Jentzen","skipped","skipped"
"MINNEAPOLIS W-3 P-03","Samantha Pree-Stinson","Ginger Jentzen","Steve Fletcher"
"MINNEAPOLIS W-3 P-03","skipped","skipped","skipped"
"MINNEAPOLIS W-3 P-03","Ginger Jentzen","Samantha Pree-Stinson","Steve Fletcher"
"MINNEAPOLIS W-3 P-03","Steve Fletcher","Ginger Jentzen","Tim Bildsoe"
"MINNEAPOLIS W-3 P-03","Ginger Jentzen","Steve Fletcher","Tim Bildsoe"
"MINNEAPOLIS W-3 P-03","Tim Bildsoe","Steve Fletcher","skipped"
"MINNEAPOLIS W-3 P-03","Tim Bildsoe","Steve Fletcher","skipped"
"MINNEAPOLIS W-3 P-03","Ginger Jentzen","Samantha Pree-Stinson","skipped"
"MINNEAPOLIS W-3 P-03","Steve Fletcher","Tim Bildsoe","Samantha Pree-Stinson"
"MINNEAPOLIS W-3 P-03","Steve Fletcher","Tim Bildsoe","Ginger Jentzen"
"MINNEAPOLIS W-3 P-03","Tim Bildsoe","Steve Fletcher","skipped"
"MINNEAPOLIS W-3 P-03","Tim Bildsoe","Steve Fletcher","Samantha Pree-Stinson"
"MINNEAPOLIS W-3 P-03","Steve Fletcher","Ginger Jentzen","skipped"
"MINNEAPOLIS W-3 P-03","Ginger Jentzen","Ginger Jentzen","Ginger Jentzen"
"MINNEAPOLIS W-3 P-03","Ginger Jentzen","Samantha Pree-Stinson","skipped"
"MINNEAPOLIS W-3 P-03","Samantha Pree-Stinson","Steve Fletcher","Tim Bildsoe"
"MINNEAPOLIS W-3 P-03","Ginger Jentzen","Samantha Pree-Stinson","skipped"
"MINNEAPOLIS W-3 P-03","Steve Fletcher","skipped","skipped"
"MINNEAPOLIS W-3 P-03","Steve Fletcher","Ginger Jentzen","skipped"
"MINNEAPOLIS W-3 P-03","Steve Fletcher","Tim Bildsoe","Samantha Pree-Stinson"
"MINNEAPOLIS W-3 P-03","Ginger Jentzen","Steve Fletcher","Samantha Pree-Stinson"
"MINNEAPOLIS W-3 P-03","Tim Bildsoe","Steve Fletcher","skipped"
"MINNEAPOLIS W-3 P-03","Tim Bildsoe","Steve Fletcher","Samantha Pree-Stinson"
"MINNEAPOLIS W-3 P-03","Tim Bildsoe","Steve Fletcher","skipped"
"MINNEAPOLIS W-3 P-03","Ginger Jentzen","Steve Fletcher","Samantha Pree-Stinson"
"MINNEAPOLIS W-3 P-03","Tim Bildsoe","Ginger Jentzen","Samantha Pree-Stinson"
"MINNEAPOLIS W-3 P-03","Ginger Jentzen","Ginger Jentzen","Ginger Jentzen"
"MINNEAPOLIS W-3 P-03","Ginger Jentzen","Samantha Pree-Stinson","Tim Bildsoe"
"MINNEAPOLIS W-3 P-03","Tim Bildsoe","Steve Fletcher","Samantha Pree-Stinson"
"MINNEAPOLIS W-3 P-03","Ginger Jentzen","skipped","skipped"
"MINNEAPOLIS W-3 P-03","Samantha Pree-Stinson","Ginger Jentzen","Steve Fletcher"
"MINNEAPOLIS W-3 P-03","Tim Bildsoe","Samantha Pree-Stinson","skipped"
"MINNEAPOLIS W-3 P-03","Ginger Jentzen","Steve Fletcher","Samantha Pree-Stinson"
"MINNEAPOLIS W-3 P-03","Ginger Jentzen","Samantha Pree-Stinson","Steve Fletcher"
"MINNEAPOLIS W-3 P-03","Steve Fletcher","Tim Bildsoe","skipped"
"MINNEAPOLIS W-3 P-03","Ginger Jentzen","skipped","skipped"
"MINNEAPOLIS W-3 P-03","Tim Bildsoe","Steve Fletcher","Samantha Pree-Stinson"
"MINNEAPOLIS W-3 P-03","Tim Bildsoe","Ginger Jentzen","Steve Fletcher"
"MINNEAPOLIS W-3 P-03","Tim Bildsoe","Steve Fletcher","Samantha Pree-Stinson"
"MINNEAPOLIS W-3 P-03","Ginger Jentzen","Steve Fletcher","Samantha Pree-Stinson"
"MINNEAPOLIS W-3 P-03","Steve Fletcher","Tim Bildsoe","Samantha Pree-Stinson"
"MINNEAPOLIS W-3 P-03","Ginger Jentzen","Tim Bildsoe","Steve Fletcher"
"MINNEAPOLIS W-3 P-03","Ginger Jentzen","Tim Bildsoe","Steve Fletcher"
"MINNEAPOLIS W-3 P-03","Steve Fletcher","Samantha Pree-Stinson","Ginger Jentzen"
"MINNEAPOLIS W-3 P-03","Tim Bildsoe","Steve Fletcher","skipped"
"MINNEAPOLIS W-3 P-03","Tim Bildsoe","skipped","skipped"
"MINNEAPOLIS W-3 P-03","Ginger Jentzen","Steve Fletcher","Tim Bildsoe"
"MINNEAPOLIS W-3 P-03","Steve Fletcher","Ginger Jentzen","Tim Bildsoe"
"MINNEAPOLIS W-3 P-03","Ginger Jentzen","skipped","skipped"
"MINNEAPOLIS W-3 P-03","Tim Bildsoe","Steve Fletcher","Samantha Pree-Stinson"
"MINNEAPOLIS W-3 P-03","Tim Bildsoe","Steve Fletcher","Ginger Jentzen"
"MINNEAPOLIS W-3 P-03","Tim Bildsoe","Steve Fletcher","Samantha Pree-Stinson"
"MINNEAPOLIS W-3 P-03","Ginger Jentzen","Steve Fletcher","Samantha Pree-Stinson"
"MINNEAPOLIS W-3 P-03","Ginger Jentzen","Tim Bildsoe","Steve Fletcher"
"MINNEAPOLIS W-3 P-03","Tim Bildsoe","Steve Fletcher","skipped"
"MINNEAPOLIS W-3 P-03","Ginger Jentzen","Steve Fletcher","Tim Bildsoe"
"MINNEAPOLIS W-3 P-03","Ginger Jentzen","skipped","skipped"
"MINNEAPOLIS W-3 P-03","Ginger Jentzen","skipped","skipped"
"MINNEAPOLIS W-3 P-03","Tim Bildsoe","Steve Fletcher","Samantha Pree-Stinson"
"MINNEAPOLIS W-3 P-03","Tim Bildsoe","Steve Fletcher","Ginger Jentzen"
"MINNEAPOLIS W-3 P-03","Ginger Jentzen","skipped","skipped"
"MINNEAPOLIS W-3 P-03","Tim Bildsoe","Ginger Jentzen","Steve Fletcher"
"MINNEAPOLIS W-3 P-03","Steve Fletcher","Tim Bildsoe","skipped"
"MINNEAPOLIS W-3 P-03","Tim Bildsoe","Steve Fletcher","Ginger Jentzen"
"MINNEAPOLIS W-3 P-03","Tim Bildsoe","Steve Fletcher","Samantha Pree-Stinson"
"MINNEAPOLIS W-3 P-03","Samantha Pree-Stinson","Steve Fletcher","Ginger Jentzen"
"MINNEAPOLIS W-3 P-03","Steve Fletcher","Ginger Jentzen","Tim Bildsoe"
"MINNEAPOLIS W-3 P-03","Tim Bildsoe","Samantha Pree-Stinson","Steve Fletcher"
"MINNEAPOLIS W-3 P-03","Tim Bildsoe","Steve Fletcher","Samantha Pree-Stinson"
"MINNEAPOLIS W-3 P-03","Ginger Jentzen","Samantha Pree-Stinson","Steve Fletcher"
"MINNEAPOLIS W-3 P-03","Steve Fletcher","Ginger Jentzen","Samantha Pree-Stinson"
"MINNEAPOLIS W-3 P-03","Steve Fletcher","Samantha Pree-Stinson","Ginger Jentzen"
"MINNEAPOLIS W-3 P-03","Ginger Jentzen","Samantha Pree-Stinson","Steve Fletcher"
"MINNEAPOLIS W-3 P-03","Samantha Pree-Stinson","Steve Fletcher","skipped"
"MINNEAPOLIS W-3 P-03","Ginger Jentzen","Samantha Pree-Stinson","Steve Fletcher"
"MINNEAPOLIS W-3 P-03","Samantha Pree-Stinson","Ginger Jentzen","Steve Fletcher"
"MINNEAPOLIS W-3 P-03","Steve Fletcher","Samantha Pree-Stinson","skipped"
"MINNEAPOLIS W-3 P-03","skipped","skipped","skipped"
"MINNEAPOLIS W-3 P-03","skipped","skipped","skipped"
"MINNEAPOLIS W-3 P-03","Steve Fletcher","Samantha Pree-Stinson","Tim Bildsoe"
"MINNEAPOLIS W-3 P-03","Ginger Jentzen","Tim Bildsoe","Samantha Pree-Stinson"
"MINNEAPOLIS W-3 P-03","Ginger Jentzen","Samantha Pree-Stinson","Steve Fletcher"
"MINNEAPOLIS W-3 P-03","Ginger Jentzen","skipped","skipped"
"MINNEAPOLIS W-3 P-03","Tim Bildsoe","Steve Fletcher","skipped"
"MINNEAPOLIS W-3 P-03","Tim Bildsoe","skipped","skipped"
"MINNEAPOLIS W-3 P-03","Tim Bildsoe","skipped","skipped"
"MINNEAPOLIS W-3 P-03","Tim Bildsoe","Steve Fletcher","Samantha Pree-Stinson"
"MINNEAPOLIS W-3 P-03","Ginger Jentzen","Steve Fletcher","Samantha Pree-Stinson"
"MINNEAPOLIS W-3 P-03","Tim Bildsoe","Steve Fletcher","skipped"
"MINNEAPOLIS W-3 P-03","Ginger Jentzen","Samantha Pree-Stinson","Tim Bildsoe"
"MINNEAPOLIS W-3 P-03","skipped","skipped","skipped"
"MINNEAPOLIS W-3 P-03","Ginger Jentzen","skipped","skipped"
"MINNEAPOLIS W-3 P-03","Ginger Jentzen","Steve Fletcher","Samantha Pree-Stinson"
"MINNEAPOLIS W-3 P-03","Steve Fletcher","Ginger Jentzen","Tim Bildsoe"
"MINNEAPOLIS W-3 P-03","Tim Bildsoe","Steve Fletcher","skipped"
"MINNEAPOLIS W-3 P-03","Ginger Jentzen","Samantha Pree-Stinson","Steve Fletcher"
"MINNEAPOLIS W-3 P-03","Steve Fletcher","Tim Bildsoe","Samantha Pree-Stinson"
"MINNEAPOLIS W-3 P-03","Ginger Jentzen","Samantha Pree-Stinson","Steve Fletcher"
"MINNEAPOLIS W-3 P-03","Samantha Pree-Stinson","Tim Bildsoe","Steve Fletcher"
"MINNEAPOLIS W-3 P-03","Ginger Jentzen","Samantha Pree-Stinson","Steve Fletcher"
"MINNEAPOLIS W-3 P-03","Steve Fletcher","Tim Bildsoe","Samantha Pree-Stinson"
"MINNEAPOLIS W-3 P-03","Tim Bildsoe","Steve Fletcher","skipped"
"MINNEAPOLIS W-3 P-03","Steve Fletcher","skipped","skipped"
"MINNEAPOLIS W-3 P-03","Steve Fletcher","Tim Bildsoe","Samantha Pree-Stinson"
"MINNEAPOLIS W-3 P-03","Steve Fletcher","Ginger Jentzen","skipped"
"MINNEAPOLIS W-3 P-03","Steve Fletcher","Ginger Jentzen","Samantha Pree-Stinson"
"MINNEAPOLIS W-3 P-03","Ginger Jentzen","Steve Fletcher","Samantha Pree-Stinson"
"MINNEAPOLIS W-3 P-03","Tim Bildsoe","Steve Fletcher","Ginger Jentzen"
"MINNEAPOLIS W-3 P-03","Ginger Jentzen","Steve Fletcher","Tim Bildsoe"
"MINNEAPOLIS W-3 P-03","Ginger Jentzen","skipped","skipped"
"MINNEAPOLIS W-3 P-03","Steve Fletcher","Tim Bildsoe","skipped"
"MINNEAPOLIS W-3 P-03","Ginger Jentzen","Samantha Pree-Stinson","Tim Bildsoe"
"MINNEAPOLIS W-3 P-03","Steve Fletcher","Tim Bildsoe","skipped"
"MINNEAPOLIS W-3 P-03","Steve Fletcher","Tim Bildsoe","Ginger Jentzen"
"MINNEAPOLIS W-3 P-03","Samantha Pree-Stinson","Steve Fletcher","Ginger Jentzen"
"MINNEAPOLIS W-3 P-03","Samantha Pree-Stinson","Ginger Jentzen","Steve Fletcher"
"MINNEAPOLIS W-3 P-03","Ginger Jentzen","Steve Fletcher","Samantha Pree-Stinson"
"MINNEAPOLIS W-3 P-03","Samantha Pree-Stinson","Ginger Jentzen","Steve Fletcher"
"MINNEAPOLIS W-3 P-03","Ginger Jentzen","Steve Fletcher","Samantha Pree-Stinson"
"MINNEAPOLIS W-3 P-03","Ginger Jentzen","skipped","skipped"
"MINNEAPOLIS W-3 P-03","Steve Fletcher","Samantha Pree-Stinson","Tim Bildsoe"
"MINNEAPOLIS W-3 P-03","Ginger Jentzen","Tim Bildsoe","Steve Fletcher"
"MINNEAPOLIS W-3 P-03","Steve Fletcher","writein","Samantha Pree-Stinson"
"MINNEAPOLIS W-3 P-03","Tim Bildsoe","Steve Fletcher","skipped"
"MINNEAPOLIS W-3 P-03","Ginger Jentzen","Samantha Pree-Stinson","Tim Bildsoe"
"MINNEAPOLIS W-3 P-03","Steve Fletcher","Ginger Jentzen","Tim Bildsoe"
"MINNEAPOLIS W-3 P-03","Ginger Jentzen","Samantha Pree-Stinson","Steve Fletcher"
"MINNEAPOLIS W-3 P-03","Steve Fletcher","Ginger Jentzen","Samantha Pree-Stinson"
"MINNEAPOLIS W-3 P-03","Ginger Jentzen","Samantha Pree-Stinson","Steve Fletcher"
"MINNEAPOLIS W-3 P-03","Steve Fletcher","Samantha Pree-Stinson","skipped"
"MINNEAPOLIS W-3 P-03","Tim Bildsoe","skipped","skipped"
"MINNEAPOLIS W-3 P-03","Tim Bildsoe","Samantha Pree-Stinson","Steve Fletcher"
"MINNEAPOLIS W-3 P-03","Steve Fletcher","Tim Bildsoe","skipped"
"MINNEAPOLIS W-3 P-03","Tim Bildsoe","skipped","skipped"
"MINNEAPOLIS W-3 P-03","Tim Bildsoe","Steve Fletcher","Ginger Jentzen"
"MINNEAPOLIS W-3 P-03","Steve Fletcher","Ginger Jentzen","Samantha Pree-Stinson"
"MINNEAPOLIS W-3 P-03","Steve Fletcher","Steve Fletcher","Steve Fletcher"
"MINNEAPOLIS W-3 P-03","Steve Fletcher","Tim Bildsoe","Samantha Pree-Stinson"
"MINNEAPOLIS W-3 P-03","Ginger Jentzen","Samantha Pree-Stinson","Tim Bildsoe"
"MINNEAPOLIS W-3 P-03","Ginger Jentzen","Tim Bildsoe","skipped"
"MINNEAPOLIS W-3 P-03","Ginger Jentzen","Tim Bildsoe","Steve Fletcher"
"MINNEAPOLIS W-3 P-03","Steve Fletcher","Samantha Pree-Stinson","skipped"
"MINNEAPOLIS W-3 P-03","Steve Fletcher","Tim Bildsoe","Samantha Pree-Stinson"
"MINNEAPOLIS W-3 P-03","Tim Bildsoe","Steve Fletcher","skipped"
"MINNEAPOLIS W-3 P-03","Steve Fletcher","Tim Bildsoe","Ginger Jentzen"
"MINNEAPOLIS W-3 P-03","Ginger Jentzen","Steve Fletcher","Tim Bildsoe"
"MINNEAPOLIS W-3 P-03","Ginger Jentzen","Steve Fletcher","Tim Bildsoe"
"MINNEAPOLIS W-3 P-03","Steve Fletcher","Tim Bildsoe","Ginger Jentzen"
"MINNEAPOLIS W-3 P-03","Tim Bildsoe","skipped","skipped"
"MINNEAPOLIS W-3 P-03","Steve Fletcher","Samantha Pree-Stinson","Tim Bildsoe"
"MINNEAPOLIS W-3 P-03","Tim Bildsoe","skipped","skipped"
"MINNEAPOLIS W-3 P-03","Tim Bildsoe","Steve Fletcher","Samantha Pree-Stinson"
"MINNEAPOLIS W-3 P-03","Steve Fletcher","skipped","skipped"
"MINNEAPOLIS W-3 P-03","Steve Fletcher","Tim Bildsoe","skipped"
"MINNEAPOLIS W-3 P-03","Ginger Jentzen","Steve Fletcher","Tim Bildsoe"
"MINNEAPOLIS W-3 P-03","skipped","skipped","skipped"
"MINNEAPOLIS W-3 P-03","skipped","skipped","skipped"
"MINNEAPOLIS W-3 P-03","Steve Fletcher","Tim Bildsoe","skipped"
"MINNEAPOLIS W-3 P-03","Ginger Jentzen","Steve Fletcher","skipped"
"MINNEAPOLIS W-3 P-03","Ginger Jentzen","Samantha Pree-Stinson","skipped"
"MINNEAPOLIS W-3 P-03","Steve Fletcher","Samantha Pree-Stinson","Ginger Jentzen"
"MINNEAPOLIS W-3 P-03","skipped","skipped","skipped"
"MINNEAPOLIS W-3 P-03","Tim Bildsoe","Steve Fletcher","skipped"
"MINNEAPOLIS W-3 P-03","Ginger Jentzen","Steve Fletcher","Tim Bildsoe"
"MINNEAPOLIS W-3 P-03","Samantha Pree-Stinson","Ginger Jentzen","skipped"
"MINNEAPOLIS W-3 P-03","Steve Fletcher","Tim Bildsoe","skipped"
"MINNEAPOLIS W-3 P-03","Steve Fletcher","skipped","skipped"
"MINNEAPOLIS W-3 P-03","Ginger Jentzen","Samantha Pree-Stinson","Steve Fletcher"
"MINNEAPOLIS W-3 P-03","Tim Bildsoe","Steve Fletcher","skipped"
"MINNEAPOLIS W-3 P-03","Ginger Jentzen","skipped","skipped"
"MINNEAPOLIS W-3 P-03","Ginger Jentzen","Steve Fletcher","skipped"
"MINNEAPOLIS W-3 P-03","Tim Bildsoe","skipped","skipped"
"MINNEAPOLIS W-3 P-03","Ginger Jentzen","Tim Bildsoe","Steve Fletcher"
"MINNEAPOLIS W-3 P-03","Steve Fletcher","Samantha Pree-Stinson","Ginger Jentzen"
"MINNEAPOLIS W-3 P-03","Steve Fletcher","Tim Bildsoe","Samantha Pree-Stinson"
"MINNEAPOLIS W-3 P-03","Tim Bildsoe","Steve Fletcher","skipped"
"MINNEAPOLIS W-3 P-03","Tim Bildsoe","Steve Fletcher","skipped"
"MINNEAPOLIS W-3 P-03","Samantha Pree-Stinson","Ginger Jentzen","Steve Fletcher"
"MINNEAPOLIS W-3 P-03","Steve Fletcher","Ginger Jentzen","skipped"
"MINNEAPOLIS W-3 P-03","Ginger Jentzen","Samantha Pree-Stinson","writein"
"MINNEAPOLIS W-3 P-03","Steve Fletcher","Samantha Pree-Stinson","Ginger Jentzen"
"MINNEAPOLIS W-3 P-03","Steve Fletcher","Tim Bildsoe","skipped"
"MINNEAPOLIS W-3 P-03","Ginger Jentzen","skipped","skipped"
"MINNEAPOLIS W-3 P-03","Ginger Jentzen","Samantha Pree-Stinson","Steve Fletcher"
"MINNEAPOLIS W-3 P-03","Steve Fletcher","skipped","skipped"
"MINNEAPOLIS W-3 P-03","Steve Fletcher","Ginger Jentzen","skipped"
"MINNEAPOLIS W-3 P-03","Ginger Jentzen","Samantha Pree-Stinson","Steve Fletcher"
"MINNEAPOLIS W-3 P-03","Steve Fletcher","Tim Bildsoe","skipped"
"MINNEAPOLIS W-3 P-03","Ginger Jentzen","Ginger Jentzen","Ginger Jentzen"
"MINNEAPOLIS W-3 P-03","Ginger Jentzen","Samantha Pree-Stinson","skipped"
"MINNEAPOLIS W-3 P-03","Samantha Pree-Stinson","Steve Fletcher","Ginger Jentzen"
"MINNEAPOLIS W-3 P-03","skipped","skipped","skipped"
"MINNEAPOLIS W-3 P-03","Steve Fletcher","skipped","skipped"
"MINNEAPOLIS W-3 P-03","Samantha Pree-Stinson","Tim Bildsoe","Steve Fletcher"
"MINNEAPOLIS W-3 P-03","Tim Bildsoe","Steve Fletcher","skipped"
"MINNEAPOLIS W-3 P-03","Tim Bildsoe","skipped","skipped"
"MINNEAPOLIS W-3 P-03","Ginger Jentzen","Steve Fletcher","Tim Bildsoe"
"MINNEAPOLIS W-3 P-03","Steve Fletcher","skipped","skipped"
"MINNEAPOLIS W-3 P-03","Steve Fletcher","Samantha Pree-Stinson","Tim Bildsoe"
"MINNEAPOLIS W-3 P-03","Ginger Jentzen","skipped","skipped"
"MINNEAPOLIS W-3 P-03","Ginger Jentzen","Tim Bildsoe","Samantha Pree-Stinson"
"MINNEAPOLIS W-3 P-03","Ginger Jentzen","Steve Fletcher","Tim Bildsoe"
"MINNEAPOLIS W-3 P-03","Ginger Jentzen","Ginger Jentzen","Ginger Jentzen"
"MINNEAPOLIS W-3 P-03","Steve Fletcher","Tim Bildsoe","skipped"
"MINNEAPOLIS W-3 P-03","Tim Bildsoe","Samantha Pree-Stinson","Steve Fletcher"
"MINNEAPOLIS W-3 P-03","Tim Bildsoe","skipped","skipped"
"MINNEAPOLIS W-3 P-03","Ginger Jentzen","Steve Fletcher","Samantha Pree-Stinson"
"MINNEAPOLIS W-3 P-03","Steve Fletcher","Samantha Pree-Stinson","Ginger Jentzen"
"MINNEAPOLIS W-3 P-03","Steve Fletcher","Tim Bildsoe","skipped"
"MINNEAPOLIS W-3 P-03","Tim Bildsoe","Steve Fletcher","Samantha Pree-Stinson"
"MINNEAPOLIS W-3 P-03","Samantha Pree-Stinson","Ginger Jentzen","skipped"
"MINNEAPOLIS W-3 P-03","Steve Fletcher","Tim Bildsoe","Samantha Pree-Stinson"
"MINNEAPOLIS W-3 P-03","Tim Bildsoe","Steve Fletcher","skipped"
"MINNEAPOLIS W-3 P-03","Tim Bildsoe","Steve Fletcher","Samantha Pree-Stinson"
"MINNEAPOLIS W-3 P-03","Ginger Jentzen","skipped","skipped"
"MINNEAPOLIS W-3 P-03","Samantha Pree-Stinson","Tim Bildsoe","Steve Fletcher"
"MINNEAPOLIS W-3 P-03","Tim Bildsoe","Steve Fletcher","Ginger Jentzen"
"MINNEAPOLIS W-3 P-03","Ginger Jentzen","Steve Fletcher","Samantha Pree-Stinson"
"MINNEAPOLIS W-3 P-03","Steve Fletcher","Samantha Pree-Stinson","Ginger Jentzen"
"MINNEAPOLIS W-3 P-03","Steve Fletcher","Tim Bildsoe","skipped"
"MINNEAPOLIS W-3 P-03","skipped","skipped","skipped"
"MINNEAPOLIS W-3 P-03","Steve Fletcher","Samantha Pree-Stinson","Ginger Jentzen"
"MINNEAPOLIS W-3 P-03","Tim Bildsoe","skipped","skipped"
"MINNEAPOLIS W-3 P-03","Ginger Jentzen","Samantha Pree-Stinson","Steve Fletcher"
"MINNEAPOLIS W-3 P-03","Ginger Jentzen","Samantha Pree-Stinson","Steve Fletcher"
"MINNEAPOLIS W-3 P-03","Ginger Jentzen","Samantha Pree-Stinson","Tim Bildsoe"
"MINNEAPOLIS W-3 P-03","Tim Bildsoe","Ginger Jentzen","skipped"
"MINNEAPOLIS W-3 P-03","Steve Fletcher","Tim Bildsoe","Ginger Jentzen"
"MINNEAPOLIS W-3 P-03","Steve Fletcher","Tim Bildsoe","Ginger Jentzen"
"MINNEAPOLIS W-3 P-03","Steve Fletcher","Tim Bildsoe","Samantha Pree-Stinson"
"MINNEAPOLIS W-3 P-03","Samantha Pree-Stinson","skipped","skipped"
"MINNEAPOLIS W-3 P-03","Steve Fletcher","Tim Bildsoe","skipped"
"MINNEAPOLIS W-3 P-03","Ginger Jentzen","Samantha Pree-Stinson","skipped"
"MINNEAPOLIS W-3 P-03","Ginger Jentzen","Steve Fletcher","skipped"
"MINNEAPOLIS W-3 P-03","Ginger Jentzen","skipped","skipped"
"MINNEAPOLIS W-3 P-03","Steve Fletcher","Tim Bildsoe","skipped"
"MINNEAPOLIS W-3 P-03","Ginger Jentzen","Samantha Pree-Stinson","Steve Fletcher"
"MINNEAPOLIS W-3 P-03","Steve Fletcher","skipped","skipped"
"MINNEAPOLIS W-3 P-03","Ginger Jentzen","Samantha Pree-Stinson","Tim Bildsoe"
"MINNEAPOLIS W-3 P-03","Ginger Jentzen","skipped","skipped"
"MINNEAPOLIS W-3 P-03","Tim Bildsoe","Steve Fletcher","Samantha Pree-Stinson"
"MINNEAPOLIS W-3 P-03","Tim Bildsoe","Steve Fletcher","skipped"
"MINNEAPOLIS W-3 P-03","Tim Bildsoe","Steve Fletcher","skipped"
"MINNEAPOLIS W-3 P-03","Ginger Jentzen","Steve Fletcher","skipped"
"MINNEAPOLIS W-3 P-03","Tim Bildsoe","Steve Fletcher","Samantha Pree-Stinson"
"MINNEAPOLIS W-3 P-03","Steve Fletcher","Samantha Pree-Stinson","Ginger Jentzen"
"MINNEAPOLIS W-3 P-03","Ginger Jentzen","Tim Bildsoe","Steve Fletcher"
"MINNEAPOLIS W-3 P-03","Samantha Pree-Stinson","Tim Bildsoe","Steve Fletcher"
"MINNEAPOLIS W-3 P-03","Ginger Jentzen","Samantha Pree-Stinson","Tim Bildsoe"
"MINNEAPOLIS W-3 P-03","Tim Bildsoe","Steve Fletcher","skipped"
"MINNEAPOLIS W-3 P-03","Steve Fletcher","Ginger Jentzen","Tim Bildsoe"
"MINNEAPOLIS W-3 P-03","Tim Bildsoe","skipped","skipped"
"MINNEAPOLIS W-3 P-03","Ginger Jentzen","Steve Fletcher","Tim Bildsoe"
"MINNEAPOLIS W-3 P-03","Steve Fletcher","Ginger Jentzen","Samantha Pree-Stinson"
"MINNEAPOLIS W-3 P-03","Samantha Pree-Stinson","skipped","skipped"
"MINNEAPOLIS W-3 P-03","Steve Fletcher","Tim Bildsoe","Ginger Jentzen"
"MINNEAPOLIS W-3 P-03","Steve Fletcher","Tim Bildsoe","Samantha Pree-Stinson"
"MINNEAPOLIS W-3 P-03","Ginger Jentzen","Steve Fletcher","Samantha Pree-Stinson"
"MINNEAPOLIS W-3 P-03","Tim Bildsoe","Steve Fletcher","skipped"
"MINNEAPOLIS W-3 P-03","Steve Fletcher","Tim Bildsoe","skipped"
"MINNEAPOLIS W-3 P-03","Tim Bildsoe","Steve Fletcher","Samantha Pree-Stinson"
"MINNEAPOLIS W-3 P-03","Samantha Pree-Stinson","Tim Bildsoe","skipped"
"MINNEAPOLIS W-3 P-03","Steve Fletcher","Ginger Jentzen","skipped"
"MINNEAPOLIS W-3 P-03","Ginger Jentzen","Steve Fletcher","Tim Bildsoe"
"MINNEAPOLIS W-3 P-03","Tim Bildsoe","skipped","skipped"
"MINNEAPOLIS W-3 P-03","Samantha Pree-Stinson","skipped","skipped"
"MINNEAPOLIS W-3 P-03","Tim Bildsoe","skipped","skipped"
"MINNEAPOLIS W-3 P-03","Tim Bildsoe","Steve Fletcher","Samantha Pree-Stinson"
"MINNEAPOLIS W-3 P-03","Steve Fletcher","Tim Bildsoe","Ginger Jentzen"
"MINNEAPOLIS W-3 P-03","Ginger Jentzen","Steve Fletcher","Samantha Pree-Stinson"
"MINNEAPOLIS W-3 P-03","Tim Bildsoe","Samantha Pree-Stinson","Samantha Pree-Stinson"
"MINNEAPOLIS W-3 P-03","Tim Bildsoe","Steve Fletcher","skipped"
"MINNEAPOLIS W-3 P-03","Ginger Jentzen","skipped","skipped"
"MINNEAPOLIS W-3 P-03","Steve Fletcher","skipped","skipped"
"MINNEAPOLIS W-3 P-03","Steve Fletcher","Samantha Pree-Stinson","Tim Bildsoe"
"MINNEAPOLIS W-3 P-03","Steve Fletcher","Steve Fletcher","Steve Fletcher"
"MINNEAPOLIS W-3 P-03","Steve Fletcher","Tim Bildsoe","Samantha Pree-Stinson"
"MINNEAPOLIS W-3 P-03","Steve Fletcher","Ginger Jentzen","Samantha Pree-Stinson"
"MINNEAPOLIS W-3 P-03","Ginger Jentzen","Steve Fletcher","Tim Bildsoe"
"MINNEAPOLIS W-3 P-03","Steve Fletcher","Samantha Pree-Stinson","Ginger Jentzen"
"MINNEAPOLIS W-3 P-03","Samantha Pree-Stinson","Steve Fletcher","Tim Bildsoe"
"MINNEAPOLIS W-3 P-03","Steve Fletcher","Samantha Pree-Stinson","skipped"
"MINNEAPOLIS W-3 P-03","Steve Fletcher","Ginger Jentzen","skipped"
"MINNEAPOLIS W-3 P-03","Tim Bildsoe","Steve Fletcher","skipped"
"MINNEAPOLIS W-3 P-03","Tim Bildsoe","Steve Fletcher","skipped"
"MINNEAPOLIS W-3 P-03","Steve Fletcher","Samantha Pree-Stinson","Tim Bildsoe"
"MINNEAPOLIS W-3 P-03","Steve Fletcher","Tim Bildsoe","Samantha Pree-Stinson"
"MINNEAPOLIS W-3 P-03","Ginger Jentzen","Samantha Pree-Stinson","Tim Bildsoe"
"MINNEAPOLIS W-3 P-03","Tim Bildsoe","skipped","skipped"
"MINNEAPOLIS W-3 P-03","Steve Fletcher","Tim Bildsoe","Ginger Jentzen"
"MINNEAPOLIS W-3 P-03","Tim Bildsoe","Steve Fletcher","Samantha Pree-Stinson"
"MINNEAPOLIS W-3 P-03","Ginger Jentzen","Steve Fletcher","Samantha Pree-Stinson"
"MINNEAPOLIS W-3 P-03","Ginger Jentzen","Steve Fletcher","Tim Bildsoe"
"MINNEAPOLIS W-3 P-03","skipped","skipped","skipped"
"MINNEAPOLIS W-3 P-03","Tim Bildsoe","Steve Fletcher","Samantha Pree-Stinson"
"MINNEAPOLIS W-3 P-03","Tim Bildsoe","Steve Fletcher","skipped"
"MINNEAPOLIS W-3 P-03","Tim Bildsoe","Samantha Pree-Stinson","Steve Fletcher"
"MINNEAPOLIS W-3 P-03","Tim Bildsoe","Steve Fletcher","skipped"
"MINNEAPOLIS W-3 P-03","Tim Bildsoe","Steve Fletcher","skipped"
"MINNEAPOLIS W-3 P-03","Tim Bildsoe","Steve Fletcher","Ginger Jentzen"
"MINNEAPOLIS W-3 P-03","Steve Fletcher","Samantha Pree-Stinson","Ginger Jentzen"
"MINNEAPOLIS W-3 P-03","Tim Bildsoe","Steve Fletcher","Samantha Pree-Stinson"
"MINNEAPOLIS W-3 P-03","Ginger Jentzen","Samantha Pree-Stinson","skipped"
"MINNEAPOLIS W-3 P-03","Ginger Jentzen","Tim Bildsoe","Steve Fletcher"
"MINNEAPOLIS W-3 P-03","Steve Fletcher","skipped","skipped"
"MINNEAPOLIS W-3 P-03","Steve Fletcher","Samantha Pree-Stinson","Ginger Jentzen"
"MINNEAPOLIS W-3 P-03","Tim Bildsoe","Steve Fletcher","Ginger Jentzen"
"MINNEAPOLIS W-3 P-03","Ginger Jentzen","Steve Fletcher","Tim Bildsoe"
"MINNEAPOLIS W-3 P-03","Steve Fletcher","Tim Bildsoe","skipped"
"MINNEAPOLIS W-3 P-03","Steve Fletcher","Tim Bildsoe","Samantha Pree-Stinson"
"MINNEAPOLIS W-3 P-03","Ginger Jentzen","writein","Samantha Pree-Stinson"
"MINNEAPOLIS W-3 P-03","Steve Fletcher","Tim Bildsoe","skipped"
"MINNEAPOLIS W-3 P-03","Samantha Pree-Stinson","skipped","skipped"
"MINNEAPOLIS W-3 P-03","Samantha Pree-Stinson","Tim Bildsoe","Ginger Jentzen"
"MINNEAPOLIS W-3 P-03","Ginger Jentzen","skipped","skipped"
"MINNEAPOLIS W-3 P-03","Ginger Jentzen","Steve Fletcher","Tim Bildsoe"
"MINNEAPOLIS W-3 P-03","Tim Bildsoe","skipped","skipped"
"MINNEAPOLIS W-3 P-03","Steve Fletcher","Tim Bildsoe","skipped"
"MINNEAPOLIS W-3 P-03","Ginger Jentzen","Steve Fletcher","Tim Bildsoe"
"MINNEAPOLIS W-3 P-03","Samantha Pree-Stinson","Ginger Jentzen","Steve Fletcher"
"MINNEAPOLIS W-3 P-03","Tim Bildsoe","Ginger Jentzen","Steve Fletcher"
"MINNEAPOLIS W-3 P-03","Ginger Jentzen","skipped","skipped"
"MINNEAPOLIS W-3 P-03","Ginger Jentzen","Steve Fletcher","Samantha Pree-Stinson"
"MINNEAPOLIS W-3 P-03","Steve Fletcher","Tim Bildsoe","Samantha Pree-Stinson"
"MINNEAPOLIS W-3 P-03","Ginger Jentzen","Steve Fletcher","Tim Bildsoe"
"MINNEAPOLIS W-3 P-03","Ginger Jentzen","Tim Bildsoe","Samantha Pree-Stinson"
"MINNEAPOLIS W-3 P-03","Ginger Jentzen","Samantha Pree-Stinson","Steve Fletcher"
"MINNEAPOLIS W-3 P-03","Samantha Pree-Stinson","Steve Fletcher","Tim Bildsoe"
"MINNEAPOLIS W-3 P-03","Tim Bildsoe","skipped","skipped"
"MINNEAPOLIS W-3 P-03","Steve Fletcher","Ginger Jentzen","skipped"
"MINNEAPOLIS W-3 P-03","Tim Bildsoe","Steve Fletcher","skipped"
"MINNEAPOLIS W-3 P-03","Samantha Pree-Stinson","Steve Fletcher","Ginger Jentzen"
"MINNEAPOLIS W-3 P-03","Steve Fletcher","Ginger Jentzen","Samantha Pree-Stinson"
"MINNEAPOLIS W-3 P-03","Ginger Jentzen","Tim Bildsoe","Steve Fletcher"
"MINNEAPOLIS W-3 P-03","Tim Bildsoe","skipped","skipped"
"MINNEAPOLIS W-3 P-03","Ginger Jentzen","Samantha Pree-Stinson","skipped"
"MINNEAPOLIS W-3 P-03","Steve Fletcher","Samantha Pree-Stinson","Tim Bildsoe"
"MINNEAPOLIS W-3 P-03","Ginger Jentzen","skipped","skipped"
"MINNEAPOLIS W-3 P-03","Ginger Jentzen","Steve Fletcher","Tim Bildsoe"
"MINNEAPOLIS W-3 P-03","Tim Bildsoe","Steve Fletcher","Samantha Pree-Stinson"
"MINNEAPOLIS W-3 P-03","Ginger Jentzen","Samantha Pree-Stinson","Steve Fletcher"
"MINNEAPOLIS W-3 P-03","Samantha Pree-Stinson","Steve Fletcher","Ginger Jentzen"
"MINNEAPOLIS W-3 P-03","Ginger Jentzen","Steve Fletcher","Samantha Pree-Stinson"
"MINNEAPOLIS W-3 P-03","Ginger Jentzen","Steve Fletcher","Tim Bildsoe"
"MINNEAPOLIS W-3 P-03","Tim Bildsoe","Steve Fletcher","Samantha Pree-Stinson"
"MINNEAPOLIS W-3 P-03","Tim Bildsoe","Steve Fletcher","Samantha Pree-Stinson"
"MINNEAPOLIS W-3 P-03","Samantha Pree-Stinson","Tim Bildsoe","skipped"
"MINNEAPOLIS W-3 P-03","Tim Bildsoe","Steve Fletcher","Ginger Jentzen"
"MINNEAPOLIS W-3 P-03","Tim Bildsoe","Steve Fletcher","skipped"
"MINNEAPOLIS W-3 P-03","Tim Bildsoe","skipped","skipped"
"MINNEAPOLIS W-3 P-03","Samantha Pree-Stinson","Steve Fletcher","Ginger Jentzen"
"MINNEAPOLIS W-3 P-03","Steve Fletcher","Samantha Pree-Stinson","Ginger Jentzen"
"MINNEAPOLIS W-3 P-03","Steve Fletcher","Samantha Pree-Stinson","skipped"
"MINNEAPOLIS W-3 P-03","Steve Fletcher","Samantha Pree-Stinson","Ginger Jentzen"
"MINNEAPOLIS W-3 P-03","Steve Fletcher","Ginger Jentzen","skipped"
"MINNEAPOLIS W-3 P-03","Ginger Jentzen","skipped","skipped"
"MINNEAPOLIS W-3 P-03","Steve Fletcher","Tim Bildsoe","Samantha Pree-Stinson"
"MINNEAPOLIS W-3 P-03","Tim Bildsoe","Ginger Jentzen","Samantha Pree-Stinson"
"MINNEAPOLIS W-3 P-03","Steve Fletcher","Ginger Jentzen","Samantha Pree-Stinson"
"MINNEAPOLIS W-3 P-03","Ginger Jentzen","Tim Bildsoe","Samantha Pree-Stinson"
"MINNEAPOLIS W-3 P-03","skipped","skipped","skipped"
"MINNEAPOLIS W-3 P-03","Ginger Jentzen","Samantha Pree-Stinson","Steve Fletcher"
"MINNEAPOLIS W-3 P-03","Ginger Jentzen","Samantha Pree-Stinson","Steve Fletcher"
"MINNEAPOLIS W-3 P-03","Tim Bildsoe","skipped","skipped"
"MINNEAPOLIS W-3 P-03","Tim Bildsoe","Steve Fletcher","skipped"
"MINNEAPOLIS W-3 P-03","Tim Bildsoe","Steve Fletcher","skipped"
"MINNEAPOLIS W-3 P-03","Steve Fletcher","Samantha Pree-Stinson","skipped"
"MINNEAPOLIS W-3 P-03","Ginger Jentzen","Samantha Pree-Stinson","Tim Bildsoe"
"MINNEAPOLIS W-3 P-03","Steve Fletcher","Samantha Pree-Stinson","writein"
"MINNEAPOLIS W-3 P-03","Ginger Jentzen","Samantha Pree-Stinson","Tim Bildsoe"
"MINNEAPOLIS W-3 P-03","Ginger Jentzen","Steve Fletcher","Tim Bildsoe"
"MINNEAPOLIS W-3 P-03","Steve Fletcher","Tim Bildsoe","Ginger Jentzen"
"MINNEAPOLIS W-3 P-03","Ginger Jentzen","Samantha Pree-Stinson","Steve Fletcher"
"MINNEAPOLIS W-3 P-03","Tim Bildsoe","Steve Fletcher","Samantha Pree-Stinson"
"MINNEAPOLIS W-3 P-03","Tim Bildsoe","Steve Fletcher","Samantha Pree-Stinson"
"MINNEAPOLIS W-3 P-03","Tim Bildsoe","Steve Fletcher","skipped"
"MINNEAPOLIS W-3 P-03","Ginger Jentzen","writein","writein"
"MINNEAPOLIS W-3 P-03","Tim Bildsoe","Steve Fletcher","Samantha Pree-Stinson"
"MINNEAPOLIS W-3 P-03","Tim Bildsoe","Steve Fletcher","Samantha Pree-Stinson"
"MINNEAPOLIS W-3 P-03","Steve Fletcher","Tim Bildsoe","skipped"
"MINNEAPOLIS W-3 P-03","Steve Fletcher","Samantha Pree-Stinson","Tim Bildsoe"
"MINNEAPOLIS W-3 P-03","Steve Fletcher","skipped","skipped"
"MINNEAPOLIS W-3 P-03","Samantha Pree-Stinson","Tim Bildsoe","Steve Fletcher"
"MINNEAPOLIS W-3 P-03","Tim Bildsoe","skipped","skipped"
"MINNEAPOLIS W-3 P-03","Steve Fletcher","Tim Bildsoe","Ginger Jentzen"
"MINNEAPOLIS W-3 P-03","Ginger Jentzen","Tim Bildsoe","Steve Fletcher"
"MINNEAPOLIS W-3 P-03","Ginger Jentzen","Samantha Pree-Stinson","Steve Fletcher"
"MINNEAPOLIS W-3 P-03","Samantha Pree-Stinson","Steve Fletcher","skipped"
"MINNEAPOLIS W-3 P-03","Ginger Jentzen","Samantha Pree-Stinson","Steve Fletcher"
"MINNEAPOLIS W-3 P-03","Steve Fletcher","Tim Bildsoe","skipped"
"MINNEAPOLIS W-3 P-03","Ginger Jentzen","Tim Bildsoe","Steve Fletcher"
"MINNEAPOLIS W-3 P-03","Samantha Pree-Stinson","skipped","skipped"
"MINNEAPOLIS W-3 P-03","Steve Fletcher","Ginger Jentzen","Tim Bildsoe"
"MINNEAPOLIS W-3 P-03","Ginger Jentzen","Samantha Pree-Stinson","Steve Fletcher"
"MINNEAPOLIS W-3 P-03","Ginger Jentzen","skipped","skipped"
"MINNEAPOLIS W-3 P-03","Ginger Jentzen","Samantha Pree-Stinson","Steve Fletcher"
"MINNEAPOLIS W-3 P-03","skipped","skipped","skipped"
"MINNEAPOLIS W-3 P-03","Tim Bildsoe","Steve Fletcher","skipped"
"MINNEAPOLIS W-3 P-03","Samantha Pree-Stinson","Tim Bildsoe","Steve Fletcher"
"MINNEAPOLIS W-3 P-03","Ginger Jentzen","Steve Fletcher","Samantha Pree-Stinson"
"MINNEAPOLIS W-3 P-03","Tim Bildsoe","Steve Fletcher","Samantha Pree-Stinson"
"MINNEAPOLIS W-3 P-03","Tim Bildsoe","Steve Fletcher","skipped"
"MINNEAPOLIS W-3 P-03","Samantha Pree-Stinson","Steve Fletcher","Tim Bildsoe"
"MINNEAPOLIS W-3 P-03","Samantha Pree-Stinson","Tim Bildsoe","Ginger Jentzen"
"MINNEAPOLIS W-3 P-03","Steve Fletcher","Tim Bildsoe","skipped"
"MINNEAPOLIS W-3 P-03","writein","writein","writein"
"MINNEAPOLIS W-3 P-03","Steve Fletcher","Tim Bildsoe","Samantha Pree-Stinson"
"MINNEAPOLIS W-3 P-03","Steve Fletcher","Tim Bildsoe","writein"
"MINNEAPOLIS W-3 P-03","Tim Bildsoe","Steve Fletcher","Samantha Pree-Stinson"
"MINNEAPOLIS W-3 P-03","Tim Bildsoe","Steve Fletcher","Samantha Pree-Stinson"
"MINNEAPOLIS W-3 P-03","Tim Bildsoe","skipped","skipped"
"MINNEAPOLIS W-3 P-03","Tim Bildsoe","skipped","skipped"
"MINNEAPOLIS W-3 P-03","Samantha Pree-Stinson","skipped","skipped"
"MINNEAPOLIS W-3 P-03","skipped","skipped","skipped"
"MINNEAPOLIS W-3 P-03","Steve Fletcher","Samantha Pree-Stinson","Tim Bildsoe"
"MINNEAPOLIS W-3 P-03","Ginger Jentzen","skipped","skipped"
"MINNEAPOLIS W-3 P-03","Samantha Pree-Stinson","Ginger Jentzen","Tim Bildsoe"
"MINNEAPOLIS W-3 P-03","Steve Fletcher","Tim Bildsoe","writein"
"MINNEAPOLIS W-3 P-03","Ginger Jentzen","skipped","skipped"
"MINNEAPOLIS W-3 P-03","Ginger Jentzen","Samantha Pree-Stinson","skipped"
"MINNEAPOLIS W-3 P-03","Samantha Pree-Stinson","Steve Fletcher","Ginger Jentzen"
"MINNEAPOLIS W-3 P-03","Ginger Jentzen","Steve Fletcher","Samantha Pree-Stinson"
"MINNEAPOLIS W-3 P-03","Tim Bildsoe","Steve Fletcher","Samantha Pree-Stinson"
"MINNEAPOLIS W-3 P-03","Tim Bildsoe","Steve Fletcher","skipped"
"MINNEAPOLIS W-3 P-03","Ginger Jentzen","skipped","skipped"
"MINNEAPOLIS W-3 P-03","Steve Fletcher","Samantha Pree-Stinson","Ginger Jentzen"
"MINNEAPOLIS W-3 P-03","Tim Bildsoe","Steve Fletcher","skipped"
"MINNEAPOLIS W-3 P-03","Samantha Pree-Stinson","Ginger Jentzen","skipped"
"MINNEAPOLIS W-3 P-03","Tim Bildsoe","skipped","skipped"
"MINNEAPOLIS W-3 P-03","Steve Fletcher","Ginger Jentzen","skipped"
"MINNEAPOLIS W-3 P-03","Steve Fletcher","Ginger Jentzen","Samantha Pree-Stinson"
"MINNEAPOLIS W-3 P-03","Ginger Jentzen","Steve Fletcher","Tim Bildsoe"
"MINNEAPOLIS W-3 P-03","Ginger Jentzen","Samantha Pree-Stinson","Steve Fletcher"
"MINNEAPOLIS W-3 P-03","Ginger Jentzen","Samantha Pree-Stinson","Steve Fletcher"
"MINNEAPOLIS W-3 P-03","Ginger Jentzen","Samantha Pree-Stinson","skipped"
"MINNEAPOLIS W-3 P-03","Steve Fletcher","Ginger Jentzen","Samantha Pree-Stinson"
"MINNEAPOLIS W-3 P-03","Tim Bildsoe","skipped","skipped"
"MINNEAPOLIS W-3 P-03","Ginger Jentzen","Tim Bildsoe","Steve Fletcher"
"MINNEAPOLIS W-3 P-03","Samantha Pree-Stinson","Steve Fletcher","skipped"
"MINNEAPOLIS W-3 P-03","Steve Fletcher","Ginger Jentzen","Tim Bildsoe"
"MINNEAPOLIS W-3 P-03","Samantha Pree-Stinson","Steve Fletcher","Ginger Jentzen"
"MINNEAPOLIS W-3 P-03","Ginger Jentzen","Samantha Pree-Stinson","Steve Fletcher"
"MINNEAPOLIS W-3 P-03","Tim Bildsoe","skipped","skipped"
"MINNEAPOLIS W-3 P-03","Tim Bildsoe","Steve Fletcher","Samantha Pree-Stinson"
"MINNEAPOLIS W-3 P-03","Tim Bildsoe","skipped","skipped"
"MINNEAPOLIS W-3 P-03","Samantha Pree-Stinson","Ginger Jentzen","Steve Fletcher"
"MINNEAPOLIS W-3 P-03","skipped","skipped","skipped"
"MINNEAPOLIS W-3 P-03","skipped","skipped","skipped"
"MINNEAPOLIS W-3 P-03","Tim Bildsoe","Samantha Pree-Stinson","skipped"
"MINNEAPOLIS W-3 P-03","Ginger Jentzen","Tim Bildsoe","Samantha Pree-Stinson"
"MINNEAPOLIS W-3 P-03","Steve Fletcher","Tim Bildsoe","Ginger Jentzen"
"MINNEAPOLIS W-3 P-03","Ginger Jentzen","skipped","skipped"
"MINNEAPOLIS W-3 P-03","Samantha Pree-Stinson","Ginger Jentzen","skipped"
"MINNEAPOLIS W-3 P-03","Steve Fletcher","Tim Bildsoe","skipped"
"MINNEAPOLIS W-3 P-03","Samantha Pree-Stinson","Steve Fletcher","Ginger Jentzen"
"MINNEAPOLIS W-3 P-03","Ginger Jentzen","Steve Fletcher","Samantha Pree-Stinson"
"MINNEAPOLIS W-3 P-03","Tim Bildsoe","Steve Fletcher","skipped"
"MINNEAPOLIS W-3 P-03","Samantha Pree-Stinson","Ginger Jentzen","Tim Bildsoe"
"MINNEAPOLIS W-3 P-03","Ginger Jentzen","skipped","skipped"
"MINNEAPOLIS W-3 P-03","Tim Bildsoe","Samantha Pree-Stinson","skipped"
"MINNEAPOLIS W-3 P-03","Ginger Jentzen","Samantha Pree-Stinson","Steve Fletcher"
"MINNEAPOLIS W-3 P-03","Tim Bildsoe","Steve Fletcher","skipped"
"MINNEAPOLIS W-3 P-03","Ginger Jentzen","skipped","skipped"
"MINNEAPOLIS W-3 P-03","Ginger Jentzen","Steve Fletcher","Tim Bildsoe"
"MINNEAPOLIS W-3 P-03","Tim Bildsoe","skipped","skipped"
"MINNEAPOLIS W-3 P-03","Tim Bildsoe","skipped","skipped"
"MINNEAPOLIS W-3 P-03","Steve Fletcher","skipped","skipped"
"MINNEAPOLIS W-3 P-03","Samantha Pree-Stinson","Ginger Jentzen","Tim Bildsoe"
"MINNEAPOLIS W-3 P-03","Ginger Jentzen","Tim Bildsoe","Samantha Pree-Stinson"
"MINNEAPOLIS W-3 P-03","Ginger Jentzen","Ginger Jentzen","Ginger Jentzen"
"MINNEAPOLIS W-3 P-03","Steve Fletcher","Ginger Jentzen","skipped"
"MINNEAPOLIS W-3 P-03","Steve Fletcher","Samantha Pree-Stinson","Ginger Jentzen"
"MINNEAPOLIS W-3 P-03","Ginger Jentzen","skipped","skipped"
"MINNEAPOLIS W-3 P-03","Ginger Jentzen","skipped","skipped"
"MINNEAPOLIS W-3 P-03","skipped","skipped","skipped"
"MINNEAPOLIS W-3 P-03","Steve Fletcher","Ginger Jentzen","Samantha Pree-Stinson"
"MINNEAPOLIS W-3 P-03","Tim Bildsoe","skipped","skipped"
"MINNEAPOLIS W-3 P-03","Ginger Jentzen","Tim Bildsoe","Steve Fletcher"
"MINNEAPOLIS W-3 P-03","Ginger Jentzen","Samantha Pree-Stinson","skipped"
"MINNEAPOLIS W-3 P-03","Tim Bildsoe","Steve Fletcher","skipped"
"MINNEAPOLIS W-3 P-03","Samantha Pree-Stinson","Steve Fletcher","Ginger Jentzen"
"MINNEAPOLIS W-3 P-03","Tim Bildsoe","Steve Fletcher","skipped"
"MINNEAPOLIS W-3 P-03","Ginger Jentzen","Tim Bildsoe","Ginger Jentzen"
"MINNEAPOLIS W-3 P-03","Steve Fletcher","Tim Bildsoe","Samantha Pree-Stinson"
"MINNEAPOLIS W-3 P-03","Ginger Jentzen","Samantha Pree-Stinson","Steve Fletcher"
"MINNEAPOLIS W-3 P-03","Ginger Jentzen","Samantha Pree-Stinson","skipped"
"MINNEAPOLIS W-3 P-03","Ginger Jentzen","skipped","skipped"
"MINNEAPOLIS W-3 P-03","Steve Fletcher","skipped","skipped"
"MINNEAPOLIS W-3 P-03","Ginger Jentzen","Tim Bildsoe","Steve Fletcher"
"MINNEAPOLIS W-3 P-03","skipped","skipped","skipped"
"MINNEAPOLIS W-3 P-03","Tim Bildsoe","skipped","skipped"
"MINNEAPOLIS W-3 P-03","Steve Fletcher","Ginger Jentzen","Samantha Pree-Stinson"
"MINNEAPOLIS W-3 P-03","Steve Fletcher","skipped","skipped"
"MINNEAPOLIS W-3 P-03","Ginger Jentzen","Steve Fletcher","skipped"
"MINNEAPOLIS W-3 P-03","Samantha Pree-Stinson","Steve Fletcher","Ginger Jentzen"
"MINNEAPOLIS W-3 P-03","Tim Bildsoe","Steve Fletcher","Samantha Pree-Stinson"
"MINNEAPOLIS W-3 P-03","Tim Bildsoe","Steve Fletcher","Ginger Jentzen"
"MINNEAPOLIS W-3 P-03","skipped","skipped","skipped"
"MINNEAPOLIS W-3 P-03","Ginger Jentzen","Samantha Pree-Stinson","Steve Fletcher"
"MINNEAPOLIS W-3 P-03","Steve Fletcher","Ginger Jentzen","skipped"
"MINNEAPOLIS W-3 P-03","Samantha Pree-Stinson","Steve Fletcher","skipped"
"MINNEAPOLIS W-3 P-03","Tim Bildsoe","Ginger Jentzen","Steve Fletcher"
"MINNEAPOLIS W-3 P-03","Steve Fletcher","Tim Bildsoe","Ginger Jentzen"
"MINNEAPOLIS W-3 P-03","Tim Bildsoe","Steve Fletcher","skipped"
"MINNEAPOLIS W-3 P-03","Steve Fletcher","Ginger Jentzen","skipped"
"MINNEAPOLIS W-3 P-03","Steve Fletcher","Ginger Jentzen","Tim Bildsoe"
"MINNEAPOLIS W-3 P-03","Ginger Jentzen","Steve Fletcher","Tim Bildsoe"
"MINNEAPOLIS W-3 P-03","Tim Bildsoe","Steve Fletcher","Samantha Pree-Stinson"
"MINNEAPOLIS W-3 P-03","Ginger Jentzen","Steve Fletcher","Tim Bildsoe"
"MINNEAPOLIS W-3 P-03","Tim Bildsoe","Steve Fletcher","skipped"
"MINNEAPOLIS W-3 P-03","Ginger Jentzen","Steve Fletcher","Tim Bildsoe"
"MINNEAPOLIS W-3 P-03","Tim Bildsoe","Steve Fletcher","skipped"
"MINNEAPOLIS W-3 P-03","Tim Bildsoe","Ginger Jentzen","Steve Fletcher"
"MINNEAPOLIS W-3 P-03","Steve Fletcher","skipped","skipped"
"MINNEAPOLIS W-3 P-03","Steve Fletcher","Tim Bildsoe","skipped"
"MINNEAPOLIS W-3 P-03","Ginger Jentzen","Samantha Pree-Stinson","Steve Fletcher"
"MINNEAPOLIS W-3 P-03","Tim Bildsoe","Steve Fletcher","Samantha Pree-Stinson"
"MINNEAPOLIS W-3 P-03","Ginger Jentzen","skipped","skipped"
"MINNEAPOLIS W-3 P-03","skipped","skipped","skipped"
"MINNEAPOLIS W-3 P-03","Ginger Jentzen","Steve Fletcher","Samantha Pree-Stinson"
"MINNEAPOLIS W-3 P-03","Samantha Pree-Stinson","Ginger Jentzen","Tim Bildsoe"
"MINNEAPOLIS W-3 P-03","Steve Fletcher","Tim Bildsoe","Ginger Jentzen"
"MINNEAPOLIS W-3 P-03","Samantha Pree-Stinson","Steve Fletcher","Ginger Jentzen"
"MINNEAPOLIS W-3 P-03","Steve Fletcher","Tim Bildsoe","skipped"
"MINNEAPOLIS W-3 P-03","Ginger Jentzen","Tim Bildsoe","Steve Fletcher"
"MINNEAPOLIS W-3 P-03","Tim Bildsoe","Steve Fletcher","Samantha Pree-Stinson"
"MINNEAPOLIS W-3 P-03","Ginger Jentzen","Ginger Jentzen","Ginger Jentzen"
"MINNEAPOLIS W-3 P-03","Tim Bildsoe","Steve Fletcher","skipped"
"MINNEAPOLIS W-3 P-03","Samantha Pree-Stinson","Tim Bildsoe","Steve Fletcher"
"MINNEAPOLIS W-3 P-03","Tim Bildsoe","Steve Fletcher","Samantha Pree-Stinson"
"MINNEAPOLIS W-3 P-03","skipped","skipped","skipped"
"MINNEAPOLIS W-3 P-03","Ginger Jentzen","Samantha Pree-Stinson","Tim Bildsoe"
"MINNEAPOLIS W-3 P-03","Ginger Jentzen","Steve Fletcher","Tim Bildsoe"
"MINNEAPOLIS W-3 P-03","Ginger Jentzen","Samantha Pree-Stinson","Steve Fletcher"
"MINNEAPOLIS W-3 P-03","Tim Bildsoe","Steve Fletcher","skipped"
"MINNEAPOLIS W-3 P-03","Ginger Jentzen","Tim Bildsoe","Steve Fletcher"
"MINNEAPOLIS W-3 P-03","Ginger Jentzen","Steve Fletcher","skipped"
"MINNEAPOLIS W-3 P-03","Tim Bildsoe","Steve Fletcher","Tim Bildsoe"
"MINNEAPOLIS W-3 P-03","Steve Fletcher","Ginger Jentzen","skipped"
"MINNEAPOLIS W-3 P-03","Steve Fletcher","skipped","skipped"
"MINNEAPOLIS W-3 P-03","Steve Fletcher","Samantha Pree-Stinson","skipped"
"MINNEAPOLIS W-3 P-03","Ginger Jentzen","skipped","skipped"
"MINNEAPOLIS W-3 P-03","Samantha Pree-Stinson","Ginger Jentzen","skipped"
"MINNEAPOLIS W-3 P-03","Tim Bildsoe","Steve Fletcher","skipped"
"MINNEAPOLIS W-3 P-03","Ginger Jentzen","skipped","skipped"
"MINNEAPOLIS W-3 P-03","Steve Fletcher","Ginger Jentzen","skipped"
"MINNEAPOLIS W-3 P-03","Tim Bildsoe","Steve Fletcher","Ginger Jentzen"
"MINNEAPOLIS W-3 P-03","Tim Bildsoe","Steve Fletcher","Samantha Pree-Stinson"
"MINNEAPOLIS W-3 P-03","Samantha Pree-Stinson","skipped","skipped"
"MINNEAPOLIS W-3 P-03","Tim Bildsoe","Steve Fletcher","skipped"
"MINNEAPOLIS W-3 P-03","Steve Fletcher","Ginger Jentzen","Samantha Pree-Stinson"
"MINNEAPOLIS W-3 P-03","Steve Fletcher","Ginger Jentzen","Tim Bildsoe"
"MINNEAPOLIS W-3 P-03","Ginger Jentzen","skipped","skipped"
"MINNEAPOLIS W-3 P-03","Steve Fletcher","skipped","skipped"
"MINNEAPOLIS W-3 P-03","Tim Bildsoe","Ginger Jentzen","skipped"
"MINNEAPOLIS W-3 P-03","Tim Bildsoe","Steve Fletcher","skipped"
"MINNEAPOLIS W-3 P-03","skipped","skipped","skipped"
"MINNEAPOLIS W-3 P-03","Ginger Jentzen","Steve Fletcher","skipped"
"MINNEAPOLIS W-3 P-03","skipped","skipped","skipped"
"MINNEAPOLIS W-3 P-03","Tim Bildsoe","Steve Fletcher","Samantha Pree-Stinson"
"MINNEAPOLIS W-3 P-03","Ginger Jentzen","skipped","skipped"
"MINNEAPOLIS W-3 P-03","Ginger Jentzen","skipped","skipped"
"MINNEAPOLIS W-3 P-03","Steve Fletcher","Tim Bildsoe","Samantha Pree-Stinson"
"MINNEAPOLIS W-3 P-03","Ginger Jentzen","Samantha Pree-Stinson","skipped"
"MINNEAPOLIS W-3 P-03","Steve Fletcher","Samantha Pree-Stinson","Ginger Jentzen"
"MINNEAPOLIS W-3 P-03","Tim Bildsoe","Steve Fletcher","skipped"
"MINNEAPOLIS W-3 P-03","Tim Bildsoe","Steve Fletcher","skipped"
"MINNEAPOLIS W-3 P-03","Steve Fletcher","Steve Fletcher","Steve Fletcher"
"MINNEAPOLIS W-3 P-03","Steve Fletcher","skipped","skipped"
"MINNEAPOLIS W-3 P-03","Tim Bildsoe","Steve Fletcher","Ginger Jentzen"
"MINNEAPOLIS W-3 P-03","Ginger Jentzen","skipped","skipped"
"MINNEAPOLIS W-3 P-03","Steve Fletcher","Ginger Jentzen","Tim Bildsoe"
"MINNEAPOLIS W-3 P-03","Tim Bildsoe","Ginger Jentzen","Steve Fletcher"
"MINNEAPOLIS W-3 P-03","Steve Fletcher","Ginger Jentzen","skipped"
"MINNEAPOLIS W-3 P-03","Ginger Jentzen","Steve Fletcher","skipped"
"MINNEAPOLIS W-3 P-03","Ginger Jentzen","skipped","skipped"
"MINNEAPOLIS W-3 P-03","Samantha Pree-Stinson","Ginger Jentzen","writein"
"MINNEAPOLIS W-3 P-03","Steve Fletcher","Ginger Jentzen","Tim Bildsoe"
"MINNEAPOLIS W-3 P-03","Ginger Jentzen","Tim Bildsoe","skipped"
"MINNEAPOLIS W-3 P-03","Tim Bildsoe","skipped","skipped"
"MINNEAPOLIS W-3 P-03","Tim Bildsoe","skipped","skipped"
"MINNEAPOLIS W-3 P-03","Ginger Jentzen","skipped","skipped"
"MINNEAPOLIS W-3 P-03","Steve Fletcher","Ginger Jentzen","Samantha Pree-Stinson"
"MINNEAPOLIS W-3 P-03","Steve Fletcher","Tim Bildsoe","Ginger Jentzen"
"MINNEAPOLIS W-3 P-03","Ginger Jentzen","Samantha Pree-Stinson","skipped"
"MINNEAPOLIS W-3 P-03","Ginger Jentzen","Tim Bildsoe","Steve Fletcher"
"MINNEAPOLIS W-3 P-03","Tim Bildsoe","Steve Fletcher","Samantha Pree-Stinson"
"MINNEAPOLIS W-3 P-03","Ginger Jentzen","Samantha Pree-Stinson","Steve Fletcher"
"MINNEAPOLIS W-3 P-03","Ginger Jentzen","Tim Bildsoe","Ginger Jentzen"
"MINNEAPOLIS W-3 P-03","Ginger Jentzen","Samantha Pree-Stinson","writein"
"MINNEAPOLIS W-3 P-03","Ginger Jentzen","Tim Bildsoe","Samantha Pree-Stinson"
"MINNEAPOLIS W-3 P-03","Ginger Jentzen","skipped","skipped"
"MINNEAPOLIS W-3 P-03","Ginger Jentzen","Steve Fletcher","skipped"
"MINNEAPOLIS W-3 P-03","Ginger Jentzen","Steve Fletcher","skipped"
"MINNEAPOLIS W-3 P-03","Steve Fletcher","Tim Bildsoe","skipped"
"MINNEAPOLIS W-3 P-03","Steve Fletcher","Tim Bildsoe","Samantha Pree-Stinson"
"MINNEAPOLIS W-3 P-03","Ginger Jentzen","skipped","skipped"
"MINNEAPOLIS W-3 P-03","Tim Bildsoe","Steve Fletcher","Samantha Pree-Stinson"
"MINNEAPOLIS W-3 P-03","Steve Fletcher","Samantha Pree-Stinson","Tim Bildsoe"
"MINNEAPOLIS W-3 P-03","Ginger Jentzen","Steve Fletcher","Tim Bildsoe"
"MINNEAPOLIS W-3 P-03","Tim Bildsoe","Steve Fletcher","skipped"
"MINNEAPOLIS W-3 P-03","Tim Bildsoe","Samantha Pree-Stinson","Steve Fletcher"
"MINNEAPOLIS W-3 P-03","Samantha Pree-Stinson","skipped","skipped"
"MINNEAPOLIS W-3 P-03","Tim Bildsoe","skipped","skipped"
"MINNEAPOLIS W-3 P-03","Ginger Jentzen","Steve Fletcher","Tim Bildsoe"
"MINNEAPOLIS W-3 P-03","Ginger Jentzen","Samantha Pree-Stinson","Steve Fletcher"
"MINNEAPOLIS W-3 P-03","Tim Bildsoe","Steve Fletcher","Samantha Pree-Stinson"
"MINNEAPOLIS W-3 P-03","Steve Fletcher","Tim Bildsoe","Steve Fletcher"
"MINNEAPOLIS W-3 P-03","Ginger Jentzen","Samantha Pree-Stinson","Steve Fletcher"
"MINNEAPOLIS W-3 P-03","Tim Bildsoe","Steve Fletcher","Samantha Pree-Stinson"
"MINNEAPOLIS W-3 P-03","Tim Bildsoe","skipped","skipped"
"MINNEAPOLIS W-3 P-03","Ginger Jentzen","Samantha Pree-Stinson","Steve Fletcher"
"MINNEAPOLIS W-3 P-03","Steve Fletcher","Samantha Pree-Stinson","skipped"
"MINNEAPOLIS W-3 P-03","Steve Fletcher","Tim Bildsoe","Ginger Jentzen"
"MINNEAPOLIS W-3 P-03","Steve Fletcher","skipped","skipped"
"MINNEAPOLIS W-3 P-03","Ginger Jentzen","Samantha Pree-Stinson","Tim Bildsoe"
"MINNEAPOLIS W-3 P-03","Ginger Jentzen","Steve Fletcher","Tim Bildsoe"
"MINNEAPOLIS W-3 P-03","Ginger Jentzen","Steve Fletcher","Samantha Pree-Stinson"
"MINNEAPOLIS W-3 P-03","Steve Fletcher","skipped","skipped"
"MINNEAPOLIS W-3 P-03","Steve Fletcher","skipped","skipped"
"MINNEAPOLIS W-3 P-03","Steve Fletcher","skipped","skipped"
"MINNEAPOLIS W-3 P-03","Steve Fletcher","Ginger Jentzen","Tim Bildsoe"
"MINNEAPOLIS W-3 P-03","Steve Fletcher","Ginger Jentzen","Samantha Pree-Stinson"
"MINNEAPOLIS W-3 P-03","Tim Bildsoe","Steve Fletcher","Ginger Jentzen"
"MINNEAPOLIS W-3 P-03","Samantha Pree-Stinson","Steve Fletcher","Tim Bildsoe"
"MINNEAPOLIS W-3 P-03","Samantha Pree-Stinson","skipped","skipped"
"MINNEAPOLIS W-3 P-03","Steve Fletcher","Samantha Pree-Stinson","Ginger Jentzen"
"MINNEAPOLIS W-3 P-03","Ginger Jentzen","Samantha Pree-Stinson","Tim Bildsoe"
"MINNEAPOLIS W-3 P-03","Tim Bildsoe","Ginger Jentzen","Samantha Pree-Stinson"
"MINNEAPOLIS W-3 P-03","Steve Fletcher","Tim Bildsoe","Ginger Jentzen"
"MINNEAPOLIS W-3 P-03","Tim Bildsoe","skipped","skipped"
"MINNEAPOLIS W-3 P-03","Ginger Jentzen","Steve Fletcher","Samantha Pree-Stinson"
"MINNEAPOLIS W-3 P-03","Steve Fletcher","Samantha Pree-Stinson","skipped"
"MINNEAPOLIS W-3 P-03","Ginger Jentzen","Samantha Pree-Stinson","skipped"
"MINNEAPOLIS W-3 P-03","Steve Fletcher","skipped","skipped"
"MINNEAPOLIS W-3 P-03","Samantha Pree-Stinson","Ginger Jentzen","Steve Fletcher"
"MINNEAPOLIS W-3 P-03","Tim Bildsoe","Steve Fletcher","skipped"
"MINNEAPOLIS W-3 P-03","Steve Fletcher","Tim Bildsoe","Samantha Pree-Stinson"
"MINNEAPOLIS W-3 P-03","Steve Fletcher","Ginger Jentzen","Samantha Pree-Stinson"
"MINNEAPOLIS W-3 P-03","Tim Bildsoe","Steve Fletcher","skipped"
"MINNEAPOLIS W-3 P-03","Samantha Pree-Stinson","Ginger Jentzen","skipped"
"MINNEAPOLIS W-3 P-03","Ginger Jentzen","Steve Fletcher","skipped"
"MINNEAPOLIS W-3 P-03","Tim Bildsoe","skipped","skipped"
"MINNEAPOLIS W-3 P-03","Tim Bildsoe","Steve Fletcher","Samantha Pree-Stinson"
"MINNEAPOLIS W-3 P-03","Ginger Jentzen","Steve Fletcher","Tim Bildsoe"
"MINNEAPOLIS W-3 P-03","Tim Bildsoe","Steve Fletcher","Samantha Pree-Stinson"
"MINNEAPOLIS W-3 P-03","Steve Fletcher","Tim Bildsoe","Samantha Pree-Stinson"
"MINNEAPOLIS W-3 P-03","Tim Bildsoe","Steve Fletcher","Samantha Pree-Stinson"
"MINNEAPOLIS W-3 P-03","Samantha Pree-Stinson","Steve Fletcher","Ginger Jentzen"
"MINNEAPOLIS W-3 P-03","Samantha Pree-Stinson","Steve Fletcher","Ginger Jentzen"
"MINNEAPOLIS W-3 P-03","Ginger Jentzen","Tim Bildsoe","Samantha Pree-Stinson"
"MINNEAPOLIS W-3 P-03","Steve Fletcher","Tim Bildsoe","skipped"
"MINNEAPOLIS W-3 P-03","Ginger Jentzen","Samantha Pree-Stinson","Steve Fletcher"
"MINNEAPOLIS W-3 P-03","Samantha Pree-Stinson","Ginger Jentzen","Steve Fletcher"
"MINNEAPOLIS W-3 P-03","Samantha Pree-Stinson","Tim Bildsoe","skipped"
"MINNEAPOLIS W-3 P-03","Ginger Jentzen","skipped","skipped"
"MINNEAPOLIS W-3 P-03","Ginger Jentzen","Samantha Pree-Stinson","Tim Bildsoe"
"MINNEAPOLIS W-3 P-03","Tim Bildsoe","Steve Fletcher","skipped"
"MINNEAPOLIS W-3 P-03","Ginger Jentzen","skipped","skipped"
"MINNEAPOLIS W-3 P-03","Ginger Jentzen","skipped","skipped"
"MINNEAPOLIS W-3 P-03","Samantha Pree-Stinson","Ginger Jentzen","Steve Fletcher"
"MINNEAPOLIS W-3 P-03","Tim Bildsoe","Ginger Jentzen","Samantha Pree-Stinson"
"MINNEAPOLIS W-3 P-03","Tim Bildsoe","Steve Fletcher","skipped"
"MINNEAPOLIS W-3 P-03","Steve Fletcher","Tim Bildsoe","Samantha Pree-Stinson"
"MINNEAPOLIS W-3 P-03","Ginger Jentzen","Samantha Pree-Stinson","Tim Bildsoe"
"MINNEAPOLIS W-3 P-03","Samantha Pree-Stinson","Steve Fletcher","Ginger Jentzen"
"MINNEAPOLIS W-3 P-03","Ginger Jentzen","skipped","skipped"
"MINNEAPOLIS W-3 P-03","Samantha Pree-Stinson","Ginger Jentzen","Steve Fletcher"
"MINNEAPOLIS W-3 P-03","Steve Fletcher","writein","Samantha Pree-Stinson"
"MINNEAPOLIS W-3 P-03","Ginger Jentzen","Samantha Pree-Stinson","Steve Fletcher"
"MINNEAPOLIS W-3 P-03","Steve Fletcher","skipped","skipped"
"MINNEAPOLIS W-3 P-03","Ginger Jentzen","Steve Fletcher","skipped"
"MINNEAPOLIS W-3 P-03","Ginger Jentzen","Steve Fletcher","Samantha Pree-Stinson"
"MINNEAPOLIS W-3 P-03","Steve Fletcher","Tim Bildsoe","skipped"
"MINNEAPOLIS W-3 P-03","Ginger Jentzen","Samantha Pree-Stinson","Tim Bildsoe"
"MINNEAPOLIS W-3 P-03","Ginger Jentzen","Samantha Pree-Stinson","Steve Fletcher"
"MINNEAPOLIS W-3 P-03","Tim Bildsoe","Steve Fletcher","Ginger Jentzen"
"MINNEAPOLIS W-3 P-03","Tim Bildsoe","Steve Fletcher","Samantha Pree-Stinson"
"MINNEAPOLIS W-3 P-03","Tim Bildsoe","skipped","skipped"
"MINNEAPOLIS W-3 P-03","Ginger Jentzen","Tim Bildsoe","skipped"
"MINNEAPOLIS W-3 P-03","Ginger Jentzen","skipped","skipped"
"MINNEAPOLIS W-3 P-03","Ginger Jentzen","Samantha Pree-Stinson","skipped"
"MINNEAPOLIS W-3 P-03","skipped","skipped","skipped"
"MINNEAPOLIS W-3 P-03","Steve Fletcher","Tim Bildsoe","Ginger Jentzen"
"MINNEAPOLIS W-3 P-03","Ginger Jentzen","Tim Bildsoe","Steve Fletcher"
"MINNEAPOLIS W-3 P-03","Tim Bildsoe","skipped","skipped"
"MINNEAPOLIS W-3 P-03","Steve Fletcher","Tim Bildsoe","skipped"
"MINNEAPOLIS W-3 P-03","Tim Bildsoe","Steve Fletcher","skipped"
"MINNEAPOLIS W-3 P-03","Ginger Jentzen","Samantha Pree-Stinson","Steve Fletcher"
"MINNEAPOLIS W-3 P-03","Steve Fletcher","skipped","skipped"
"MINNEAPOLIS W-3 P-03","Steve Fletcher","Tim Bildsoe","skipped"
"MINNEAPOLIS W-3 P-03","Steve Fletcher","Ginger Jentzen","Tim Bildsoe"
"MINNEAPOLIS W-3 P-03","Tim Bildsoe","Steve Fletcher","Samantha Pree-Stinson"
"MINNEAPOLIS W-3 P-03","Steve Fletcher","Tim Bildsoe","Ginger Jentzen"
"MINNEAPOLIS W-3 P-03","Ginger Jentzen","skipped","skipped"
"MINNEAPOLIS W-3 P-03","Steve Fletcher","Ginger Jentzen","Samantha Pree-Stinson"
"MINNEAPOLIS W-3 P-03","Ginger Jentzen","Samantha Pree-Stinson","Tim Bildsoe"
"MINNEAPOLIS W-3 P-03","Steve Fletcher","Tim Bildsoe","Samantha Pree-Stinson"
"MINNEAPOLIS W-3 P-03","Tim Bildsoe","Steve Fletcher","Samantha Pree-Stinson"
"MINNEAPOLIS W-3 P-03","Samantha Pree-Stinson","Steve Fletcher","Ginger Jentzen"
"MINNEAPOLIS W-3 P-03","Steve Fletcher","Ginger Jentzen","Tim Bildsoe"
"MINNEAPOLIS W-3 P-03","Steve Fletcher","Tim Bildsoe","skipped"
"MINNEAPOLIS W-3 P-03","Samantha Pree-Stinson","Steve Fletcher","Tim Bildsoe"
"MINNEAPOLIS W-3 P-03","Ginger Jentzen","Samantha Pree-Stinson","Steve Fletcher"
"MINNEAPOLIS W-3 P-03","Samantha Pree-Stinson","Ginger Jentzen","Steve Fletcher"
"MINNEAPOLIS W-3 P-03","Ginger Jentzen","Steve Fletcher","Tim Bildsoe"
"MINNEAPOLIS W-3 P-03","Ginger Jentzen","skipped","skipped"
"MINNEAPOLIS W-3 P-03","Ginger Jentzen","Steve Fletcher","Samantha Pree-Stinson"
"MINNEAPOLIS W-3 P-03","Steve Fletcher","Tim Bildsoe","Ginger Jentzen"
"MINNEAPOLIS W-3 P-03","Steve Fletcher","Tim Bildsoe","Samantha Pree-Stinson"
"MINNEAPOLIS W-3 P-03","Ginger Jentzen","Tim Bildsoe","Steve Fletcher"
"MINNEAPOLIS W-3 P-03","Ginger Jentzen","Steve Fletcher","Tim Bildsoe"
"MINNEAPOLIS W-3 P-03","Ginger Jentzen","Samantha Pree-Stinson","skipped"
"MINNEAPOLIS W-3 P-03","skipped","skipped","skipped"
"MINNEAPOLIS W-3 P-03","Ginger Jentzen","skipped","skipped"
"MINNEAPOLIS W-3 P-03","Steve Fletcher","skipped","skipped"
"MINNEAPOLIS W-3 P-03","Steve Fletcher","Samantha Pree-Stinson","Tim Bildsoe"
"MINNEAPOLIS W-3 P-03","Tim Bildsoe","skipped","skipped"
"MINNEAPOLIS W-3 P-03","Samantha Pree-Stinson","Tim Bildsoe","skipped"
"MINNEAPOLIS W-3 P-03","Tim Bildsoe","Steve Fletcher","Samantha Pree-Stinson"
"MINNEAPOLIS W-3 P-03","Steve Fletcher","Tim Bildsoe","writein"
"MINNEAPOLIS W-3 P-03","Ginger Jentzen","skipped","skipped"
"MINNEAPOLIS W-3 P-03","Ginger Jentzen","Steve Fletcher","Samantha Pree-Stinson"
"MINNEAPOLIS W-3 P-03","Tim Bildsoe","skipped","skipped"
"MINNEAPOLIS W-3 P-03","Tim Bildsoe","skipped","skipped"
"MINNEAPOLIS W-3 P-03","Tim Bildsoe","Steve Fletcher","skipped"
"MINNEAPOLIS W-3 P-03","Samantha Pree-Stinson","Steve Fletcher","Ginger Jentzen"
"MINNEAPOLIS W-3 P-03","Tim Bildsoe","Steve Fletcher","Samantha Pree-Stinson"
"MINNEAPOLIS W-3 P-03","Tim Bildsoe","skipped","skipped"
"MINNEAPOLIS W-3 P-03","Ginger Jentzen","Tim Bildsoe","skipped"
"MINNEAPOLIS W-3 P-03","Steve Fletcher","Ginger Jentzen","Samantha Pree-Stinson"
"MINNEAPOLIS W-3 P-03","Steve Fletcher","Ginger Jentzen","skipped"
"MINNEAPOLIS W-3 P-03","Ginger Jentzen","Steve Fletcher","Tim Bildsoe"
"MINNEAPOLIS W-3 P-03","Tim Bildsoe","skipped","skipped"
"MINNEAPOLIS W-3 P-03","Steve Fletcher","Ginger Jentzen","skipped"
"MINNEAPOLIS W-3 P-03","Ginger Jentzen","Steve Fletcher","Samantha Pree-Stinson"
"MINNEAPOLIS W-3 P-03","Tim Bildsoe","Steve Fletcher","skipped"
"MINNEAPOLIS W-3 P-03","Steve Fletcher","Ginger Jentzen","Tim Bildsoe"
"MINNEAPOLIS W-3 P-03","Tim Bildsoe","Steve Fletcher","skipped"
"MINNEAPOLIS W-3 P-03","Ginger Jentzen","Samantha Pree-Stinson","Steve Fletcher"
"MINNEAPOLIS W-3 P-03","Ginger Jentzen","Samantha Pree-Stinson","skipped"
"MINNEAPOLIS W-3 P-03","Samantha Pree-Stinson","Tim Bildsoe","Steve Fletcher"
"MINNEAPOLIS W-3 P-03","Ginger Jentzen","Steve Fletcher","Samantha Pree-Stinson"
"MINNEAPOLIS W-3 P-03","Ginger Jentzen","Steve Fletcher","skipped"
"MINNEAPOLIS W-3 P-03","Tim Bildsoe","Ginger Jentzen","skipped"
"MINNEAPOLIS W-3 P-03","Ginger Jentzen","skipped","skipped"
"MINNEAPOLIS W-3 P-03","Tim Bildsoe","Steve Fletcher","skipped"
"MINNEAPOLIS W-3 P-03","Ginger Jentzen","Samantha Pree-Stinson","writein"
"MINNEAPOLIS W-3 P-03","Steve Fletcher","skipped","skipped"
"MINNEAPOLIS W-3 P-03","Steve Fletcher","skipped","skipped"
"MINNEAPOLIS W-3 P-03","Tim Bildsoe","skipped","skipped"
"MINNEAPOLIS W-3 P-03","Ginger Jentzen","Samantha Pree-Stinson","skipped"
"MINNEAPOLIS W-3 P-03","Samantha Pree-Stinson","Steve Fletcher","Ginger Jentzen"
"MINNEAPOLIS W-3 P-03","Steve Fletcher","Ginger Jentzen","Samantha Pree-Stinson"
"MINNEAPOLIS W-3 P-03","Samantha Pree-Stinson","skipped","skipped"
"MINNEAPOLIS W-3 P-03","Steve Fletcher","Ginger Jentzen","skipped"
"MINNEAPOLIS W-3 P-03","Steve Fletcher","Ginger Jentzen","Samantha Pree-Stinson"
"MINNEAPOLIS W-3 P-03","Ginger Jentzen","Steve Fletcher","Samantha Pree-Stinson"
"MINNEAPOLIS W-3 P-03","Ginger Jentzen","Tim Bildsoe","Steve Fletcher"
"MINNEAPOLIS W-3 P-03","Ginger Jentzen","Steve Fletcher","Tim Bildsoe"
"MINNEAPOLIS W-3 P-03","Ginger Jentzen","Samantha Pree-Stinson","skipped"
"MINNEAPOLIS W-3 P-03","Ginger Jentzen","Tim Bildsoe","Steve Fletcher"
"MINNEAPOLIS W-3 P-03","Steve Fletcher","Tim Bildsoe","Samantha Pree-Stinson"
"MINNEAPOLIS W-3 P-03","Steve Fletcher","Tim Bildsoe","skipped"
"MINNEAPOLIS W-3 P-03","Tim Bildsoe","Samantha Pree-Stinson","Steve Fletcher"
"MINNEAPOLIS W-3 P-03","Steve Fletcher","Tim Bildsoe","Ginger Jentzen"
"MINNEAPOLIS W-3 P-03","Steve Fletcher","skipped","skipped"
"MINNEAPOLIS W-3 P-03","Tim Bildsoe","Steve Fletcher","skipped"
"MINNEAPOLIS W-3 P-03","Tim Bildsoe","Steve Fletcher","Samantha Pree-Stinson"
"MINNEAPOLIS W-3 P-03","Ginger Jentzen","Samantha Pree-Stinson","Steve Fletcher"
"MINNEAPOLIS W-3 P-03","Ginger Jentzen","skipped","skipped"
"MINNEAPOLIS W-3 P-03","Ginger Jentzen","Steve Fletcher","Samantha Pree-Stinson"
"MINNEAPOLIS W-3 P-03","Ginger Jentzen","Steve Fletcher","Samantha Pree-Stinson"
"MINNEAPOLIS W-3 P-03","Steve Fletcher","Tim Bildsoe","Ginger Jentzen"
"MINNEAPOLIS W-3 P-03","Ginger Jentzen","Samantha Pree-Stinson","Steve Fletcher"
"MINNEAPOLIS W-3 P-03","Steve Fletcher","Samantha Pree-Stinson","Ginger Jentzen"
"MINNEAPOLIS W-3 P-03","Steve Fletcher","skipped","skipped"
"MINNEAPOLIS W-3 P-03","Tim Bildsoe","skipped","skipped"
"MINNEAPOLIS W-3 P-03","Samantha Pree-Stinson","Tim Bildsoe","Ginger Jentzen"
"MINNEAPOLIS W-3 P-03","Ginger Jentzen","Tim Bildsoe","skipped"
"MINNEAPOLIS W-3 P-03","Samantha Pree-Stinson","Steve Fletcher","Tim Bildsoe"
"MINNEAPOLIS W-3 P-03","Samantha Pree-Stinson","Ginger Jentzen","Steve Fletcher"
"MINNEAPOLIS W-3 P-03","Ginger Jentzen","Samantha Pree-Stinson","skipped"
"MINNEAPOLIS W-3 P-03","Ginger Jentzen","Samantha Pree-Stinson","Steve Fletcher"
"MINNEAPOLIS W-3 P-03","Ginger Jentzen","skipped","skipped"
"MINNEAPOLIS W-3 P-03","Ginger Jentzen","Steve Fletcher","Samantha Pree-Stinson"
"MINNEAPOLIS W-3 P-03","Ginger Jentzen","Samantha Pree-Stinson","Steve Fletcher"
"MINNEAPOLIS W-3 P-03","Steve Fletcher","Tim Bildsoe","Ginger Jentzen"
"MINNEAPOLIS W-3 P-03","Ginger Jentzen","Samantha Pree-Stinson","Steve Fletcher"
"MINNEAPOLIS W-3 P-03","Tim Bildsoe","Steve Fletcher","Ginger Jentzen"
"MINNEAPOLIS W-3 P-03","Ginger Jentzen","Tim Bildsoe","Samantha Pree-Stinson"
"MINNEAPOLIS W-3 P-03","Tim Bildsoe","Steve Fletcher","Ginger Jentzen"
"MINNEAPOLIS W-3 P-03","Ginger Jentzen","Steve Fletcher","Samantha Pree-Stinson"
"MINNEAPOLIS W-3 P-03","Ginger Jentzen","Tim Bildsoe","Steve Fletcher"
"MINNEAPOLIS W-3 P-03","Steve Fletcher","Ginger Jentzen","Samantha Pree-Stinson"
"MINNEAPOLIS W-3 P-03","Tim Bildsoe","Samantha Pree-Stinson","skipped"
"MINNEAPOLIS W-3 P-03","Tim Bildsoe","Samantha Pree-Stinson","skipped"
"MINNEAPOLIS W-3 P-03","Ginger Jentzen","Tim Bildsoe","Steve Fletcher"
"MINNEAPOLIS W-3 P-03","Ginger Jentzen","Steve Fletcher","Samantha Pree-Stinson"
"MINNEAPOLIS W-3 P-03","Tim Bildsoe","Steve Fletcher","Samantha Pree-Stinson"
"MINNEAPOLIS W-3 P-03","Samantha Pree-Stinson","Tim Bildsoe","skipped"
"MINNEAPOLIS W-3 P-03","Tim Bildsoe","Steve Fletcher","skipped"
"MINNEAPOLIS W-3 P-03","skipped","skipped","skipped"
"MINNEAPOLIS W-3 P-03","Steve Fletcher","Samantha Pree-Stinson","skipped"
"MINNEAPOLIS W-3 P-03","Samantha Pree-Stinson","Ginger Jentzen","skipped"
"MINNEAPOLIS W-3 P-03","Tim Bildsoe","Steve Fletcher","Ginger Jentzen"
"MINNEAPOLIS W-3 P-03","Steve Fletcher","Tim Bildsoe","Samantha Pree-Stinson"
"MINNEAPOLIS W-3 P-03","Steve Fletcher","Ginger Jentzen","skipped"
"MINNEAPOLIS W-3 P-03","Steve Fletcher","skipped","skipped"
"MINNEAPOLIS W-3 P-03","Tim Bildsoe","Ginger Jentzen","skipped"
"MINNEAPOLIS W-3 P-03","Tim Bildsoe","Steve Fletcher","Samantha Pree-Stinson"
"MINNEAPOLIS W-3 P-03","Ginger Jentzen","Steve Fletcher","skipped"
"MINNEAPOLIS W-3 P-03","Tim Bildsoe","Steve Fletcher","Ginger Jentzen"
"MINNEAPOLIS W-3 P-03","Ginger Jentzen","Steve Fletcher","Tim Bildsoe"
"MINNEAPOLIS W-3 P-03","Tim Bildsoe","Tim Bildsoe","Tim Bildsoe"
"MINNEAPOLIS W-3 P-03","Steve Fletcher","Steve Fletcher","Steve Fletcher"
"MINNEAPOLIS W-3 P-03","Steve Fletcher","skipped","skipped"
"MINNEAPOLIS W-3 P-03","Tim Bildsoe","skipped","skipped"
"MINNEAPOLIS W-3 P-03","Steve Fletcher","Ginger Jentzen","Tim Bildsoe"
"MINNEAPOLIS W-3 P-03","Ginger Jentzen","skipped","skipped"
"MINNEAPOLIS W-3 P-03","Ginger Jentzen","Tim Bildsoe","skipped"
"MINNEAPOLIS W-3 P-03","Tim Bildsoe","Samantha Pree-Stinson","Ginger Jentzen"
"MINNEAPOLIS W-3 P-03","Ginger Jentzen","Steve Fletcher","Tim Bildsoe"
"MINNEAPOLIS W-3 P-03","Ginger Jentzen","Samantha Pree-Stinson","Steve Fletcher"
"MINNEAPOLIS W-3 P-03","Steve Fletcher","Samantha Pree-Stinson","Tim Bildsoe"
"MINNEAPOLIS W-3 P-03","Steve Fletcher","Tim Bildsoe","Samantha Pree-Stinson"
"MINNEAPOLIS W-3 P-03","Ginger Jentzen","Samantha Pree-Stinson","skipped"
"MINNEAPOLIS W-3 P-03","Ginger Jentzen","Samantha Pree-Stinson","skipped"
"MINNEAPOLIS W-3 P-03","Ginger Jentzen","Samantha Pree-Stinson","Steve Fletcher"
"MINNEAPOLIS W-3 P-03","Ginger Jentzen","Samantha Pree-Stinson","Tim Bildsoe"
"MINNEAPOLIS W-3 P-03","Ginger Jentzen","Steve Fletcher","Tim Bildsoe"
"MINNEAPOLIS W-3 P-03","Steve Fletcher","skipped","skipped"
"MINNEAPOLIS W-3 P-03","Ginger Jentzen","Steve Fletcher","Samantha Pree-Stinson"
"MINNEAPOLIS W-3 P-03","Steve Fletcher","Tim Bildsoe","skipped"
"MINNEAPOLIS W-3 P-03","Steve Fletcher","Samantha Pree-Stinson","Ginger Jentzen"
"MINNEAPOLIS W-3 P-03","Ginger Jentzen","Samantha Pree-Stinson","Steve Fletcher"
"MINNEAPOLIS W-3 P-03","Ginger Jentzen","skipped","skipped"
"MINNEAPOLIS W-3 P-03","Steve Fletcher","skipped","skipped"
"MINNEAPOLIS W-3 P-03","Steve Fletcher","Samantha Pree-Stinson","Ginger Jentzen"
"MINNEAPOLIS W-3 P-03","Steve Fletcher","Samantha Pree-Stinson","Ginger Jentzen"
"MINNEAPOLIS W-3 P-03","Steve Fletcher","Ginger Jentzen","Samantha Pree-Stinson"
"MINNEAPOLIS W-3 P-03","Steve Fletcher","Tim Bildsoe","Ginger Jentzen"
"MINNEAPOLIS W-3 P-03","Steve Fletcher","Ginger Jentzen","Samantha Pree-Stinson"
"MINNEAPOLIS W-3 P-03","Steve Fletcher","skipped","skipped"
"MINNEAPOLIS W-3 P-03","Tim Bildsoe","Steve Fletcher","Ginger Jentzen"
"MINNEAPOLIS W-3 P-03","Samantha Pree-Stinson","skipped","skipped"
"MINNEAPOLIS W-3 P-03","skipped","skipped","skipped"
"MINNEAPOLIS W-3 P-03","Steve Fletcher","skipped","skipped"
"MINNEAPOLIS W-3 P-03","Steve Fletcher","Tim Bildsoe","Ginger Jentzen"
"MINNEAPOLIS W-3 P-03","Ginger Jentzen","Samantha Pree-Stinson","skipped"
"MINNEAPOLIS W-3 P-03","Steve Fletcher","Steve Fletcher","Tim Bildsoe"
"MINNEAPOLIS W-3 P-03","Tim Bildsoe","Steve Fletcher","Samantha Pree-Stinson"
"MINNEAPOLIS W-3 P-03","Ginger Jentzen","Samantha Pree-Stinson","Steve Fletcher"
"MINNEAPOLIS W-3 P-03","Steve Fletcher","skipped","skipped"
"MINNEAPOLIS W-3 P-03","Tim Bildsoe","skipped","skipped"
"MINNEAPOLIS W-3 P-03","Ginger Jentzen","skipped","skipped"
"MINNEAPOLIS W-3 P-03","Ginger Jentzen","Steve Fletcher","Tim Bildsoe"
"MINNEAPOLIS W-3 P-03","Ginger Jentzen","skipped","skipped"
"MINNEAPOLIS W-3 P-03","Tim Bildsoe","Steve Fletcher","writein"
"MINNEAPOLIS W-3 P-03","Steve Fletcher","Ginger Jentzen","skipped"
"MINNEAPOLIS W-3 P-03","Samantha Pree-Stinson","Tim Bildsoe","Steve Fletcher"
"MINNEAPOLIS W-3 P-03","Ginger Jentzen","Steve Fletcher","skipped"
"MINNEAPOLIS W-3 P-03","Steve Fletcher","Ginger Jentzen","Tim Bildsoe"
"MINNEAPOLIS W-3 P-03","Steve Fletcher","Ginger Jentzen","Samantha Pree-Stinson"
"MINNEAPOLIS W-3 P-03","Tim Bildsoe","Samantha Pree-Stinson","Ginger Jentzen"
"MINNEAPOLIS W-3 P-03","Tim Bildsoe","Steve Fletcher","skipped"
"MINNEAPOLIS W-3 P-03","Tim Bildsoe","Ginger Jentzen","Steve Fletcher"
"MINNEAPOLIS W-3 P-03","Tim Bildsoe","Steve Fletcher","Samantha Pree-Stinson"
"MINNEAPOLIS W-3 P-03","Tim Bildsoe","Steve Fletcher","Samantha Pree-Stinson"
"MINNEAPOLIS W-3 P-03","Ginger Jentzen","skipped","skipped"
"MINNEAPOLIS W-3 P-03","Samantha Pree-Stinson","Steve Fletcher","Ginger Jentzen"
"MINNEAPOLIS W-3 P-03","Ginger Jentzen","Steve Fletcher","Tim Bildsoe"
"MINNEAPOLIS W-3 P-03","Ginger Jentzen","Tim Bildsoe","Steve Fletcher"
"MINNEAPOLIS W-3 P-03","Ginger Jentzen","Ginger Jentzen","Ginger Jentzen"
"MINNEAPOLIS W-3 P-03","Ginger Jentzen","Samantha Pree-Stinson","writein"
"MINNEAPOLIS W-3 P-03","Steve Fletcher","Tim Bildsoe","Samantha Pree-Stinson"
"MINNEAPOLIS W-3 P-03","Steve Fletcher","Tim Bildsoe","skipped"
"MINNEAPOLIS W-3 P-03","Ginger Jentzen","Steve Fletcher","Samantha Pree-Stinson"
"MINNEAPOLIS W-3 P-03","Tim Bildsoe","Ginger Jentzen","skipped"
"MINNEAPOLIS W-3 P-03","Tim Bildsoe","skipped","skipped"
"MINNEAPOLIS W-3 P-03","Steve Fletcher","Tim Bildsoe","Ginger Jentzen"
"MINNEAPOLIS W-3 P-03","Samantha Pree-Stinson","skipped","skipped"
"MINNEAPOLIS W-3 P-03","Ginger Jentzen","Tim Bildsoe","Steve Fletcher"
"MINNEAPOLIS W-3 P-03","Tim Bildsoe","Samantha Pree-Stinson","skipped"
"MINNEAPOLIS W-3 P-03","Steve Fletcher","Tim Bildsoe","Samantha Pree-Stinson"
"MINNEAPOLIS W-3 P-03","Ginger Jentzen","Samantha Pree-Stinson","Steve Fletcher"
"MINNEAPOLIS W-3 P-03","Ginger Jentzen","Steve Fletcher","Tim Bildsoe"
"MINNEAPOLIS W-3 P-03","Tim Bildsoe","Steve Fletcher","Samantha Pree-Stinson"
"MINNEAPOLIS W-3 P-03","Tim Bildsoe","skipped","skipped"
"MINNEAPOLIS W-3 P-03","Ginger Jentzen","skipped","skipped"
"MINNEAPOLIS W-3 P-03","Ginger Jentzen","Samantha Pree-Stinson","Steve Fletcher"
"MINNEAPOLIS W-3 P-03","Ginger Jentzen","Samantha Pree-Stinson","Steve Fletcher"
"MINNEAPOLIS W-3 P-03","Ginger Jentzen","Steve Fletcher","Samantha Pree-Stinson"
"MINNEAPOLIS W-3 P-03","skipped","skipped","skipped"
"MINNEAPOLIS W-3 P-03","Ginger Jentzen","Steve Fletcher","Samantha Pree-Stinson"
"MINNEAPOLIS W-3 P-03","Tim Bildsoe","Samantha Pree-Stinson","Steve Fletcher"
"MINNEAPOLIS W-3 P-03","Steve Fletcher","Tim Bildsoe","Ginger Jentzen"
"MINNEAPOLIS W-3 P-03","writein","writein","Tim Bildsoe"
"MINNEAPOLIS W-3 P-03","Tim Bildsoe","skipped","skipped"
"MINNEAPOLIS W-3 P-03","Steve Fletcher","Samantha Pree-Stinson","Ginger Jentzen"
"MINNEAPOLIS W-3 P-03","Ginger Jentzen","Steve Fletcher","Tim Bildsoe"
"MINNEAPOLIS W-3 P-03","Ginger Jentzen","Steve Fletcher","Samantha Pree-Stinson"
"MINNEAPOLIS W-3 P-03","Steve Fletcher","Ginger Jentzen","Samantha Pree-Stinson"
"MINNEAPOLIS W-3 P-03","Ginger Jentzen","Tim Bildsoe","skipped"
"MINNEAPOLIS W-3 P-03","Tim Bildsoe","Steve Fletcher","skipped"
"MINNEAPOLIS W-3 P-03","Ginger Jentzen","Tim Bildsoe","skipped"
"MINNEAPOLIS W-3 P-03","Tim Bildsoe","Steve Fletcher","skipped"
"MINNEAPOLIS W-3 P-03","Steve Fletcher","skipped","skipped"
"MINNEAPOLIS W-3 P-03","Ginger Jentzen","Steve Fletcher","Tim Bildsoe"
"MINNEAPOLIS W-3 P-03","Samantha Pree-Stinson","Steve Fletcher","skipped"
"MINNEAPOLIS W-3 P-03","Ginger Jentzen","Samantha Pree-Stinson","Steve Fletcher"
"MINNEAPOLIS W-3 P-03","Steve Fletcher","Tim Bildsoe","Ginger Jentzen"
"MINNEAPOLIS W-3 P-03","Samantha Pree-Stinson","Ginger Jentzen","skipped"
"MINNEAPOLIS W-3 P-03","Samantha Pree-Stinson","Tim Bildsoe","Steve Fletcher"
"MINNEAPOLIS W-3 P-03","Steve Fletcher","Samantha Pree-Stinson","Ginger Jentzen"
"MINNEAPOLIS W-3 P-03","Tim Bildsoe","Steve Fletcher","skipped"
"MINNEAPOLIS W-3 P-03","Steve Fletcher","Tim Bildsoe","skipped"
"MINNEAPOLIS W-3 P-03","Steve Fletcher","skipped","skipped"
"MINNEAPOLIS W-3 P-03","Steve Fletcher","Tim Bildsoe","skipped"
"MINNEAPOLIS W-3 P-03","Steve Fletcher","Ginger Jentzen","skipped"
"MINNEAPOLIS W-3 P-03","Ginger Jentzen","skipped","skipped"
"MINNEAPOLIS W-3 P-03","Ginger Jentzen","Samantha Pree-Stinson","Tim Bildsoe"
"MINNEAPOLIS W-3 P-03","skipped","skipped","skipped"
"MINNEAPOLIS W-3 P-03","Steve Fletcher","Tim Bildsoe","Ginger Jentzen"
"MINNEAPOLIS W-3 P-03","Steve Fletcher","Samantha Pree-Stinson","Tim Bildsoe"
"MINNEAPOLIS W-3 P-03","Steve Fletcher","Tim Bildsoe","Samantha Pree-Stinson"
"MINNEAPOLIS W-3 P-03","Steve Fletcher","skipped","skipped"
"MINNEAPOLIS W-3 P-03","Steve Fletcher","Ginger Jentzen","Samantha Pree-Stinson"
"MINNEAPOLIS W-3 P-03","Ginger Jentzen","Steve Fletcher","Tim Bildsoe"
"MINNEAPOLIS W-3 P-03","Ginger Jentzen","Samantha Pree-Stinson","Tim Bildsoe"
"MINNEAPOLIS W-3 P-03","Ginger Jentzen","Steve Fletcher","Samantha Pree-Stinson"
"MINNEAPOLIS W-3 P-03","Ginger Jentzen","Steve Fletcher","Samantha Pree-Stinson"
"MINNEAPOLIS W-3 P-03","Steve Fletcher","Ginger Jentzen","Tim Bildsoe"
"MINNEAPOLIS W-3 P-03","Ginger Jentzen","Steve Fletcher","Tim Bildsoe"
"MINNEAPOLIS W-3 P-03","Ginger Jentzen","Samantha Pree-Stinson","Tim Bildsoe"
"MINNEAPOLIS W-3 P-03","Ginger Jentzen","Samantha Pree-Stinson","Tim Bildsoe"
"MINNEAPOLIS W-3 P-03","Tim Bildsoe","Steve Fletcher","Samantha Pree-Stinson"
"MINNEAPOLIS W-3 P-03","Steve Fletcher","Ginger Jentzen","Samantha Pree-Stinson"
"MINNEAPOLIS W-3 P-03","Tim Bildsoe","Steve Fletcher","writein"
"MINNEAPOLIS W-3 P-03","Samantha Pree-Stinson","Ginger Jentzen","Steve Fletcher"
"MINNEAPOLIS W-3 P-03","Steve Fletcher","Tim Bildsoe","skipped"
"MINNEAPOLIS W-3 P-03","Steve Fletcher","Tim Bildsoe","Ginger Jentzen"
"MINNEAPOLIS W-3 P-03","Ginger Jentzen","Samantha Pree-Stinson","Steve Fletcher"
"MINNEAPOLIS W-3 P-03","Samantha Pree-Stinson","Tim Bildsoe","Steve Fletcher"
"MINNEAPOLIS W-3 P-03","Ginger Jentzen","Samantha Pree-Stinson","Steve Fletcher"
"MINNEAPOLIS W-3 P-03","Ginger Jentzen","Samantha Pree-Stinson","Tim Bildsoe"
"MINNEAPOLIS W-3 P-03","Ginger Jentzen","skipped","Samantha Pree-Stinson"
"MINNEAPOLIS W-3 P-03","Steve Fletcher","Ginger Jentzen","skipped"
"MINNEAPOLIS W-3 P-03","Ginger Jentzen","Samantha Pree-Stinson","writein"
"MINNEAPOLIS W-3 P-03","Ginger Jentzen","Samantha Pree-Stinson","Steve Fletcher"
"MINNEAPOLIS W-3 P-03","Steve Fletcher","Tim Bildsoe","skipped"
"MINNEAPOLIS W-3 P-03","Ginger Jentzen","Samantha Pree-Stinson","skipped"
"MINNEAPOLIS W-3 P-03","Ginger Jentzen","skipped","skipped"
"MINNEAPOLIS W-3 P-03","Ginger Jentzen","Steve Fletcher","Tim Bildsoe"
"MINNEAPOLIS W-3 P-03","Tim Bildsoe","Steve Fletcher","Ginger Jentzen"
"MINNEAPOLIS W-3 P-03","Samantha Pree-Stinson","Steve Fletcher","Ginger Jentzen"
"MINNEAPOLIS W-3 P-03","Tim Bildsoe","skipped","skipped"
"MINNEAPOLIS W-3 P-03","Tim Bildsoe","Steve Fletcher","Ginger Jentzen"
"MINNEAPOLIS W-3 P-03","Ginger Jentzen","Samantha Pree-Stinson","writein"
"MINNEAPOLIS W-3 P-03","Tim Bildsoe","Samantha Pree-Stinson","Ginger Jentzen"
"MINNEAPOLIS W-3 P-03","Ginger Jentzen","skipped","skipped"
"MINNEAPOLIS W-3 P-03","Ginger Jentzen","Samantha Pree-Stinson","skipped"
"MINNEAPOLIS W-3 P-03","skipped","skipped","skipped"
"MINNEAPOLIS W-3 P-03","Steve Fletcher","Samantha Pree-Stinson","Ginger Jentzen"
"MINNEAPOLIS W-3 P-03","Steve Fletcher","Ginger Jentzen","skipped"
"MINNEAPOLIS W-3 P-03","skipped","skipped","skipped"
"MINNEAPOLIS W-3 P-03","Ginger Jentzen","Steve Fletcher","Samantha Pree-Stinson"
"MINNEAPOLIS W-3 P-03","Tim Bildsoe","Steve Fletcher","Samantha Pree-Stinson"
"MINNEAPOLIS W-3 P-03","skipped","skipped","skipped"
"MINNEAPOLIS W-3 P-03","Samantha Pree-Stinson","Tim Bildsoe","Steve Fletcher"
"MINNEAPOLIS W-3 P-03","Tim Bildsoe","Samantha Pree-Stinson","Steve Fletcher"
"MINNEAPOLIS W-3 P-03","Ginger Jentzen","Steve Fletcher","Tim Bildsoe"
"MINNEAPOLIS W-3 P-03","Samantha Pree-Stinson","Ginger Jentzen","skipped"
"MINNEAPOLIS W-3 P-03","Ginger Jentzen","Tim Bildsoe","Steve Fletcher"
"MINNEAPOLIS W-3 P-03","Steve Fletcher","Ginger Jentzen","Samantha Pree-Stinson"
"MINNEAPOLIS W-3 P-03","Ginger Jentzen","Steve Fletcher","Tim Bildsoe"
"MINNEAPOLIS W-3 P-03","Steve Fletcher","Tim Bildsoe","skipped"
"MINNEAPOLIS W-3 P-03","Samantha Pree-Stinson","Steve Fletcher","Ginger Jentzen"
"MINNEAPOLIS W-3 P-03","Ginger Jentzen","skipped","skipped"
"MINNEAPOLIS W-3 P-03","Tim Bildsoe","Tim Bildsoe","Tim Bildsoe"
"MINNEAPOLIS W-3 P-03","Ginger Jentzen","skipped","skipped"
"MINNEAPOLIS W-3 P-03","Ginger Jentzen","Steve Fletcher","Samantha Pree-Stinson"
"MINNEAPOLIS W-3 P-03","Ginger Jentzen","Tim Bildsoe","Steve Fletcher"
"MINNEAPOLIS W-3 P-03","Steve Fletcher","Tim Bildsoe","skipped"
"MINNEAPOLIS W-3 P-03","Steve Fletcher","Ginger Jentzen","skipped"
"MINNEAPOLIS W-3 P-03","Tim Bildsoe","skipped","skipped"
"MINNEAPOLIS W-3 P-03","skipped","skipped","skipped"
"MINNEAPOLIS W-3 P-03","Ginger Jentzen","skipped","skipped"
"MINNEAPOLIS W-3 P-03","Tim Bildsoe","Ginger Jentzen","Steve Fletcher"
"MINNEAPOLIS W-3 P-03","Steve Fletcher","Tim Bildsoe","Samantha Pree-Stinson"
"MINNEAPOLIS W-3 P-03","Ginger Jentzen","skipped","skipped"
"MINNEAPOLIS W-3 P-03","Samantha Pree-Stinson","Steve Fletcher","Tim Bildsoe"
"MINNEAPOLIS W-3 P-03","Steve Fletcher","Samantha Pree-Stinson","Ginger Jentzen"
"MINNEAPOLIS W-3 P-03","Steve Fletcher","skipped","skipped"
"MINNEAPOLIS W-3 P-03","Ginger Jentzen","Tim Bildsoe","Steve Fletcher"
"MINNEAPOLIS W-3 P-03","Steve Fletcher","skipped","skipped"
"MINNEAPOLIS W-3 P-03","Samantha Pree-Stinson","Ginger Jentzen","Steve Fletcher"
"MINNEAPOLIS W-3 P-03","Ginger Jentzen","Samantha Pree-Stinson","Steve Fletcher"
"MINNEAPOLIS W-3 P-03","Tim Bildsoe","Steve Fletcher","Samantha Pree-Stinson"
"MINNEAPOLIS W-3 P-03","Steve Fletcher","Ginger Jentzen","skipped"
"MINNEAPOLIS W-3 P-03","Steve Fletcher","skipped","skipped"
"MINNEAPOLIS W-3 P-03","Tim Bildsoe","Steve Fletcher","skipped"
"MINNEAPOLIS W-3 P-03","Ginger Jentzen","skipped","skipped"
"MINNEAPOLIS W-3 P-03","Tim Bildsoe","Steve Fletcher","skipped"
"MINNEAPOLIS W-3 P-03","Steve Fletcher","Tim Bildsoe","Ginger Jentzen"
"MINNEAPOLIS W-3 P-03","Tim Bildsoe","Steve Fletcher","Ginger Jentzen"
"MINNEAPOLIS W-3 P-03","Tim Bildsoe","Steve Fletcher","Samantha Pree-Stinson"
"MINNEAPOLIS W-3 P-03","Ginger Jentzen","Samantha Pree-Stinson","Tim Bildsoe"
"MINNEAPOLIS W-3 P-03","Ginger Jentzen","Samantha Pree-Stinson","skipped"
"MINNEAPOLIS W-3 P-03","Steve Fletcher","Ginger Jentzen","skipped"
"MINNEAPOLIS W-3 P-03","Ginger Jentzen","Samantha Pree-Stinson","Ginger Jentzen"
"MINNEAPOLIS W-3 P-03","Steve Fletcher","skipped","skipped"
"MINNEAPOLIS W-3 P-03","Steve Fletcher","Tim Bildsoe","skipped"
"MINNEAPOLIS W-3 P-03","Ginger Jentzen","Steve Fletcher","Tim Bildsoe"
"MINNEAPOLIS W-3 P-03","Steve Fletcher","Tim Bildsoe","skipped"
"MINNEAPOLIS W-3 P-03","Steve Fletcher","Tim Bildsoe","Samantha Pree-Stinson"
"MINNEAPOLIS W-3 P-03","Steve Fletcher","Samantha Pree-Stinson","Ginger Jentzen"
"MINNEAPOLIS W-3 P-03","Ginger Jentzen","Steve Fletcher","Tim Bildsoe"
"MINNEAPOLIS W-3 P-03","Ginger Jentzen","Samantha Pree-Stinson","Steve Fletcher"
"MINNEAPOLIS W-3 P-03","Steve Fletcher","writein","Samantha Pree-Stinson"
"MINNEAPOLIS W-3 P-03","Steve Fletcher","Tim Bildsoe","skipped"
"MINNEAPOLIS W-3 P-03","Steve Fletcher","skipped","skipped"
"MINNEAPOLIS W-3 P-03","Tim Bildsoe","skipped","skipped"
"MINNEAPOLIS W-3 P-03","Steve Fletcher","Ginger Jentzen","skipped"
"MINNEAPOLIS W-3 P-03","Ginger Jentzen","skipped","skipped"
"MINNEAPOLIS W-3 P-03","Ginger Jentzen","Samantha Pree-Stinson","Tim Bildsoe"
"MINNEAPOLIS W-3 P-03","Samantha Pree-Stinson","Steve Fletcher","Tim Bildsoe"
"MINNEAPOLIS W-3 P-03","Tim Bildsoe","Steve Fletcher","skipped"
"MINNEAPOLIS W-3 P-03","Ginger Jentzen","Steve Fletcher","Samantha Pree-Stinson"
"MINNEAPOLIS W-3 P-03","Ginger Jentzen","Steve Fletcher","Samantha Pree-Stinson"
"MINNEAPOLIS W-3 P-03","Tim Bildsoe","Steve Fletcher","skipped"
"MINNEAPOLIS W-3 P-03","Tim Bildsoe","Steve Fletcher","skipped"
"MINNEAPOLIS W-3 P-03","Tim Bildsoe","Steve Fletcher","skipped"
"MINNEAPOLIS W-3 P-03","Ginger Jentzen","skipped","skipped"
"MINNEAPOLIS W-3 P-03","Tim Bildsoe","Steve Fletcher","skipped"
"MINNEAPOLIS W-3 P-03","Tim Bildsoe","Steve Fletcher","Ginger Jentzen"
"MINNEAPOLIS W-3 P-03","Tim Bildsoe","Steve Fletcher","Samantha Pree-Stinson"
"MINNEAPOLIS W-3 P-03","Tim Bildsoe","Steve Fletcher","writein"
"MINNEAPOLIS W-3 P-03","Tim Bildsoe","Steve Fletcher","skipped"
"MINNEAPOLIS W-3 P-03","Steve Fletcher","Ginger Jentzen","Samantha Pree-Stinson"
"MINNEAPOLIS W-3 P-03","Tim Bildsoe","Steve Fletcher","skipped"
"MINNEAPOLIS W-3 P-03","Samantha Pree-Stinson","Ginger Jentzen","Steve Fletcher"
"MINNEAPOLIS W-3 P-03","Ginger Jentzen","skipped","skipped"
"MINNEAPOLIS W-3 P-03","Ginger Jentzen","Tim Bildsoe","Steve Fletcher"
"MINNEAPOLIS W-3 P-03","Steve Fletcher","skipped","skipped"
"MINNEAPOLIS W-3 P-03","Steve Fletcher","Tim Bildsoe","Samantha Pree-Stinson"
"MINNEAPOLIS W-3 P-03","Tim Bildsoe","skipped","skipped"
"MINNEAPOLIS W-3 P-03","Ginger Jentzen","skipped","skipped"
"MINNEAPOLIS W-3 P-03","Steve Fletcher","Ginger Jentzen","Samantha Pree-Stinson"
"MINNEAPOLIS W-3 P-03","Samantha Pree-Stinson","skipped","skipped"
"MINNEAPOLIS W-3 P-03","Ginger Jentzen","Samantha Pree-Stinson","Tim Bildsoe"
"MINNEAPOLIS W-3 P-03","Tim Bildsoe","Steve Fletcher","Ginger Jentzen"
"MINNEAPOLIS W-3 P-03","Samantha Pree-Stinson","Steve Fletcher","skipped"
"MINNEAPOLIS W-3 P-03","Ginger Jentzen","Tim Bildsoe","Samantha Pree-Stinson"
"MINNEAPOLIS W-3 P-03","Samantha Pree-Stinson","Tim Bildsoe","Steve Fletcher"
"MINNEAPOLIS W-3 P-03","Steve Fletcher","Samantha Pree-Stinson","Tim Bildsoe"
"MINNEAPOLIS W-3 P-03","Steve Fletcher","Tim Bildsoe","skipped"
"MINNEAPOLIS W-3 P-03","Ginger Jentzen","Steve Fletcher","Samantha Pree-Stinson"
"MINNEAPOLIS W-3 P-03","Tim Bildsoe","Steve Fletcher","skipped"
"MINNEAPOLIS W-3 P-03","Ginger Jentzen","skipped","skipped"
"MINNEAPOLIS W-3 P-03","Steve Fletcher","Ginger Jentzen","skipped"
"MINNEAPOLIS W-3 P-03","Samantha Pree-Stinson","skipped","skipped"
"MINNEAPOLIS W-3 P-03","Steve Fletcher","Ginger Jentzen","skipped"
"MINNEAPOLIS W-3 P-02","Steve Fletcher","Samantha Pree-Stinson","Ginger Jentzen"
"MINNEAPOLIS W-3 P-02","Ginger Jentzen","Samantha Pree-Stinson","Tim Bildsoe"
"MINNEAPOLIS W-3 P-02","Tim Bildsoe","Steve Fletcher","Samantha Pree-Stinson"
"MINNEAPOLIS W-3 P-02","Ginger Jentzen","Tim Bildsoe","Steve Fletcher"
"MINNEAPOLIS W-3 P-02","Ginger Jentzen","skipped","skipped"
"MINNEAPOLIS W-3 P-02","Ginger Jentzen","skipped","skipped"
"MINNEAPOLIS W-3 P-02","Ginger Jentzen","skipped","skipped"
"MINNEAPOLIS W-3 P-02","Samantha Pree-Stinson","skipped","skipped"
"MINNEAPOLIS W-3 P-02","Ginger Jentzen","Steve Fletcher","skipped"
"MINNEAPOLIS W-3 P-02","Steve Fletcher","Samantha Pree-Stinson","Ginger Jentzen"
"MINNEAPOLIS W-3 P-02","Tim Bildsoe","Samantha Pree-Stinson","Steve Fletcher"
"MINNEAPOLIS W-3 P-02","Tim Bildsoe","Steve Fletcher","skipped"
"MINNEAPOLIS W-3 P-02","Ginger Jentzen","Samantha Pree-Stinson","Steve Fletcher"
"MINNEAPOLIS W-3 P-02","Steve Fletcher","skipped","skipped"
"MINNEAPOLIS W-3 P-02","Ginger Jentzen","Tim Bildsoe","Steve Fletcher"
"MINNEAPOLIS W-3 P-02","Samantha Pree-Stinson","writein","writein"
"MINNEAPOLIS W-3 P-02","Ginger Jentzen","skipped","skipped"
"MINNEAPOLIS W-3 P-02","Tim Bildsoe","Samantha Pree-Stinson","Steve Fletcher"
"MINNEAPOLIS W-3 P-02","Steve Fletcher","Tim Bildsoe","Samantha Pree-Stinson"
"MINNEAPOLIS W-3 P-02","Ginger Jentzen","Tim Bildsoe","Steve Fletcher"
"MINNEAPOLIS W-3 P-02","Samantha Pree-Stinson","Steve Fletcher","Tim Bildsoe"
"MINNEAPOLIS W-3 P-02","Steve Fletcher","Samantha Pree-Stinson","skipped"
"MINNEAPOLIS W-3 P-02","Steve Fletcher","Samantha Pree-Stinson","skipped"
"MINNEAPOLIS W-3 P-02","Ginger Jentzen","skipped","skipped"
"MINNEAPOLIS W-3 P-02","Ginger Jentzen","skipped","skipped"
"MINNEAPOLIS W-3 P-02","Ginger Jentzen","Samantha Pree-Stinson","Steve Fletcher"
"MINNEAPOLIS W-3 P-02","Ginger Jentzen","Steve Fletcher","Samantha Pree-Stinson"
"MINNEAPOLIS W-3 P-02","Ginger Jentzen","Ginger Jentzen","Ginger Jentzen"
"MINNEAPOLIS W-3 P-02","Ginger Jentzen","Samantha Pree-Stinson","Ginger Jentzen"
"MINNEAPOLIS W-3 P-02","Tim Bildsoe","Samantha Pree-Stinson","Steve Fletcher"
"MINNEAPOLIS W-3 P-02","Ginger Jentzen","Samantha Pree-Stinson","Tim Bildsoe"
"MINNEAPOLIS W-3 P-02","Ginger Jentzen","Steve Fletcher","Samantha Pree-Stinson"
"MINNEAPOLIS W-3 P-02","Tim Bildsoe","Samantha Pree-Stinson","Ginger Jentzen"
"MINNEAPOLIS W-3 P-02","Ginger Jentzen","Samantha Pree-Stinson","skipped"
"MINNEAPOLIS W-3 P-02","Ginger Jentzen","Tim Bildsoe","Steve Fletcher"
"MINNEAPOLIS W-3 P-02","Steve Fletcher","Ginger Jentzen","Tim Bildsoe"
"MINNEAPOLIS W-3 P-02","Ginger Jentzen","skipped","skipped"
"MINNEAPOLIS W-3 P-02","Steve Fletcher","Tim Bildsoe","Samantha Pree-Stinson"
"MINNEAPOLIS W-3 P-02","Steve Fletcher","Tim Bildsoe","Samantha Pree-Stinson"
"MINNEAPOLIS W-3 P-02","Ginger Jentzen","writein","Tim Bildsoe"
"MINNEAPOLIS W-3 P-02","Ginger Jentzen","Steve Fletcher","Samantha Pree-Stinson"
"MINNEAPOLIS W-3 P-02","Ginger Jentzen","Steve Fletcher","Tim Bildsoe"
"MINNEAPOLIS W-3 P-02","Ginger Jentzen","skipped","skipped"
"MINNEAPOLIS W-3 P-02","Ginger Jentzen","skipped","skipped"
"MINNEAPOLIS W-3 P-02","Ginger Jentzen","skipped","skipped"
"MINNEAPOLIS W-3 P-02","Steve Fletcher","skipped","skipped"
"MINNEAPOLIS W-3 P-02","Ginger Jentzen","Steve Fletcher","skipped"
"MINNEAPOLIS W-3 P-02","Ginger Jentzen","Steve Fletcher","Samantha Pree-Stinson"
"MINNEAPOLIS W-3 P-02","Steve Fletcher","skipped","skipped"
"MINNEAPOLIS W-3 P-02","Tim Bildsoe","Steve Fletcher","skipped"
"MINNEAPOLIS W-3 P-02","Ginger Jentzen","skipped","skipped"
"MINNEAPOLIS W-3 P-02","Steve Fletcher","Ginger Jentzen","Tim Bildsoe"
"MINNEAPOLIS W-3 P-02","Ginger Jentzen","Samantha Pree-Stinson","skipped"
"MINNEAPOLIS W-3 P-02","Ginger Jentzen","Steve Fletcher","Samantha Pree-Stinson"
"MINNEAPOLIS W-3 P-02","Ginger Jentzen","Tim Bildsoe","skipped"
"MINNEAPOLIS W-3 P-02","Steve Fletcher","Ginger Jentzen","Samantha Pree-Stinson"
"MINNEAPOLIS W-3 P-02","Ginger Jentzen","Samantha Pree-Stinson","Steve Fletcher"
"MINNEAPOLIS W-3 P-02","Samantha Pree-Stinson","Tim Bildsoe","Ginger Jentzen"
"MINNEAPOLIS W-3 P-02","Ginger Jentzen","Steve Fletcher","Samantha Pree-Stinson"
"MINNEAPOLIS W-3 P-02","Ginger Jentzen","Steve Fletcher","Tim Bildsoe"
"MINNEAPOLIS W-3 P-02","Ginger Jentzen","Samantha Pree-Stinson","skipped"
"MINNEAPOLIS W-3 P-02","Ginger Jentzen","Samantha Pree-Stinson","writein"
"MINNEAPOLIS W-3 P-02","Tim Bildsoe","Ginger Jentzen","Samantha Pree-Stinson"
"MINNEAPOLIS W-3 P-02","skipped","skipped","skipped"
"MINNEAPOLIS W-3 P-02","Steve Fletcher","Ginger Jentzen","Tim Bildsoe"
"MINNEAPOLIS W-3 P-02","Samantha Pree-Stinson","Ginger Jentzen","Steve Fletcher"
"MINNEAPOLIS W-3 P-02","Steve Fletcher","Tim Bildsoe","Samantha Pree-Stinson"
"MINNEAPOLIS W-3 P-02","Tim Bildsoe","Steve Fletcher","Samantha Pree-Stinson"
"MINNEAPOLIS W-3 P-02","Samantha Pree-Stinson","Ginger Jentzen","Tim Bildsoe"
"MINNEAPOLIS W-3 P-02","Steve Fletcher","Tim Bildsoe","skipped"
"MINNEAPOLIS W-3 P-02","skipped","skipped","skipped"
"MINNEAPOLIS W-3 P-02","Steve Fletcher","Ginger Jentzen","Tim Bildsoe"
"MINNEAPOLIS W-3 P-02","Tim Bildsoe","Steve Fletcher","skipped"
"MINNEAPOLIS W-3 P-02","Ginger Jentzen","Samantha Pree-Stinson","Steve Fletcher"
"MINNEAPOLIS W-3 P-02","Steve Fletcher","Tim Bildsoe","Samantha Pree-Stinson"
"MINNEAPOLIS W-3 P-02","Samantha Pree-Stinson","Tim Bildsoe","skipped"
"MINNEAPOLIS W-3 P-02","Ginger Jentzen","Steve Fletcher","Samantha Pree-Stinson"
"MINNEAPOLIS W-3 P-02","Ginger Jentzen","Samantha Pree-Stinson","skipped"
"MINNEAPOLIS W-3 P-02","Ginger Jentzen","skipped","skipped"
"MINNEAPOLIS W-3 P-02","Ginger Jentzen","Steve Fletcher","Samantha Pree-Stinson"
"MINNEAPOLIS W-3 P-02","Ginger Jentzen","Steve Fletcher","skipped"
"MINNEAPOLIS W-3 P-02","Samantha Pree-Stinson","Ginger Jentzen","writein"
"MINNEAPOLIS W-3 P-02","Steve Fletcher","Samantha Pree-Stinson","Ginger Jentzen"
"MINNEAPOLIS W-3 P-02","Ginger Jentzen","Samantha Pree-Stinson","Tim Bildsoe"
"MINNEAPOLIS W-3 P-02","Ginger Jentzen","skipped","skipped"
"MINNEAPOLIS W-3 P-02","Ginger Jentzen","Steve Fletcher","Tim Bildsoe"
"MINNEAPOLIS W-3 P-02","Samantha Pree-Stinson","Ginger Jentzen","skipped"
"MINNEAPOLIS W-3 P-02","Tim Bildsoe","Steve Fletcher","Ginger Jentzen"
"MINNEAPOLIS W-3 P-02","Tim Bildsoe","Steve Fletcher","Samantha Pree-Stinson"
"MINNEAPOLIS W-3 P-02","Samantha Pree-Stinson","skipped","skipped"
"MINNEAPOLIS W-3 P-02","Ginger Jentzen","skipped","skipped"
"MINNEAPOLIS W-3 P-02","Ginger Jentzen","Tim Bildsoe","skipped"
"MINNEAPOLIS W-3 P-02","Ginger Jentzen","Steve Fletcher","Tim Bildsoe"
"MINNEAPOLIS W-3 P-02","Tim Bildsoe","Ginger Jentzen","skipped"
"MINNEAPOLIS W-3 P-02","Ginger Jentzen","Steve Fletcher","Tim Bildsoe"
"MINNEAPOLIS W-3 P-02","Ginger Jentzen","Samantha Pree-Stinson","Tim Bildsoe"
"MINNEAPOLIS W-3 P-02","Ginger Jentzen","Tim Bildsoe","Steve Fletcher"
"MINNEAPOLIS W-3 P-02","Tim Bildsoe","Steve Fletcher","Ginger Jentzen"
"MINNEAPOLIS W-3 P-02","Ginger Jentzen","Samantha Pree-Stinson","Tim Bildsoe"
"MINNEAPOLIS W-3 P-02","Steve Fletcher","Ginger Jentzen","Tim Bildsoe"
"MINNEAPOLIS W-3 P-02","Steve Fletcher","Samantha Pree-Stinson","skipped"
"MINNEAPOLIS W-3 P-02","Steve Fletcher","Ginger Jentzen","skipped"
"MINNEAPOLIS W-3 P-02","Ginger Jentzen","Samantha Pree-Stinson","Steve Fletcher"
"MINNEAPOLIS W-3 P-02","Tim Bildsoe","Steve Fletcher","skipped"
"MINNEAPOLIS W-3 P-02","Steve Fletcher","Tim Bildsoe","Ginger Jentzen"
"MINNEAPOLIS W-3 P-02","skipped","skipped","skipped"
"MINNEAPOLIS W-3 P-02","Steve Fletcher","Samantha Pree-Stinson","skipped"
"MINNEAPOLIS W-3 P-02","Ginger Jentzen","skipped","skipped"
"MINNEAPOLIS W-3 P-02","Ginger Jentzen","Ginger Jentzen","Ginger Jentzen"
"MINNEAPOLIS W-3 P-02","Ginger Jentzen","Steve Fletcher","skipped"
"MINNEAPOLIS W-3 P-02","Samantha Pree-Stinson","Ginger Jentzen","Samantha Pree-Stinson"
"MINNEAPOLIS W-3 P-02","Steve Fletcher","Ginger Jentzen","Tim Bildsoe"
"MINNEAPOLIS W-3 P-02","Steve Fletcher","Ginger Jentzen","Samantha Pree-Stinson"
"MINNEAPOLIS W-3 P-02","Steve Fletcher","Tim Bildsoe","skipped"
"MINNEAPOLIS W-3 P-02","Ginger Jentzen","Samantha Pree-Stinson","Tim Bildsoe"
"MINNEAPOLIS W-3 P-02","Steve Fletcher","Ginger Jentzen","skipped"
"MINNEAPOLIS W-3 P-02","Steve Fletcher","Ginger Jentzen","Tim Bildsoe"
"MINNEAPOLIS W-3 P-02","Ginger Jentzen","Steve Fletcher","Samantha Pree-Stinson"
"MINNEAPOLIS W-3 P-02","Tim Bildsoe","Ginger Jentzen","skipped"
"MINNEAPOLIS W-3 P-02","Ginger Jentzen","Steve Fletcher","skipped"
"MINNEAPOLIS W-3 P-02","Steve Fletcher","Ginger Jentzen","skipped"
"MINNEAPOLIS W-3 P-02","Ginger Jentzen","skipped","skipped"
"MINNEAPOLIS W-3 P-02","Samantha Pree-Stinson","Ginger Jentzen","Tim Bildsoe"
"MINNEAPOLIS W-3 P-02","Steve Fletcher","Tim Bildsoe","Ginger Jentzen"
"MINNEAPOLIS W-3 P-02","Tim Bildsoe","Steve Fletcher","skipped"
"MINNEAPOLIS W-3 P-02","Ginger Jentzen","Steve Fletcher","Tim Bildsoe"
"MINNEAPOLIS W-3 P-02","skipped","skipped","skipped"
"MINNEAPOLIS W-3 P-02","Ginger Jentzen","Steve Fletcher","Samantha Pree-Stinson"
"MINNEAPOLIS W-3 P-02","Tim Bildsoe","Steve Fletcher","Ginger Jentzen"
"MINNEAPOLIS W-3 P-02","Steve Fletcher","Ginger Jentzen","Tim Bildsoe"
"MINNEAPOLIS W-3 P-02","Ginger Jentzen","skipped","skipped"
"MINNEAPOLIS W-3 P-02","Ginger Jentzen","skipped","skipped"
"MINNEAPOLIS W-3 P-02","Tim Bildsoe","Steve Fletcher","Samantha Pree-Stinson"
"MINNEAPOLIS W-3 P-02","Ginger Jentzen","Samantha Pree-Stinson","Steve Fletcher"
"MINNEAPOLIS W-3 P-02","Ginger Jentzen","Samantha Pree-Stinson","skipped"
"MINNEAPOLIS W-3 P-02","Tim Bildsoe","Steve Fletcher","skipped"
"MINNEAPOLIS W-3 P-02","Ginger Jentzen","writein","Samantha Pree-Stinson"
"MINNEAPOLIS W-3 P-02","Samantha Pree-Stinson","Ginger Jentzen","Steve Fletcher"
"MINNEAPOLIS W-3 P-02","Steve Fletcher","Ginger Jentzen","skipped"
"MINNEAPOLIS W-3 P-02","Steve Fletcher","Tim Bildsoe","Ginger Jentzen"
"MINNEAPOLIS W-3 P-02","Ginger Jentzen","Samantha Pree-Stinson","Steve Fletcher"
"MINNEAPOLIS W-3 P-02","Tim Bildsoe","Ginger Jentzen","Steve Fletcher"
"MINNEAPOLIS W-3 P-02","Ginger Jentzen","Samantha Pree-Stinson","Tim Bildsoe"
"MINNEAPOLIS W-3 P-02","Ginger Jentzen","skipped","skipped"
"MINNEAPOLIS W-3 P-02","Tim Bildsoe","skipped","skipped"
"MINNEAPOLIS W-3 P-02","Tim Bildsoe","Steve Fletcher","skipped"
"MINNEAPOLIS W-3 P-02","Ginger Jentzen","skipped","skipped"
"MINNEAPOLIS W-3 P-02","Ginger Jentzen","Samantha Pree-Stinson","skipped"
"MINNEAPOLIS W-3 P-02","Ginger Jentzen","Samantha Pree-Stinson","Steve Fletcher"
"MINNEAPOLIS W-3 P-02","Tim Bildsoe","Steve Fletcher","skipped"
"MINNEAPOLIS W-3 P-02","skipped","skipped","skipped"
"MINNEAPOLIS W-3 P-02","Steve Fletcher","Ginger Jentzen","Samantha Pree-Stinson"
"MINNEAPOLIS W-3 P-02","Ginger Jentzen","Samantha Pree-Stinson","skipped"
"MINNEAPOLIS W-3 P-02","Ginger Jentzen","Samantha Pree-Stinson","skipped"
"MINNEAPOLIS W-3 P-02","Samantha Pree-Stinson","Tim Bildsoe","Steve Fletcher"
"MINNEAPOLIS W-3 P-02","Samantha Pree-Stinson","Ginger Jentzen","skipped"
"MINNEAPOLIS W-3 P-02","Ginger Jentzen","Samantha Pree-Stinson","Tim Bildsoe"
"MINNEAPOLIS W-3 P-02","Steve Fletcher","Tim Bildsoe","skipped"
"MINNEAPOLIS W-3 P-02","Tim Bildsoe","Ginger Jentzen","Steve Fletcher"
"MINNEAPOLIS W-3 P-02","Steve Fletcher","Tim Bildsoe","Ginger Jentzen"
"MINNEAPOLIS W-3 P-02","Steve Fletcher","Tim Bildsoe","Samantha Pree-Stinson"
"MINNEAPOLIS W-3 P-02","Ginger Jentzen","Steve Fletcher","Samantha Pree-Stinson"
"MINNEAPOLIS W-3 P-02","Ginger Jentzen","skipped","skipped"
"MINNEAPOLIS W-3 P-02","Steve Fletcher","Samantha Pree-Stinson","skipped"
"MINNEAPOLIS W-3 P-02","Ginger Jentzen","Tim Bildsoe","Steve Fletcher"
"MINNEAPOLIS W-3 P-02","Tim Bildsoe","Steve Fletcher","Ginger Jentzen"
"MINNEAPOLIS W-3 P-02","Ginger Jentzen","Steve Fletcher","Samantha Pree-Stinson"
"MINNEAPOLIS W-3 P-02","Steve Fletcher","Tim Bildsoe","Samantha Pree-Stinson"
"MINNEAPOLIS W-3 P-02","Ginger Jentzen","Samantha Pree-Stinson","Steve Fletcher"
"MINNEAPOLIS W-3 P-02","Steve Fletcher","Tim Bildsoe","Ginger Jentzen"
"MINNEAPOLIS W-3 P-02","Ginger Jentzen","overvote","Tim Bildsoe"
"MINNEAPOLIS W-3 P-02","Ginger Jentzen","skipped","skipped"
"MINNEAPOLIS W-3 P-02","Samantha Pree-Stinson","Tim Bildsoe","skipped"
"MINNEAPOLIS W-3 P-02","Ginger Jentzen","writein","writein"
"MINNEAPOLIS W-3 P-02","Steve Fletcher","Tim Bildsoe","Samantha Pree-Stinson"
"MINNEAPOLIS W-3 P-02","Ginger Jentzen","Steve Fletcher","Tim Bildsoe"
"MINNEAPOLIS W-3 P-02","Ginger Jentzen","skipped","skipped"
"MINNEAPOLIS W-3 P-02","Steve Fletcher","Samantha Pree-Stinson","skipped"
"MINNEAPOLIS W-3 P-02","Samantha Pree-Stinson","Steve Fletcher","Ginger Jentzen"
"MINNEAPOLIS W-3 P-02","Steve Fletcher","skipped","skipped"
"MINNEAPOLIS W-3 P-02","Tim Bildsoe","skipped","skipped"
"MINNEAPOLIS W-3 P-02","Ginger Jentzen","Tim Bildsoe","Steve Fletcher"
"MINNEAPOLIS W-3 P-02","Steve Fletcher","Samantha Pree-Stinson","Tim Bildsoe"
"MINNEAPOLIS W-3 P-02","Samantha Pree-Stinson","Steve Fletcher","Tim Bildsoe"
"MINNEAPOLIS W-3 P-02","Ginger Jentzen","Steve Fletcher","Samantha Pree-Stinson"
"MINNEAPOLIS W-3 P-02","Ginger Jentzen","Samantha Pree-Stinson","Tim Bildsoe"
"MINNEAPOLIS W-3 P-02","skipped","skipped","skipped"
"MINNEAPOLIS W-3 P-02","Steve Fletcher","Ginger Jentzen","Samantha Pree-Stinson"
"MINNEAPOLIS W-3 P-02","Ginger Jentzen","Samantha Pree-Stinson","skipped"
"MINNEAPOLIS W-3 P-02","Ginger Jentzen","skipped","skipped"
"MINNEAPOLIS W-3 P-02","Tim Bildsoe","Steve Fletcher","Samantha Pree-Stinson"
"MINNEAPOLIS W-3 P-02","Ginger Jentzen","Steve Fletcher","skipped"
"MINNEAPOLIS W-3 P-02","Ginger Jentzen","Tim Bildsoe","Samantha Pree-Stinson"
"MINNEAPOLIS W-3 P-02","Samantha Pree-Stinson","Tim Bildsoe","Steve Fletcher"
"MINNEAPOLIS W-3 P-02","Ginger Jentzen","Steve Fletcher","writein"
"MINNEAPOLIS W-3 P-02","Ginger Jentzen","Steve Fletcher","skipped"
"MINNEAPOLIS W-3 P-02","Ginger Jentzen","Samantha Pree-Stinson","Steve Fletcher"
"MINNEAPOLIS W-3 P-02","Ginger Jentzen","skipped","skipped"
"MINNEAPOLIS W-3 P-02","Ginger Jentzen","Samantha Pree-Stinson","skipped"
"MINNEAPOLIS W-3 P-02","Ginger Jentzen","skipped","skipped"
"MINNEAPOLIS W-3 P-02","Ginger Jentzen","skipped","skipped"
"MINNEAPOLIS W-3 P-02","Tim Bildsoe","Steve Fletcher","Samantha Pree-Stinson"
"MINNEAPOLIS W-3 P-02","Steve Fletcher","Tim Bildsoe","skipped"
"MINNEAPOLIS W-3 P-02","Ginger Jentzen","writein","writein"
"MINNEAPOLIS W-3 P-02","Ginger Jentzen","Steve Fletcher","Tim Bildsoe"
"MINNEAPOLIS W-3 P-02","Ginger Jentzen","Steve Fletcher","Tim Bildsoe"
"MINNEAPOLIS W-3 P-02","Ginger Jentzen","Samantha Pree-Stinson","Steve Fletcher"
"MINNEAPOLIS W-3 P-02","Steve Fletcher","Tim Bildsoe","Samantha Pree-Stinson"
"MINNEAPOLIS W-3 P-02","Steve Fletcher","Tim Bildsoe","Samantha Pree-Stinson"
"MINNEAPOLIS W-3 P-02","Tim Bildsoe","Steve Fletcher","skipped"
"MINNEAPOLIS W-3 P-02","Ginger Jentzen","Steve Fletcher","Tim Bildsoe"
"MINNEAPOLIS W-3 P-02","Ginger Jentzen","Samantha Pree-Stinson","skipped"
"MINNEAPOLIS W-3 P-02","Ginger Jentzen","Samantha Pree-Stinson","Tim Bildsoe"
"MINNEAPOLIS W-3 P-02","Samantha Pree-Stinson","Tim Bildsoe","Steve Fletcher"
"MINNEAPOLIS W-3 P-02","Ginger Jentzen","Samantha Pree-Stinson","Steve Fletcher"
"MINNEAPOLIS W-3 P-02","Steve Fletcher","skipped","skipped"
"MINNEAPOLIS W-3 P-02","Samantha Pree-Stinson","Steve Fletcher","skipped"
"MINNEAPOLIS W-3 P-02","Steve Fletcher","Tim Bildsoe","skipped"
"MINNEAPOLIS W-3 P-02","Steve Fletcher","Tim Bildsoe","skipped"
"MINNEAPOLIS W-3 P-02","Ginger Jentzen","Steve Fletcher","Samantha Pree-Stinson"
"MINNEAPOLIS W-3 P-02","Steve Fletcher","Tim Bildsoe","skipped"
"MINNEAPOLIS W-3 P-02","Tim Bildsoe","Steve Fletcher","Samantha Pree-Stinson"
"MINNEAPOLIS W-3 P-02","Ginger Jentzen","Steve Fletcher","Samantha Pree-Stinson"
"MINNEAPOLIS W-3 P-02","Ginger Jentzen","skipped","skipped"
"MINNEAPOLIS W-3 P-02","Steve Fletcher","Samantha Pree-Stinson","skipped"
"MINNEAPOLIS W-3 P-02","Ginger Jentzen","skipped","skipped"
"MINNEAPOLIS W-3 P-02","Steve Fletcher","Tim Bildsoe","skipped"
"MINNEAPOLIS W-3 P-02","Ginger Jentzen","Tim Bildsoe","Steve Fletcher"
"MINNEAPOLIS W-3 P-02","Ginger Jentzen","Samantha Pree-Stinson","Tim Bildsoe"
"MINNEAPOLIS W-3 P-02","Tim Bildsoe","Samantha Pree-Stinson","Steve Fletcher"
"MINNEAPOLIS W-3 P-02","overvote","Tim Bildsoe","Tim Bildsoe"
"MINNEAPOLIS W-3 P-02","Steve Fletcher","Tim Bildsoe","skipped"
"MINNEAPOLIS W-3 P-02","Tim Bildsoe","Ginger Jentzen","skipped"
"MINNEAPOLIS W-3 P-02","Tim Bildsoe","Tim Bildsoe","Samantha Pree-Stinson"
"MINNEAPOLIS W-3 P-02","Ginger Jentzen","Samantha Pree-Stinson","Steve Fletcher"
"MINNEAPOLIS W-3 P-02","Tim Bildsoe","Samantha Pree-Stinson","Steve Fletcher"
"MINNEAPOLIS W-3 P-02","Ginger Jentzen","skipped","skipped"
"MINNEAPOLIS W-3 P-02","Samantha Pree-Stinson","Steve Fletcher","Ginger Jentzen"
"MINNEAPOLIS W-3 P-02","skipped","skipped","skipped"
"MINNEAPOLIS W-3 P-02","Ginger Jentzen","Samantha Pree-Stinson","Tim Bildsoe"
"MINNEAPOLIS W-3 P-02","Ginger Jentzen","Samantha Pree-Stinson","skipped"
"MINNEAPOLIS W-3 P-02","Ginger Jentzen","Samantha Pree-Stinson","Steve Fletcher"
"MINNEAPOLIS W-3 P-02","Steve Fletcher","Samantha Pree-Stinson","Ginger Jentzen"
"MINNEAPOLIS W-3 P-02","Samantha Pree-Stinson","skipped","skipped"
"MINNEAPOLIS W-3 P-02","Ginger Jentzen","skipped","skipped"
"MINNEAPOLIS W-3 P-02","Tim Bildsoe","Steve Fletcher","Ginger Jentzen"
"MINNEAPOLIS W-3 P-02","Tim Bildsoe","Steve Fletcher","Ginger Jentzen"
"MINNEAPOLIS W-3 P-02","Ginger Jentzen","Samantha Pree-Stinson","Steve Fletcher"
"MINNEAPOLIS W-3 P-02","Ginger Jentzen","Samantha Pree-Stinson","Tim Bildsoe"
"MINNEAPOLIS W-3 P-02","Ginger Jentzen","Steve Fletcher","Tim Bildsoe"
"MINNEAPOLIS W-3 P-02","Tim Bildsoe","Steve Fletcher","writein"
"MINNEAPOLIS W-3 P-02","Steve Fletcher","Tim Bildsoe","Ginger Jentzen"
"MINNEAPOLIS W-3 P-02","Steve Fletcher","Tim Bildsoe","Samantha Pree-Stinson"
"MINNEAPOLIS W-3 P-02","Tim Bildsoe","Steve Fletcher","Samantha Pree-Stinson"
"MINNEAPOLIS W-3 P-02","Ginger Jentzen","Tim Bildsoe","Samantha Pree-Stinson"
"MINNEAPOLIS W-3 P-02","Ginger Jentzen","Steve Fletcher","skipped"
"MINNEAPOLIS W-3 P-02","Steve Fletcher","Ginger Jentzen","Samantha Pree-Stinson"
"MINNEAPOLIS W-3 P-02","Steve Fletcher","Ginger Jentzen","Samantha Pree-Stinson"
"MINNEAPOLIS W-3 P-02","Ginger Jentzen","Samantha Pree-Stinson","Steve Fletcher"
"MINNEAPOLIS W-3 P-02","Ginger Jentzen","Samantha Pree-Stinson","Steve Fletcher"
"MINNEAPOLIS W-3 P-02","Steve Fletcher","Tim Bildsoe","Samantha Pree-Stinson"
"MINNEAPOLIS W-3 P-02","Samantha Pree-Stinson","Steve Fletcher","Tim Bildsoe"
"MINNEAPOLIS W-3 P-02","Ginger Jentzen","Steve Fletcher","Tim Bildsoe"
"MINNEAPOLIS W-3 P-02","Ginger Jentzen","Samantha Pree-Stinson","Steve Fletcher"
"MINNEAPOLIS W-3 P-02","Ginger Jentzen","Samantha Pree-Stinson","skipped"
"MINNEAPOLIS W-3 P-02","Ginger Jentzen","skipped","skipped"
"MINNEAPOLIS W-3 P-02","Ginger Jentzen","skipped","skipped"
"MINNEAPOLIS W-3 P-02","Samantha Pree-Stinson","Tim Bildsoe","Steve Fletcher"
"MINNEAPOLIS W-3 P-02","Ginger Jentzen","Steve Fletcher","Samantha Pree-Stinson"
"MINNEAPOLIS W-3 P-02","Steve Fletcher","Tim Bildsoe","Ginger Jentzen"
"MINNEAPOLIS W-3 P-02","Ginger Jentzen","Samantha Pree-Stinson","skipped"
"MINNEAPOLIS W-3 P-02","Steve Fletcher","Samantha Pree-Stinson","Ginger Jentzen"
"MINNEAPOLIS W-3 P-02","Ginger Jentzen","Samantha Pree-Stinson","Steve Fletcher"
"MINNEAPOLIS W-3 P-02","Tim Bildsoe","Samantha Pree-Stinson","Steve Fletcher"
"MINNEAPOLIS W-3 P-02","Ginger Jentzen","skipped","skipped"
"MINNEAPOLIS W-3 P-02","Ginger Jentzen","Samantha Pree-Stinson","skipped"
"MINNEAPOLIS W-3 P-02","Tim Bildsoe","Steve Fletcher","Samantha Pree-Stinson"
"MINNEAPOLIS W-3 P-02","Ginger Jentzen","Samantha Pree-Stinson","writein"
"MINNEAPOLIS W-3 P-02","Samantha Pree-Stinson","Ginger Jentzen","Steve Fletcher"
"MINNEAPOLIS W-3 P-02","Steve Fletcher","skipped","skipped"
"MINNEAPOLIS W-3 P-02","Tim Bildsoe","skipped","skipped"
"MINNEAPOLIS W-3 P-02","Ginger Jentzen","Steve Fletcher","skipped"
"MINNEAPOLIS W-3 P-02","Ginger Jentzen","Steve Fletcher","Tim Bildsoe"
"MINNEAPOLIS W-3 P-02","Ginger Jentzen","Steve Fletcher","Samantha Pree-Stinson"
"MINNEAPOLIS W-3 P-02","Samantha Pree-Stinson","skipped","skipped"
"MINNEAPOLIS W-3 P-02","Ginger Jentzen","skipped","skipped"
"MINNEAPOLIS W-3 P-02","Tim Bildsoe","skipped","skipped"
"MINNEAPOLIS W-3 P-02","Ginger Jentzen","Steve Fletcher","skipped"
"MINNEAPOLIS W-3 P-02","Ginger Jentzen","writein","skipped"
"MINNEAPOLIS W-3 P-02","Ginger Jentzen","Samantha Pree-Stinson","skipped"
"MINNEAPOLIS W-3 P-02","Steve Fletcher","Samantha Pree-Stinson","Ginger Jentzen"
"MINNEAPOLIS W-3 P-02","Tim Bildsoe","Steve Fletcher","Ginger Jentzen"
"MINNEAPOLIS W-3 P-02","Ginger Jentzen","skipped","skipped"
"MINNEAPOLIS W-3 P-02","Ginger Jentzen","writein","Tim Bildsoe"
"MINNEAPOLIS W-3 P-02","Ginger Jentzen","Tim Bildsoe","Steve Fletcher"
"MINNEAPOLIS W-3 P-02","Ginger Jentzen","Samantha Pree-Stinson","Steve Fletcher"
"MINNEAPOLIS W-3 P-02","Ginger Jentzen","Samantha Pree-Stinson","skipped"
"MINNEAPOLIS W-3 P-02","Samantha Pree-Stinson","skipped","skipped"
"MINNEAPOLIS W-3 P-02","Samantha Pree-Stinson","Steve Fletcher","Ginger Jentzen"
"MINNEAPOLIS W-3 P-02","Ginger Jentzen","skipped","skipped"
"MINNEAPOLIS W-3 P-02","Ginger Jentzen","Samantha Pree-Stinson","skipped"
"MINNEAPOLIS W-3 P-02","Steve Fletcher","Tim Bildsoe","Ginger Jentzen"
"MINNEAPOLIS W-3 P-02","Tim Bildsoe","skipped","skipped"
"MINNEAPOLIS W-3 P-02","Tim Bildsoe","Ginger Jentzen","Samantha Pree-Stinson"
"MINNEAPOLIS W-3 P-02","Steve Fletcher","Tim Bildsoe","Ginger Jentzen"
"MINNEAPOLIS W-3 P-02","Ginger Jentzen","Samantha Pree-Stinson","Steve Fletcher"
"MINNEAPOLIS W-3 P-02","Ginger Jentzen","Samantha Pree-Stinson","Tim Bildsoe"
"MINNEAPOLIS W-3 P-02","Ginger Jentzen","Samantha Pree-Stinson","skipped"
"MINNEAPOLIS W-3 P-02","Samantha Pree-Stinson","Ginger Jentzen","Tim Bildsoe"
"MINNEAPOLIS W-3 P-02","Ginger Jentzen","skipped","skipped"
"MINNEAPOLIS W-3 P-02","Ginger Jentzen","Samantha Pree-Stinson","Steve Fletcher"
"MINNEAPOLIS W-3 P-02","Ginger Jentzen","Samantha Pree-Stinson","Steve Fletcher"
"MINNEAPOLIS W-3 P-02","Steve Fletcher","Tim Bildsoe","Samantha Pree-Stinson"
"MINNEAPOLIS W-3 P-02","Steve Fletcher","Tim Bildsoe","Samantha Pree-Stinson"
"MINNEAPOLIS W-3 P-02","Steve Fletcher","Tim Bildsoe","skipped"
"MINNEAPOLIS W-3 P-02","Ginger Jentzen","Tim Bildsoe","Steve Fletcher"
"MINNEAPOLIS W-3 P-02","Steve Fletcher","Ginger Jentzen","Tim Bildsoe"
"MINNEAPOLIS W-3 P-02","Tim Bildsoe","Ginger Jentzen","writein"
"MINNEAPOLIS W-3 P-02","Samantha Pree-Stinson","Ginger Jentzen","skipped"
"MINNEAPOLIS W-3 P-02","Ginger Jentzen","skipped","skipped"
"MINNEAPOLIS W-3 P-02","Ginger Jentzen","skipped","skipped"
"MINNEAPOLIS W-3 P-02","Ginger Jentzen","Samantha Pree-Stinson","Steve Fletcher"
"MINNEAPOLIS W-3 P-02","Ginger Jentzen","Samantha Pree-Stinson","skipped"
"MINNEAPOLIS W-3 P-02","Steve Fletcher","Ginger Jentzen","Samantha Pree-Stinson"
"MINNEAPOLIS W-3 P-02","Ginger Jentzen","Samantha Pree-Stinson","Tim Bildsoe"
"MINNEAPOLIS W-3 P-02","Ginger Jentzen","Samantha Pree-Stinson","skipped"
"MINNEAPOLIS W-3 P-02","Ginger Jentzen","Steve Fletcher","writein"
"MINNEAPOLIS W-3 P-02","Tim Bildsoe","Steve Fletcher","Ginger Jentzen"
"MINNEAPOLIS W-3 P-02","Ginger Jentzen","Samantha Pree-Stinson","Steve Fletcher"
"MINNEAPOLIS W-3 P-02","Steve Fletcher","Tim Bildsoe","Samantha Pree-Stinson"
"MINNEAPOLIS W-3 P-02","Ginger Jentzen","Samantha Pree-Stinson","skipped"
"MINNEAPOLIS W-3 P-02","Steve Fletcher","Ginger Jentzen","Samantha Pree-Stinson"
"MINNEAPOLIS W-3 P-02","Samantha Pree-Stinson","Steve Fletcher","Ginger Jentzen"
"MINNEAPOLIS W-3 P-02","Steve Fletcher","Samantha Pree-Stinson","skipped"
"MINNEAPOLIS W-3 P-02","Samantha Pree-Stinson","Samantha Pree-Stinson","Samantha Pree-Stinson"
"MINNEAPOLIS W-3 P-02","Tim Bildsoe","Steve Fletcher","Ginger Jentzen"
"MINNEAPOLIS W-3 P-02","Steve Fletcher","Ginger Jentzen","Tim Bildsoe"
"MINNEAPOLIS W-3 P-02","Steve Fletcher","Samantha Pree-Stinson","Tim Bildsoe"
"MINNEAPOLIS W-3 P-02","Samantha Pree-Stinson","Steve Fletcher","Ginger Jentzen"
"MINNEAPOLIS W-3 P-02","Ginger Jentzen","Steve Fletcher","Tim Bildsoe"
"MINNEAPOLIS W-3 P-02","Steve Fletcher","Ginger Jentzen","Samantha Pree-Stinson"
"MINNEAPOLIS W-3 P-02","Ginger Jentzen","skipped","skipped"
"MINNEAPOLIS W-3 P-02","Ginger Jentzen","Samantha Pree-Stinson","Steve Fletcher"
"MINNEAPOLIS W-3 P-02","Ginger Jentzen","Samantha Pree-Stinson","Steve Fletcher"
"MINNEAPOLIS W-3 P-02","Ginger Jentzen","Steve Fletcher","Samantha Pree-Stinson"
"MINNEAPOLIS W-3 P-02","Samantha Pree-Stinson","Tim Bildsoe","Steve Fletcher"
"MINNEAPOLIS W-3 P-02","Ginger Jentzen","Steve Fletcher","Tim Bildsoe"
"MINNEAPOLIS W-3 P-02","Ginger Jentzen","Samantha Pree-Stinson","Tim Bildsoe"
"MINNEAPOLIS W-3 P-02","Samantha Pree-Stinson","Ginger Jentzen","Steve Fletcher"
"MINNEAPOLIS W-3 P-02","Tim Bildsoe","Steve Fletcher","skipped"
"MINNEAPOLIS W-3 P-02","Ginger Jentzen","Tim Bildsoe","Steve Fletcher"
"MINNEAPOLIS W-3 P-02","Steve Fletcher","Samantha Pree-Stinson","Ginger Jentzen"
"MINNEAPOLIS W-3 P-02","Ginger Jentzen","Steve Fletcher","overvote"
"MINNEAPOLIS W-3 P-02","Ginger Jentzen","Samantha Pree-Stinson","Tim Bildsoe"
"MINNEAPOLIS W-3 P-02","Tim Bildsoe","skipped","skipped"
"MINNEAPOLIS W-3 P-02","Ginger Jentzen","Steve Fletcher","skipped"
"MINNEAPOLIS W-3 P-02","Tim Bildsoe","skipped","skipped"
"MINNEAPOLIS W-3 P-02","Steve Fletcher","Tim Bildsoe","Ginger Jentzen"
"MINNEAPOLIS W-3 P-02","Ginger Jentzen","Steve Fletcher","Samantha Pree-Stinson"
"MINNEAPOLIS W-3 P-02","Steve Fletcher","Tim Bildsoe","Ginger Jentzen"
"MINNEAPOLIS W-3 P-02","Steve Fletcher","Ginger Jentzen","skipped"
"MINNEAPOLIS W-3 P-02","Ginger Jentzen","Steve Fletcher","Samantha Pree-Stinson"
"MINNEAPOLIS W-3 P-02","Ginger Jentzen","Tim Bildsoe","Steve Fletcher"
"MINNEAPOLIS W-3 P-02","Tim Bildsoe","skipped","skipped"
"MINNEAPOLIS W-3 P-02","Ginger Jentzen","Tim Bildsoe","Steve Fletcher"
"MINNEAPOLIS W-3 P-02","Steve Fletcher","Ginger Jentzen","Samantha Pree-Stinson"
"MINNEAPOLIS W-3 P-02","Ginger Jentzen","skipped","skipped"
"MINNEAPOLIS W-3 P-02","Ginger Jentzen","skipped","skipped"
"MINNEAPOLIS W-3 P-02","Ginger Jentzen","Steve Fletcher","skipped"
"MINNEAPOLIS W-3 P-02","Tim Bildsoe","Ginger Jentzen","Steve Fletcher"
"MINNEAPOLIS W-3 P-02","Tim Bildsoe","Steve Fletcher","writein"
"MINNEAPOLIS W-3 P-02","Steve Fletcher","Tim Bildsoe","skipped"
"MINNEAPOLIS W-3 P-02","Tim Bildsoe","Steve Fletcher","Ginger Jentzen"
"MINNEAPOLIS W-3 P-02","Ginger Jentzen","skipped","skipped"
"MINNEAPOLIS W-3 P-02","Samantha Pree-Stinson","Steve Fletcher","skipped"
"MINNEAPOLIS W-3 P-02","Samantha Pree-Stinson","Ginger Jentzen","Tim Bildsoe"
"MINNEAPOLIS W-3 P-02","Steve Fletcher","Samantha Pree-Stinson","Samantha Pree-Stinson"
"MINNEAPOLIS W-3 P-02","Samantha Pree-Stinson","Steve Fletcher","Tim Bildsoe"
"MINNEAPOLIS W-3 P-02","Samantha Pree-Stinson","Ginger Jentzen","Steve Fletcher"
"MINNEAPOLIS W-3 P-02","Steve Fletcher","Ginger Jentzen","Tim Bildsoe"
"MINNEAPOLIS W-3 P-02","Steve Fletcher","Ginger Jentzen","skipped"
"MINNEAPOLIS W-3 P-02","Samantha Pree-Stinson","Ginger Jentzen","Steve Fletcher"
"MINNEAPOLIS W-3 P-02","Samantha Pree-Stinson","Ginger Jentzen","Tim Bildsoe"
"MINNEAPOLIS W-3 P-02","Samantha Pree-Stinson","Steve Fletcher","Tim Bildsoe"
"MINNEAPOLIS W-3 P-02","Ginger Jentzen","skipped","skipped"
"MINNEAPOLIS W-3 P-02","Steve Fletcher","Tim Bildsoe","Samantha Pree-Stinson"
"MINNEAPOLIS W-3 P-02","Steve Fletcher","Tim Bildsoe","skipped"
"MINNEAPOLIS W-3 P-02","Steve Fletcher","Ginger Jentzen","Steve Fletcher"
"MINNEAPOLIS W-3 P-02","Ginger Jentzen","Tim Bildsoe","Steve Fletcher"
"MINNEAPOLIS W-3 P-02","Ginger Jentzen","skipped","skipped"
"MINNEAPOLIS W-3 P-02","Tim Bildsoe","Ginger Jentzen","skipped"
"MINNEAPOLIS W-3 P-02","Tim Bildsoe","Steve Fletcher","skipped"
"MINNEAPOLIS W-3 P-02","Ginger Jentzen","Samantha Pree-Stinson","Steve Fletcher"
"MINNEAPOLIS W-3 P-02","Ginger Jentzen","Tim Bildsoe","skipped"
"MINNEAPOLIS W-3 P-02","Tim Bildsoe","Steve Fletcher","Samantha Pree-Stinson"
"MINNEAPOLIS W-3 P-02","Tim Bildsoe","skipped","skipped"
"MINNEAPOLIS W-3 P-02","Ginger Jentzen","Tim Bildsoe","Samantha Pree-Stinson"
"MINNEAPOLIS W-3 P-02","Samantha Pree-Stinson","Ginger Jentzen","Steve Fletcher"
"MINNEAPOLIS W-3 P-02","Tim Bildsoe","Ginger Jentzen","Steve Fletcher"
"MINNEAPOLIS W-3 P-02","Steve Fletcher","Samantha Pree-Stinson","skipped"
"MINNEAPOLIS W-3 P-02","Ginger Jentzen","Samantha Pree-Stinson","Steve Fletcher"
"MINNEAPOLIS W-3 P-02","Samantha Pree-Stinson","Steve Fletcher","Ginger Jentzen"
"MINNEAPOLIS W-3 P-02","Ginger Jentzen","skipped","skipped"
"MINNEAPOLIS W-3 P-02","Steve Fletcher","Samantha Pree-Stinson","Ginger Jentzen"
"MINNEAPOLIS W-3 P-02","Tim Bildsoe","Ginger Jentzen","Steve Fletcher"
"MINNEAPOLIS W-3 P-02","Ginger Jentzen","Steve Fletcher","Samantha Pree-Stinson"
"MINNEAPOLIS W-3 P-02","Ginger Jentzen","Tim Bildsoe","Steve Fletcher"
"MINNEAPOLIS W-3 P-02","Samantha Pree-Stinson","Ginger Jentzen","skipped"
"MINNEAPOLIS W-3 P-02","Ginger Jentzen","Steve Fletcher","Samantha Pree-Stinson"
"MINNEAPOLIS W-3 P-02","Samantha Pree-Stinson","Steve Fletcher","Tim Bildsoe"
"MINNEAPOLIS W-3 P-02","Ginger Jentzen","Steve Fletcher","Samantha Pree-Stinson"
"MINNEAPOLIS W-3 P-02","Tim Bildsoe","skipped","skipped"
"MINNEAPOLIS W-3 P-02","Tim Bildsoe","Steve Fletcher","Ginger Jentzen"
"MINNEAPOLIS W-3 P-02","Steve Fletcher","Ginger Jentzen","Samantha Pree-Stinson"
"MINNEAPOLIS W-3 P-02","Ginger Jentzen","Steve Fletcher","Samantha Pree-Stinson"
"MINNEAPOLIS W-3 P-02","Steve Fletcher","skipped","skipped"
"MINNEAPOLIS W-3 P-02","Tim Bildsoe","Steve Fletcher","skipped"
"MINNEAPOLIS W-3 P-02","Ginger Jentzen","Samantha Pree-Stinson","Steve Fletcher"
"MINNEAPOLIS W-3 P-02","Ginger Jentzen","Samantha Pree-Stinson","skipped"
"MINNEAPOLIS W-3 P-02","Steve Fletcher","Tim Bildsoe","skipped"
"MINNEAPOLIS W-3 P-02","Ginger Jentzen","skipped","skipped"
"MINNEAPOLIS W-3 P-02","Ginger Jentzen","Steve Fletcher","Tim Bildsoe"
"MINNEAPOLIS W-3 P-02","Steve Fletcher","Ginger Jentzen","skipped"
"MINNEAPOLIS W-3 P-02","Ginger Jentzen","Samantha Pree-Stinson","Steve Fletcher"
"MINNEAPOLIS W-3 P-02","Ginger Jentzen","skipped","skipped"
"MINNEAPOLIS W-3 P-02","Steve Fletcher","skipped","skipped"
"MINNEAPOLIS W-3 P-02","Steve Fletcher","Tim Bildsoe","Ginger Jentzen"
"MINNEAPOLIS W-3 P-02","Tim Bildsoe","skipped","skipped"
"MINNEAPOLIS W-3 P-02","Ginger Jentzen","Steve Fletcher","skipped"
"MINNEAPOLIS W-3 P-02","Samantha Pree-Stinson","Tim Bildsoe","Steve Fletcher"
"MINNEAPOLIS W-3 P-02","Steve Fletcher","Tim Bildsoe","Samantha Pree-Stinson"
"MINNEAPOLIS W-3 P-02","Ginger Jentzen","Samantha Pree-Stinson","Tim Bildsoe"
"MINNEAPOLIS W-3 P-02","Ginger Jentzen","Samantha Pree-Stinson","skipped"
"MINNEAPOLIS W-3 P-02","Tim Bildsoe","Steve Fletcher","Ginger Jentzen"
"MINNEAPOLIS W-3 P-02","Steve Fletcher","skipped","skipped"
"MINNEAPOLIS W-3 P-02","Ginger Jentzen","Ginger Jentzen","Ginger Jentzen"
"MINNEAPOLIS W-3 P-02","Samantha Pree-Stinson","Steve Fletcher","Tim Bildsoe"
"MINNEAPOLIS W-3 P-02","skipped","skipped","skipped"
"MINNEAPOLIS W-3 P-02","Ginger Jentzen","Samantha Pree-Stinson","Tim Bildsoe"
"MINNEAPOLIS W-3 P-02","Ginger Jentzen","Tim Bildsoe","Steve Fletcher"
"MINNEAPOLIS W-3 P-02","Ginger Jentzen","Tim Bildsoe","Steve Fletcher"
"MINNEAPOLIS W-3 P-02","Samantha Pree-Stinson","Ginger Jentzen","skipped"
"MINNEAPOLIS W-3 P-02","Ginger Jentzen","Steve Fletcher","Samantha Pree-Stinson"
"MINNEAPOLIS W-3 P-02","Samantha Pree-Stinson","Tim Bildsoe","Steve Fletcher"
"MINNEAPOLIS W-3 P-02","Ginger Jentzen","Samantha Pree-Stinson","Steve Fletcher"
"MINNEAPOLIS W-3 P-02","Ginger Jentzen","writein","writein"
"MINNEAPOLIS W-3 P-02","Tim Bildsoe","Samantha Pree-Stinson","Steve Fletcher"
"MINNEAPOLIS W-3 P-02","Tim Bildsoe","Steve Fletcher","Samantha Pree-Stinson"
"MINNEAPOLIS W-3 P-02","Steve Fletcher","Samantha Pree-Stinson","Ginger Jentzen"
"MINNEAPOLIS W-3 P-02","Tim Bildsoe","skipped","skipped"
"MINNEAPOLIS W-3 P-02","Ginger Jentzen","Tim Bildsoe","Steve Fletcher"
"MINNEAPOLIS W-3 P-02","Ginger Jentzen","Steve Fletcher","Tim Bildsoe"
"MINNEAPOLIS W-3 P-02","Ginger Jentzen","Tim Bildsoe","skipped"
"MINNEAPOLIS W-3 P-02","Ginger Jentzen","Steve Fletcher","skipped"
"MINNEAPOLIS W-3 P-02","Tim Bildsoe","Steve Fletcher","skipped"
"MINNEAPOLIS W-3 P-02","Ginger Jentzen","Steve Fletcher","Tim Bildsoe"
"MINNEAPOLIS W-3 P-02","Ginger Jentzen","Samantha Pree-Stinson","Steve Fletcher"
"MINNEAPOLIS W-3 P-02","Samantha Pree-Stinson","Steve Fletcher","skipped"
"MINNEAPOLIS W-3 P-02","Ginger Jentzen","Steve Fletcher","Tim Bildsoe"
"MINNEAPOLIS W-3 P-02","Ginger Jentzen","skipped","skipped"
"MINNEAPOLIS W-3 P-02","Steve Fletcher","Ginger Jentzen","skipped"
"MINNEAPOLIS W-3 P-02","Ginger Jentzen","skipped","skipped"
"MINNEAPOLIS W-3 P-02","Tim Bildsoe","skipped","skipped"
"MINNEAPOLIS W-3 P-02","Ginger Jentzen","Samantha Pree-Stinson","Tim Bildsoe"
"MINNEAPOLIS W-3 P-02","Steve Fletcher","Tim Bildsoe","Samantha Pree-Stinson"
"MINNEAPOLIS W-3 P-02","Tim Bildsoe","Steve Fletcher","skipped"
"MINNEAPOLIS W-3 P-02","Steve Fletcher","Ginger Jentzen","Samantha Pree-Stinson"
"MINNEAPOLIS W-3 P-02","Ginger Jentzen","Samantha Pree-Stinson","skipped"
"MINNEAPOLIS W-3 P-02","writein","skipped","skipped"
"MINNEAPOLIS W-3 P-02","Tim Bildsoe","skipped","skipped"
"MINNEAPOLIS W-3 P-02","Samantha Pree-Stinson","Ginger Jentzen","writein"
"MINNEAPOLIS W-3 P-02","Ginger Jentzen","Samantha Pree-Stinson","Steve Fletcher"
"MINNEAPOLIS W-3 P-02","Ginger Jentzen","skipped","skipped"
"MINNEAPOLIS W-3 P-02","Steve Fletcher","Ginger Jentzen","Tim Bildsoe"
"MINNEAPOLIS W-3 P-02","Tim Bildsoe","Tim Bildsoe","Tim Bildsoe"
"MINNEAPOLIS W-3 P-02","Ginger Jentzen","Steve Fletcher","Tim Bildsoe"
"MINNEAPOLIS W-3 P-02","Ginger Jentzen","Steve Fletcher","Samantha Pree-Stinson"
"MINNEAPOLIS W-3 P-02","Steve Fletcher","Tim Bildsoe","Ginger Jentzen"
"MINNEAPOLIS W-3 P-02","Ginger Jentzen","Steve Fletcher","Tim Bildsoe"
"MINNEAPOLIS W-3 P-02","Ginger Jentzen","skipped","skipped"
"MINNEAPOLIS W-3 P-02","Ginger Jentzen","Steve Fletcher","Samantha Pree-Stinson"
"MINNEAPOLIS W-3 P-02","Samantha Pree-Stinson","Steve Fletcher","Tim Bildsoe"
"MINNEAPOLIS W-3 P-02","Steve Fletcher","Tim Bildsoe","Samantha Pree-Stinson"
"MINNEAPOLIS W-3 P-02","Ginger Jentzen","Steve Fletcher","Tim Bildsoe"
"MINNEAPOLIS W-3 P-02","Steve Fletcher","Tim Bildsoe","Ginger Jentzen"
"MINNEAPOLIS W-3 P-02","Tim Bildsoe","skipped","skipped"
"MINNEAPOLIS W-3 P-02","Tim Bildsoe","Steve Fletcher","Samantha Pree-Stinson"
"MINNEAPOLIS W-3 P-02","Tim Bildsoe","Ginger Jentzen","Steve Fletcher"
"MINNEAPOLIS W-3 P-02","Ginger Jentzen","Samantha Pree-Stinson","Tim Bildsoe"
"MINNEAPOLIS W-3 P-02","Ginger Jentzen","skipped","skipped"
"MINNEAPOLIS W-3 P-02","Tim Bildsoe","Ginger Jentzen","Steve Fletcher"
"MINNEAPOLIS W-3 P-02","Steve Fletcher","Tim Bildsoe","skipped"
"MINNEAPOLIS W-3 P-02","skipped","skipped","skipped"
"MINNEAPOLIS W-3 P-02","Ginger Jentzen","Samantha Pree-Stinson","skipped"
"MINNEAPOLIS W-3 P-02","Steve Fletcher","Tim Bildsoe","Samantha Pree-Stinson"
"MINNEAPOLIS W-3 P-02","Ginger Jentzen","skipped","skipped"
"MINNEAPOLIS W-3 P-02","Ginger Jentzen","Samantha Pree-Stinson","Steve Fletcher"
"MINNEAPOLIS W-3 P-02","Ginger Jentzen","Steve Fletcher","Tim Bildsoe"
"MINNEAPOLIS W-3 P-02","Ginger Jentzen","Samantha Pree-Stinson","skipped"
"MINNEAPOLIS W-3 P-02","Steve Fletcher","Tim Bildsoe","Samantha Pree-Stinson"
"MINNEAPOLIS W-3 P-02","Tim Bildsoe","Steve Fletcher","Samantha Pree-Stinson"
"MINNEAPOLIS W-3 P-02","Tim Bildsoe","Steve Fletcher","Samantha Pree-Stinson"
"MINNEAPOLIS W-3 P-02","Ginger Jentzen","Steve Fletcher","Samantha Pree-Stinson"
"MINNEAPOLIS W-3 P-02","Steve Fletcher","Samantha Pree-Stinson","Ginger Jentzen"
"MINNEAPOLIS W-3 P-02","Ginger Jentzen","skipped","skipped"
"MINNEAPOLIS W-3 P-02","Ginger Jentzen","Samantha Pree-Stinson","Steve Fletcher"
"MINNEAPOLIS W-3 P-02","Steve Fletcher","Tim Bildsoe","skipped"
"MINNEAPOLIS W-3 P-02","Ginger Jentzen","skipped","skipped"
"MINNEAPOLIS W-3 P-02","Steve Fletcher","skipped","skipped"
"MINNEAPOLIS W-3 P-02","Ginger Jentzen","Steve Fletcher","Samantha Pree-Stinson"
"MINNEAPOLIS W-3 P-02","Samantha Pree-Stinson","Steve Fletcher","Ginger Jentzen"
"MINNEAPOLIS W-3 P-02","Ginger Jentzen","Samantha Pree-Stinson","Steve Fletcher"
"MINNEAPOLIS W-3 P-02","Ginger Jentzen","skipped","skipped"
"MINNEAPOLIS W-3 P-02","Steve Fletcher","skipped","skipped"
"MINNEAPOLIS W-3 P-02","Ginger Jentzen","Samantha Pree-Stinson","Tim Bildsoe"
"MINNEAPOLIS W-3 P-02","Ginger Jentzen","Tim Bildsoe","skipped"
"MINNEAPOLIS W-3 P-02","Ginger Jentzen","skipped","skipped"
"MINNEAPOLIS W-3 P-02","Ginger Jentzen","Steve Fletcher","Tim Bildsoe"
"MINNEAPOLIS W-3 P-02","Ginger Jentzen","Steve Fletcher","Tim Bildsoe"
"MINNEAPOLIS W-3 P-02","writein","skipped","skipped"
"MINNEAPOLIS W-3 P-02","Tim Bildsoe","skipped","skipped"
"MINNEAPOLIS W-3 P-02","skipped","skipped","skipped"
"MINNEAPOLIS W-3 P-02","Ginger Jentzen","Tim Bildsoe","Steve Fletcher"
"MINNEAPOLIS W-3 P-02","Tim Bildsoe","Steve Fletcher","skipped"
"MINNEAPOLIS W-3 P-02","Ginger Jentzen","Samantha Pree-Stinson","Steve Fletcher"
"MINNEAPOLIS W-3 P-02","Steve Fletcher","Ginger Jentzen","Tim Bildsoe"
"MINNEAPOLIS W-3 P-02","Ginger Jentzen","Samantha Pree-Stinson","skipped"
"MINNEAPOLIS W-3 P-02","Samantha Pree-Stinson","Tim Bildsoe","Steve Fletcher"
"MINNEAPOLIS W-3 P-02","Ginger Jentzen","Steve Fletcher","Tim Bildsoe"
"MINNEAPOLIS W-3 P-02","Samantha Pree-Stinson","Steve Fletcher","skipped"
"MINNEAPOLIS W-3 P-02","Tim Bildsoe","Steve Fletcher","skipped"
"MINNEAPOLIS W-3 P-02","Steve Fletcher","Tim Bildsoe","Ginger Jentzen"
"MINNEAPOLIS W-3 P-02","Tim Bildsoe","Steve Fletcher","Samantha Pree-Stinson"
"MINNEAPOLIS W-3 P-02","Ginger Jentzen","skipped","skipped"
"MINNEAPOLIS W-3 P-02","Ginger Jentzen","Steve Fletcher","Tim Bildsoe"
"MINNEAPOLIS W-3 P-02","Ginger Jentzen","Steve Fletcher","Samantha Pree-Stinson"
"MINNEAPOLIS W-3 P-02","Ginger Jentzen","Samantha Pree-Stinson","Steve Fletcher"
"MINNEAPOLIS W-3 P-02","Steve Fletcher","Samantha Pree-Stinson","Tim Bildsoe"
"MINNEAPOLIS W-3 P-02","Steve Fletcher","Tim Bildsoe","skipped"
"MINNEAPOLIS W-3 P-02","Samantha Pree-Stinson","Steve Fletcher","skipped"
"MINNEAPOLIS W-3 P-02","Steve Fletcher","Tim Bildsoe","Samantha Pree-Stinson"
"MINNEAPOLIS W-3 P-02","Samantha Pree-Stinson","Steve Fletcher","Ginger Jentzen"
"MINNEAPOLIS W-3 P-02","Samantha Pree-Stinson","Steve Fletcher","skipped"
"MINNEAPOLIS W-3 P-02","Ginger Jentzen","Samantha Pree-Stinson","Tim Bildsoe"
"MINNEAPOLIS W-3 P-02","Ginger Jentzen","skipped","skipped"
"MINNEAPOLIS W-3 P-02","Ginger Jentzen","Samantha Pree-Stinson","writein"
"MINNEAPOLIS W-3 P-02","Ginger Jentzen","Samantha Pree-Stinson","skipped"
"MINNEAPOLIS W-3 P-02","Ginger Jentzen","Tim Bildsoe","Steve Fletcher"
"MINNEAPOLIS W-3 P-02","Ginger Jentzen","Samantha Pree-Stinson","Steve Fletcher"
"MINNEAPOLIS W-3 P-02","Ginger Jentzen","Steve Fletcher","Samantha Pree-Stinson"
"MINNEAPOLIS W-3 P-02","Ginger Jentzen","skipped","skipped"
"MINNEAPOLIS W-3 P-02","Ginger Jentzen","Samantha Pree-Stinson","skipped"
"MINNEAPOLIS W-3 P-02","Ginger Jentzen","Samantha Pree-Stinson","skipped"
"MINNEAPOLIS W-3 P-02","Steve Fletcher","Ginger Jentzen","Tim Bildsoe"
"MINNEAPOLIS W-3 P-02","Tim Bildsoe","skipped","skipped"
"MINNEAPOLIS W-3 P-02","Ginger Jentzen","Samantha Pree-Stinson","skipped"
"MINNEAPOLIS W-3 P-02","Tim Bildsoe","skipped","skipped"
"MINNEAPOLIS W-3 P-02","Ginger Jentzen","Samantha Pree-Stinson","Steve Fletcher"
"MINNEAPOLIS W-3 P-02","Ginger Jentzen","skipped","skipped"
"MINNEAPOLIS W-3 P-02","Ginger Jentzen","Steve Fletcher","Samantha Pree-Stinson"
"MINNEAPOLIS W-3 P-02","Steve Fletcher","Tim Bildsoe","Samantha Pree-Stinson"
"MINNEAPOLIS W-3 P-02","Ginger Jentzen","Samantha Pree-Stinson","Tim Bildsoe"
"MINNEAPOLIS W-3 P-02","Ginger Jentzen","Steve Fletcher","Samantha Pree-Stinson"
"MINNEAPOLIS W-3 P-02","Ginger Jentzen","skipped","skipped"
"MINNEAPOLIS W-3 P-02","Ginger Jentzen","Samantha Pree-Stinson","Tim Bildsoe"
"MINNEAPOLIS W-3 P-02","Steve Fletcher","Tim Bildsoe","Samantha Pree-Stinson"
"MINNEAPOLIS W-3 P-02","Ginger Jentzen","skipped","skipped"
"MINNEAPOLIS W-3 P-02","Steve Fletcher","Tim Bildsoe","Ginger Jentzen"
"MINNEAPOLIS W-3 P-02","Ginger Jentzen","Samantha Pree-Stinson","skipped"
"MINNEAPOLIS W-3 P-02","Ginger Jentzen","skipped","skipped"
"MINNEAPOLIS W-3 P-02","Steve Fletcher","Tim Bildsoe","skipped"
"MINNEAPOLIS W-3 P-02","Steve Fletcher","Tim Bildsoe","skipped"
"MINNEAPOLIS W-3 P-02","Steve Fletcher","Tim Bildsoe","Samantha Pree-Stinson"
"MINNEAPOLIS W-3 P-02","Steve Fletcher","Samantha Pree-Stinson","Tim Bildsoe"
"MINNEAPOLIS W-3 P-02","Samantha Pree-Stinson","skipped","skipped"
"MINNEAPOLIS W-3 P-02","Ginger Jentzen","Samantha Pree-Stinson","Tim Bildsoe"
"MINNEAPOLIS W-3 P-02","Ginger Jentzen","skipped","skipped"
"MINNEAPOLIS W-3 P-02","Tim Bildsoe","Steve Fletcher","Samantha Pree-Stinson"
"MINNEAPOLIS W-3 P-02","Ginger Jentzen","skipped","skipped"
"MINNEAPOLIS W-3 P-02","Ginger Jentzen","skipped","skipped"
"MINNEAPOLIS W-3 P-02","Steve Fletcher","Samantha Pree-Stinson","Ginger Jentzen"
"MINNEAPOLIS W-3 P-02","Ginger Jentzen","Samantha Pree-Stinson","Steve Fletcher"
"MINNEAPOLIS W-3 P-02","Steve Fletcher","skipped","skipped"
"MINNEAPOLIS W-3 P-02","Ginger Jentzen","Samantha Pree-Stinson","Steve Fletcher"
"MINNEAPOLIS W-3 P-02","Steve Fletcher","Ginger Jentzen","Samantha Pree-Stinson"
"MINNEAPOLIS W-3 P-02","Ginger Jentzen","Steve Fletcher","Tim Bildsoe"
"MINNEAPOLIS W-3 P-02","Ginger Jentzen","Samantha Pree-Stinson","Tim Bildsoe"
"MINNEAPOLIS W-3 P-02","Ginger Jentzen","Steve Fletcher","Samantha Pree-Stinson"
"MINNEAPOLIS W-3 P-02","Ginger Jentzen","skipped","skipped"
"MINNEAPOLIS W-3 P-02","Ginger Jentzen","Tim Bildsoe","Samantha Pree-Stinson"
"MINNEAPOLIS W-3 P-02","Ginger Jentzen","Steve Fletcher","Samantha Pree-Stinson"
"MINNEAPOLIS W-3 P-02","Ginger Jentzen","Tim Bildsoe","Samantha Pree-Stinson"
"MINNEAPOLIS W-3 P-02","Ginger Jentzen","Samantha Pree-Stinson","skipped"
"MINNEAPOLIS W-3 P-02","Ginger Jentzen","skipped","skipped"
"MINNEAPOLIS W-3 P-02","Ginger Jentzen","Samantha Pree-Stinson","Steve Fletcher"
"MINNEAPOLIS W-3 P-02","Ginger Jentzen","skipped","skipped"
"MINNEAPOLIS W-3 P-02","Tim Bildsoe","Steve Fletcher","Ginger Jentzen"
"MINNEAPOLIS W-3 P-02","Ginger Jentzen","Samantha Pree-Stinson","Steve Fletcher"
"MINNEAPOLIS W-3 P-02","Ginger Jentzen","Samantha Pree-Stinson","skipped"
"MINNEAPOLIS W-3 P-02","Ginger Jentzen","skipped","skipped"
"MINNEAPOLIS W-3 P-02","Tim Bildsoe","skipped","skipped"
"MINNEAPOLIS W-3 P-02","Ginger Jentzen","Tim Bildsoe","Samantha Pree-Stinson"
"MINNEAPOLIS W-3 P-02","Tim Bildsoe","Steve Fletcher","Ginger Jentzen"
"MINNEAPOLIS W-3 P-02","Ginger Jentzen","Samantha Pree-Stinson","Steve Fletcher"
"MINNEAPOLIS W-3 P-02","Ginger Jentzen","Steve Fletcher","Samantha Pree-Stinson"
"MINNEAPOLIS W-3 P-02","Samantha Pree-Stinson","Ginger Jentzen","skipped"
"MINNEAPOLIS W-3 P-02","Ginger Jentzen","Samantha Pree-Stinson","skipped"
"MINNEAPOLIS W-3 P-02","Ginger Jentzen","Tim Bildsoe","Steve Fletcher"
"MINNEAPOLIS W-3 P-02","Ginger Jentzen","Tim Bildsoe","Steve Fletcher"
"MINNEAPOLIS W-3 P-02","Steve Fletcher","Samantha Pree-Stinson","Ginger Jentzen"
"MINNEAPOLIS W-3 P-02","Samantha Pree-Stinson","Tim Bildsoe","skipped"
"MINNEAPOLIS W-3 P-02","Steve Fletcher","Ginger Jentzen","Samantha Pree-Stinson"
"MINNEAPOLIS W-3 P-02","Tim Bildsoe","skipped","skipped"
"MINNEAPOLIS W-3 P-02","Steve Fletcher","Ginger Jentzen","Samantha Pree-Stinson"
"MINNEAPOLIS W-3 P-02","Ginger Jentzen","Samantha Pree-Stinson","Steve Fletcher"
"MINNEAPOLIS W-3 P-02","Samantha Pree-Stinson","Ginger Jentzen","Steve Fletcher"
"MINNEAPOLIS W-3 P-02","Ginger Jentzen","Tim Bildsoe","Steve Fletcher"
"MINNEAPOLIS W-3 P-02","Steve Fletcher","Tim Bildsoe","Samantha Pree-Stinson"
"MINNEAPOLIS W-3 P-02","Tim Bildsoe","Ginger Jentzen","Steve Fletcher"
"MINNEAPOLIS W-3 P-02","Tim Bildsoe","skipped","skipped"
"MINNEAPOLIS W-3 P-02","Ginger Jentzen","skipped","skipped"
"MINNEAPOLIS W-3 P-02","Steve Fletcher","Ginger Jentzen","Samantha Pree-Stinson"
"MINNEAPOLIS W-3 P-02","Ginger Jentzen","Steve Fletcher","Samantha Pree-Stinson"
"MINNEAPOLIS W-3 P-02","Steve Fletcher","Samantha Pree-Stinson","Ginger Jentzen"
"MINNEAPOLIS W-3 P-02","Tim Bildsoe","Ginger Jentzen","skipped"
"MINNEAPOLIS W-3 P-02","Ginger Jentzen","Samantha Pree-Stinson","Steve Fletcher"
"MINNEAPOLIS W-3 P-02","Steve Fletcher","Ginger Jentzen","Samantha Pree-Stinson"
"MINNEAPOLIS W-3 P-02","Ginger Jentzen","Samantha Pree-Stinson","Tim Bildsoe"
"MINNEAPOLIS W-3 P-02","Tim Bildsoe","Steve Fletcher","Ginger Jentzen"
"MINNEAPOLIS W-3 P-02","Ginger Jentzen","Samantha Pree-Stinson","skipped"
"MINNEAPOLIS W-3 P-02","Samantha Pree-Stinson","Tim Bildsoe","Steve Fletcher"
"MINNEAPOLIS W-3 P-02","Tim Bildsoe","Samantha Pree-Stinson","Ginger Jentzen"
"MINNEAPOLIS W-3 P-02","Ginger Jentzen","skipped","skipped"
"MINNEAPOLIS W-3 P-02","Ginger Jentzen","skipped","skipped"
"MINNEAPOLIS W-3 P-02","Steve Fletcher","Samantha Pree-Stinson","Ginger Jentzen"
"MINNEAPOLIS W-3 P-02","Tim Bildsoe","Ginger Jentzen","Samantha Pree-Stinson"
"MINNEAPOLIS W-3 P-02","Samantha Pree-Stinson","Ginger Jentzen","Steve Fletcher"
"MINNEAPOLIS W-3 P-02","Samantha Pree-Stinson","Ginger Jentzen","Steve Fletcher"
"MINNEAPOLIS W-3 P-02","Ginger Jentzen","Samantha Pree-Stinson","skipped"
"MINNEAPOLIS W-3 P-02","Ginger Jentzen","skipped","skipped"
"MINNEAPOLIS W-3 P-02","Ginger Jentzen","Samantha Pree-Stinson","Steve Fletcher"
"MINNEAPOLIS W-3 P-02","Ginger Jentzen","Samantha Pree-Stinson","Steve Fletcher"
"MINNEAPOLIS W-3 P-02","Ginger Jentzen","skipped","skipped"
"MINNEAPOLIS W-3 P-02","Ginger Jentzen","skipped","skipped"
"MINNEAPOLIS W-3 P-02","Ginger Jentzen","Samantha Pree-Stinson","Steve Fletcher"
"MINNEAPOLIS W-3 P-02","Steve Fletcher","Ginger Jentzen","Tim Bildsoe"
"MINNEAPOLIS W-3 P-02","Ginger Jentzen","Samantha Pree-Stinson","skipped"
"MINNEAPOLIS W-3 P-02","skipped","skipped","skipped"
"MINNEAPOLIS W-3 P-02","skipped","skipped","skipped"
"MINNEAPOLIS W-3 P-02","Steve Fletcher","Steve Fletcher","skipped"
"MINNEAPOLIS W-3 P-02","Ginger Jentzen","Samantha Pree-Stinson","Tim Bildsoe"
"MINNEAPOLIS W-3 P-02","Steve Fletcher","Ginger Jentzen","Samantha Pree-Stinson"
"MINNEAPOLIS W-3 P-02","Samantha Pree-Stinson","Steve Fletcher","Ginger Jentzen"
"MINNEAPOLIS W-3 P-02","Ginger Jentzen","skipped","skipped"
"MINNEAPOLIS W-3 P-02","Ginger Jentzen","Steve Fletcher","Tim Bildsoe"
"MINNEAPOLIS W-3 P-02","Tim Bildsoe","Steve Fletcher","writein"
"MINNEAPOLIS W-3 P-02","Steve Fletcher","Tim Bildsoe","Ginger Jentzen"
"MINNEAPOLIS W-3 P-02","Steve Fletcher","skipped","skipped"
"MINNEAPOLIS W-3 P-02","Tim Bildsoe","Steve Fletcher","Samantha Pree-Stinson"
"MINNEAPOLIS W-3 P-02","Ginger Jentzen","Tim Bildsoe","Steve Fletcher"
"MINNEAPOLIS W-3 P-02","Samantha Pree-Stinson","Steve Fletcher","Tim Bildsoe"
"MINNEAPOLIS W-3 P-02","Ginger Jentzen","Steve Fletcher","Samantha Pree-Stinson"
"MINNEAPOLIS W-3 P-02","Steve Fletcher","Ginger Jentzen","Tim Bildsoe"
"MINNEAPOLIS W-3 P-02","Ginger Jentzen","Tim Bildsoe","Steve Fletcher"
"MINNEAPOLIS W-3 P-02","Ginger Jentzen","Steve Fletcher","skipped"
"MINNEAPOLIS W-3 P-02","Steve Fletcher","skipped","skipped"
"MINNEAPOLIS W-3 P-02","Samantha Pree-Stinson","Steve Fletcher","Ginger Jentzen"
"MINNEAPOLIS W-3 P-02","Ginger Jentzen","Samantha Pree-Stinson","Steve Fletcher"
"MINNEAPOLIS W-3 P-02","Ginger Jentzen","Steve Fletcher","Samantha Pree-Stinson"
"MINNEAPOLIS W-3 P-02","Steve Fletcher","Tim Bildsoe","skipped"
"MINNEAPOLIS W-3 P-02","Tim Bildsoe","Steve Fletcher","Ginger Jentzen"
"MINNEAPOLIS W-3 P-02","Steve Fletcher","Tim Bildsoe","Ginger Jentzen"
"MINNEAPOLIS W-3 P-02","Ginger Jentzen","Tim Bildsoe","Samantha Pree-Stinson"
"MINNEAPOLIS W-3 P-02","Ginger Jentzen","Steve Fletcher","Samantha Pree-Stinson"
"MINNEAPOLIS W-3 P-02","Steve Fletcher","skipped","skipped"
"MINNEAPOLIS W-3 P-02","Ginger Jentzen","Samantha Pree-Stinson","Steve Fletcher"
"MINNEAPOLIS W-3 P-02","Steve Fletcher","Samantha Pree-Stinson","skipped"
"MINNEAPOLIS W-3 P-02","Ginger Jentzen","Steve Fletcher","Tim Bildsoe"
"MINNEAPOLIS W-3 P-02","Ginger Jentzen","skipped","skipped"
"MINNEAPOLIS W-3 P-02","Ginger Jentzen","Tim Bildsoe","Steve Fletcher"
"MINNEAPOLIS W-3 P-02","Steve Fletcher","Samantha Pree-Stinson","Tim Bildsoe"
"MINNEAPOLIS W-3 P-02","Samantha Pree-Stinson","Ginger Jentzen","Tim Bildsoe"
"MINNEAPOLIS W-3 P-02","Steve Fletcher","Samantha Pree-Stinson","Ginger Jentzen"
"MINNEAPOLIS W-3 P-02","Ginger Jentzen","Samantha Pree-Stinson","Tim Bildsoe"
"MINNEAPOLIS W-3 P-02","Tim Bildsoe","Samantha Pree-Stinson","Steve Fletcher"
"MINNEAPOLIS W-3 P-02","Steve Fletcher","skipped","skipped"
"MINNEAPOLIS W-3 P-02","Samantha Pree-Stinson","Steve Fletcher","Tim Bildsoe"
"MINNEAPOLIS W-3 P-02","Steve Fletcher","Tim Bildsoe","skipped"
"MINNEAPOLIS W-3 P-02","Ginger Jentzen","Steve Fletcher","Tim Bildsoe"
"MINNEAPOLIS W-3 P-02","Ginger Jentzen","Steve Fletcher","Tim Bildsoe"
"MINNEAPOLIS W-3 P-02","Ginger Jentzen","Steve Fletcher","Samantha Pree-Stinson"
"MINNEAPOLIS W-3 P-02","Steve Fletcher","Tim Bildsoe","Ginger Jentzen"
"MINNEAPOLIS W-3 P-02","Steve Fletcher","Tim Bildsoe","Samantha Pree-Stinson"
"MINNEAPOLIS W-3 P-02","Ginger Jentzen","skipped","skipped"
"MINNEAPOLIS W-3 P-02","Ginger Jentzen","Tim Bildsoe","skipped"
"MINNEAPOLIS W-3 P-02","Ginger Jentzen","Steve Fletcher","Tim Bildsoe"
"MINNEAPOLIS W-3 P-02","Ginger Jentzen","Steve Fletcher","Tim Bildsoe"
"MINNEAPOLIS W-3 P-02","Ginger Jentzen","Samantha Pree-Stinson","skipped"
"MINNEAPOLIS W-3 P-02","Ginger Jentzen","skipped","skipped"
"MINNEAPOLIS W-3 P-02","Steve Fletcher","Tim Bildsoe","Ginger Jentzen"
"MINNEAPOLIS W-3 P-02","Steve Fletcher","Ginger Jentzen","Samantha Pree-Stinson"
"MINNEAPOLIS W-3 P-02","Ginger Jentzen","Samantha Pree-Stinson","Steve Fletcher"
"MINNEAPOLIS W-3 P-02","Steve Fletcher","Samantha Pree-Stinson","Ginger Jentzen"
"MINNEAPOLIS W-3 P-02","Ginger Jentzen","Samantha Pree-Stinson","Steve Fletcher"
"MINNEAPOLIS W-3 P-02","Ginger Jentzen","Samantha Pree-Stinson","Steve Fletcher"
"MINNEAPOLIS W-3 P-02","Tim Bildsoe","Steve Fletcher","skipped"
"MINNEAPOLIS W-3 P-02","Ginger Jentzen","Samantha Pree-Stinson","Steve Fletcher"
"MINNEAPOLIS W-3 P-02","Tim Bildsoe","Steve Fletcher","skipped"
"MINNEAPOLIS W-3 P-02","Ginger Jentzen","Steve Fletcher","Tim Bildsoe"
"MINNEAPOLIS W-3 P-02","Ginger Jentzen","Tim Bildsoe","Steve Fletcher"
"MINNEAPOLIS W-3 P-02","Tim Bildsoe","Steve Fletcher","Ginger Jentzen"
"MINNEAPOLIS W-3 P-02","Ginger Jentzen","Tim Bildsoe","Steve Fletcher"
"MINNEAPOLIS W-3 P-02","Ginger Jentzen","Tim Bildsoe","Steve Fletcher"
"MINNEAPOLIS W-3 P-02","Ginger Jentzen","skipped","skipped"
"MINNEAPOLIS W-3 P-02","Steve Fletcher","Tim Bildsoe","Samantha Pree-Stinson"
"MINNEAPOLIS W-3 P-02","Ginger Jentzen","Samantha Pree-Stinson","skipped"
"MINNEAPOLIS W-3 P-02","Ginger Jentzen","Samantha Pree-Stinson","Steve Fletcher"
"MINNEAPOLIS W-3 P-02","Samantha Pree-Stinson","Tim Bildsoe","Steve Fletcher"
"MINNEAPOLIS W-3 P-02","Ginger Jentzen","Steve Fletcher","skipped"
"MINNEAPOLIS W-3 P-02","Ginger Jentzen","Steve Fletcher","Tim Bildsoe"
"MINNEAPOLIS W-3 P-02","Ginger Jentzen","Steve Fletcher","skipped"
"MINNEAPOLIS W-3 P-02","Ginger Jentzen","Samantha Pree-Stinson","Steve Fletcher"
"MINNEAPOLIS W-3 P-02","Ginger Jentzen","Samantha Pree-Stinson","Steve Fletcher"
"MINNEAPOLIS W-3 P-02","Ginger Jentzen","Tim Bildsoe","Steve Fletcher"
"MINNEAPOLIS W-3 P-02","Ginger Jentzen","Steve Fletcher","Samantha Pree-Stinson"
"MINNEAPOLIS W-3 P-02","Samantha Pree-Stinson","Ginger Jentzen","Tim Bildsoe"
"MINNEAPOLIS W-3 P-02","Steve Fletcher","Tim Bildsoe","Ginger Jentzen"
"MINNEAPOLIS W-3 P-02","Ginger Jentzen","Tim Bildsoe","Steve Fletcher"
"MINNEAPOLIS W-3 P-02","Ginger Jentzen","Steve Fletcher","Samantha Pree-Stinson"
"MINNEAPOLIS W-3 P-02","Ginger Jentzen","Steve Fletcher","skipped"
"MINNEAPOLIS W-3 P-02","Ginger Jentzen","skipped","skipped"
"MINNEAPOLIS W-3 P-02","Ginger Jentzen","skipped","skipped"
"MINNEAPOLIS W-3 P-02","Samantha Pree-Stinson","Ginger Jentzen","skipped"
"MINNEAPOLIS W-3 P-02","Ginger Jentzen","Tim Bildsoe","Steve Fletcher"
"MINNEAPOLIS W-3 P-02","Steve Fletcher","Tim Bildsoe","Samantha Pree-Stinson"
"MINNEAPOLIS W-3 P-02","Ginger Jentzen","skipped","skipped"
"MINNEAPOLIS W-3 P-02","Ginger Jentzen","Tim Bildsoe","Samantha Pree-Stinson"
"MINNEAPOLIS W-3 P-02","Ginger Jentzen","Samantha Pree-Stinson","skipped"
"MINNEAPOLIS W-3 P-02","Ginger Jentzen","Samantha Pree-Stinson","Tim Bildsoe"
"MINNEAPOLIS W-3 P-02","Tim Bildsoe","skipped","skipped"
"MINNEAPOLIS W-3 P-02","Ginger Jentzen","Steve Fletcher","skipped"
"MINNEAPOLIS W-3 P-02","Steve Fletcher","Tim Bildsoe","writein"
"MINNEAPOLIS W-3 P-02","Samantha Pree-Stinson","Ginger Jentzen","skipped"
"MINNEAPOLIS W-3 P-02","Ginger Jentzen","Samantha Pree-Stinson","skipped"
"MINNEAPOLIS W-3 P-02","Ginger Jentzen","Samantha Pree-Stinson","Tim Bildsoe"
"MINNEAPOLIS W-3 P-02","Ginger Jentzen","skipped","skipped"
"MINNEAPOLIS W-3 P-02","Steve Fletcher","Samantha Pree-Stinson","skipped"
"MINNEAPOLIS W-3 P-02","Ginger Jentzen","Steve Fletcher","Samantha Pree-Stinson"
"MINNEAPOLIS W-3 P-02","Steve Fletcher","Tim Bildsoe","Ginger Jentzen"
"MINNEAPOLIS W-3 P-02","Ginger Jentzen","Steve Fletcher","skipped"
"MINNEAPOLIS W-3 P-02","Steve Fletcher","Tim Bildsoe","Samantha Pree-Stinson"
"MINNEAPOLIS W-3 P-02","Ginger Jentzen","Samantha Pree-Stinson","skipped"
"MINNEAPOLIS W-3 P-02","Ginger Jentzen","Samantha Pree-Stinson","skipped"
"MINNEAPOLIS W-3 P-02","Tim Bildsoe","Samantha Pree-Stinson","Ginger Jentzen"
"MINNEAPOLIS W-3 P-02","skipped","skipped","skipped"
"MINNEAPOLIS W-3 P-02","Ginger Jentzen","Samantha Pree-Stinson","skipped"
"MINNEAPOLIS W-3 P-02","Steve Fletcher","Ginger Jentzen","Tim Bildsoe"
"MINNEAPOLIS W-3 P-02","Tim Bildsoe","Steve Fletcher","Samantha Pree-Stinson"
"MINNEAPOLIS W-3 P-02","Ginger Jentzen","Steve Fletcher","Tim Bildsoe"
"MINNEAPOLIS W-3 P-02","Steve Fletcher","Tim Bildsoe","Samantha Pree-Stinson"
"MINNEAPOLIS W-3 P-02","Steve Fletcher","Ginger Jentzen","Samantha Pree-Stinson"
"MINNEAPOLIS W-3 P-02","Ginger Jentzen","skipped","skipped"
"MINNEAPOLIS W-3 P-02","Ginger Jentzen","skipped","skipped"
"MINNEAPOLIS W-3 P-02","Ginger Jentzen","Samantha Pree-Stinson","Steve Fletcher"
"MINNEAPOLIS W-3 P-02","Samantha Pree-Stinson","Steve Fletcher","Tim Bildsoe"
"MINNEAPOLIS W-3 P-02","Ginger Jentzen","Samantha Pree-Stinson","Steve Fletcher"
"MINNEAPOLIS W-3 P-02","Steve Fletcher","Tim Bildsoe","skipped"
"MINNEAPOLIS W-3 P-02","Tim Bildsoe","Steve Fletcher","skipped"
"MINNEAPOLIS W-3 P-02","Steve Fletcher","Ginger Jentzen","Tim Bildsoe"
"MINNEAPOLIS W-3 P-02","Ginger Jentzen","Samantha Pree-Stinson","Steve Fletcher"
"MINNEAPOLIS W-3 P-02","Ginger Jentzen","Samantha Pree-Stinson","Tim Bildsoe"
"MINNEAPOLIS W-3 P-02","Ginger Jentzen","Samantha Pree-Stinson","Tim Bildsoe"
"MINNEAPOLIS W-3 P-02","Ginger Jentzen","Steve Fletcher","Samantha Pree-Stinson"
"MINNEAPOLIS W-3 P-02","Ginger Jentzen","Tim Bildsoe","skipped"
"MINNEAPOLIS W-3 P-02","Ginger Jentzen","Steve Fletcher","Samantha Pree-Stinson"
"MINNEAPOLIS W-3 P-02","Ginger Jentzen","Steve Fletcher","Tim Bildsoe"
"MINNEAPOLIS W-3 P-02","Ginger Jentzen","Steve Fletcher","Samantha Pree-Stinson"
"MINNEAPOLIS W-3 P-02","Ginger Jentzen","skipped","skipped"
"MINNEAPOLIS W-3 P-02","Samantha Pree-Stinson","Ginger Jentzen","Steve Fletcher"
"MINNEAPOLIS W-3 P-02","Steve Fletcher","Ginger Jentzen","Samantha Pree-Stinson"
"MINNEAPOLIS W-3 P-02","Ginger Jentzen","skipped","skipped"
"MINNEAPOLIS W-3 P-02","Ginger Jentzen","skipped","skipped"
"MINNEAPOLIS W-3 P-02","Ginger Jentzen","overvote","overvote"
"MINNEAPOLIS W-3 P-02","Ginger Jentzen","Steve Fletcher","Tim Bildsoe"
"MINNEAPOLIS W-3 P-02","Tim Bildsoe","Ginger Jentzen","Steve Fletcher"
"MINNEAPOLIS W-3 P-02","Ginger Jentzen","skipped","skipped"
"MINNEAPOLIS W-3 P-02","Ginger Jentzen","Tim Bildsoe","Steve Fletcher"
"MINNEAPOLIS W-3 P-02","Ginger Jentzen","skipped","skipped"
"MINNEAPOLIS W-3 P-02","Ginger Jentzen","Samantha Pree-Stinson","skipped"
"MINNEAPOLIS W-3 P-02","Ginger Jentzen","skipped","skipped"
"MINNEAPOLIS W-3 P-02","Ginger Jentzen","Samantha Pree-Stinson","Steve Fletcher"
"MINNEAPOLIS W-3 P-02","Steve Fletcher","Samantha Pree-Stinson","skipped"
"MINNEAPOLIS W-3 P-02","Tim Bildsoe","Ginger Jentzen","Samantha Pree-Stinson"
"MINNEAPOLIS W-3 P-02","Tim Bildsoe","Steve Fletcher","skipped"
"MINNEAPOLIS W-3 P-02","Steve Fletcher","Samantha Pree-Stinson","Ginger Jentzen"
"MINNEAPOLIS W-3 P-02","Ginger Jentzen","Ginger Jentzen","Ginger Jentzen"
"MINNEAPOLIS W-3 P-02","Ginger Jentzen","Steve Fletcher","Samantha Pree-Stinson"
"MINNEAPOLIS W-3 P-02","Ginger Jentzen","Steve Fletcher","Samantha Pree-Stinson"
"MINNEAPOLIS W-3 P-02","Ginger Jentzen","Steve Fletcher","Samantha Pree-Stinson"
"MINNEAPOLIS W-3 P-02","Steve Fletcher","Ginger Jentzen","Samantha Pree-Stinson"
"MINNEAPOLIS W-3 P-02","Ginger Jentzen","Samantha Pree-Stinson","writein"
"MINNEAPOLIS W-3 P-02","Steve Fletcher","Tim Bildsoe","Ginger Jentzen"
"MINNEAPOLIS W-3 P-02","Samantha Pree-Stinson","Ginger Jentzen","Steve Fletcher"
"MINNEAPOLIS W-3 P-02","Ginger Jentzen","skipped","skipped"
"MINNEAPOLIS W-3 P-02","Samantha Pree-Stinson","Ginger Jentzen","skipped"
"MINNEAPOLIS W-3 P-02","Ginger Jentzen","skipped","skipped"
"MINNEAPOLIS W-3 P-02","Steve Fletcher","Tim Bildsoe","Samantha Pree-Stinson"
"MINNEAPOLIS W-3 P-02","Samantha Pree-Stinson","Steve Fletcher","skipped"
"MINNEAPOLIS W-3 P-02","Samantha Pree-Stinson","Steve Fletcher","Ginger Jentzen"
"MINNEAPOLIS W-3 P-02","Ginger Jentzen","Steve Fletcher","Tim Bildsoe"
"MINNEAPOLIS W-3 P-02","Ginger Jentzen","Samantha Pree-Stinson","Steve Fletcher"
"MINNEAPOLIS W-3 P-02","Ginger Jentzen","Samantha Pree-Stinson","Steve Fletcher"
"MINNEAPOLIS W-3 P-02","Steve Fletcher","Samantha Pree-Stinson","Ginger Jentzen"
"MINNEAPOLIS W-3 P-02","skipped","skipped","skipped"
"MINNEAPOLIS W-3 P-02","Tim Bildsoe","Samantha Pree-Stinson","Ginger Jentzen"
"MINNEAPOLIS W-3 P-02","Ginger Jentzen","Steve Fletcher","skipped"
"MINNEAPOLIS W-3 P-02","Samantha Pree-Stinson","Steve Fletcher","Ginger Jentzen"
"MINNEAPOLIS W-3 P-02","Ginger Jentzen","Samantha Pree-Stinson","Steve Fletcher"
"MINNEAPOLIS W-3 P-02","Ginger Jentzen","skipped","skipped"
"MINNEAPOLIS W-3 P-02","Ginger Jentzen","Steve Fletcher","Tim Bildsoe"
"MINNEAPOLIS W-3 P-02","Steve Fletcher","Ginger Jentzen","skipped"
"MINNEAPOLIS W-3 P-02","Ginger Jentzen","Steve Fletcher","Samantha Pree-Stinson"
"MINNEAPOLIS W-3 P-02","writein","Tim Bildsoe","Steve Fletcher"
"MINNEAPOLIS W-3 P-02","Samantha Pree-Stinson","skipped","skipped"
"MINNEAPOLIS W-3 P-02","Samantha Pree-Stinson","Steve Fletcher","skipped"
"MINNEAPOLIS W-3 P-02","Steve Fletcher","Samantha Pree-Stinson","Tim Bildsoe"
"MINNEAPOLIS W-3 P-02","Ginger Jentzen","Tim Bildsoe","Steve Fletcher"
"MINNEAPOLIS W-3 P-02","Steve Fletcher","Tim Bildsoe","Samantha Pree-Stinson"
"MINNEAPOLIS W-3 P-02","Ginger Jentzen","Steve Fletcher","Samantha Pree-Stinson"
"MINNEAPOLIS W-3 P-02","Samantha Pree-Stinson","Tim Bildsoe","Steve Fletcher"
"MINNEAPOLIS W-3 P-02","Ginger Jentzen","skipped","skipped"
"MINNEAPOLIS W-3 P-02","Ginger Jentzen","Steve Fletcher","Samantha Pree-Stinson"
"MINNEAPOLIS W-3 P-02","Ginger Jentzen","Samantha Pree-Stinson","Steve Fletcher"
"MINNEAPOLIS W-3 P-02","Steve Fletcher","Samantha Pree-Stinson","skipped"
"MINNEAPOLIS W-3 P-02","Samantha Pree-Stinson","Steve Fletcher","skipped"
"MINNEAPOLIS W-3 P-02","Tim Bildsoe","Samantha Pree-Stinson","Steve Fletcher"
"MINNEAPOLIS W-3 P-02","Samantha Pree-Stinson","Steve Fletcher","Tim Bildsoe"
"MINNEAPOLIS W-3 P-02","Ginger Jentzen","Steve Fletcher","Samantha Pree-Stinson"
"MINNEAPOLIS W-3 P-02","Steve Fletcher","Samantha Pree-Stinson","skipped"
"MINNEAPOLIS W-3 P-02","Steve Fletcher","Tim Bildsoe","Ginger Jentzen"
"MINNEAPOLIS W-3 P-02","Tim Bildsoe","Ginger Jentzen","skipped"
"MINNEAPOLIS W-3 P-02","Steve Fletcher","Ginger Jentzen","Samantha Pree-Stinson"
"MINNEAPOLIS W-3 P-02","Samantha Pree-Stinson","Ginger Jentzen","Tim Bildsoe"
"MINNEAPOLIS W-3 P-02","Samantha Pree-Stinson","Steve Fletcher","Tim Bildsoe"
"MINNEAPOLIS W-3 P-02","Tim Bildsoe","Steve Fletcher","Samantha Pree-Stinson"
"MINNEAPOLIS W-3 P-02","Samantha Pree-Stinson","Tim Bildsoe","Steve Fletcher"
"MINNEAPOLIS W-3 P-02","Tim Bildsoe","Steve Fletcher","skipped"
"MINNEAPOLIS W-3 P-02","Steve Fletcher","Tim Bildsoe","skipped"
"MINNEAPOLIS W-3 P-02","Ginger Jentzen","Steve Fletcher","Samantha Pree-Stinson"
"MINNEAPOLIS W-3 P-02","Steve Fletcher","Ginger Jentzen","Samantha Pree-Stinson"
"MINNEAPOLIS W-3 P-02","Ginger Jentzen","Tim Bildsoe","Steve Fletcher"
"MINNEAPOLIS W-3 P-02","Ginger Jentzen","Tim Bildsoe","Samantha Pree-Stinson"
"MINNEAPOLIS W-3 P-02","Ginger Jentzen","Samantha Pree-Stinson","skipped"
"MINNEAPOLIS W-3 P-02","Ginger Jentzen","Tim Bildsoe","Samantha Pree-Stinson"
"MINNEAPOLIS W-3 P-02","Ginger Jentzen","Samantha Pree-Stinson","skipped"
"MINNEAPOLIS W-3 P-02","Steve Fletcher","Tim Bildsoe","Ginger Jentzen"
"MINNEAPOLIS W-3 P-02","Tim Bildsoe","Steve Fletcher","skipped"
"MINNEAPOLIS W-3 P-02","Ginger Jentzen","Samantha Pree-Stinson","Tim Bildsoe"
"MINNEAPOLIS W-3 P-02","Tim Bildsoe","Ginger Jentzen","Steve Fletcher"
"MINNEAPOLIS W-3 P-02","Ginger Jentzen","skipped","skipped"
"MINNEAPOLIS W-3 P-02","Samantha Pree-Stinson","skipped","skipped"
"MINNEAPOLIS W-3 P-02","Steve Fletcher","Ginger Jentzen","Tim Bildsoe"
"MINNEAPOLIS W-3 P-02","Ginger Jentzen","skipped","skipped"
"MINNEAPOLIS W-3 P-02","Steve Fletcher","Tim Bildsoe","skipped"
"MINNEAPOLIS W-3 P-02","Tim Bildsoe","Steve Fletcher","skipped"
"MINNEAPOLIS W-3 P-02","Samantha Pree-Stinson","Tim Bildsoe","Steve Fletcher"
"MINNEAPOLIS W-3 P-02","Samantha Pree-Stinson","Ginger Jentzen","skipped"
"MINNEAPOLIS W-3 P-02","Ginger Jentzen","Samantha Pree-Stinson","Steve Fletcher"
"MINNEAPOLIS W-3 P-02","Ginger Jentzen","Tim Bildsoe","Steve Fletcher"
"MINNEAPOLIS W-3 P-02","Tim Bildsoe","Steve Fletcher","skipped"
"MINNEAPOLIS W-3 P-02","Samantha Pree-Stinson","Tim Bildsoe","Steve Fletcher"
"MINNEAPOLIS W-3 P-02","Ginger Jentzen","Samantha Pree-Stinson","Steve Fletcher"
"MINNEAPOLIS W-3 P-02","Tim Bildsoe","Ginger Jentzen","Steve Fletcher"
"MINNEAPOLIS W-3 P-02","Ginger Jentzen","Steve Fletcher","Tim Bildsoe"
"MINNEAPOLIS W-3 P-02","Steve Fletcher","Tim Bildsoe","Samantha Pree-Stinson"
"MINNEAPOLIS W-3 P-02","Ginger Jentzen","skipped","skipped"
"MINNEAPOLIS W-3 P-02","Ginger Jentzen","skipped","skipped"
"MINNEAPOLIS W-3 P-02","Ginger Jentzen","Tim Bildsoe","skipped"
"MINNEAPOLIS W-3 P-02","Ginger Jentzen","Samantha Pree-Stinson","skipped"
"MINNEAPOLIS W-3 P-02","Steve Fletcher","Ginger Jentzen","skipped"
"MINNEAPOLIS W-3 P-02","Tim Bildsoe","Samantha Pree-Stinson","skipped"
"MINNEAPOLIS W-3 P-02","Steve Fletcher","Tim Bildsoe","Samantha Pree-Stinson"
"MINNEAPOLIS W-3 P-02","Ginger Jentzen","Steve Fletcher","skipped"
"MINNEAPOLIS W-3 P-02","Ginger Jentzen","Tim Bildsoe","Steve Fletcher"
"MINNEAPOLIS W-3 P-02","Ginger Jentzen","Samantha Pree-Stinson","Tim Bildsoe"
"MINNEAPOLIS W-3 P-02","Steve Fletcher","Samantha Pree-Stinson","skipped"
"MINNEAPOLIS W-3 P-02","Ginger Jentzen","Samantha Pree-Stinson","Steve Fletcher"
"MINNEAPOLIS W-3 P-02","Ginger Jentzen","Steve Fletcher","skipped"
"MINNEAPOLIS W-3 P-02","Ginger Jentzen","Steve Fletcher","Tim Bildsoe"
"MINNEAPOLIS W-3 P-02","Ginger Jentzen","skipped","skipped"
"MINNEAPOLIS W-3 P-02","Steve Fletcher","Tim Bildsoe","Ginger Jentzen"
"MINNEAPOLIS W-3 P-02","Tim Bildsoe","Steve Fletcher","skipped"
"MINNEAPOLIS W-3 P-02","Steve Fletcher","Tim Bildsoe","Samantha Pree-Stinson"
"MINNEAPOLIS W-3 P-02","Tim Bildsoe","Steve Fletcher","Samantha Pree-Stinson"
"MINNEAPOLIS W-3 P-02","Tim Bildsoe","Ginger Jentzen","Steve Fletcher"
"MINNEAPOLIS W-3 P-02","Tim Bildsoe","Ginger Jentzen","Ginger Jentzen"
"MINNEAPOLIS W-3 P-02","Ginger Jentzen","skipped","skipped"
"MINNEAPOLIS W-3 P-02","Steve Fletcher","skipped","skipped"
"MINNEAPOLIS W-3 P-02","Ginger Jentzen","Samantha Pree-Stinson","Tim Bildsoe"
"MINNEAPOLIS W-3 P-02","Tim Bildsoe","Ginger Jentzen","skipped"
"MINNEAPOLIS W-3 P-02","Ginger Jentzen","Tim Bildsoe","skipped"
"MINNEAPOLIS W-3 P-02","Ginger Jentzen","Samantha Pree-Stinson","Steve Fletcher"
"MINNEAPOLIS W-3 P-02","Steve Fletcher","Samantha Pree-Stinson","Ginger Jentzen"
"MINNEAPOLIS W-3 P-02","Steve Fletcher","Samantha Pree-Stinson","Ginger Jentzen"
"MINNEAPOLIS W-3 P-02","Steve Fletcher","skipped","skipped"
"MINNEAPOLIS W-3 P-02","Ginger Jentzen","Steve Fletcher","Samantha Pree-Stinson"
"MINNEAPOLIS W-3 P-02","Tim Bildsoe","skipped","skipped"
"MINNEAPOLIS W-3 P-02","Steve Fletcher","Samantha Pree-Stinson","skipped"
"MINNEAPOLIS W-3 P-02","Tim Bildsoe","Steve Fletcher","Samantha Pree-Stinson"
"MINNEAPOLIS W-3 P-02","Ginger Jentzen","Samantha Pree-Stinson","Steve Fletcher"
"MINNEAPOLIS W-3 P-02","Ginger Jentzen","skipped","skipped"
"MINNEAPOLIS W-3 P-02","Steve Fletcher","Tim Bildsoe","Ginger Jentzen"
"MINNEAPOLIS W-3 P-02","skipped","skipped","skipped"
"MINNEAPOLIS W-3 P-02","Steve Fletcher","Tim Bildsoe","Ginger Jentzen"
"MINNEAPOLIS W-3 P-02","Samantha Pree-Stinson","Steve Fletcher","Samantha Pree-Stinson"
"MINNEAPOLIS W-3 P-02","Samantha Pree-Stinson","Ginger Jentzen","skipped"
"MINNEAPOLIS W-3 P-02","Ginger Jentzen","Samantha Pree-Stinson","writein"
"MINNEAPOLIS W-3 P-02","Ginger Jentzen","Samantha Pree-Stinson","Tim Bildsoe"
"MINNEAPOLIS W-3 P-02","Ginger Jentzen","skipped","skipped"
"MINNEAPOLIS W-3 P-02","Ginger Jentzen","Steve Fletcher","Tim Bildsoe"
"MINNEAPOLIS W-3 P-02","Steve Fletcher","Ginger Jentzen","Samantha Pree-Stinson"
"MINNEAPOLIS W-3 P-02","Samantha Pree-Stinson","Ginger Jentzen","Steve Fletcher"
"MINNEAPOLIS W-3 P-02","Tim Bildsoe","skipped","skipped"
"MINNEAPOLIS W-3 P-02","Ginger Jentzen","Tim Bildsoe","Steve Fletcher"
"MINNEAPOLIS W-3 P-02","Ginger Jentzen","Samantha Pree-Stinson","Steve Fletcher"
"MINNEAPOLIS W-3 P-02","Samantha Pree-Stinson","Steve Fletcher","Tim Bildsoe"
"MINNEAPOLIS W-3 P-02","Samantha Pree-Stinson","skipped","skipped"
"MINNEAPOLIS W-3 P-02","Ginger Jentzen","skipped","skipped"
"MINNEAPOLIS W-3 P-02","Ginger Jentzen","skipped","skipped"
"MINNEAPOLIS W-3 P-02","Ginger Jentzen","Tim Bildsoe","skipped"
"MINNEAPOLIS W-3 P-02","Steve Fletcher","Tim Bildsoe","Steve Fletcher"
"MINNEAPOLIS W-3 P-02","Tim Bildsoe","Steve Fletcher","Ginger Jentzen"
"MINNEAPOLIS W-3 P-02","skipped","skipped","skipped"
"MINNEAPOLIS W-3 P-02","Ginger Jentzen","Tim Bildsoe","Steve Fletcher"
"MINNEAPOLIS W-3 P-02","Ginger Jentzen","Tim Bildsoe","Steve Fletcher"
"MINNEAPOLIS W-3 P-02","Steve Fletcher","Tim Bildsoe","Ginger Jentzen"
"MINNEAPOLIS W-3 P-02","Ginger Jentzen","Samantha Pree-Stinson","Tim Bildsoe"
"MINNEAPOLIS W-3 P-02","Steve Fletcher","Tim Bildsoe","Samantha Pree-Stinson"
"MINNEAPOLIS W-3 P-02","Steve Fletcher","Tim Bildsoe","Ginger Jentzen"
"MINNEAPOLIS W-3 P-01","Ginger Jentzen","skipped","skipped"
"MINNEAPOLIS W-3 P-01","Ginger Jentzen","Samantha Pree-Stinson","Steve Fletcher"
"MINNEAPOLIS W-3 P-01","Ginger Jentzen","Steve Fletcher","Tim Bildsoe"
"MINNEAPOLIS W-3 P-01","Steve Fletcher","skipped","skipped"
"MINNEAPOLIS W-3 P-01","skipped","skipped","skipped"
"MINNEAPOLIS W-3 P-01","Steve Fletcher","Ginger Jentzen","Samantha Pree-Stinson"
"MINNEAPOLIS W-3 P-01","Steve Fletcher","Tim Bildsoe","skipped"
"MINNEAPOLIS W-3 P-01","Steve Fletcher","Tim Bildsoe","skipped"
"MINNEAPOLIS W-3 P-01","Steve Fletcher","Tim Bildsoe","skipped"
"MINNEAPOLIS W-3 P-01","Ginger Jentzen","skipped","skipped"
"MINNEAPOLIS W-3 P-01","Ginger Jentzen","Samantha Pree-Stinson","skipped"
"MINNEAPOLIS W-3 P-01","Ginger Jentzen","Samantha Pree-Stinson","Steve Fletcher"
"MINNEAPOLIS W-3 P-01","skipped","skipped","skipped"
"MINNEAPOLIS W-3 P-01","Ginger Jentzen","skipped","skipped"
"MINNEAPOLIS W-3 P-01","Ginger Jentzen","skipped","skipped"
"MINNEAPOLIS W-3 P-01","Ginger Jentzen","Steve Fletcher","skipped"
"MINNEAPOLIS W-3 P-01","Ginger Jentzen","skipped","skipped"
"MINNEAPOLIS W-3 P-01","Tim Bildsoe","skipped","skipped"
"MINNEAPOLIS W-3 P-01","Tim Bildsoe","Steve Fletcher","skipped"
"MINNEAPOLIS W-3 P-01","skipped","skipped","skipped"
"MINNEAPOLIS W-3 P-01","Ginger Jentzen","Steve Fletcher","Tim Bildsoe"
"MINNEAPOLIS W-3 P-01","Ginger Jentzen","Steve Fletcher","skipped"
"MINNEAPOLIS W-3 P-01","Ginger Jentzen","Samantha Pree-Stinson","Tim Bildsoe"
"MINNEAPOLIS W-3 P-01","Ginger Jentzen","skipped","skipped"
"MINNEAPOLIS W-3 P-01","Steve Fletcher","Ginger Jentzen","skipped"
"MINNEAPOLIS W-3 P-01","Ginger Jentzen","skipped","skipped"
"MINNEAPOLIS W-3 P-01","Ginger Jentzen","Steve Fletcher","skipped"
"MINNEAPOLIS W-3 P-01","Ginger Jentzen","Samantha Pree-Stinson","Tim Bildsoe"
"MINNEAPOLIS W-3 P-01","writein","writein","writein"
"MINNEAPOLIS W-3 P-01","Steve Fletcher","skipped","skipped"
"MINNEAPOLIS W-3 P-01","Ginger Jentzen","skipped","skipped"
"MINNEAPOLIS W-3 P-01","Tim Bildsoe","Steve Fletcher","skipped"
"MINNEAPOLIS W-3 P-01","Steve Fletcher","skipped","skipped"
"MINNEAPOLIS W-3 P-01","Tim Bildsoe","Steve Fletcher","Samantha Pree-Stinson"
"MINNEAPOLIS W-3 P-01","Steve Fletcher","Tim Bildsoe","skipped"
"MINNEAPOLIS W-3 P-01","Ginger Jentzen","skipped","skipped"
"MINNEAPOLIS W-3 P-01","Ginger Jentzen","Steve Fletcher","Samantha Pree-Stinson"
"MINNEAPOLIS W-3 P-01","Ginger Jentzen","skipped","skipped"
"MINNEAPOLIS W-3 P-01","Steve Fletcher","Tim Bildsoe","Samantha Pree-Stinson"
"MINNEAPOLIS W-3 P-01","Steve Fletcher","Ginger Jentzen","skipped"
"MINNEAPOLIS W-3 P-01","Steve Fletcher","Samantha Pree-Stinson","Tim Bildsoe"
"MINNEAPOLIS W-3 P-01","Tim Bildsoe","Steve Fletcher","Samantha Pree-Stinson"
"MINNEAPOLIS W-3 P-01","Samantha Pree-Stinson","Steve Fletcher","skipped"
"MINNEAPOLIS W-3 P-01","Tim Bildsoe","Steve Fletcher","Samantha Pree-Stinson"
"MINNEAPOLIS W-3 P-01","Ginger Jentzen","Steve Fletcher","skipped"
"MINNEAPOLIS W-3 P-01","Ginger Jentzen","Steve Fletcher","skipped"
"MINNEAPOLIS W-3 P-01","Steve Fletcher","Samantha Pree-Stinson","Ginger Jentzen"
"MINNEAPOLIS W-3 P-01","Ginger Jentzen","Tim Bildsoe","skipped"
"MINNEAPOLIS W-3 P-01","Ginger Jentzen","Tim Bildsoe","Steve Fletcher"
"MINNEAPOLIS W-3 P-01","Ginger Jentzen","skipped","skipped"
"MINNEAPOLIS W-3 P-01","Ginger Jentzen","Steve Fletcher","Samantha Pree-Stinson"
"MINNEAPOLIS W-3 P-01","Steve Fletcher","Tim Bildsoe","Samantha Pree-Stinson"
"MINNEAPOLIS W-3 P-01","Steve Fletcher","Tim Bildsoe","Samantha Pree-Stinson"
"MINNEAPOLIS W-3 P-01","Ginger Jentzen","skipped","skipped"
"MINNEAPOLIS W-3 P-01","Ginger Jentzen","skipped","skipped"
"MINNEAPOLIS W-3 P-01","Samantha Pree-Stinson","Steve Fletcher","Tim Bildsoe"
"MINNEAPOLIS W-3 P-01","Steve Fletcher","Ginger Jentzen","Tim Bildsoe"
"MINNEAPOLIS W-3 P-01","Ginger Jentzen","Samantha Pree-Stinson","Steve Fletcher"
"MINNEAPOLIS W-3 P-01","Ginger Jentzen","Samantha Pree-Stinson","Steve Fletcher"
"MINNEAPOLIS W-3 P-01","Ginger Jentzen","skipped","skipped"
"MINNEAPOLIS W-3 P-01","Ginger Jentzen","Steve Fletcher","Tim Bildsoe"
"MINNEAPOLIS W-3 P-01","Ginger Jentzen","Samantha Pree-Stinson","skipped"
"MINNEAPOLIS W-3 P-01","Ginger Jentzen","Samantha Pree-Stinson","Steve Fletcher"
"MINNEAPOLIS W-3 P-01","Tim Bildsoe","skipped","skipped"
"MINNEAPOLIS W-3 P-01","Samantha Pree-Stinson","Steve Fletcher","Tim Bildsoe"
"MINNEAPOLIS W-3 P-01","Ginger Jentzen","skipped","skipped"
"MINNEAPOLIS W-3 P-01","Tim Bildsoe","skipped","skipped"
"MINNEAPOLIS W-3 P-01","Ginger Jentzen","Steve Fletcher","Samantha Pree-Stinson"
"MINNEAPOLIS W-3 P-01","Ginger Jentzen","Samantha Pree-Stinson","skipped"
"MINNEAPOLIS W-3 P-01","Ginger Jentzen","Steve Fletcher","Samantha Pree-Stinson"
"MINNEAPOLIS W-3 P-01","Steve Fletcher","Ginger Jentzen","Tim Bildsoe"
"MINNEAPOLIS W-3 P-01","Ginger Jentzen","Samantha Pree-Stinson","Tim Bildsoe"
"MINNEAPOLIS W-3 P-01","Steve Fletcher","Steve Fletcher","Steve Fletcher"
"MINNEAPOLIS W-3 P-01","Steve Fletcher","Tim Bildsoe","Samantha Pree-Stinson"
"MINNEAPOLIS W-3 P-01","Ginger Jentzen","Samantha Pree-Stinson","Steve Fletcher"
"MINNEAPOLIS W-3 P-01","Samantha Pree-Stinson","skipped","skipped"
"MINNEAPOLIS W-3 P-01","Ginger Jentzen","Samantha Pree-Stinson","writein"
"MINNEAPOLIS W-3 P-01","Steve Fletcher","Ginger Jentzen","Samantha Pree-Stinson"
"MINNEAPOLIS W-3 P-01","Steve Fletcher","Tim Bildsoe","skipped"
"MINNEAPOLIS W-3 P-01","Steve Fletcher","Ginger Jentzen","Tim Bildsoe"
"MINNEAPOLIS W-3 P-01","Ginger Jentzen","skipped","skipped"
"MINNEAPOLIS W-3 P-01","Tim Bildsoe","Ginger Jentzen","Samantha Pree-Stinson"
"MINNEAPOLIS W-3 P-01","Ginger Jentzen","skipped","skipped"
"MINNEAPOLIS W-3 P-01","Steve Fletcher","skipped","skipped"
"MINNEAPOLIS W-3 P-01","Samantha Pree-Stinson","Ginger Jentzen","Steve Fletcher"
"MINNEAPOLIS W-3 P-01","Ginger Jentzen","Samantha Pree-Stinson","Steve Fletcher"
"MINNEAPOLIS W-3 P-01","Ginger Jentzen","Steve Fletcher","skipped"
"MINNEAPOLIS W-3 P-01","Tim Bildsoe","Steve Fletcher","skipped"
"MINNEAPOLIS W-3 P-01","Steve Fletcher","Tim Bildsoe","Samantha Pree-Stinson"
"MINNEAPOLIS W-3 P-01","Ginger Jentzen","Samantha Pree-Stinson","skipped"
"MINNEAPOLIS W-3 P-01","Ginger Jentzen","Steve Fletcher","skipped"
"MINNEAPOLIS W-3 P-01","Steve Fletcher","Samantha Pree-Stinson","Tim Bildsoe"
"MINNEAPOLIS W-3 P-01","Ginger Jentzen","Steve Fletcher","skipped"
"MINNEAPOLIS W-3 P-01","Ginger Jentzen","Samantha Pree-Stinson","Steve Fletcher"
"MINNEAPOLIS W-3 P-01","Steve Fletcher","Tim Bildsoe","Samantha Pree-Stinson"
"MINNEAPOLIS W-3 P-01","Samantha Pree-Stinson","Ginger Jentzen","skipped"
"MINNEAPOLIS W-3 P-01","Ginger Jentzen","Samantha Pree-Stinson","Tim Bildsoe"
"MINNEAPOLIS W-3 P-01","Samantha Pree-Stinson","Ginger Jentzen","skipped"
"MINNEAPOLIS W-3 P-01","Ginger Jentzen","Steve Fletcher","Tim Bildsoe"
"MINNEAPOLIS W-3 P-01","Ginger Jentzen","skipped","skipped"
"MINNEAPOLIS W-3 P-01","Ginger Jentzen","Samantha Pree-Stinson","skipped"
"MINNEAPOLIS W-3 P-01","Ginger Jentzen","skipped","skipped"
"MINNEAPOLIS W-3 P-01","Steve Fletcher","Ginger Jentzen","Tim Bildsoe"
"MINNEAPOLIS W-3 P-01","Ginger Jentzen","Samantha Pree-Stinson","skipped"
"MINNEAPOLIS W-3 P-01","Ginger Jentzen","skipped","skipped"
"MINNEAPOLIS W-3 P-01","Ginger Jentzen","Steve Fletcher","Samantha Pree-Stinson"
"MINNEAPOLIS W-3 P-01","Ginger Jentzen","Steve Fletcher","Samantha Pree-Stinson"
"MINNEAPOLIS W-3 P-01","Ginger Jentzen","Steve Fletcher","Tim Bildsoe"
"MINNEAPOLIS W-3 P-01","Ginger Jentzen","skipped","skipped"
"MINNEAPOLIS W-3 P-01","Ginger Jentzen","skipped","skipped"
"MINNEAPOLIS W-3 P-01","Ginger Jentzen","Samantha Pree-Stinson","Tim Bildsoe"
"MINNEAPOLIS W-3 P-01","Ginger Jentzen","Steve Fletcher","Samantha Pree-Stinson"
"MINNEAPOLIS W-3 P-01","Steve Fletcher","Tim Bildsoe","Samantha Pree-Stinson"
"MINNEAPOLIS W-3 P-01","Steve Fletcher","Tim Bildsoe","Samantha Pree-Stinson"
"MINNEAPOLIS W-3 P-01","Steve Fletcher","Tim Bildsoe","Ginger Jentzen"
"MINNEAPOLIS W-3 P-01","Steve Fletcher","Tim Bildsoe","Ginger Jentzen"
"MINNEAPOLIS W-3 P-01","Samantha Pree-Stinson","skipped","skipped"
"MINNEAPOLIS W-3 P-01","Ginger Jentzen","Tim Bildsoe","Steve Fletcher"
"MINNEAPOLIS W-3 P-01","Ginger Jentzen","Steve Fletcher","Samantha Pree-Stinson"
"MINNEAPOLIS W-3 P-01","Steve Fletcher","Tim Bildsoe","Samantha Pree-Stinson"
"MINNEAPOLIS W-3 P-01","Steve Fletcher","Tim Bildsoe","skipped"
"MINNEAPOLIS W-3 P-01","Samantha Pree-Stinson","Steve Fletcher","Tim Bildsoe"
"MINNEAPOLIS W-3 P-01","Steve Fletcher","Tim Bildsoe","Samantha Pree-Stinson"
"MINNEAPOLIS W-3 P-01","Ginger Jentzen","Samantha Pree-Stinson","skipped"
"MINNEAPOLIS W-3 P-01","Ginger Jentzen","Steve Fletcher","skipped"
"MINNEAPOLIS W-3 P-01","Samantha Pree-Stinson","Steve Fletcher","Ginger Jentzen"
"MINNEAPOLIS W-3 P-01","Ginger Jentzen","Steve Fletcher","Tim Bildsoe"
"MINNEAPOLIS W-3 P-01","Ginger Jentzen","skipped","skipped"
"MINNEAPOLIS W-3 P-01","Ginger Jentzen","Samantha Pree-Stinson","skipped"
"MINNEAPOLIS W-3 P-01","Tim Bildsoe","Steve Fletcher","Samantha Pree-Stinson"
"MINNEAPOLIS W-3 P-01","Ginger Jentzen","Steve Fletcher","skipped"
"MINNEAPOLIS W-3 P-01","Ginger Jentzen","Samantha Pree-Stinson","Steve Fletcher"
"MINNEAPOLIS W-3 P-01","Ginger Jentzen","skipped","skipped"
"MINNEAPOLIS W-3 P-01","Ginger Jentzen","Steve Fletcher","skipped"
"MINNEAPOLIS W-3 P-01","Ginger Jentzen","Steve Fletcher","Samantha Pree-Stinson"
"MINNEAPOLIS W-3 P-01","Steve Fletcher","Ginger Jentzen","Tim Bildsoe"
"MINNEAPOLIS W-3 P-01","Steve Fletcher","Tim Bildsoe","skipped"
"MINNEAPOLIS W-3 P-01","Steve Fletcher","Samantha Pree-Stinson","Tim Bildsoe"
"MINNEAPOLIS W-3 P-01","Ginger Jentzen","Steve Fletcher","skipped"
"MINNEAPOLIS W-3 P-01","Ginger Jentzen","skipped","skipped"
"MINNEAPOLIS W-3 P-01","Steve Fletcher","Ginger Jentzen","skipped"
"MINNEAPOLIS W-3 P-01","Steve Fletcher","Tim Bildsoe","skipped"
"MINNEAPOLIS W-3 P-01","Tim Bildsoe","Steve Fletcher","skipped"
"MINNEAPOLIS W-3 P-01","writein","Tim Bildsoe","Steve Fletcher"
"MINNEAPOLIS W-3 P-01","Ginger Jentzen","Steve Fletcher","Samantha Pree-Stinson"
"MINNEAPOLIS W-3 P-01","Ginger Jentzen","Steve Fletcher","Samantha Pree-Stinson"
"MINNEAPOLIS W-3 P-01","Samantha Pree-Stinson","Tim Bildsoe","skipped"
"MINNEAPOLIS W-3 P-01","Ginger Jentzen","skipped","skipped"
"MINNEAPOLIS W-3 P-01","Steve Fletcher","Tim Bildsoe","Ginger Jentzen"
"MINNEAPOLIS W-3 P-01","Ginger Jentzen","skipped","skipped"
"MINNEAPOLIS W-3 P-01","Samantha Pree-Stinson","Steve Fletcher","skipped"
"MINNEAPOLIS W-3 P-01","Tim Bildsoe","Steve Fletcher","Samantha Pree-Stinson"
"MINNEAPOLIS W-3 P-01","skipped","skipped","skipped"
"MINNEAPOLIS W-3 P-01","Samantha Pree-Stinson","Ginger Jentzen","Steve Fletcher"
"MINNEAPOLIS W-3 P-01","Ginger Jentzen","Steve Fletcher","Samantha Pree-Stinson"
"MINNEAPOLIS W-3 P-01","Ginger Jentzen","skipped","skipped"
"MINNEAPOLIS W-3 P-01","Ginger Jentzen","Samantha Pree-Stinson","Steve Fletcher"
"MINNEAPOLIS W-3 P-01","Ginger Jentzen","Samantha Pree-Stinson","Steve Fletcher"
"MINNEAPOLIS W-3 P-01","Ginger Jentzen","Samantha Pree-Stinson","Steve Fletcher"
"MINNEAPOLIS W-3 P-01","Steve Fletcher","Samantha Pree-Stinson","Ginger Jentzen"
"MINNEAPOLIS W-3 P-01","Samantha Pree-Stinson","skipped","skipped"
"MINNEAPOLIS W-3 P-01","Ginger Jentzen","skipped","skipped"
"MINNEAPOLIS W-3 P-01","Steve Fletcher","Samantha Pree-Stinson","Tim Bildsoe"
"MINNEAPOLIS W-3 P-01","Ginger Jentzen","Samantha Pree-Stinson","skipped"
"MINNEAPOLIS W-3 P-01","Ginger Jentzen","Steve Fletcher","skipped"
"MINNEAPOLIS W-3 P-01","Ginger Jentzen","Samantha Pree-Stinson","Steve Fletcher"
"MINNEAPOLIS W-3 P-01","Ginger Jentzen","skipped","skipped"
"MINNEAPOLIS W-3 P-01","Ginger Jentzen","Samantha Pree-Stinson","skipped"
"MINNEAPOLIS W-3 P-01","Samantha Pree-Stinson","Ginger Jentzen","Steve Fletcher"
"MINNEAPOLIS W-3 P-01","Ginger Jentzen","Steve Fletcher","Samantha Pree-Stinson"
"MINNEAPOLIS W-3 P-01","Steve Fletcher","Tim Bildsoe","Ginger Jentzen"
"MINNEAPOLIS W-3 P-01","Ginger Jentzen","skipped","skipped"
"MINNEAPOLIS W-3 P-01","Samantha Pree-Stinson","Ginger Jentzen","Steve Fletcher"
"MINNEAPOLIS W-3 P-01","Ginger Jentzen","Steve Fletcher","Tim Bildsoe"
"MINNEAPOLIS W-3 P-01","skipped","skipped","skipped"
"MINNEAPOLIS W-3 P-01","Ginger Jentzen","Steve Fletcher","Samantha Pree-Stinson"
"MINNEAPOLIS W-3 P-01","Samantha Pree-Stinson","Steve Fletcher","skipped"
"MINNEAPOLIS W-3 P-01","Ginger Jentzen","skipped","skipped"
"MINNEAPOLIS W-3 P-01","Ginger Jentzen","Steve Fletcher","Tim Bildsoe"
"MINNEAPOLIS W-3 P-01","Ginger Jentzen","Steve Fletcher","Tim Bildsoe"
"MINNEAPOLIS W-3 P-01","Ginger Jentzen","Steve Fletcher","skipped"
"MINNEAPOLIS W-3 P-01","Steve Fletcher","Ginger Jentzen","Tim Bildsoe"
"MINNEAPOLIS W-3 P-01","Ginger Jentzen","Samantha Pree-Stinson","Steve Fletcher"
"MINNEAPOLIS W-3 P-01","Ginger Jentzen","Steve Fletcher","Samantha Pree-Stinson"
"MINNEAPOLIS W-3 P-01","Steve Fletcher","Tim Bildsoe","Ginger Jentzen"
"MINNEAPOLIS W-3 P-01","Steve Fletcher","Tim Bildsoe","writein"
"MINNEAPOLIS W-3 P-01","Ginger Jentzen","Ginger Jentzen","Ginger Jentzen"
"MINNEAPOLIS W-3 P-01","Ginger Jentzen","Steve Fletcher","Samantha Pree-Stinson"
"MINNEAPOLIS W-3 P-01","Tim Bildsoe","Samantha Pree-Stinson","Ginger Jentzen"
"MINNEAPOLIS W-3 P-01","Steve Fletcher","Tim Bildsoe","Samantha Pree-Stinson"
"MINNEAPOLIS W-3 P-01","Tim Bildsoe","Steve Fletcher","Samantha Pree-Stinson"
"MINNEAPOLIS W-3 P-01","Ginger Jentzen","Samantha Pree-Stinson","Steve Fletcher"
"MINNEAPOLIS W-3 P-01","Ginger Jentzen","Samantha Pree-Stinson","skipped"
"MINNEAPOLIS W-3 P-01","skipped","skipped","skipped"
"MINNEAPOLIS W-3 P-01","Ginger Jentzen","Samantha Pree-Stinson","skipped"
"MINNEAPOLIS W-3 P-01","Ginger Jentzen","Steve Fletcher","skipped"
"MINNEAPOLIS W-3 P-01","Ginger Jentzen","skipped","skipped"
"MINNEAPOLIS W-3 P-01","Ginger Jentzen","Ginger Jentzen","Ginger Jentzen"
"MINNEAPOLIS W-3 P-01","Steve Fletcher","Tim Bildsoe","skipped"
"MINNEAPOLIS W-3 P-01","Ginger Jentzen","Steve Fletcher","skipped"
"MINNEAPOLIS W-3 P-01","Ginger Jentzen","skipped","skipped"
"MINNEAPOLIS W-3 P-01","Tim Bildsoe","Steve Fletcher","skipped"
"MINNEAPOLIS W-3 P-01","Samantha Pree-Stinson","Tim Bildsoe","Steve Fletcher"
"MINNEAPOLIS W-3 P-01","Ginger Jentzen","skipped","skipped"
"MINNEAPOLIS W-3 P-01","Ginger Jentzen","Samantha Pree-Stinson","Steve Fletcher"
"MINNEAPOLIS W-3 P-01","Samantha Pree-Stinson","Steve Fletcher","Tim Bildsoe"
"MINNEAPOLIS W-3 P-01","Ginger Jentzen","skipped","skipped"
"MINNEAPOLIS W-3 P-01","Ginger Jentzen","Steve Fletcher","Steve Fletcher"
"MINNEAPOLIS W-3 P-01","Ginger Jentzen","skipped","skipped"
"MINNEAPOLIS W-3 P-01","Steve Fletcher","Samantha Pree-Stinson","Tim Bildsoe"
"MINNEAPOLIS W-3 P-01","Tim Bildsoe","Ginger Jentzen","Samantha Pree-Stinson"
"MINNEAPOLIS W-3 P-01","Ginger Jentzen","skipped","skipped"
"MINNEAPOLIS W-3 P-01","Ginger Jentzen","Samantha Pree-Stinson","Steve Fletcher"
"MINNEAPOLIS W-3 P-01","Steve Fletcher","Tim Bildsoe","skipped"
"MINNEAPOLIS W-3 P-01","Samantha Pree-Stinson","skipped","skipped"
"MINNEAPOLIS W-3 P-01","Ginger Jentzen","skipped","skipped"
"MINNEAPOLIS W-3 P-01","Ginger Jentzen","Samantha Pree-Stinson","Steve Fletcher"
"MINNEAPOLIS W-3 P-01","Ginger Jentzen","Samantha Pree-Stinson","Tim Bildsoe"
"MINNEAPOLIS W-3 P-01","Tim Bildsoe","Steve Fletcher","skipped"
"MINNEAPOLIS W-3 P-01","Ginger Jentzen","Samantha Pree-Stinson","skipped"
"MINNEAPOLIS W-3 P-01","Ginger Jentzen","Steve Fletcher","skipped"
"MINNEAPOLIS W-3 P-01","Ginger Jentzen","skipped","skipped"
"MINNEAPOLIS W-3 P-01","skipped","skipped","skipped"
"MINNEAPOLIS W-3 P-01","Steve Fletcher","Samantha Pree-Stinson","Ginger Jentzen"
"MINNEAPOLIS W-3 P-01","Ginger Jentzen","Steve Fletcher","Tim Bildsoe"
"MINNEAPOLIS W-3 P-01","Ginger Jentzen","Steve Fletcher","Samantha Pree-Stinson"
"MINNEAPOLIS W-3 P-01","Ginger Jentzen","Steve Fletcher","writein"
"MINNEAPOLIS W-3 P-01","Ginger Jentzen","skipped","skipped"
"MINNEAPOLIS W-3 P-01","Ginger Jentzen","skipped","skipped"
"MINNEAPOLIS W-3 P-01","skipped","skipped","skipped"
"MINNEAPOLIS W-3 P-01","Ginger Jentzen","Samantha Pree-Stinson","skipped"
"MINNEAPOLIS W-3 P-01","Ginger Jentzen","skipped","skipped"
"MINNEAPOLIS W-3 P-01","Ginger Jentzen","Samantha Pree-Stinson","Steve Fletcher"
"MINNEAPOLIS W-3 P-01","Ginger Jentzen","Steve Fletcher","Tim Bildsoe"
"MINNEAPOLIS W-3 P-01","Ginger Jentzen","skipped","skipped"
"MINNEAPOLIS W-3 P-01","Ginger Jentzen","Steve Fletcher","skipped"
"MINNEAPOLIS W-3 P-01","Ginger Jentzen","skipped","skipped"
"MINNEAPOLIS W-3 P-01","Ginger Jentzen","Samantha Pree-Stinson","skipped"
"MINNEAPOLIS W-3 P-01","Samantha Pree-Stinson","skipped","skipped"
"MINNEAPOLIS W-3 P-01","Ginger Jentzen","Steve Fletcher","skipped"
"MINNEAPOLIS W-3 P-01","Ginger Jentzen","Samantha Pree-Stinson","Tim Bildsoe"
"MINNEAPOLIS W-3 P-01","Steve Fletcher","Ginger Jentzen","skipped"
"MINNEAPOLIS W-3 P-01","Ginger Jentzen","Steve Fletcher","skipped"
"MINNEAPOLIS W-3 P-01","Ginger Jentzen","Samantha Pree-Stinson","Steve Fletcher"
"MINNEAPOLIS W-3 P-01","Ginger Jentzen","Steve Fletcher","Tim Bildsoe"
"MINNEAPOLIS W-3 P-01","Ginger Jentzen","Steve Fletcher","skipped"
"MINNEAPOLIS W-3 P-01","Ginger Jentzen","Steve Fletcher","Samantha Pree-Stinson"
"MINNEAPOLIS W-3 P-01","Ginger Jentzen","Steve Fletcher","Samantha Pree-Stinson"
"MINNEAPOLIS W-3 P-01","Ginger Jentzen","Steve Fletcher","skipped"
"MINNEAPOLIS W-3 P-01","Ginger Jentzen","skipped","skipped"
"MINNEAPOLIS W-3 P-01","Ginger Jentzen","skipped","skipped"
"MINNEAPOLIS W-3 P-01","Samantha Pree-Stinson","Tim Bildsoe","skipped"
"MINNEAPOLIS W-3 P-01","Ginger Jentzen","skipped","skipped"
"MINNEAPOLIS W-3 P-01","Steve Fletcher","Tim Bildsoe","writein"
"MINNEAPOLIS W-3 P-01","Ginger Jentzen","Steve Fletcher","Tim Bildsoe"
"MINNEAPOLIS W-3 P-01","Ginger Jentzen","Steve Fletcher","skipped"
"MINNEAPOLIS W-3 P-01","Ginger Jentzen","Tim Bildsoe","skipped"
"MINNEAPOLIS W-3 P-01","Ginger Jentzen","skipped","skipped"
"MINNEAPOLIS W-3 P-01","Ginger Jentzen","Steve Fletcher","Tim Bildsoe"
"MINNEAPOLIS W-3 P-01","Ginger Jentzen","Steve Fletcher","skipped"
"MINNEAPOLIS W-3 P-01","Ginger Jentzen","skipped","skipped"
"MINNEAPOLIS W-3 P-01","Ginger Jentzen","Steve Fletcher","Tim Bildsoe"
"MINNEAPOLIS W-3 P-01","Ginger Jentzen","Steve Fletcher","skipped"
"MINNEAPOLIS W-3 P-01","Steve Fletcher","Samantha Pree-Stinson","writein"
"MINNEAPOLIS W-3 P-01","Steve Fletcher","Ginger Jentzen","Samantha Pree-Stinson"
"MINNEAPOLIS W-3 P-01","Ginger Jentzen","skipped","skipped"
"MINNEAPOLIS W-3 P-01","Ginger Jentzen","skipped","skipped"
"MINNEAPOLIS W-3 P-01","Tim Bildsoe","Steve Fletcher","skipped"
"MINNEAPOLIS W-3 P-01","Ginger Jentzen","Steve Fletcher","skipped"
"MINNEAPOLIS W-3 P-01","Ginger Jentzen","Samantha Pree-Stinson","Steve Fletcher"
"MINNEAPOLIS W-3 P-01","Steve Fletcher","Tim Bildsoe","Ginger Jentzen"
"MINNEAPOLIS W-3 P-01","Samantha Pree-Stinson","Steve Fletcher","Ginger Jentzen"
"MINNEAPOLIS W-3 P-01","Ginger Jentzen","skipped","skipped"
"MINNEAPOLIS W-3 P-01","Ginger Jentzen","Steve Fletcher","Tim Bildsoe"
"MINNEAPOLIS W-3 P-01","Samantha Pree-Stinson","Ginger Jentzen","Steve Fletcher"
"MINNEAPOLIS W-3 P-01","Ginger Jentzen","skipped","skipped"
"MINNEAPOLIS W-3 P-01","Steve Fletcher","Tim Bildsoe","skipped"
"MINNEAPOLIS W-3 P-01","Steve Fletcher","skipped","skipped"
"MINNEAPOLIS W-3 P-01","Ginger Jentzen","Steve Fletcher","Samantha Pree-Stinson"
"MINNEAPOLIS W-3 P-01","Tim Bildsoe","Steve Fletcher","writein"
"MINNEAPOLIS W-3 P-01","Ginger Jentzen","Steve Fletcher","Samantha Pree-Stinson"
"MINNEAPOLIS W-3 P-01","Ginger Jentzen","Steve Fletcher","Tim Bildsoe"
"MINNEAPOLIS W-3 P-01","Ginger Jentzen","Tim Bildsoe","Steve Fletcher"
"MINNEAPOLIS W-3 P-01","Tim Bildsoe","skipped","skipped"
"MINNEAPOLIS W-3 P-01","Ginger Jentzen","Tim Bildsoe","Steve Fletcher"
"MINNEAPOLIS W-3 P-01","Ginger Jentzen","Samantha Pree-Stinson","skipped"
"MINNEAPOLIS W-3 P-01","Ginger Jentzen","Samantha Pree-Stinson","skipped"
"MINNEAPOLIS W-3 P-01","Ginger Jentzen","skipped","skipped"
"MINNEAPOLIS W-3 P-01","Samantha Pree-Stinson","Steve Fletcher","skipped"
"MINNEAPOLIS W-3 P-01","Ginger Jentzen","Samantha Pree-Stinson","Tim Bildsoe"
"MINNEAPOLIS W-3 P-01","Tim Bildsoe","Steve Fletcher","Samantha Pree-Stinson"
"MINNEAPOLIS W-3 P-01","Ginger Jentzen","skipped","skipped"
"MINNEAPOLIS W-3 P-01","Ginger Jentzen","Steve Fletcher","Tim Bildsoe"
"MINNEAPOLIS W-3 P-01","Ginger Jentzen","skipped","skipped"
"MINNEAPOLIS W-3 P-01","Samantha Pree-Stinson","Steve Fletcher","Tim Bildsoe"
"MINNEAPOLIS W-3 P-01","Ginger Jentzen","Steve Fletcher","Samantha Pree-Stinson"
"MINNEAPOLIS W-3 P-01","Ginger Jentzen","Samantha Pree-Stinson","Steve Fletcher"
"MINNEAPOLIS W-3 P-01","Steve Fletcher","Ginger Jentzen","skipped"
"MINNEAPOLIS W-3 P-01","Steve Fletcher","Tim Bildsoe","Samantha Pree-Stinson"
"MINNEAPOLIS W-3 P-01","Ginger Jentzen","Samantha Pree-Stinson","skipped"
"MINNEAPOLIS W-3 P-01","Ginger Jentzen","Steve Fletcher","Tim Bildsoe"
"MINNEAPOLIS W-3 P-01","Ginger Jentzen","skipped","skipped"
"MINNEAPOLIS W-3 P-01","Samantha Pree-Stinson","Tim Bildsoe","Steve Fletcher"
"MINNEAPOLIS W-3 P-01","Steve Fletcher","Tim Bildsoe","skipped"
"MINNEAPOLIS W-3 P-01","Steve Fletcher","skipped","skipped"
"MINNEAPOLIS W-3 P-01","Steve Fletcher","Tim Bildsoe","Ginger Jentzen"
"MINNEAPOLIS W-3 P-01","Steve Fletcher","writein","Tim Bildsoe"
"MINNEAPOLIS W-3 P-01","Samantha Pree-Stinson","Tim Bildsoe","Steve Fletcher"
"MINNEAPOLIS W-3 P-01","Samantha Pree-Stinson","Steve Fletcher","Ginger Jentzen"
"MINNEAPOLIS W-3 P-01","Ginger Jentzen","skipped","skipped"
"MINNEAPOLIS W-3 P-01","Ginger Jentzen","skipped","skipped"
"MINNEAPOLIS W-3 P-01","Steve Fletcher","skipped","skipped"
"MINNEAPOLIS W-3 P-01","Ginger Jentzen","skipped","skipped"
"MINNEAPOLIS W-3 P-01","Ginger Jentzen","Steve Fletcher","Tim Bildsoe"
"MINNEAPOLIS W-3 P-01","Steve Fletcher","Ginger Jentzen","skipped"
"MINNEAPOLIS W-3 P-01","Ginger Jentzen","skipped","skipped"
"MINNEAPOLIS W-3 P-01","Steve Fletcher","Ginger Jentzen","skipped"
"MINNEAPOLIS W-3 P-01","Steve Fletcher","Ginger Jentzen","Samantha Pree-Stinson"
"MINNEAPOLIS W-3 P-01","Samantha Pree-Stinson","Steve Fletcher","Ginger Jentzen"
"MINNEAPOLIS W-3 P-01","Steve Fletcher","Ginger Jentzen","skipped"
"MINNEAPOLIS W-3 P-01","Samantha Pree-Stinson","Steve Fletcher","Tim Bildsoe"
"MINNEAPOLIS W-3 P-01","Samantha Pree-Stinson","Ginger Jentzen","Tim Bildsoe"
"MINNEAPOLIS W-3 P-01","Ginger Jentzen","Tim Bildsoe","Steve Fletcher"
"MINNEAPOLIS W-3 P-01","Steve Fletcher","Tim Bildsoe","skipped"
"MINNEAPOLIS W-3 P-01","Steve Fletcher","Tim Bildsoe","Ginger Jentzen"
"MINNEAPOLIS W-3 P-01","Ginger Jentzen","skipped","skipped"
"MINNEAPOLIS W-3 P-01","Steve Fletcher","skipped","skipped"
"MINNEAPOLIS W-3 P-01","Ginger Jentzen","skipped","skipped"
"MINNEAPOLIS W-3 P-01","Ginger Jentzen","Steve Fletcher","Samantha Pree-Stinson"
"MINNEAPOLIS W-3 P-01","Ginger Jentzen","Tim Bildsoe","Steve Fletcher"
"MINNEAPOLIS W-3 P-01","Tim Bildsoe","Steve Fletcher","Samantha Pree-Stinson"
"MINNEAPOLIS W-3 P-01","Ginger Jentzen","Tim Bildsoe","Steve Fletcher"
"MINNEAPOLIS W-3 P-01","Ginger Jentzen","skipped","skipped"
"MINNEAPOLIS W-3 P-01","Ginger Jentzen","Steve Fletcher","Tim Bildsoe"
"MINNEAPOLIS W-3 P-01","Ginger Jentzen","Tim Bildsoe","Steve Fletcher"
"MINNEAPOLIS W-3 P-01","Steve Fletcher","Tim Bildsoe","skipped"
"MINNEAPOLIS W-3 P-01","Ginger Jentzen","Steve Fletcher","Samantha Pree-Stinson"
"MINNEAPOLIS W-3 P-01","Ginger Jentzen","skipped","skipped"
"MINNEAPOLIS W-3 P-01","Ginger Jentzen","skipped","skipped"
"MINNEAPOLIS W-3 P-01","Ginger Jentzen","skipped","skipped"
"MINNEAPOLIS W-3 P-01","Steve Fletcher","Samantha Pree-Stinson","Ginger Jentzen"
"MINNEAPOLIS W-3 P-01","Tim Bildsoe","Steve Fletcher","skipped"
"MINNEAPOLIS W-3 P-01","Samantha Pree-Stinson","Ginger Jentzen","skipped"
"MINNEAPOLIS W-3 P-01","skipped","skipped","skipped"
"MINNEAPOLIS W-3 P-01","Ginger Jentzen","Tim Bildsoe","Steve Fletcher"
"MINNEAPOLIS W-3 P-01","Ginger Jentzen","Tim Bildsoe","Steve Fletcher"
"MINNEAPOLIS W-3 P-01","Ginger Jentzen","Steve Fletcher","Tim Bildsoe"
"MINNEAPOLIS W-3 P-01","Ginger Jentzen","Steve Fletcher","Tim Bildsoe"
"MINNEAPOLIS W-3 P-01","Ginger Jentzen","Steve Fletcher","Samantha Pree-Stinson"
"MINNEAPOLIS W-3 P-01","Ginger Jentzen","skipped","skipped"
"MINNEAPOLIS W-3 P-01","Ginger Jentzen","Samantha Pree-Stinson","skipped"
"MINNEAPOLIS W-3 P-01","Ginger Jentzen","skipped","skipped"
"MINNEAPOLIS W-3 P-01","Ginger Jentzen","skipped","skipped"
"MINNEAPOLIS W-3 P-01","Steve Fletcher","Tim Bildsoe","Ginger Jentzen"
"MINNEAPOLIS W-3 P-01","Ginger Jentzen","Steve Fletcher","Tim Bildsoe"
"MINNEAPOLIS W-3 P-01","Ginger Jentzen","skipped","skipped"
"MINNEAPOLIS W-3 P-01","Ginger Jentzen","Steve Fletcher","skipped"
"MINNEAPOLIS W-3 P-01","Samantha Pree-Stinson","Ginger Jentzen","skipped"
"MINNEAPOLIS W-3 P-01","Steve Fletcher","Ginger Jentzen","Samantha Pree-Stinson"
"MINNEAPOLIS W-3 P-01","Samantha Pree-Stinson","Ginger Jentzen","skipped"
"MINNEAPOLIS W-3 P-01","Ginger Jentzen","Tim Bildsoe","Steve Fletcher"
"MINNEAPOLIS W-3 P-01","Ginger Jentzen","Samantha Pree-Stinson","skipped"
"MINNEAPOLIS W-3 P-01","Samantha Pree-Stinson","Ginger Jentzen","Steve Fletcher"
"MINNEAPOLIS W-3 P-01","Ginger Jentzen","Steve Fletcher","Tim Bildsoe"
"MINNEAPOLIS W-3 P-01","Steve Fletcher","Ginger Jentzen","Tim Bildsoe"
"MINNEAPOLIS W-3 P-01","Ginger Jentzen","skipped","skipped"
"MINNEAPOLIS W-3 P-01","Ginger Jentzen","Samantha Pree-Stinson","Steve Fletcher"
"MINNEAPOLIS W-3 P-01","Ginger Jentzen","Steve Fletcher","Tim Bildsoe"
"MINNEAPOLIS W-3 P-01","Ginger Jentzen","Samantha Pree-Stinson","skipped"
"MINNEAPOLIS W-3 P-01","Ginger Jentzen","Tim Bildsoe","Samantha Pree-Stinson"
"MINNEAPOLIS W-3 P-01","Ginger Jentzen","Samantha Pree-Stinson","Steve Fletcher"
"MINNEAPOLIS W-3 P-01","Samantha Pree-Stinson","Steve Fletcher","Tim Bildsoe"
"MINNEAPOLIS W-3 P-01","Samantha Pree-Stinson","Steve Fletcher","skipped"
"MINNEAPOLIS W-3 P-01","Ginger Jentzen","Samantha Pree-Stinson","Steve Fletcher"
"MINNEAPOLIS W-3 P-01","Ginger Jentzen","writein","writein"
"MINNEAPOLIS W-3 P-01","Ginger Jentzen","Steve Fletcher","Tim Bildsoe"
"MINNEAPOLIS W-3 P-01","Tim Bildsoe","Steve Fletcher","Ginger Jentzen"
"MINNEAPOLIS W-3 P-01","Ginger Jentzen","Samantha Pree-Stinson","skipped"
"MINNEAPOLIS W-3 P-01","Steve Fletcher","Tim Bildsoe","skipped"
"MINNEAPOLIS W-3 P-01","Steve Fletcher","Tim Bildsoe","skipped"
"MINNEAPOLIS W-3 P-01","Ginger Jentzen","Steve Fletcher","Tim Bildsoe"
"MINNEAPOLIS W-3 P-01","Steve Fletcher","Ginger Jentzen","skipped"
"MINNEAPOLIS W-3 P-01","Ginger Jentzen","Steve Fletcher","Samantha Pree-Stinson"
"MINNEAPOLIS W-3 P-01","Ginger Jentzen","skipped","skipped"
"MINNEAPOLIS W-3 P-01","Ginger Jentzen","Samantha Pree-Stinson","Steve Fletcher"
"MINNEAPOLIS W-3 P-01","Ginger Jentzen","writein","Tim Bildsoe"
"MINNEAPOLIS W-3 P-01","Samantha Pree-Stinson","Steve Fletcher","skipped"
"MINNEAPOLIS W-3 P-01","Ginger Jentzen","Steve Fletcher","Samantha Pree-Stinson"
"MINNEAPOLIS W-3 P-01","Steve Fletcher","Tim Bildsoe","skipped"
"MINNEAPOLIS W-3 P-01","Ginger Jentzen","skipped","skipped"
"MINNEAPOLIS W-3 P-01","Ginger Jentzen","Steve Fletcher","Tim Bildsoe"
"MINNEAPOLIS W-3 P-01","Ginger Jentzen","skipped","skipped"
"MINNEAPOLIS W-3 P-01","Samantha Pree-Stinson","skipped","skipped"
"MINNEAPOLIS W-3 P-01","Samantha Pree-Stinson","Steve Fletcher","Tim Bildsoe"
"MINNEAPOLIS W-3 P-01","Ginger Jentzen","Tim Bildsoe","Steve Fletcher"
"MINNEAPOLIS W-3 P-01","Ginger Jentzen","skipped","skipped"
"MINNEAPOLIS W-3 P-01","Tim Bildsoe","Steve Fletcher","Ginger Jentzen"
"MINNEAPOLIS W-3 P-01","Ginger Jentzen","Samantha Pree-Stinson","Tim Bildsoe"
"MINNEAPOLIS W-3 P-01","Samantha Pree-Stinson","Ginger Jentzen","skipped"
"MINNEAPOLIS W-3 P-01","Ginger Jentzen","skipped","skipped"
"MINNEAPOLIS W-3 P-01","Ginger Jentzen","Tim Bildsoe","Steve Fletcher"
"MINNEAPOLIS W-3 P-01","Ginger Jentzen","Samantha Pree-Stinson","Steve Fletcher"
"MINNEAPOLIS W-3 P-01","Samantha Pree-Stinson","Ginger Jentzen","Steve Fletcher"
"MINNEAPOLIS W-3 P-01","Ginger Jentzen","skipped","skipped"
"MINNEAPOLIS W-3 P-01","Samantha Pree-Stinson","Steve Fletcher","Ginger Jentzen"
"MINNEAPOLIS W-3 P-01","Ginger Jentzen","skipped","skipped"
"MINNEAPOLIS W-3 P-01","Ginger Jentzen","skipped","skipped"
"MINNEAPOLIS W-3 P-01","Tim Bildsoe","Steve Fletcher","Ginger Jentzen"
"MINNEAPOLIS W-3 P-01","Steve Fletcher","Samantha Pree-Stinson","Ginger Jentzen"
"MINNEAPOLIS W-3 P-01","Samantha Pree-Stinson","Steve Fletcher","skipped"
"MINNEAPOLIS W-3 P-01","skipped","skipped","skipped"
"MINNEAPOLIS W-3 P-01","Steve Fletcher","Tim Bildsoe","skipped"
"MINNEAPOLIS W-3 P-01","Ginger Jentzen","skipped","skipped"
"MINNEAPOLIS W-3 P-01","Steve Fletcher","Tim Bildsoe","skipped"
"MINNEAPOLIS W-3 P-01","Steve Fletcher","Tim Bildsoe","Ginger Jentzen"
"MINNEAPOLIS W-3 P-01","Ginger Jentzen","Samantha Pree-Stinson","Steve Fletcher"
"MINNEAPOLIS W-3 P-01","Ginger Jentzen","Steve Fletcher","Samantha Pree-Stinson"
"MINNEAPOLIS W-3 P-01","Ginger Jentzen","Steve Fletcher","Tim Bildsoe"
"MINNEAPOLIS W-3 P-01","Ginger Jentzen","Tim Bildsoe","skipped"
"MINNEAPOLIS W-3 P-01","Ginger Jentzen","Samantha Pree-Stinson","Steve Fletcher"
"MINNEAPOLIS W-3 P-01","Ginger Jentzen","Tim Bildsoe","Steve Fletcher"
"MINNEAPOLIS W-3 P-01","Steve Fletcher","Ginger Jentzen","Samantha Pree-Stinson"
"MINNEAPOLIS W-3 P-01","Ginger Jentzen","Samantha Pree-Stinson","skipped"
"MINNEAPOLIS W-3 P-01","Steve Fletcher","Tim Bildsoe","Ginger Jentzen"
"MINNEAPOLIS W-3 P-01","Ginger Jentzen","skipped","skipped"
"MINNEAPOLIS W-3 P-01","Ginger Jentzen","writein","writein"
"MINNEAPOLIS W-3 P-01","Samantha Pree-Stinson","Steve Fletcher","Tim Bildsoe"
"MINNEAPOLIS W-3 P-01","Ginger Jentzen","Tim Bildsoe","skipped"
"MINNEAPOLIS W-3 P-01","Tim Bildsoe","Steve Fletcher","Ginger Jentzen"
"MINNEAPOLIS W-3 P-01","Ginger Jentzen","Samantha Pree-Stinson","skipped"
"MINNEAPOLIS W-3 P-01","Ginger Jentzen","Samantha Pree-Stinson","Steve Fletcher"
"MINNEAPOLIS W-3 P-01","Samantha Pree-Stinson","Steve Fletcher","skipped"
"MINNEAPOLIS W-3 P-01","Ginger Jentzen","skipped","skipped"
"MINNEAPOLIS W-3 P-01","Steve Fletcher","Tim Bildsoe","Ginger Jentzen"
"MINNEAPOLIS W-3 P-01","Ginger Jentzen","Steve Fletcher","skipped"
"MINNEAPOLIS W-3 P-01","Ginger Jentzen","skipped","skipped"
"MINNEAPOLIS W-3 P-01","Ginger Jentzen","Steve Fletcher","skipped"
"MINNEAPOLIS W-3 P-01","Ginger Jentzen","Steve Fletcher","Samantha Pree-Stinson"
"MINNEAPOLIS W-3 P-01","Ginger Jentzen","skipped","skipped"
"MINNEAPOLIS W-3 P-01","Ginger Jentzen","Samantha Pree-Stinson","Steve Fletcher"
"MINNEAPOLIS W-3 P-01","Tim Bildsoe","Ginger Jentzen","Samantha Pree-Stinson"
"MINNEAPOLIS W-3 P-01","Ginger Jentzen","Steve Fletcher","Tim Bildsoe"
"MINNEAPOLIS W-3 P-01","Steve Fletcher","Ginger Jentzen","Tim Bildsoe"
"MINNEAPOLIS W-3 P-01","Steve Fletcher","skipped","skipped"
"MINNEAPOLIS W-3 P-01","Steve Fletcher","Ginger Jentzen","Samantha Pree-Stinson"
"MINNEAPOLIS W-3 P-01","Steve Fletcher","Ginger Jentzen","Samantha Pree-Stinson"
"MINNEAPOLIS W-3 P-01","Ginger Jentzen","Steve Fletcher","Tim Bildsoe"
"MINNEAPOLIS W-3 P-01","Ginger Jentzen","skipped","skipped"
"MINNEAPOLIS W-3 P-01","Steve Fletcher","skipped","skipped"
"MINNEAPOLIS W-3 P-01","Ginger Jentzen","Steve Fletcher","Samantha Pree-Stinson"
"MINNEAPOLIS W-3 P-01","Ginger Jentzen","skipped","skipped"
"MINNEAPOLIS W-3 P-01","Ginger Jentzen","Steve Fletcher","skipped"
"MINNEAPOLIS W-3 P-01","Ginger Jentzen","Samantha Pree-Stinson","skipped"
"MINNEAPOLIS W-3 P-01","Steve Fletcher","Ginger Jentzen","skipped"
"MINNEAPOLIS W-3 P-01","Ginger Jentzen","skipped","skipped"
"MINNEAPOLIS W-3 P-01","Steve Fletcher","Ginger Jentzen","Tim Bildsoe"
"MINNEAPOLIS W-3 P-01","Ginger Jentzen","skipped","skipped"
"MINNEAPOLIS W-3 P-01","Steve Fletcher","Tim Bildsoe","Samantha Pree-Stinson"
"MINNEAPOLIS W-3 P-01","Samantha Pree-Stinson","Tim Bildsoe","Steve Fletcher"
"MINNEAPOLIS W-3 P-01","Ginger Jentzen","skipped","skipped"
"MINNEAPOLIS W-3 P-01","Ginger Jentzen","Steve Fletcher","skipped"
"MINNEAPOLIS W-3 P-01","Steve Fletcher","Tim Bildsoe","skipped"
"MINNEAPOLIS W-3 P-01","Ginger Jentzen","skipped","skipped"
"MINNEAPOLIS W-3 P-01","Steve Fletcher","skipped","skipped"
"MINNEAPOLIS W-3 P-01","Steve Fletcher","Samantha Pree-Stinson","skipped"
"MINNEAPOLIS W-3 P-01","Ginger Jentzen","Steve Fletcher","skipped"
"MINNEAPOLIS W-3 P-01","Samantha Pree-Stinson","Ginger Jentzen","Steve Fletcher"
"MINNEAPOLIS W-3 P-01","Steve Fletcher","skipped","skipped"
"MINNEAPOLIS W-3 P-01","Ginger Jentzen","Samantha Pree-Stinson","Steve Fletcher"
"MINNEAPOLIS W-3 P-01","Ginger Jentzen","Samantha Pree-Stinson","Steve Fletcher"
"MINNEAPOLIS W-3 P-01","Ginger Jentzen","Samantha Pree-Stinson","skipped"
"MINNEAPOLIS W-3 P-01","Steve Fletcher","skipped","skipped"
"MINNEAPOLIS W-3 P-01","Ginger Jentzen","skipped","skipped"
"MINNEAPOLIS W-3 P-01","Ginger Jentzen","Steve Fletcher","Tim Bildsoe"
"MINNEAPOLIS W-3 P-01","Ginger Jentzen","skipped","skipped"
"MINNEAPOLIS W-3 P-01","Ginger Jentzen","Samantha Pree-Stinson","skipped"
"MINNEAPOLIS W-3 P-01","Steve Fletcher","skipped","skipped"
"MINNEAPOLIS W-3 P-01","Ginger Jentzen","Steve Fletcher","Tim Bildsoe"
"MINNEAPOLIS W-3 P-01","Ginger Jentzen","Samantha Pree-Stinson","Tim Bildsoe"
"MINNEAPOLIS W-3 P-01","Ginger Jentzen","Samantha Pree-Stinson","Steve Fletcher"
"MINNEAPOLIS W-3 P-01","Ginger Jentzen","Steve Fletcher","Tim Bildsoe"
"MINNEAPOLIS W-3 P-01","Steve Fletcher","Ginger Jentzen","skipped"
"MINNEAPOLIS W-3 P-01","Ginger Jentzen","Steve Fletcher","skipped"
"MINNEAPOLIS W-3 P-01","Ginger Jentzen","Tim Bildsoe","Steve Fletcher"
"MINNEAPOLIS W-3 P-01","Ginger Jentzen","Steve Fletcher","Samantha Pree-Stinson"
"MINNEAPOLIS W-3 P-01","Tim Bildsoe","Steve Fletcher","skipped"
"MINNEAPOLIS W-3 P-01","Steve Fletcher","Samantha Pree-Stinson","writein"
"MINNEAPOLIS W-3 P-01","Ginger Jentzen","Steve Fletcher","Tim Bildsoe"
"MINNEAPOLIS W-3 P-01","Ginger Jentzen","Samantha Pree-Stinson","Steve Fletcher"
"MINNEAPOLIS W-3 P-01","Ginger Jentzen","Samantha Pree-Stinson","skipped"
"MINNEAPOLIS W-3 P-01","Ginger Jentzen","skipped","skipped"
"MINNEAPOLIS W-3 P-01","Ginger Jentzen","Steve Fletcher","Samantha Pree-Stinson"
"MINNEAPOLIS W-3 P-01","Tim Bildsoe","Steve Fletcher","Samantha Pree-Stinson"
"MINNEAPOLIS W-3 P-01","skipped","skipped","skipped"
"MINNEAPOLIS W-3 P-01","Ginger Jentzen","skipped","skipped"
"MINNEAPOLIS W-3 P-01","Ginger Jentzen","Samantha Pree-Stinson","Steve Fletcher"
"MINNEAPOLIS W-3 P-01","Steve Fletcher","Ginger Jentzen","skipped"
"MINNEAPOLIS W-3 P-01","Ginger Jentzen","Samantha Pree-Stinson","Steve Fletcher"
"MINNEAPOLIS W-3 P-01","Ginger Jentzen","Samantha Pree-Stinson","Steve Fletcher"
"MINNEAPOLIS W-3 P-01","Ginger Jentzen","skipped","skipped"
"MINNEAPOLIS W-3 P-01","Ginger Jentzen","Steve Fletcher","Samantha Pree-Stinson"
"MINNEAPOLIS W-3 P-01","Samantha Pree-Stinson","Steve Fletcher","Ginger Jentzen"
"MINNEAPOLIS W-3 P-01","Steve Fletcher","Tim Bildsoe","Samantha Pree-Stinson"
"MINNEAPOLIS W-3 P-01","Ginger Jentzen","Samantha Pree-Stinson","Steve Fletcher"
"MINNEAPOLIS W-3 P-01","Samantha Pree-Stinson","Ginger Jentzen","skipped"
"MINNEAPOLIS W-3 P-01","Ginger Jentzen","Samantha Pree-Stinson","Steve Fletcher"
"MINNEAPOLIS W-3 P-01","Ginger Jentzen","Samantha Pree-Stinson","skipped"
"MINNEAPOLIS W-3 P-01","Tim Bildsoe","Steve Fletcher","Samantha Pree-Stinson"
"MINNEAPOLIS W-3 P-01","Tim Bildsoe","Steve Fletcher","skipped"
"MINNEAPOLIS W-3 P-01","Ginger Jentzen","skipped","skipped"
"MINNEAPOLIS W-3 P-01","Ginger Jentzen","Steve Fletcher","Tim Bildsoe"
"MINNEAPOLIS W-3 P-01","Tim Bildsoe","Steve Fletcher","skipped"
"MINNEAPOLIS W-3 P-01","Tim Bildsoe","Steve Fletcher","skipped"
"MINNEAPOLIS W-3 P-01","Ginger Jentzen","skipped","skipped"
"MINNEAPOLIS W-3 P-01","Samantha Pree-Stinson","Steve Fletcher","Tim Bildsoe"
"MINNEAPOLIS W-3 P-01","Ginger Jentzen","Samantha Pree-Stinson","Steve Fletcher"
"MINNEAPOLIS W-3 P-01","Samantha Pree-Stinson","skipped","skipped"
"MINNEAPOLIS W-3 P-01","Ginger Jentzen","skipped","skipped"
"MINNEAPOLIS W-3 P-01","Ginger Jentzen","Steve Fletcher","Samantha Pree-Stinson"
"MINNEAPOLIS W-3 P-01","Ginger Jentzen","Steve Fletcher","Samantha Pree-Stinson"
"MINNEAPOLIS W-3 P-01","Ginger Jentzen","Samantha Pree-Stinson","Steve Fletcher"
"MINNEAPOLIS W-3 P-01","Samantha Pree-Stinson","Steve Fletcher","Tim Bildsoe"
"MINNEAPOLIS W-3 P-01","Ginger Jentzen","Tim Bildsoe","Samantha Pree-Stinson"
"MINNEAPOLIS W-3 P-01","Ginger Jentzen","Steve Fletcher","Samantha Pree-Stinson"
"MINNEAPOLIS W-3 P-01","Ginger Jentzen","skipped","skipped"
"MINNEAPOLIS W-3 P-01","Steve Fletcher","Tim Bildsoe","skipped"
"MINNEAPOLIS W-3 P-01","Tim Bildsoe","Ginger Jentzen","Steve Fletcher"
"MINNEAPOLIS W-3 P-01","Ginger Jentzen","skipped","skipped"
"MINNEAPOLIS W-3 P-01","Samantha Pree-Stinson","Steve Fletcher","skipped"
"MINNEAPOLIS W-3 P-01","Ginger Jentzen","Tim Bildsoe","skipped"
"MINNEAPOLIS W-3 P-01","Ginger Jentzen","Steve Fletcher","skipped"
"MINNEAPOLIS W-3 P-01","Ginger Jentzen","Steve Fletcher","Samantha Pree-Stinson"
"MINNEAPOLIS W-3 P-01","Ginger Jentzen","skipped","skipped"
"MINNEAPOLIS W-3 P-01","Steve Fletcher","Ginger Jentzen","Tim Bildsoe"
"MINNEAPOLIS W-3 P-01","Samantha Pree-Stinson","Ginger Jentzen","Steve Fletcher"
"MINNEAPOLIS W-3 P-01","Steve Fletcher","Samantha Pree-Stinson","Ginger Jentzen"
"MINNEAPOLIS W-3 P-01","Steve Fletcher","Tim Bildsoe","Samantha Pree-Stinson"
"MINNEAPOLIS W-3 P-01","Ginger Jentzen","Steve Fletcher","Tim Bildsoe"
"MINNEAPOLIS W-3 P-01","Ginger Jentzen","Steve Fletcher","Samantha Pree-Stinson"
"MINNEAPOLIS W-3 P-01","Ginger Jentzen","Samantha Pree-Stinson","skipped"
"MINNEAPOLIS W-3 P-01","Ginger Jentzen","Steve Fletcher","Tim Bildsoe"
"MINNEAPOLIS W-3 P-01","Steve Fletcher","Tim Bildsoe","Samantha Pree-Stinson"
"MINNEAPOLIS W-3 P-01","Ginger Jentzen","skipped","skipped"
"MINNEAPOLIS W-3 P-01","skipped","skipped","skipped"
"MINNEAPOLIS W-3 P-01","Ginger Jentzen","Steve Fletcher","Samantha Pree-Stinson"
"MINNEAPOLIS W-3 P-01","Tim Bildsoe","Steve Fletcher","Samantha Pree-Stinson"
"MINNEAPOLIS W-3 P-01","Steve Fletcher","skipped","skipped"
"MINNEAPOLIS W-3 P-01","Samantha Pree-Stinson","Tim Bildsoe","Steve Fletcher"
"MINNEAPOLIS W-3 P-01","Ginger Jentzen","skipped","skipped"
"MINNEAPOLIS W-3 P-01","Tim Bildsoe","skipped","skipped"
"MINNEAPOLIS W-3 P-01","Ginger Jentzen","Samantha Pree-Stinson","Tim Bildsoe"
"MINNEAPOLIS W-3 P-01","Ginger Jentzen","skipped","skipped"
"MINNEAPOLIS W-3 P-01","Ginger Jentzen","skipped","skipped"
"MINNEAPOLIS W-3 P-01","Steve Fletcher","Tim Bildsoe","Samantha Pree-Stinson"
"MINNEAPOLIS W-3 P-01","Ginger Jentzen","Steve Fletcher","Samantha Pree-Stinson"
"MINNEAPOLIS W-3 P-01","Ginger Jentzen","Samantha Pree-Stinson","skipped"
"MINNEAPOLIS W-3 P-01","Samantha Pree-Stinson","Tim Bildsoe","Steve Fletcher"
"MINNEAPOLIS W-3 P-01","Samantha Pree-Stinson","Steve Fletcher","Tim Bildsoe"
"MINNEAPOLIS W-3 P-01","Ginger Jentzen","Steve Fletcher","Tim Bildsoe"
"MINNEAPOLIS W-3 P-01","Ginger Jentzen","Samantha Pree-Stinson","Steve Fletcher"
"MINNEAPOLIS W-3 P-01","Samantha Pree-Stinson","Steve Fletcher","skipped"
"MINNEAPOLIS W-3 P-01","Samantha Pree-Stinson","skipped","skipped"
"MINNEAPOLIS W-3 P-01","Steve Fletcher","skipped","skipped"
"MINNEAPOLIS W-3 P-01","Ginger Jentzen","skipped","skipped"
"MINNEAPOLIS W-3 P-01","Ginger Jentzen","skipped","skipped"
"MINNEAPOLIS W-3 P-01","Ginger Jentzen","skipped","skipped"
"MINNEAPOLIS W-3 P-01","Ginger Jentzen","Steve Fletcher","Tim Bildsoe"
"MINNEAPOLIS W-3 P-01","Steve Fletcher","Tim Bildsoe","writein"
"MINNEAPOLIS W-3 P-01","Ginger Jentzen","skipped","skipped"
"MINNEAPOLIS W-3 P-01","Steve Fletcher","Samantha Pree-Stinson","Tim Bildsoe"
"MINNEAPOLIS W-3 P-01","Ginger Jentzen","skipped","skipped"
"MINNEAPOLIS W-3 P-01","Ginger Jentzen","Samantha Pree-Stinson","Steve Fletcher"
"MINNEAPOLIS W-3 P-01","Ginger Jentzen","skipped","skipped"
"MINNEAPOLIS W-3 P-01","Ginger Jentzen","Steve Fletcher","Tim Bildsoe"
"MINNEAPOLIS W-3 P-01","Ginger Jentzen","skipped","skipped"
"MINNEAPOLIS W-3 P-01","Samantha Pree-Stinson","skipped","skipped"
"MINNEAPOLIS W-3 P-01","Ginger Jentzen","skipped","skipped"
"MINNEAPOLIS W-3 P-01","Ginger Jentzen","Steve Fletcher","Tim Bildsoe"
"MINNEAPOLIS W-3 P-01","Ginger Jentzen","Steve Fletcher","Tim Bildsoe"
"MINNEAPOLIS W-3 P-01","Ginger Jentzen","Samantha Pree-Stinson","skipped"
"MINNEAPOLIS W-3 P-01","Ginger Jentzen","Samantha Pree-Stinson","Steve Fletcher"
"MINNEAPOLIS W-3 P-01","Steve Fletcher","Tim Bildsoe","skipped"
"MINNEAPOLIS W-3 P-01","Steve Fletcher","Tim Bildsoe","skipped"
"MINNEAPOLIS W-3 P-01","Ginger Jentzen","Steve Fletcher","Samantha Pree-Stinson"
"MINNEAPOLIS W-3 P-01","Ginger Jentzen","Steve Fletcher","skipped"
"MINNEAPOLIS W-3 P-04","Ginger Jentzen","skipped","skipped"
"MINNEAPOLIS W-3 P-04","Ginger Jentzen","skipped","skipped"
"MINNEAPOLIS W-3 P-04","Steve Fletcher","Tim Bildsoe","Ginger Jentzen"
"MINNEAPOLIS W-3 P-04","Ginger Jentzen","Steve Fletcher","Samantha Pree-Stinson"
"MINNEAPOLIS W-3 P-04","Ginger Jentzen","Ginger Jentzen","Ginger Jentzen"
"MINNEAPOLIS W-3 P-04","Samantha Pree-Stinson","Steve Fletcher","Ginger Jentzen"
"MINNEAPOLIS W-3 P-04","Ginger Jentzen","Steve Fletcher","skipped"
"MINNEAPOLIS W-3 P-04","Samantha Pree-Stinson","Ginger Jentzen","Steve Fletcher"
"MINNEAPOLIS W-3 P-04","Ginger Jentzen","skipped","skipped"
"MINNEAPOLIS W-3 P-04","Ginger Jentzen","Steve Fletcher","Tim Bildsoe"
"MINNEAPOLIS W-3 P-04","Ginger Jentzen","Steve Fletcher","Tim Bildsoe"
"MINNEAPOLIS W-3 P-04","Ginger Jentzen","Samantha Pree-Stinson","Steve Fletcher"
"MINNEAPOLIS W-3 P-04","Samantha Pree-Stinson","Steve Fletcher","Tim Bildsoe"
"MINNEAPOLIS W-3 P-04","Ginger Jentzen","skipped","skipped"
"MINNEAPOLIS W-3 P-04","Steve Fletcher","Ginger Jentzen","Samantha Pree-Stinson"
"MINNEAPOLIS W-3 P-04","Ginger Jentzen","Steve Fletcher","Steve Fletcher"
"MINNEAPOLIS W-3 P-04","Ginger Jentzen","Steve Fletcher","skipped"
"MINNEAPOLIS W-3 P-04","Tim Bildsoe","Steve Fletcher","Samantha Pree-Stinson"
"MINNEAPOLIS W-3 P-04","Steve Fletcher","skipped","skipped"
"MINNEAPOLIS W-3 P-04","Ginger Jentzen","Steve Fletcher","Tim Bildsoe"
"MINNEAPOLIS W-3 P-04","Ginger Jentzen","Steve Fletcher","skipped"
"MINNEAPOLIS W-3 P-04","Ginger Jentzen","Steve Fletcher","Tim Bildsoe"
"MINNEAPOLIS W-3 P-04","Ginger Jentzen","Samantha Pree-Stinson","writein"
"MINNEAPOLIS W-3 P-04","Ginger Jentzen","skipped","skipped"
"MINNEAPOLIS W-3 P-04","Steve Fletcher","Tim Bildsoe","writein"
"MINNEAPOLIS W-3 P-04","Steve Fletcher","Tim Bildsoe","Ginger Jentzen"
"MINNEAPOLIS W-3 P-04","Ginger Jentzen","Steve Fletcher","Samantha Pree-Stinson"
"MINNEAPOLIS W-3 P-04","Ginger Jentzen","Samantha Pree-Stinson","Steve Fletcher"
"MINNEAPOLIS W-3 P-04","Ginger Jentzen","Steve Fletcher","Tim Bildsoe"
"MINNEAPOLIS W-3 P-04","Tim Bildsoe","Steve Fletcher","Samantha Pree-Stinson"
"MINNEAPOLIS W-3 P-04","Ginger Jentzen","skipped","skipped"
"MINNEAPOLIS W-3 P-04","skipped","Samantha Pree-Stinson","Steve Fletcher"
"MINNEAPOLIS W-3 P-04","Ginger Jentzen","Tim Bildsoe","Steve Fletcher"
"MINNEAPOLIS W-3 P-04","Samantha Pree-Stinson","Ginger Jentzen","skipped"
"MINNEAPOLIS W-3 P-04","Ginger Jentzen","Steve Fletcher","Tim Bildsoe"
"MINNEAPOLIS W-3 P-04","Samantha Pree-Stinson","Steve Fletcher","Ginger Jentzen"
"MINNEAPOLIS W-3 P-04","skipped","skipped","skipped"
"MINNEAPOLIS W-3 P-04","Steve Fletcher","skipped","skipped"
"MINNEAPOLIS W-3 P-04","Tim Bildsoe","Steve Fletcher","Ginger Jentzen"
"MINNEAPOLIS W-3 P-04","Steve Fletcher","skipped","skipped"
"MINNEAPOLIS W-3 P-04","Ginger Jentzen","Tim Bildsoe","Samantha Pree-Stinson"
"MINNEAPOLIS W-3 P-04","Ginger Jentzen","Samantha Pree-Stinson","Steve Fletcher"
"MINNEAPOLIS W-3 P-04","skipped","skipped","skipped"
"MINNEAPOLIS W-3 P-04","Ginger Jentzen","Samantha Pree-Stinson","Steve Fletcher"
"MINNEAPOLIS W-3 P-04","Ginger Jentzen","skipped","skipped"
"MINNEAPOLIS W-3 P-04","Steve Fletcher","Samantha Pree-Stinson","Ginger Jentzen"
"MINNEAPOLIS W-3 P-04","Ginger Jentzen","Samantha Pree-Stinson","Tim Bildsoe"
"MINNEAPOLIS W-3 P-04","Tim Bildsoe","Steve Fletcher","Ginger Jentzen"
"MINNEAPOLIS W-3 P-04","Ginger Jentzen","Tim Bildsoe","Steve Fletcher"
"MINNEAPOLIS W-3 P-04","Steve Fletcher","Samantha Pree-Stinson","Tim Bildsoe"
"MINNEAPOLIS W-3 P-04","Steve Fletcher","Tim Bildsoe","Ginger Jentzen"
"MINNEAPOLIS W-3 P-04","Tim Bildsoe","Steve Fletcher","Samantha Pree-Stinson"
"MINNEAPOLIS W-3 P-04","Tim Bildsoe","Samantha Pree-Stinson","Steve Fletcher"
"MINNEAPOLIS W-3 P-04","Samantha Pree-Stinson","Samantha Pree-Stinson","Samantha Pree-Stinson"
"MINNEAPOLIS W-3 P-04","Ginger Jentzen","skipped","skipped"
"MINNEAPOLIS W-3 P-04","Samantha Pree-Stinson","Tim Bildsoe","Steve Fletcher"
"MINNEAPOLIS W-3 P-04","Ginger Jentzen","Steve Fletcher","Tim Bildsoe"
"MINNEAPOLIS W-3 P-04","Ginger Jentzen","Samantha Pree-Stinson","Steve Fletcher"
"MINNEAPOLIS W-3 P-04","Steve Fletcher","Tim Bildsoe","Tim Bildsoe"
"MINNEAPOLIS W-3 P-04","Samantha Pree-Stinson","Tim Bildsoe","Steve Fletcher"
"MINNEAPOLIS W-3 P-04","Ginger Jentzen","Steve Fletcher","Samantha Pree-Stinson"
"MINNEAPOLIS W-3 P-04","Ginger Jentzen","skipped","skipped"
"MINNEAPOLIS W-3 P-04","Ginger Jentzen","skipped","skipped"
"MINNEAPOLIS W-3 P-04","Steve Fletcher","Tim Bildsoe","skipped"
"MINNEAPOLIS W-3 P-04","Samantha Pree-Stinson","Ginger Jentzen","Tim Bildsoe"
"MINNEAPOLIS W-3 P-04","Ginger Jentzen","Steve Fletcher","Tim Bildsoe"
"MINNEAPOLIS W-3 P-04","Tim Bildsoe","Steve Fletcher","Samantha Pree-Stinson"
"MINNEAPOLIS W-3 P-04","Ginger Jentzen","Tim Bildsoe","Steve Fletcher"
"MINNEAPOLIS W-3 P-04","Ginger Jentzen","Steve Fletcher","Tim Bildsoe"
"MINNEAPOLIS W-3 P-04","Steve Fletcher","skipped","skipped"
"MINNEAPOLIS W-3 P-04","Ginger Jentzen","Steve Fletcher","skipped"
"MINNEAPOLIS W-3 P-04","Ginger Jentzen","Steve Fletcher","skipped"
"MINNEAPOLIS W-3 P-04","Ginger Jentzen","Steve Fletcher","Samantha Pree-Stinson"
"MINNEAPOLIS W-3 P-04","Ginger Jentzen","skipped","skipped"
"MINNEAPOLIS W-3 P-04","Ginger Jentzen","Steve Fletcher","Tim Bildsoe"
"MINNEAPOLIS W-3 P-04","Steve Fletcher","skipped","skipped"
"MINNEAPOLIS W-3 P-04","Ginger Jentzen","Steve Fletcher","Samantha Pree-Stinson"
"MINNEAPOLIS W-3 P-04","Samantha Pree-Stinson","Ginger Jentzen","Steve Fletcher"
"MINNEAPOLIS W-3 P-04","Ginger Jentzen","Steve Fletcher","skipped"
"MINNEAPOLIS W-3 P-04","Ginger Jentzen","Steve Fletcher","Samantha Pree-Stinson"
"MINNEAPOLIS W-3 P-04","Ginger Jentzen","Steve Fletcher","skipped"
"MINNEAPOLIS W-3 P-04","Ginger Jentzen","Steve Fletcher","Tim Bildsoe"
"MINNEAPOLIS W-3 P-04","Ginger Jentzen","Steve Fletcher","Tim Bildsoe"
"MINNEAPOLIS W-3 P-04","Ginger Jentzen","Tim Bildsoe","Samantha Pree-Stinson"
"MINNEAPOLIS W-3 P-04","Ginger Jentzen","skipped","skipped"
"MINNEAPOLIS W-3 P-04","Samantha Pree-Stinson","Ginger Jentzen","Steve Fletcher"
"MINNEAPOLIS W-3 P-04","Tim Bildsoe","Ginger Jentzen","skipped"
"MINNEAPOLIS W-3 P-04","Ginger Jentzen","Steve Fletcher","Samantha Pree-Stinson"
"MINNEAPOLIS W-3 P-04","Steve Fletcher","Samantha Pree-Stinson","Ginger Jentzen"
"MINNEAPOLIS W-3 P-04","Tim Bildsoe","Steve Fletcher","skipped"
"MINNEAPOLIS W-3 P-04","Samantha Pree-Stinson","Tim Bildsoe","skipped"
"MINNEAPOLIS W-3 P-04","Ginger Jentzen","Steve Fletcher","Tim Bildsoe"
"MINNEAPOLIS W-3 P-04","Tim Bildsoe","Steve Fletcher","skipped"
"MINNEAPOLIS W-3 P-04","skipped","skipped","skipped"
"MINNEAPOLIS W-3 P-04","Steve Fletcher","Tim Bildsoe","Ginger Jentzen"
"MINNEAPOLIS W-3 P-04","Ginger Jentzen","skipped","skipped"
"MINNEAPOLIS W-3 P-04","Ginger Jentzen","Tim Bildsoe","Steve Fletcher"
"MINNEAPOLIS W-3 P-04","Ginger Jentzen","Tim Bildsoe","Samantha Pree-Stinson"
"MINNEAPOLIS W-3 P-04","Ginger Jentzen","Tim Bildsoe","Steve Fletcher"
"MINNEAPOLIS W-3 P-04","Steve Fletcher","Tim Bildsoe","Samantha Pree-Stinson"
"MINNEAPOLIS W-3 P-04","Steve Fletcher","Tim Bildsoe","Samantha Pree-Stinson"
"MINNEAPOLIS W-3 P-04","Steve Fletcher","Ginger Jentzen","skipped"
"MINNEAPOLIS W-3 P-04","Ginger Jentzen","Steve Fletcher","Tim Bildsoe"
"MINNEAPOLIS W-3 P-04","Steve Fletcher","Tim Bildsoe","Ginger Jentzen"
"MINNEAPOLIS W-3 P-04","skipped","skipped","skipped"
"MINNEAPOLIS W-3 P-04","Tim Bildsoe","Steve Fletcher","Samantha Pree-Stinson"
"MINNEAPOLIS W-3 P-04","Steve Fletcher","Tim Bildsoe","Tim Bildsoe"
"MINNEAPOLIS W-3 P-04","Ginger Jentzen","skipped","skipped"
"MINNEAPOLIS W-3 P-04","Ginger Jentzen","Tim Bildsoe","Samantha Pree-Stinson"
"MINNEAPOLIS W-3 P-04","Ginger Jentzen","Samantha Pree-Stinson","Tim Bildsoe"
"MINNEAPOLIS W-3 P-04","Ginger Jentzen","Samantha Pree-Stinson","Steve Fletcher"
"MINNEAPOLIS W-3 P-04","Ginger Jentzen","Samantha Pree-Stinson","Tim Bildsoe"
"MINNEAPOLIS W-3 P-04","Tim Bildsoe","skipped","skipped"
"MINNEAPOLIS W-3 P-04","Ginger Jentzen","skipped","skipped"
"MINNEAPOLIS W-3 P-04","Tim Bildsoe","Steve Fletcher","Samantha Pree-Stinson"
"MINNEAPOLIS W-3 P-04","Samantha Pree-Stinson","Tim Bildsoe","Steve Fletcher"
"MINNEAPOLIS W-3 P-04","Samantha Pree-Stinson","Steve Fletcher","Tim Bildsoe"
"MINNEAPOLIS W-3 P-04","Steve Fletcher","Tim Bildsoe","skipped"
"MINNEAPOLIS W-3 P-04","Tim Bildsoe","Ginger Jentzen","Samantha Pree-Stinson"
"MINNEAPOLIS W-3 P-04","Ginger Jentzen","Steve Fletcher","Tim Bildsoe"
"MINNEAPOLIS W-3 P-04","Ginger Jentzen","Tim Bildsoe","Samantha Pree-Stinson"
"MINNEAPOLIS W-3 P-04","Ginger Jentzen","Tim Bildsoe","Samantha Pree-Stinson"
"MINNEAPOLIS W-3 P-04","Steve Fletcher","Ginger Jentzen","Samantha Pree-Stinson"
"MINNEAPOLIS W-3 P-04","Ginger Jentzen","Samantha Pree-Stinson","Tim Bildsoe"
"MINNEAPOLIS W-3 P-04","Tim Bildsoe","Ginger Jentzen","Steve Fletcher"
"MINNEAPOLIS W-3 P-04","Steve Fletcher","Tim Bildsoe","skipped"
"MINNEAPOLIS W-3 P-04","Steve Fletcher","Tim Bildsoe","Ginger Jentzen"
"MINNEAPOLIS W-3 P-04","Steve Fletcher","Tim Bildsoe","Samantha Pree-Stinson"
"MINNEAPOLIS W-3 P-04","Steve Fletcher","Tim Bildsoe","Ginger Jentzen"
"MINNEAPOLIS W-3 P-04","Samantha Pree-Stinson","skipped","skipped"
"MINNEAPOLIS W-3 P-04","Ginger Jentzen","Steve Fletcher","skipped"
"MINNEAPOLIS W-3 P-04","Ginger Jentzen","Samantha Pree-Stinson","Steve Fletcher"
"MINNEAPOLIS W-3 P-04","Steve Fletcher","Steve Fletcher","Steve Fletcher"
"MINNEAPOLIS W-3 P-04","Steve Fletcher","Samantha Pree-Stinson","Ginger Jentzen"
"MINNEAPOLIS W-3 P-04","Ginger Jentzen","skipped","skipped"
"MINNEAPOLIS W-3 P-04","Steve Fletcher","Ginger Jentzen","Samantha Pree-Stinson"
"MINNEAPOLIS W-3 P-04","Ginger Jentzen","Samantha Pree-Stinson","Steve Fletcher"
"MINNEAPOLIS W-3 P-04","Steve Fletcher","Samantha Pree-Stinson","skipped"
"MINNEAPOLIS W-3 P-04","Ginger Jentzen","Steve Fletcher","skipped"
"MINNEAPOLIS W-3 P-04","Ginger Jentzen","Samantha Pree-Stinson","Steve Fletcher"
"MINNEAPOLIS W-3 P-04","skipped","skipped","skipped"
"MINNEAPOLIS W-3 P-04","Ginger Jentzen","Samantha Pree-Stinson","skipped"
"MINNEAPOLIS W-3 P-04","Steve Fletcher","Tim Bildsoe","skipped"
"MINNEAPOLIS W-3 P-04","Tim Bildsoe","Steve Fletcher","Samantha Pree-Stinson"
"MINNEAPOLIS W-3 P-04","Ginger Jentzen","skipped","skipped"
"MINNEAPOLIS W-3 P-04","Steve Fletcher","Samantha Pree-Stinson","Ginger Jentzen"
"MINNEAPOLIS W-3 P-04","Ginger Jentzen","Steve Fletcher","Samantha Pree-Stinson"
"MINNEAPOLIS W-3 P-04","skipped","skipped","skipped"
"MINNEAPOLIS W-3 P-04","Ginger Jentzen","Samantha Pree-Stinson","skipped"
"MINNEAPOLIS W-3 P-04","Steve Fletcher","skipped","skipped"
"MINNEAPOLIS W-3 P-04","Steve Fletcher","Tim Bildsoe","skipped"
"MINNEAPOLIS W-3 P-04","Tim Bildsoe","Steve Fletcher","skipped"
"MINNEAPOLIS W-3 P-04","Ginger Jentzen","Tim Bildsoe","Samantha Pree-Stinson"
"MINNEAPOLIS W-3 P-04","Ginger Jentzen","Samantha Pree-Stinson","skipped"
"MINNEAPOLIS W-3 P-04","Ginger Jentzen","skipped","skipped"
"MINNEAPOLIS W-3 P-04","Steve Fletcher","skipped","skipped"
"MINNEAPOLIS W-3 P-04","skipped","skipped","skipped"
"MINNEAPOLIS W-3 P-04","Tim Bildsoe","Steve Fletcher","skipped"
"MINNEAPOLIS W-3 P-04","Ginger Jentzen","Steve Fletcher","Tim Bildsoe"
"MINNEAPOLIS W-3 P-04","Ginger Jentzen","Tim Bildsoe","Steve Fletcher"
"MINNEAPOLIS W-3 P-04","Steve Fletcher","Tim Bildsoe","skipped"
"MINNEAPOLIS W-3 P-04","Samantha Pree-Stinson","Steve Fletcher","Ginger Jentzen"
"MINNEAPOLIS W-3 P-04","Steve Fletcher","Samantha Pree-Stinson","skipped"
"MINNEAPOLIS W-3 P-04","Ginger Jentzen","Samantha Pree-Stinson","skipped"
"MINNEAPOLIS W-3 P-04","Steve Fletcher","skipped","skipped"
"MINNEAPOLIS W-3 P-04","Steve Fletcher","Samantha Pree-Stinson","Ginger Jentzen"
"MINNEAPOLIS W-3 P-04","Ginger Jentzen","Steve Fletcher","Tim Bildsoe"
"MINNEAPOLIS W-3 P-04","Tim Bildsoe","Steve Fletcher","Tim Bildsoe"
"MINNEAPOLIS W-3 P-04","Steve Fletcher","Tim Bildsoe","skipped"
"MINNEAPOLIS W-3 P-04","Samantha Pree-Stinson","Ginger Jentzen","Tim Bildsoe"
"MINNEAPOLIS W-3 P-04","Tim Bildsoe","Steve Fletcher","Ginger Jentzen"
"MINNEAPOLIS W-3 P-04","Ginger Jentzen","Samantha Pree-Stinson","Tim Bildsoe"
"MINNEAPOLIS W-3 P-04","Samantha Pree-Stinson","Steve Fletcher","skipped"
"MINNEAPOLIS W-3 P-04","Ginger Jentzen","Tim Bildsoe","Steve Fletcher"
"MINNEAPOLIS W-3 P-04","Samantha Pree-Stinson","Steve Fletcher","Tim Bildsoe"
"MINNEAPOLIS W-3 P-04","Tim Bildsoe","Steve Fletcher","Samantha Pree-Stinson"
"MINNEAPOLIS W-3 P-04","Ginger Jentzen","Steve Fletcher","Tim Bildsoe"
"MINNEAPOLIS W-3 P-04","Steve Fletcher","Ginger Jentzen","skipped"
"MINNEAPOLIS W-3 P-04","Ginger Jentzen","skipped","skipped"
"MINNEAPOLIS W-3 P-04","Tim Bildsoe","Steve Fletcher","Samantha Pree-Stinson"
"MINNEAPOLIS W-3 P-04","Ginger Jentzen","skipped","skipped"
"MINNEAPOLIS W-3 P-04","Ginger Jentzen","skipped","skipped"
"MINNEAPOLIS W-3 P-04","Tim Bildsoe","Steve Fletcher","Samantha Pree-Stinson"
"MINNEAPOLIS W-3 P-04","Samantha Pree-Stinson","Tim Bildsoe","Steve Fletcher"
"MINNEAPOLIS W-3 P-04","Ginger Jentzen","skipped","skipped"
"MINNEAPOLIS W-3 P-04","Tim Bildsoe","Steve Fletcher","Ginger Jentzen"
"MINNEAPOLIS W-3 P-04","Ginger Jentzen","Samantha Pree-Stinson","skipped"
"MINNEAPOLIS W-3 P-04","Ginger Jentzen","skipped","skipped"
"MINNEAPOLIS W-3 P-04","Samantha Pree-Stinson","Ginger Jentzen","Steve Fletcher"
"MINNEAPOLIS W-3 P-04","Steve Fletcher","skipped","skipped"
"MINNEAPOLIS W-3 P-04","Steve Fletcher","skipped","skipped"
"MINNEAPOLIS W-3 P-04","Tim Bildsoe","Ginger Jentzen","Steve Fletcher"
"MINNEAPOLIS W-3 P-04","Tim Bildsoe","skipped","skipped"
"MINNEAPOLIS W-3 P-04","skipped","skipped","skipped"
"MINNEAPOLIS W-3 P-04","Ginger Jentzen","Samantha Pree-Stinson","Steve Fletcher"
"MINNEAPOLIS W-3 P-04","Steve Fletcher","skipped","skipped"
"MINNEAPOLIS W-3 P-04","Steve Fletcher","skipped","skipped"
"MINNEAPOLIS W-3 P-04","Tim Bildsoe","Samantha Pree-Stinson","Ginger Jentzen"
"MINNEAPOLIS W-3 P-04","Samantha Pree-Stinson","Steve Fletcher","Tim Bildsoe"
"MINNEAPOLIS W-3 P-04","Tim Bildsoe","Steve Fletcher","Samantha Pree-Stinson"
"MINNEAPOLIS W-3 P-04","Tim Bildsoe","Samantha Pree-Stinson","Steve Fletcher"
"MINNEAPOLIS W-3 P-04","Ginger Jentzen","Samantha Pree-Stinson","skipped"
"MINNEAPOLIS W-3 P-04","Ginger Jentzen","Tim Bildsoe","Steve Fletcher"
"MINNEAPOLIS W-3 P-04","Ginger Jentzen","Steve Fletcher","Samantha Pree-Stinson"
"MINNEAPOLIS W-3 P-04","Ginger Jentzen","Steve Fletcher","Samantha Pree-Stinson"
"MINNEAPOLIS W-3 P-04","Ginger Jentzen","Ginger Jentzen","Ginger Jentzen"
"MINNEAPOLIS W-3 P-04","Steve Fletcher","Tim Bildsoe","Ginger Jentzen"
"MINNEAPOLIS W-3 P-04","Tim Bildsoe","Steve Fletcher","skipped"
"MINNEAPOLIS W-3 P-04","Steve Fletcher","Tim Bildsoe","skipped"
"MINNEAPOLIS W-3 P-04","Ginger Jentzen","Steve Fletcher","Samantha Pree-Stinson"
"MINNEAPOLIS W-3 P-04","Steve Fletcher","Tim Bildsoe","Samantha Pree-Stinson"
"MINNEAPOLIS W-3 P-04","Steve Fletcher","Tim Bildsoe","skipped"
"MINNEAPOLIS W-3 P-04","Tim Bildsoe","Samantha Pree-Stinson","Steve Fletcher"
"MINNEAPOLIS W-3 P-04","Ginger Jentzen","Steve Fletcher","Tim Bildsoe"
"MINNEAPOLIS W-3 P-04","Steve Fletcher","Tim Bildsoe","Samantha Pree-Stinson"
"MINNEAPOLIS W-3 P-04","Ginger Jentzen","Samantha Pree-Stinson","Tim Bildsoe"
"MINNEAPOLIS W-3 P-04","Ginger Jentzen","Ginger Jentzen","Ginger Jentzen"
"MINNEAPOLIS W-3 P-04","Ginger Jentzen","skipped","skipped"
"MINNEAPOLIS W-3 P-04","Ginger Jentzen","Steve Fletcher","Tim Bildsoe"
"MINNEAPOLIS W-3 P-04","Steve Fletcher","Tim Bildsoe","skipped"
"MINNEAPOLIS W-3 P-04","Samantha Pree-Stinson","Steve Fletcher","Tim Bildsoe"
"MINNEAPOLIS W-3 P-04","Steve Fletcher","Tim Bildsoe","Samantha Pree-Stinson"
"MINNEAPOLIS W-3 P-04","Tim Bildsoe","Steve Fletcher","writein"
"MINNEAPOLIS W-3 P-04","Ginger Jentzen","skipped","skipped"
"MINNEAPOLIS W-3 P-04","Ginger Jentzen","Samantha Pree-Stinson","Steve Fletcher"
"MINNEAPOLIS W-3 P-04","Ginger Jentzen","Steve Fletcher","skipped"
"MINNEAPOLIS W-3 P-04","Ginger Jentzen","skipped","skipped"
"MINNEAPOLIS W-3 P-04","Steve Fletcher","Tim Bildsoe","skipped"
"MINNEAPOLIS W-3 P-04","Samantha Pree-Stinson","Steve Fletcher","Ginger Jentzen"
"MINNEAPOLIS W-3 P-04","Steve Fletcher","Samantha Pree-Stinson","Tim Bildsoe"
"MINNEAPOLIS W-3 P-04","Tim Bildsoe","Steve Fletcher","skipped"
"MINNEAPOLIS W-3 P-04","Steve Fletcher","Tim Bildsoe","Steve Fletcher"
"MINNEAPOLIS W-3 P-04","Tim Bildsoe","Steve Fletcher","Samantha Pree-Stinson"
"MINNEAPOLIS W-3 P-04","Steve Fletcher","Ginger Jentzen","Tim Bildsoe"
"MINNEAPOLIS W-3 P-04","Samantha Pree-Stinson","Ginger Jentzen","Steve Fletcher"
"MINNEAPOLIS W-3 P-04","Ginger Jentzen","Steve Fletcher","skipped"
"MINNEAPOLIS W-3 P-04","Ginger Jentzen","Steve Fletcher","skipped"
"MINNEAPOLIS W-3 P-04","Ginger Jentzen","Steve Fletcher","Samantha Pree-Stinson"
"MINNEAPOLIS W-3 P-04","Ginger Jentzen","skipped","skipped"
"MINNEAPOLIS W-3 P-04","Ginger Jentzen","skipped","skipped"
"MINNEAPOLIS W-3 P-04","Ginger Jentzen","skipped","skipped"
"MINNEAPOLIS W-3 P-04","Tim Bildsoe","skipped","skipped"
"MINNEAPOLIS W-3 P-04","Tim Bildsoe","Steve Fletcher","Ginger Jentzen"
"MINNEAPOLIS W-3 P-04","Tim Bildsoe","Tim Bildsoe","Tim Bildsoe"
"MINNEAPOLIS W-3 P-04","Tim Bildsoe","Steve Fletcher","Samantha Pree-Stinson"
"MINNEAPOLIS W-3 P-04","Tim Bildsoe","Samantha Pree-Stinson","Steve Fletcher"
"MINNEAPOLIS W-3 P-04","Ginger Jentzen","Steve Fletcher","Steve Fletcher"
"MINNEAPOLIS W-3 P-04","Ginger Jentzen","Samantha Pree-Stinson","Steve Fletcher"
"MINNEAPOLIS W-3 P-04","Steve Fletcher","Tim Bildsoe","Samantha Pree-Stinson"
"MINNEAPOLIS W-3 P-04","Steve Fletcher","Tim Bildsoe","Samantha Pree-Stinson"
"MINNEAPOLIS W-3 P-04","Steve Fletcher","Steve Fletcher","Samantha Pree-Stinson"
"MINNEAPOLIS W-3 P-04","Steve Fletcher","Tim Bildsoe","skipped"
"MINNEAPOLIS W-3 P-04","Steve Fletcher","Ginger Jentzen","writein"
"MINNEAPOLIS W-3 P-04","Ginger Jentzen","Samantha Pree-Stinson","writein"
"MINNEAPOLIS W-3 P-04","Steve Fletcher","Tim Bildsoe","writein"
"MINNEAPOLIS W-3 P-04","skipped","skipped","skipped"
"MINNEAPOLIS W-3 P-04","Ginger Jentzen","Tim Bildsoe","Steve Fletcher"
"MINNEAPOLIS W-3 P-04","Ginger Jentzen","Tim Bildsoe","skipped"
"MINNEAPOLIS W-3 P-04","Ginger Jentzen","Steve Fletcher","Tim Bildsoe"
"MINNEAPOLIS W-3 P-04","Tim Bildsoe","Steve Fletcher","Ginger Jentzen"
"MINNEAPOLIS W-3 P-04","Steve Fletcher","Samantha Pree-Stinson","Tim Bildsoe"
"MINNEAPOLIS W-3 P-04","Steve Fletcher","Samantha Pree-Stinson","Ginger Jentzen"
"MINNEAPOLIS W-3 P-04","Steve Fletcher","Samantha Pree-Stinson","Tim Bildsoe"
"MINNEAPOLIS W-3 P-04","Ginger Jentzen","Steve Fletcher","Samantha Pree-Stinson"
"MINNEAPOLIS W-3 P-04","Steve Fletcher","Ginger Jentzen","Samantha Pree-Stinson"
"MINNEAPOLIS W-3 P-04","Samantha Pree-Stinson","Tim Bildsoe","Ginger Jentzen"
"MINNEAPOLIS W-3 P-04","Steve Fletcher","Ginger Jentzen","Samantha Pree-Stinson"
"MINNEAPOLIS W-3 P-04","Tim Bildsoe","skipped","skipped"
"MINNEAPOLIS W-3 P-04","Ginger Jentzen","Samantha Pree-Stinson","Steve Fletcher"
"MINNEAPOLIS W-3 P-04","Ginger Jentzen","Samantha Pree-Stinson","Tim Bildsoe"
"MINNEAPOLIS W-3 P-04","Ginger Jentzen","Steve Fletcher","skipped"
"MINNEAPOLIS W-3 P-04","Ginger Jentzen","skipped","skipped"
"MINNEAPOLIS W-3 P-04","Ginger Jentzen","Samantha Pree-Stinson","skipped"
"MINNEAPOLIS W-3 P-04","Ginger Jentzen","skipped","skipped"
"MINNEAPOLIS W-3 P-04","Steve Fletcher","Tim Bildsoe","Ginger Jentzen"
"MINNEAPOLIS W-3 P-04","Steve Fletcher","Tim Bildsoe","skipped"
"MINNEAPOLIS W-3 P-04","Ginger Jentzen","Steve Fletcher","skipped"
"MINNEAPOLIS W-3 P-04","Steve Fletcher","Tim Bildsoe","Samantha Pree-Stinson"
"MINNEAPOLIS W-3 P-04","Ginger Jentzen","Samantha Pree-Stinson","Steve Fletcher"
"MINNEAPOLIS W-3 P-04","Tim Bildsoe","Steve Fletcher","Ginger Jentzen"
"MINNEAPOLIS W-3 P-04","Steve Fletcher","Samantha Pree-Stinson","Ginger Jentzen"
"MINNEAPOLIS W-3 P-04","Steve Fletcher","Tim Bildsoe","skipped"
"MINNEAPOLIS W-3 P-04","Steve Fletcher","Tim Bildsoe","Samantha Pree-Stinson"
"MINNEAPOLIS W-3 P-04","Ginger Jentzen","Steve Fletcher","Tim Bildsoe"
"MINNEAPOLIS W-3 P-04","Ginger Jentzen","Samantha Pree-Stinson","skipped"
"MINNEAPOLIS W-3 P-04","Ginger Jentzen","Steve Fletcher","Tim Bildsoe"
"MINNEAPOLIS W-3 P-04","Steve Fletcher","Tim Bildsoe","Ginger Jentzen"
"MINNEAPOLIS W-3 P-04","Ginger Jentzen","Steve Fletcher","Tim Bildsoe"
"MINNEAPOLIS W-3 P-04","Ginger Jentzen","Steve Fletcher","skipped"
"MINNEAPOLIS W-3 P-04","Steve Fletcher","Tim Bildsoe","Ginger Jentzen"
"MINNEAPOLIS W-3 P-04","Ginger Jentzen","Samantha Pree-Stinson","Steve Fletcher"
"MINNEAPOLIS W-3 P-04","Ginger Jentzen","skipped","skipped"
"MINNEAPOLIS W-3 P-04","Samantha Pree-Stinson","Steve Fletcher","Tim Bildsoe"
"MINNEAPOLIS W-3 P-04","Ginger Jentzen","Steve Fletcher","Tim Bildsoe"
"MINNEAPOLIS W-3 P-04","Samantha Pree-Stinson","skipped","skipped"
"MINNEAPOLIS W-3 P-04","Steve Fletcher","Samantha Pree-Stinson","Ginger Jentzen"
"MINNEAPOLIS W-3 P-04","Ginger Jentzen","Ginger Jentzen","Ginger Jentzen"
"MINNEAPOLIS W-3 P-04","Tim Bildsoe","Steve Fletcher","skipped"
"MINNEAPOLIS W-3 P-04","Tim Bildsoe","Steve Fletcher","skipped"
"MINNEAPOLIS W-3 P-04","Steve Fletcher","Samantha Pree-Stinson","Tim Bildsoe"
"MINNEAPOLIS W-3 P-04","Ginger Jentzen","Steve Fletcher","Tim Bildsoe"
"MINNEAPOLIS W-3 P-04","Ginger Jentzen","Steve Fletcher","skipped"
"MINNEAPOLIS W-3 P-04","Samantha Pree-Stinson","Tim Bildsoe","Ginger Jentzen"
"MINNEAPOLIS W-3 P-04","Tim Bildsoe","Steve Fletcher","Ginger Jentzen"
"MINNEAPOLIS W-3 P-04","Ginger Jentzen","Steve Fletcher","Samantha Pree-Stinson"
"MINNEAPOLIS W-3 P-04","Tim Bildsoe","skipped","skipped"
"MINNEAPOLIS W-3 P-04","Ginger Jentzen","skipped","skipped"
"MINNEAPOLIS W-3 P-04","Steve Fletcher","Samantha Pree-Stinson","Ginger Jentzen"
"MINNEAPOLIS W-3 P-04","Ginger Jentzen","writein","writein"
"MINNEAPOLIS W-3 P-04","Steve Fletcher","Tim Bildsoe","skipped"
"MINNEAPOLIS W-3 P-04","Steve Fletcher","Tim Bildsoe","Samantha Pree-Stinson"
"MINNEAPOLIS W-3 P-04","Samantha Pree-Stinson","Ginger Jentzen","Tim Bildsoe"
"MINNEAPOLIS W-3 P-04","Steve Fletcher","Ginger Jentzen","Tim Bildsoe"
"MINNEAPOLIS W-3 P-04","Ginger Jentzen","Samantha Pree-Stinson","skipped"
"MINNEAPOLIS W-3 P-04","Samantha Pree-Stinson","Ginger Jentzen","Steve Fletcher"
"MINNEAPOLIS W-3 P-04","Steve Fletcher","Ginger Jentzen","skipped"
"MINNEAPOLIS W-3 P-04","Samantha Pree-Stinson","Ginger Jentzen","Tim Bildsoe"
"MINNEAPOLIS W-3 P-04","Ginger Jentzen","Samantha Pree-Stinson","Steve Fletcher"
"MINNEAPOLIS W-3 P-04","Ginger Jentzen","Samantha Pree-Stinson","skipped"
"MINNEAPOLIS W-3 P-04","Steve Fletcher","Tim Bildsoe","Ginger Jentzen"
"MINNEAPOLIS W-3 P-04","Ginger Jentzen","Steve Fletcher","skipped"
"MINNEAPOLIS W-3 P-04","Ginger Jentzen","Steve Fletcher","Samantha Pree-Stinson"
"MINNEAPOLIS W-3 P-04","Steve Fletcher","skipped","skipped"
"MINNEAPOLIS W-3 P-04","Steve Fletcher","Tim Bildsoe","skipped"
"MINNEAPOLIS W-3 P-04","Steve Fletcher","Tim Bildsoe","Samantha Pree-Stinson"
"MINNEAPOLIS W-3 P-04","Samantha Pree-Stinson","Ginger Jentzen","Steve Fletcher"
"MINNEAPOLIS W-3 P-04","Ginger Jentzen","Steve Fletcher","Samantha Pree-Stinson"
"MINNEAPOLIS W-3 P-04","Samantha Pree-Stinson","Steve Fletcher","Tim Bildsoe"
"MINNEAPOLIS W-3 P-04","Tim Bildsoe","Steve Fletcher","Samantha Pree-Stinson"
"MINNEAPOLIS W-3 P-04","Ginger Jentzen","Tim Bildsoe","Steve Fletcher"
"MINNEAPOLIS W-3 P-04","Ginger Jentzen","Steve Fletcher","skipped"
"MINNEAPOLIS W-3 P-04","Steve Fletcher","Tim Bildsoe","skipped"
"MINNEAPOLIS W-3 P-04","Steve Fletcher","Ginger Jentzen","Tim Bildsoe"
"MINNEAPOLIS W-3 P-04","Steve Fletcher","Ginger Jentzen","Tim Bildsoe"
"MINNEAPOLIS W-3 P-04","Ginger Jentzen","skipped","skipped"
"MINNEAPOLIS W-3 P-04","Ginger Jentzen","skipped","skipped"
"MINNEAPOLIS W-3 P-04","Ginger Jentzen","Samantha Pree-Stinson","Tim Bildsoe"
"MINNEAPOLIS W-3 P-04","Steve Fletcher","Tim Bildsoe","Samantha Pree-Stinson"
"MINNEAPOLIS W-3 P-04","Steve Fletcher","Ginger Jentzen","skipped"
"MINNEAPOLIS W-3 P-04","Steve Fletcher","Ginger Jentzen","Samantha Pree-Stinson"
"MINNEAPOLIS W-3 P-04","Steve Fletcher","skipped","skipped"
"MINNEAPOLIS W-3 P-04","Samantha Pree-Stinson","Tim Bildsoe","Ginger Jentzen"
"MINNEAPOLIS W-3 P-04","skipped","Steve Fletcher","skipped"
"MINNEAPOLIS W-3 P-04","Samantha Pree-Stinson","Steve Fletcher","skipped"
"MINNEAPOLIS W-3 P-04","Samantha Pree-Stinson","Steve Fletcher","Ginger Jentzen"
"MINNEAPOLIS W-3 P-04","Samantha Pree-Stinson","Ginger Jentzen","Steve Fletcher"
"MINNEAPOLIS W-3 P-04","Samantha Pree-Stinson","Steve Fletcher","Ginger Jentzen"
"MINNEAPOLIS W-3 P-04","Steve Fletcher","Tim Bildsoe","Ginger Jentzen"
"MINNEAPOLIS W-3 P-04","Ginger Jentzen","Steve Fletcher","Samantha Pree-Stinson"
"MINNEAPOLIS W-3 P-04","Steve Fletcher","skipped","skipped"
"MINNEAPOLIS W-3 P-04","Samantha Pree-Stinson","Ginger Jentzen","skipped"
"MINNEAPOLIS W-3 P-04","Ginger Jentzen","skipped","skipped"
"MINNEAPOLIS W-3 P-04","Samantha Pree-Stinson","Steve Fletcher","Tim Bildsoe"
"MINNEAPOLIS W-3 P-04","Ginger Jentzen","Steve Fletcher","skipped"
"MINNEAPOLIS W-3 P-04","Ginger Jentzen","Steve Fletcher","Samantha Pree-Stinson"
"MINNEAPOLIS W-3 P-04","Steve Fletcher","Tim Bildsoe","Samantha Pree-Stinson"
"MINNEAPOLIS W-3 P-04","Tim Bildsoe","Steve Fletcher","Steve Fletcher"
"MINNEAPOLIS W-3 P-04","Tim Bildsoe","Steve Fletcher","Samantha Pree-Stinson"
"MINNEAPOLIS W-3 P-04","Ginger Jentzen","skipped","skipped"
"MINNEAPOLIS W-3 P-04","Ginger Jentzen","Steve Fletcher","Tim Bildsoe"
"MINNEAPOLIS W-3 P-04","Ginger Jentzen","Samantha Pree-Stinson","skipped"
"MINNEAPOLIS W-3 P-04","Ginger Jentzen","Samantha Pree-Stinson","Steve Fletcher"
"MINNEAPOLIS W-3 P-04","Tim Bildsoe","Steve Fletcher","Samantha Pree-Stinson"
"MINNEAPOLIS W-3 P-04","Steve Fletcher","Samantha Pree-Stinson","Ginger Jentzen"
"MINNEAPOLIS W-3 P-04","Samantha Pree-Stinson","Ginger Jentzen","skipped"
"MINNEAPOLIS W-3 P-04","skipped","skipped","skipped"
"MINNEAPOLIS W-3 P-04","Ginger Jentzen","Steve Fletcher","skipped"
"MINNEAPOLIS W-3 P-04","Steve Fletcher","Samantha Pree-Stinson","Ginger Jentzen"
"MINNEAPOLIS W-3 P-04","Steve Fletcher","skipped","skipped"
"MINNEAPOLIS W-3 P-04","Steve Fletcher","skipped","skipped"
"MINNEAPOLIS W-3 P-04","Ginger Jentzen","Steve Fletcher","Samantha Pree-Stinson"
"MINNEAPOLIS W-3 P-04","Tim Bildsoe","Steve Fletcher","Samantha Pree-Stinson"
"MINNEAPOLIS W-3 P-04","skipped","skipped","skipped"
"MINNEAPOLIS W-3 P-04","Ginger Jentzen","Samantha Pree-Stinson","skipped"
"MINNEAPOLIS W-3 P-04","Ginger Jentzen","Samantha Pree-Stinson","skipped"
"MINNEAPOLIS W-3 P-04","Ginger Jentzen","skipped","skipped"
"MINNEAPOLIS W-3 P-04","Tim Bildsoe","Ginger Jentzen","Steve Fletcher"
"MINNEAPOLIS W-3 P-04","skipped","skipped","skipped"
"MINNEAPOLIS W-3 P-04","Steve Fletcher","Ginger Jentzen","Tim Bildsoe"
"MINNEAPOLIS W-3 P-04","Ginger Jentzen","Samantha Pree-Stinson","Steve Fletcher"
"MINNEAPOLIS W-3 P-04","Ginger Jentzen","Steve Fletcher","Samantha Pree-Stinson"
"MINNEAPOLIS W-3 P-04","Ginger Jentzen","skipped","skipped"
"MINNEAPOLIS W-3 P-04","Ginger Jentzen","Tim Bildsoe","skipped"
"MINNEAPOLIS W-3 P-04","Ginger Jentzen","Steve Fletcher","Tim Bildsoe"
"MINNEAPOLIS W-3 P-04","Samantha Pree-Stinson","skipped","skipped"
"MINNEAPOLIS W-3 P-04","Ginger Jentzen","skipped","skipped"
"MINNEAPOLIS W-3 P-04","Steve Fletcher","Samantha Pree-Stinson","skipped"
"MINNEAPOLIS W-3 P-04","Ginger Jentzen","Samantha Pree-Stinson","skipped"
"MINNEAPOLIS W-3 P-04","Ginger Jentzen","Samantha Pree-Stinson","Steve Fletcher"
"MINNEAPOLIS W-3 P-04","Tim Bildsoe","Ginger Jentzen","Samantha Pree-Stinson"
"MINNEAPOLIS W-3 P-04","Tim Bildsoe","Ginger Jentzen","Steve Fletcher"
"MINNEAPOLIS W-3 P-04","Steve Fletcher","Tim Bildsoe","Ginger Jentzen"
"MINNEAPOLIS W-3 P-04","Steve Fletcher","Tim Bildsoe","skipped"
"MINNEAPOLIS W-3 P-04","Steve Fletcher","Samantha Pree-Stinson","Steve Fletcher"
"MINNEAPOLIS W-3 P-04","Ginger Jentzen","skipped","skipped"
"MINNEAPOLIS W-3 P-04","Tim Bildsoe","Ginger Jentzen","skipped"
"MINNEAPOLIS W-3 P-04","Samantha Pree-Stinson","Steve Fletcher","Ginger Jentzen"
"MINNEAPOLIS W-3 P-04","Ginger Jentzen","Steve Fletcher","Samantha Pree-Stinson"
"MINNEAPOLIS W-3 P-04","Steve Fletcher","Ginger Jentzen","Tim Bildsoe"
"MINNEAPOLIS W-3 P-04","Ginger Jentzen","skipped","skipped"
"MINNEAPOLIS W-3 P-04","Steve Fletcher","Ginger Jentzen","skipped"
"MINNEAPOLIS W-3 P-04","Ginger Jentzen","Tim Bildsoe","Steve Fletcher"
"MINNEAPOLIS W-3 P-04","Ginger Jentzen","Tim Bildsoe","Steve Fletcher"
"MINNEAPOLIS W-3 P-04","Samantha Pree-Stinson","Ginger Jentzen","Steve Fletcher"
"MINNEAPOLIS W-3 P-04","Ginger Jentzen","Steve Fletcher","Samantha Pree-Stinson"
"MINNEAPOLIS W-3 P-04","skipped","skipped","skipped"
"MINNEAPOLIS W-3 P-04","Ginger Jentzen","Steve Fletcher","Samantha Pree-Stinson"
"MINNEAPOLIS W-3 P-04","Ginger Jentzen","Tim Bildsoe","skipped"
"MINNEAPOLIS W-3 P-04","Ginger Jentzen","Steve Fletcher","Tim Bildsoe"
"MINNEAPOLIS W-3 P-04","Steve Fletcher","skipped","skipped"
"MINNEAPOLIS W-3 P-04","Ginger Jentzen","Steve Fletcher","Tim Bildsoe"
"MINNEAPOLIS W-3 P-04","Samantha Pree-Stinson","Ginger Jentzen","writein"
"MINNEAPOLIS W-3 P-04","Steve Fletcher","Samantha Pree-Stinson","Ginger Jentzen"
"MINNEAPOLIS W-3 P-04","Steve Fletcher","skipped","skipped"
"MINNEAPOLIS W-3 P-04","Steve Fletcher","Tim Bildsoe","Samantha Pree-Stinson"
"MINNEAPOLIS W-3 P-04","Samantha Pree-Stinson","skipped","skipped"
"MINNEAPOLIS W-3 P-04","Tim Bildsoe","Ginger Jentzen","Samantha Pree-Stinson"
"MINNEAPOLIS W-3 P-04","skipped","skipped","skipped"
"MINNEAPOLIS W-3 P-04","Ginger Jentzen","Steve Fletcher","Tim Bildsoe"
"MINNEAPOLIS W-3 P-04","Ginger Jentzen","Steve Fletcher","Samantha Pree-Stinson"
"MINNEAPOLIS W-3 P-04","Tim Bildsoe","Samantha Pree-Stinson","Steve Fletcher"
"MINNEAPOLIS W-3 P-04","Tim Bildsoe","Ginger Jentzen","Samantha Pree-Stinson"
"MINNEAPOLIS W-3 P-04","Ginger Jentzen","Steve Fletcher","skipped"
"MINNEAPOLIS W-3 P-04","Steve Fletcher","Tim Bildsoe","Samantha Pree-Stinson"
"MINNEAPOLIS W-3 P-04","Samantha Pree-Stinson","Steve Fletcher","Tim Bildsoe"
"MINNEAPOLIS W-3 P-04","Tim Bildsoe","Steve Fletcher","skipped"
"MINNEAPOLIS W-3 P-04","Steve Fletcher","Tim Bildsoe","Ginger Jentzen"
"MINNEAPOLIS W-3 P-04","Ginger Jentzen","Samantha Pree-Stinson","Steve Fletcher"
"MINNEAPOLIS W-3 P-04","Steve Fletcher","Tim Bildsoe","skipped"
"MINNEAPOLIS W-3 P-04","Samantha Pree-Stinson","Steve Fletcher","skipped"
"MINNEAPOLIS W-3 P-04","Tim Bildsoe","Steve Fletcher","skipped"
"MINNEAPOLIS W-3 P-04","Samantha Pree-Stinson","Steve Fletcher","Tim Bildsoe"
"MINNEAPOLIS W-3 P-04","Samantha Pree-Stinson","Steve Fletcher","Ginger Jentzen"
"MINNEAPOLIS W-3 P-04","Ginger Jentzen","skipped","skipped"
"MINNEAPOLIS W-3 P-04","Ginger Jentzen","skipped","skipped"
"MINNEAPOLIS W-3 P-04","Ginger Jentzen","Steve Fletcher","Tim Bildsoe"
"MINNEAPOLIS W-3 P-04","Ginger Jentzen","Samantha Pree-Stinson","Tim Bildsoe"
"MINNEAPOLIS W-3 P-04","Ginger Jentzen","Samantha Pree-Stinson","Steve Fletcher"
"MINNEAPOLIS W-3 P-04","Ginger Jentzen","Steve Fletcher","Samantha Pree-Stinson"
"MINNEAPOLIS W-3 P-04","Steve Fletcher","Ginger Jentzen","skipped"
"MINNEAPOLIS W-3 P-04","Ginger Jentzen","skipped","skipped"
"MINNEAPOLIS W-3 P-04","Steve Fletcher","Steve Fletcher","skipped"
"MINNEAPOLIS W-3 P-04","Steve Fletcher","skipped","skipped"
"MINNEAPOLIS W-3 P-04","Ginger Jentzen","skipped","skipped"
"MINNEAPOLIS W-3 P-04","Ginger Jentzen","Tim Bildsoe","Samantha Pree-Stinson"
"MINNEAPOLIS W-3 P-04","Ginger Jentzen","Samantha Pree-Stinson","writein"
"MINNEAPOLIS W-3 P-04","Steve Fletcher","Tim Bildsoe","Steve Fletcher"
"MINNEAPOLIS W-3 P-04","Steve Fletcher","Samantha Pree-Stinson","Tim Bildsoe"
"MINNEAPOLIS W-3 P-04","Ginger Jentzen","skipped","skipped"
"MINNEAPOLIS W-3 P-04","Steve Fletcher","Tim Bildsoe","Samantha Pree-Stinson"
"MINNEAPOLIS W-3 P-04","Steve Fletcher","skipped","skipped"
"MINNEAPOLIS W-3 P-04","Ginger Jentzen","Tim Bildsoe","Steve Fletcher"
"MINNEAPOLIS W-3 P-04","Samantha Pree-Stinson","Steve Fletcher","skipped"
"MINNEAPOLIS W-3 P-04","Steve Fletcher","Steve Fletcher","skipped"
"MINNEAPOLIS W-3 P-04","Ginger Jentzen","Samantha Pree-Stinson","skipped"
"MINNEAPOLIS W-3 P-04","Ginger Jentzen","Samantha Pree-Stinson","Steve Fletcher"
"MINNEAPOLIS W-3 P-04","Steve Fletcher","Tim Bildsoe","Ginger Jentzen"
"MINNEAPOLIS W-3 P-04","Ginger Jentzen","skipped","skipped"
"MINNEAPOLIS W-3 P-04","Ginger Jentzen","Tim Bildsoe","Steve Fletcher"
"MINNEAPOLIS W-3 P-04","Ginger Jentzen","Steve Fletcher","Steve Fletcher"
"MINNEAPOLIS W-3 P-04","Ginger Jentzen","Steve Fletcher","Tim Bildsoe"
"MINNEAPOLIS W-3 P-04","Steve Fletcher","Tim Bildsoe","skipped"
"MINNEAPOLIS W-3 P-04","Steve Fletcher","Ginger Jentzen","Samantha Pree-Stinson"
"MINNEAPOLIS W-3 P-04","Ginger Jentzen","Ginger Jentzen","Ginger Jentzen"
"MINNEAPOLIS W-3 P-04","Ginger Jentzen","Steve Fletcher","Tim Bildsoe"
"MINNEAPOLIS W-3 P-04","Tim Bildsoe","Samantha Pree-Stinson","Steve Fletcher"
"MINNEAPOLIS W-3 P-04","Samantha Pree-Stinson","Tim Bildsoe","skipped"
"MINNEAPOLIS W-3 P-04","Ginger Jentzen","Steve Fletcher","skipped"
"MINNEAPOLIS W-3 P-04","Samantha Pree-Stinson","Steve Fletcher","Tim Bildsoe"
"MINNEAPOLIS W-3 P-04","Samantha Pree-Stinson","Tim Bildsoe","skipped"
"MINNEAPOLIS W-3 P-04","Ginger Jentzen","Steve Fletcher","Samantha Pree-Stinson"
"MINNEAPOLIS W-3 P-04","Ginger Jentzen","Samantha Pree-Stinson","Steve Fletcher"
"MINNEAPOLIS W-3 P-04","Ginger Jentzen","skipped","skipped"
"MINNEAPOLIS W-3 P-04","Samantha Pree-Stinson","Tim Bildsoe","Ginger Jentzen"
"MINNEAPOLIS W-3 P-04","Ginger Jentzen","Steve Fletcher","Tim Bildsoe"
"MINNEAPOLIS W-3 P-04","Ginger Jentzen","skipped","skipped"
"MINNEAPOLIS W-3 P-04","Ginger Jentzen","Samantha Pree-Stinson","Tim Bildsoe"
"MINNEAPOLIS W-3 P-04","Tim Bildsoe","Ginger Jentzen","skipped"
"MINNEAPOLIS W-3 P-04","Ginger Jentzen","skipped","skipped"
"MINNEAPOLIS W-3 P-04","Steve Fletcher","Tim Bildsoe","Samantha Pree-Stinson"
"MINNEAPOLIS W-3 P-04","Ginger Jentzen","Samantha Pree-Stinson","skipped"
"MINNEAPOLIS W-3 P-04","Ginger Jentzen","Samantha Pree-Stinson","Steve Fletcher"
"MINNEAPOLIS W-3 P-04","Ginger Jentzen","Steve Fletcher","skipped"
"MINNEAPOLIS W-3 P-04","Ginger Jentzen","Tim Bildsoe","Samantha Pree-Stinson"
"MINNEAPOLIS W-3 P-04","Ginger Jentzen","Tim Bildsoe","skipped"
"MINNEAPOLIS W-3 P-04","Ginger Jentzen","Samantha Pree-Stinson","Steve Fletcher"
"MINNEAPOLIS W-3 P-04","Tim Bildsoe","Steve Fletcher","Samantha Pree-Stinson"
"MINNEAPOLIS W-3 P-04","Ginger Jentzen","skipped","skipped"
"MINNEAPOLIS W-3 P-04","Tim Bildsoe","Tim Bildsoe","Tim Bildsoe"
"MINNEAPOLIS W-3 P-04","Samantha Pree-Stinson","Steve Fletcher","Ginger Jentzen"
"MINNEAPOLIS W-3 P-04","Tim Bildsoe","Steve Fletcher","Ginger Jentzen"
"MINNEAPOLIS W-3 P-04","writein","Ginger Jentzen","skipped"
"MINNEAPOLIS W-3 P-04","Tim Bildsoe","Ginger Jentzen","Steve Fletcher"
"MINNEAPOLIS W-3 P-04","Ginger Jentzen","Steve Fletcher","skipped"
"MINNEAPOLIS W-3 P-04","Ginger Jentzen","skipped","skipped"
"MINNEAPOLIS W-3 P-04","Samantha Pree-Stinson","Steve Fletcher","skipped"
"MINNEAPOLIS W-3 P-04","Tim Bildsoe","Steve Fletcher","Samantha Pree-Stinson"
"MINNEAPOLIS W-3 P-04","Ginger Jentzen","Steve Fletcher","Tim Bildsoe"
"MINNEAPOLIS W-3 P-04","Steve Fletcher","Tim Bildsoe","Ginger Jentzen"
"MINNEAPOLIS W-3 P-04","Steve Fletcher","Ginger Jentzen","skipped"
"MINNEAPOLIS W-3 P-04","Ginger Jentzen","Samantha Pree-Stinson","Steve Fletcher"
"MINNEAPOLIS W-3 P-04","Samantha Pree-Stinson","skipped","skipped"
"MINNEAPOLIS W-3 P-04","Steve Fletcher","Ginger Jentzen","Tim Bildsoe"
"MINNEAPOLIS W-3 P-04","Tim Bildsoe","skipped","skipped"
"MINNEAPOLIS W-3 P-04","Tim Bildsoe","Steve Fletcher","Samantha Pree-Stinson"
"MINNEAPOLIS W-3 P-04","Ginger Jentzen","Steve Fletcher","skipped"
"MINNEAPOLIS W-3 P-04","Tim Bildsoe","Steve Fletcher","Samantha Pree-Stinson"
"MINNEAPOLIS W-3 P-04","Steve Fletcher","skipped","skipped"
"MINNEAPOLIS W-3 P-04","Steve Fletcher","Samantha Pree-Stinson","skipped"
